x,y,u,v,p,T
0.0,0.0,0.0,0.0,0.703971398089353,1.0
0.2,0.0,0.0,0.0,0.703971398089353,1.0
0.4,0.0,0.0,0.0,0.5631006252038242,1.0
0.6000000000000001,0.0,0.0,0.0,0.5753185660607868,1.0
0.8,0.0,0.0,0.0,0.5410986881222426,1.0
1.0,0.0,0.0,0.0,0.5411736123010875,1.0
1.2000000000000002,0.0,0.0,0.0,0.5238650850920127,1.0
1.4000000000000001,0.0,0.0,0.0,0.5184712689652763,1.0
1.6,0.0,0.0,0.0,0.5068497941381329,1.0
1.8,0.0,0.0,0.0,0.4999453386518032,1.0
2.0,0.0,0.0,0.0,0.4908767079650004,1.0
2.2,0.0,0.0,0.0,0.4838158134456554,1.0
2.4000000000000004,0.0,0.0,0.0,0.47608234993472054,1.0
2.6,0.0,0.0,0.0,0.4692813680061745,1.0
2.8000000000000003,0.0,0.0,0.0,0.4623506739945153,1.0
3.0,0.0,0.0,0.0,0.45590826541476703,1.0
3.2,0.0,0.0,0.0,0.4495252590501288,1.0
3.4000000000000004,0.0,0.0,0.0,0.44343724377041904,1.0
3.6,0.0,0.0,0.0,0.43746641588419266,1.0
3.8000000000000003,0.0,0.0,0.0,0.43169985978277914,1.0
4.0,0.0,0.0,0.0,0.4260607396598047,1.0
4.2,0.0,0.0,0.0,0.42057870908070444,1.0
4.4,0.0,0.0,0.0,0.41521831250182334,1.0
4.6000000000000005,0.0,0.0,0.0,0.4099873395652636,1.0
4.800000000000001,0.0,0.0,0.0,0.4048677780743887,1.0
5.0,0.0,0.0,0.0,0.3998594216504047,1.0
5.2,0.0,0.0,0.0,0.3949519386308891,1.0
5.4,0.0,0.0,0.0,0.3901424840021671,1.0
5.6000000000000005,0.0,0.0,0.0,0.3854243385880682,1.0
5.800000000000001,0.0,0.0,0.0,0.3807940389882313,1.0
6.0,0.0,0.0,0.0,0.3762467281669535,1.0
6.2,0.0,0.0,0.0,0.37177904365990666,1.0
6.4,0.0,0.0,0.0,0.3673872000790988,1.0
6.6000000000000005,0.0,0.0,0.0,0.3630681561628722,1.0
6.800000000000001,0.0,0.0,0.0,0.35881881530929977,1.0
7.0,0.0,0.0,0.0,0.35463649322960794,1.0
7.2,0.0,0.0,0.0,0.35051857893704447,1.0
7.4,0.0,0.0,0.0,0.3464627183804292,1.0
7.6000000000000005,0.0,0.0,0.0,0.3424666666575454,1.0
7.800000000000001,0.0,0.0,0.0,0.3385283568115666,1.0
8.0,0.0,0.0,0.0,0.33464583243232976,1.0
8.200000000000001,0.0,0.0,0.0,0.33081727055023924,1.0
8.4,0.0,0.0,0.0,0.3270409486848896,1.0
8.6,0.0,0.0,0.0,0.32331524986372545,1.0
8.8,0.0,0.0,0.0,0.3196386448970829,1.0
9.0,0.0,0.0,0.0,0.3160096908399357,1.0
9.200000000000001,0.0,0.0,0.0,0.31242702033799735,1.0
9.4,0.0,0.0,0.0,0.3088893380320273,1.0
9.600000000000001,0.0,0.0,0.0,0.30539541343724563,1.0
9.8,0.0,0.0,0.0,0.30194407701814024,1.0
10.0,0.0,0.0,0.0,0.2985342150111461,1.0
10.200000000000001,0.0,0.0,0.0,0.2951647657824444,1.0
10.4,0.0,0.0,0.0,0.29183471583881243,1.0
10.600000000000001,0.0,0.0,0.0,0.2885430966412734,1.0
10.8,0.0,0.0,0.0,0.28528898141618664,1.0
11.0,0.0,0.0,0.0,0.28207148243206664,1.0
11.200000000000001,0.0,0.0,0.0,0.2788897483910132,1.0
11.4,0.0,0.0,0.0,0.27574296212019334,1.0
11.600000000000001,0.0,0.0,0.0,0.2726303384054179,1.0
11.8,0.0,0.0,0.0,0.269551122035714,1.0
12.0,0.0,0.0,0.0,0.2665045859841314,1.0
12.200000000000001,0.0,0.0,0.0,0.26349002974648805,1.0
12.4,0.0,0.0,0.0,0.26050677779991493,1.0
12.600000000000001,0.0,0.0,0.0,0.25755417818450105,1.0
12.8,0.0,0.0,0.0,0.25463160118664047,1.0
13.0,0.0,0.0,0.0,0.2517384381208096,1.0
13.200000000000001,0.0,0.0,0.0,0.2488741001965213,1.0
13.4,0.0,0.0,0.0,0.2460380174653261,1.0
13.600000000000001,0.0,0.0,0.0,0.24322963783894372,1.0
13.8,0.0,0.0,0.0,0.24044842617337298,1.0
14.0,0.0,0.0,0.0,0.23769386341255205,1.0
14.200000000000001,0.0,0.0,0.0,0.23496544578704184,1.0
14.4,0.0,0.0,0.0,0.23226268406289668,1.0
14.600000000000001,0.0,0.0,0.0,0.22958510283693273,1.0
14.8,0.0,0.0,0.0,0.226932239874663,1.0
15.0,0.0,0.0,0.0,0.2243036454877934,1.0
15.200000000000001,0.0,0.0,0.0,0.22169888194835774,1.0
15.4,0.0,0.0,0.0,0.21911752293695527,1.0
15.600000000000001,0.0,0.0,0.0,0.216559153022773,1.0
15.8,0.0,0.0,0.0,0.21402336717331852,1.0
16.0,0.0,0.0,0.0,0.2115097702920019,1.0
16.2,0.0,0.0,0.0,0.2090179767818593,1.0
16.400000000000002,0.0,0.0,0.0,0.20654761013387088,1.0
16.6,0.0,0.0,0.0,0.2040983025384729,1.0
16.8,0.0,0.0,0.0,0.20166969451895608,1.0
17.0,0.0,0.0,0.0,0.1992614345855437,1.0
17.2,0.0,0.0,0.0,0.1968731789090465,1.0
17.400000000000002,0.0,0.0,0.0,0.19450459101303566,1.0
17.6,0.0,0.0,0.0,0.1921553414835502,1.0
17.8,0.0,0.0,0.0,0.18982510769541183,1.0
18.0,0.0,0.0,0.0,0.1875135735542534,1.0
18.2,0.0,0.0,0.0,0.1852204292534211,1.0
18.400000000000002,0.0,0.0,0.0,0.18294537104493222,1.0
18.6,0.0,0.0,0.0,0.18068810102371471,1.0
18.8,0.0,0.0,0.0,0.17844832692438056,1.0
19.0,0.0,0.0,0.0,0.17622576192979775,1.0
19.200000000000003,0.0,0.0,0.0,0.1740201244907874,1.0
19.400000000000002,0.0,0.0,0.0,0.17183113815625975,1.0
19.6,0.0,0.0,0.0,0.16965853141314968,1.0
19.8,0.0,0.0,0.0,0.167502037535539,1.0
20.0,0.0,0.0,0.0,0.16536139444236508,1.0
20.200000000000003,0.0,0.0,0.0,0.16323634456314878,1.0
20.400000000000002,0.0,0.0,0.0,0.16112663471120542,1.0
20.6,0.0,0.0,0.0,0.1590320159638137,1.0
20.8,0.0,0.0,0.0,0.15695224354885104,1.0
21.0,0.0,0.0,0.0,0.15488707673743457,1.0
21.200000000000003,0.0,0.0,0.0,0.15283627874212413,1.0
21.400000000000002,0.0,0.0,0.0,0.15079961662027014,1.0
21.6,0.0,0.0,0.0,0.14877686118211547,1.0
21.8,0.0,0.0,0.0,0.1467677869032828,1.0
22.0,0.0,0.0,0.0,0.14477217184131547,1.0
22.200000000000003,0.0,0.0,0.0,0.14278979755594437,1.0
22.400000000000002,0.0,0.0,0.0,0.14082044903278845,1.0
22.6,0.0,0.0,0.0,0.13886391461022302,1.0
22.8,0.0,0.0,0.0,0.13691998590915835,1.0
23.0,0.0,0.0,0.0,0.1349884577655058,1.0
23.200000000000003,0.0,0.0,0.0,0.1330691281651206,1.0
23.400000000000002,0.0,0.0,0.0,0.13116179818103632,1.0
23.6,0.0,0.0,0.0,0.12926627191281503,1.0
23.8,0.0,0.0,0.0,0.12738235642786933,1.0
24.0,0.0,0.0,0.0,0.1255098617046091,1.0
24.200000000000003,0.0,0.0,0.0,0.12364860057729586,1.0
24.400000000000002,0.0,0.0,0.0,0.12179838868250183,1.0
24.6,0.0,0.0,0.0,0.11995904440706856,1.0
24.8,0.0,0.0,0.0,0.11813038883749045,1.0
25.0,0.0,0.0,0.0,0.11631224571064037,1.0
25.200000000000003,0.0,0.0,0.0,0.11450444136578111,1.0
25.400000000000002,0.0,0.0,0.0,0.11270680469780302,1.0
25.6,0.0,0.0,0.0,0.1109191671116364,1.0
25.8,0.0,0.0,0.0,0.10914136247779128,1.0
26.0,0.0,0.0,0.0,0.1073732270890017,1.0
26.200000000000003,0.0,0.0,0.0,0.10561459961791662,1.0
26.400000000000002,0.0,0.0,0.0,0.10386532107582555,1.0
26.6,0.0,0.0,0.0,0.10212523477237746,1.0
26.8,0.0,0.0,0.0,0.1003941862762676,1.0
27.0,0.0,0.0,0.0,0.09867202337687501,1.0
27.200000000000003,0.0,0.0,0.0,0.0969585960468044,1.0
27.400000000000002,0.0,0.0,0.0,0.09525375640533054,1.0
27.6,0.0,0.0,0.0,0.09355735868269699,1.0
27.8,0.0,0.0,0.0,0.09186925918526359,1.0
28.0,0.0,0.0,0.0,0.09018931626144597,1.0
28.200000000000003,0.0,0.0,0.0,0.08851739026844793,1.0
28.400000000000002,0.0,0.0,0.0,0.08685334353973832,1.0
28.6,0.0,0.0,0.0,0.08519704035324834,1.0
28.8,0.0,0.0,0.0,0.08354834690023291,1.0
29.0,0.0,0.0,0.0,0.08190713125482123,1.0
29.200000000000003,0.0,0.0,0.0,0.08027326334412209,1.0
29.400000000000002,0.0,0.0,0.0,0.0786466149189826,1.0
29.6,0.0,0.0,0.0,0.07702705952518155,1.0
29.8,0.0,0.0,0.0,0.07541447247527079,1.0
30.0,0.0,0.0,0.0,0.07380873082066103,1.0
30.200000000000003,0.0,0.0,0.0,0.07220971332445696,1.0
30.400000000000002,0.0,0.0,0.0,0.07061730043419943,1.0
30.6,0.0,0.0,0.0,0.06903137425564691,1.0
30.8,0.0,0.0,0.0,0.06745181852586744,1.0
31.0,0.0,0.0,0.0,0.06587851858805698,1.0
31.200000000000003,0.0,0.0,0.0,0.0643113613644834,1.0
31.400000000000002,0.0,0.0,0.0,0.06275023533270634,1.0
31.6,0.0,0.0,0.0,0.061195030497528016,1.0
31.8,0.0,0.0,0.0,0.059645638369514496,1.0
32.0,0.0,0.0,0.0,0.05810195193434546,1.0
32.2,0.0,0.0,0.0,0.05656386563568783,1.0
32.4,0.0,0.0,0.0,0.05503127533871011,1.0
32.6,0.0,0.0,0.0,0.05350407832175996,1.0
32.800000000000004,0.0,0.0,0.0,0.051982173227392965,1.0
33.0,0.0,0.0,0.0,0.05046546007227442,1.0
33.2,0.0,0.0,0.0,0.04895384017194288,1.0
33.4,0.0,0.0,0.0,0.047447216188717896,1.0
33.6,0.0,0.0,0.0,0.04594549200147008,1.0
33.800000000000004,0.0,0.0,0.0,0.044448572833005996,1.0
34.0,0.0,0.0,0.0,0.04295636500478816,1.0
34.2,0.0,0.0,0.0,0.0414687762305957,1.0
34.4,0.0,0.0,0.0,0.039985715130635986,1.0
34.6,0.0,0.0,0.0,0.03850709187309458,1.0
34.800000000000004,0.0,0.0,0.0,0.037032817184920214,1.0
35.0,0.0,0.0,0.0,0.035562803721347146,1.0
35.2,0.0,0.0,0.0,0.03409696402351091,1.0
35.4,0.0,0.0,0.0,0.03263521341152795,1.0
35.6,0.0,0.0,0.0,0.031177465737827433,1.0
35.800000000000004,0.0,0.0,0.0,0.02972363946957584,1.0
36.0,0.0,0.0,0.0,0.028273648827153892,1.0
36.2,0.0,0.0,0.0,0.026827416544657524,1.0
36.4,0.0,0.0,0.0,0.025384855344335384,1.0
36.6,0.0,0.0,0.0,0.02394589468310191,1.0
36.800000000000004,0.0,0.0,0.0,0.022510441986412687,1.0
37.0,0.0,0.0,0.0,0.02107843868532498,1.0
37.2,0.0,0.0,0.0,0.019649779073297742,1.0
37.4,0.0,0.0,0.0,0.01822442761936199,1.0
37.6,0.0,0.0,0.0,0.01680224933381864,1.0
37.800000000000004,0.0,0.0,0.0,0.015383254504877222,1.0
38.0,0.0,0.0,0.0,0.013967246727456539,1.0
38.2,0.0,0.0,0.0,0.012554324834632799,1.0
38.400000000000006,0.0,0.0,0.0,0.01114417975685979,1.0
38.6,0.0,0.0,0.0,0.009737037878569757,1.0
38.800000000000004,0.0,0.0,0.0,0.00833252769861689,1.0
39.0,0.0,0.0,0.0,0.006930590604440142,1.0
39.2,0.0,0.0,0.0,0.005532415877645762,1.0
39.400000000000006,0.0,0.0,0.0,0.004132168258167583,1.0
39.6,0.0,0.0,0.0,0.002749353884956684,1.0
39.800000000000004,0.0,0.0,0.0,0.001324720080689439,1.0
40.0,0.0,0.0,0.0,0.0,1.0
0.0,0.02,1.0,0.0,0.703971398089353,0.0
0.2,0.02,0.5537484885072671,0.03193529318906304,0.703971398089353,0.5014675984174555
0.4,0.02,0.4331297861985936,0.011172885362239824,0.5631006252038242,0.6635552836515739
0.6000000000000001,0.02,0.337910981682323,0.005085686474205162,0.5753185660607868,0.7340869608160567
0.8,0.02,0.3053183449837131,0.0022041405541449732,0.5410986881222426,0.768041914220766
1.0,0.02,0.2745888055866305,0.0014478679553582307,0.5411736123010875,0.7905498261620968
1.2000000000000002,0.02,0.26009513735867634,0.0009436649701654739,0.5238650850920127,0.8062455394893645
1.4000000000000001,0.02,0.24503386552115017,0.0007655620555373939,0.5184712689652763,0.8186036421534134
1.6,0.02,0.235791393580157,0.0005924870243868927,0.5068497941381329,0.8283866240719858
1.8,0.02,0.22648644027679857,0.0005100679146082042,0.4999453386518032,0.8365869926262478
2.0,0.02,0.21971832313307585,0.0004250425824039895,0.4908767079650004,0.8434840307996532
2.2,0.02,0.2132021084573118,0.0003749630244570797,0.4838158134456554,0.8494699580399264
2.4000000000000004,0.02,0.2079500938776831,0.0003254668545489367,0.47608234993472054,0.8546882556610002
2.6,0.02,0.20302788501692443,0.000291606768643216,0.4692813680061745,0.8593221885531356
2.8000000000000003,0.02,0.19881219644170567,0.00025969606709939366,0.4623506739945153,0.8634576909193734
3.0,0.02,0.1949047078695155,0.00023553408747503427,0.45590826541476703,0.8671913921257989
3.2,0.02,0.19143486837402954,0.00021344919469160246,0.4495252590501288,0.8705786992375931
3.4000000000000004,0.02,0.1882243064209418,0.00019557228957253032,0.44343724377041904,0.8736757132614316
3.6,0.02,0.18530940135858043,0.00017946774805421606,0.43746641588419266,0.8765197312765678
3.8000000000000003,0.02,0.18260488922473275,0.0001658538443805178,0.43169985978277914,0.8791459606723225
4.0,0.02,0.18011403521746397,0.00015363753478834057,0.4260607396598047,0.8815803279685955
4.2,0.02,0.17779255084811943,0.0001430129593818104,0.42057870908070444,0.8838463359707533
4.4,0.02,0.17563331478759023,0.0001334602466818469,0.41521831250182334,0.8859625113075733
4.6000000000000005,0.02,0.17361103763449484,0.00012499148539198265,0.4099873395652636,0.8879453185232471
4.800000000000001,0.02,0.17171646261696644,0.00011734068633206334,0.4048677780743887,0.8898083294435127
5.0,0.02,0.1699337298889352,0.00011046566513582243,0.3998594216504047,0.8915635202014766
5.2,0.02,0.1682541823709364,0.00010421854304227072,0.3949519386308891,0.8932210594720694
5.4,0.02,0.16666703675847594,9.854809913976829e-05,0.3901424840021671,0.8947899214137383
5.6000000000000005,0.02,0.16516494153935712,9.336494634968223e-05,0.3854243385880682,0.896277881317052
5.800000000000001,0.02,0.16374009289766978,8.862307397744522e-05,0.3807940389882313,0.8976918272298618
6.0,0.02,0.16238645546381522,8.426426393494415e-05,0.3762467281669535,0.8990378137970921
6.2,0.02,0.1610981210441995,8.025084551895188e-05,0.37177904365990666,0.9003212340689978
6.4,0.02,0.15987018110561646,7.654254435358899e-05,0.3673872000790988,0.9015468805104778
6.6000000000000005,0.02,0.15869801739778827,7.310953457231185e-05,0.3630681561628722,0.9027190476174021
6.800000000000001,0.02,0.15757763253702084,6.992265325690962e-05,0.35881881530929977,0.9038415849191488
7.0,0.02,0.1565053325591961,6.695851299340419e-05,0.35463649322960794,0.9049179627348597
7.2,0.02,0.1554778422545606,6.419527378696515e-05,0.35051857893704447,0.9059513144237203
7.4,0.02,0.15449215553877507,6.161457507101793e-05,0.3464627183804292,0.9069444809519219
7.6000000000000005,0.02,0.1535455673823425,5.919964748084341e-05,0.3424666666575454,0.9079000434905489
7.800000000000001,0.02,0.15263559801450058,5.693598697210322e-05,0.3385283568115666,0.9088203549150897
8.0,0.02,0.15175999420285333,5.4810469794708024e-05,0.33464583243232976,0.9097075646879602
8.200000000000001,0.02,0.15091668728716778,5.2811541970225236e-05,0.33081727055023924,0.9105636418142365
8.4,0.02,0.15010378454054008,5.092877611131862e-05,0.3270409486848896,0.9113903938269355
8.6,0.02,0.14931954362828787,4.915288416280538e-05,0.32331524986372545,0.9121894839009501
8.8,0.02,0.14856236190014338,4.747547663683069e-05,0.3196386448970829,0.912962445409043
9.0,0.02,0.14783075945004295,4.588901878461687e-05,0.3160096908399357,0.9137106949101397
9.200000000000001,0.02,0.14712336907814674,4.43866877932687e-05,0.31242702033799735,0.9144355433969289
9.4,0.02,0.14643892426442465,4.296231742177607e-05,0.3088893380320273,0.9151382063036104
9.600000000000001,0.02,0.14577625056706744,4.161030607081254e-05,0.30539541343724563,0.915819812282069
9.8,0.02,0.14513425665811402,4.0325565325371826e-05,0.30194407701814024,0.9164814110212235
10.0,0.02,0.144511927206222,3.9103456673519273e-05,0.2985342150111461,0.9171239801711484
10.200000000000001,0.02,0.14390831596909093,3.793974810713528e-05,0.2951647657824444,0.9177484315353809
10.4,0.02,0.14332253998001593,3.6830568345448623e-05,0.29183471583881243,0.9183556165994606
10.600000000000001,0.02,0.14275377410375423,3.577237161216683e-05,0.2885430966412734,0.9189463314997989
10.8,0.02,0.1422012463012047,3.4761903355792014e-05,0.28528898141618664,0.9195213214921666
11.0,0.02,0.1416642332698803,3.379617208828085e-05,0.28207148243206664,0.9200812849895705
11.200000000000001,0.02,0.14114205657854215,3.287242310034729e-05,0.2788897483910132,0.9206268772168237
11.4,0.02,0.14063407913418388,3.198811604462286e-05,0.27574296212019334,0.9211587135301998
11.600000000000001,0.02,0.14013970201241058,3.114090444714353e-05,0.2726303384054179,0.921677372438445
11.8,0.02,0.13965836156635714,3.0328617849667534e-05,0.269551122035714,0.9221833983595269
12.0,0.02,0.13918952681265961,2.954924564776686e-05,0.2665045859841314,0.9226773041404542
12.200000000000001,0.02,0.13873269704575514,2.8800922817591665e-05,0.26349002974648805,0.9231595733650761
12.4,0.02,0.13828739966851936,2.808191704729909e-05,0.26050677779991493,0.9236306624704229
12.600000000000001,0.02,0.13785318820858591,2.7390617275839865e-05,0.25755417818450105,0.9240910026900024
12.8,0.02,0.13742964050638057,2.672552336473713e-05,0.25463160118664047,0.9245410018396905
13.0,0.02,0.13701635705400975,2.608523684431215e-05,0.2517384381208096,0.9249810459601675
13.200000000000001,0.02,0.13661295947210145,2.5468452563800228e-05,0.2488741001965213,0.9254115008280555
13.4,0.02,0.13621908910954264,2.4873951174093103e-05,0.2460380174653261,0.9258327133466591
13.600000000000001,0.02,0.13583440575512815,2.4300592329796514e-05,0.24322963783894372,0.926245012826032
13.8,0.02,0.1354585864498213,2.374730854267393e-05,0.24044842617337298,0.9266487121612051
14.0,0.02,0.1350913243905778,2.321309960767691e-05,0.23769386341255205,0.9270441089165808
14.200000000000001,0.02,0.13473232791702966,2.2697027543306062e-05,0.23496544578704184,0.9274314863239058
14.4,0.02,0.1343813195736897,2.219821198842157e-05,0.23226268406289668,0.9278111142006291
14.600000000000001,0.02,0.13403803524084643,2.171582600795965e-05,0.22958510283693273,0.9281832497949916
14.8,0.02,0.13370222332822315,2.1249092264265915e-05,0.226932239874663,0.9285481385637728
15.0,0.02,0.1333736440259746,2.0797279515445204e-05,0.2243036454877934,0.9289060148882329
15.200000000000001,0.02,0.1330520686082303,2.0359699408119415e-05,0.22169888194835774,0.929257102733432
15.4,0.02,0.13273727878483105,1.993570353372666e-05,0.21911752293695527,0.9296016162558011
15.600000000000001,0.02,0.13242906609736765,1.9524680722562487e-05,0.216559153022773,0.929939760363496
15.8,0.02,0.1321272313559992,1.9126054552413784e-05,0.21402336717331852,0.9302717312337906
16.0,0.02,0.13183158411387366,1.8739281050015547e-05,0.2115097702920019,0.9305977167914439
16.2,0.02,0.1315419421762721,1.8363846568260297e-05,0.2090179767818593,0.9309178971517136
16.400000000000002,0.02,0.13125813114186347,1.7999265822434765e-05,0.20654761013387088,0.9312324450313755
16.6,0.02,0.13097998397369776,1.7645080069892067e-05,0.2040983025384729,0.9315415261308506
16.8,0.02,0.13070734059777295,1.73008554224669e-05,0.20166969451895608,0.9318452994902626
17.0,0.02,0.1304400475271955,1.6966181277867656e-05,0.1992614345855437,0.9321439178219822
17.2,0.02,0.13017795751012856,1.664066886209228e-05,0.1968731789090465,0.9324375278219726
17.400000000000002,0.02,0.12992092919986256,1.632394987152091e-05,0.19450459101303566,0.9327262704619884
17.6,0.02,0.12966882684548064,1.6015675208987248e-05,0.1921553414835502,0.9330102812644753
17.8,0.02,0.12942152000170903,1.5715513804597428e-05,0.18982510769541183,0.933289690561787
18.0,0.02,0.12917888325664925,1.5423151515858075e-05,0.1875135735542534,0.9335646237411392
18.2,0.02,0.12894079597618732,1.5138290101139654e-05,0.1852204292534211,0.9338352014765382
18.400000000000002,0.02,0.1287071420639591,1.4860646260940094e-05,0.18294537104493222,0.9341015399487687
18.6,0.02,0.12847780973583456,1.4589950742499333e-05,0.18068810102371471,0.9343637510543378
18.8,0.02,0.1282526913079532,1.4325947502809201e-05,0.17844832692438056,0.9346219426041983
19.0,0.02,0.12803168299741294,1.4068392926856286e-05,0.17622576192979775,0.9348762185128945
19.200000000000003,0.02,0.12781468473476956,1.3817055096667981e-05,0.1740201244907874,0.9351266789787259
19.400000000000002,0.02,0.12760159998757026,1.3571713108092515e-05,0.17183113815625975,0.9353734206554063
19.6,0.02,0.12739233559418572,1.3332156432391718e-05,0.16965853141314968,0.9356165368156433
19.8,0.02,0.12718680160726636,1.3098184318901763e-05,0.167502037535539,0.9358561175069913
20.0,0.02,0.12698491114618166,1.2869605237514986e-05,0.16536139444236508,0.9360922497002959
20.200000000000003,0.02,0.12678658025785225,1.2646236356264759e-05,0.16323634456314878,0.9363250174310107
20.400000000000002,0.02,0.12659172778542485,1.242790305424318e-05,0.16112663471120542,0.9365545019336317
20.6,0.02,0.1264002752442645,1.2214438465265847e-05,0.1590320159638137,0.9367807817694821
20.8,0.02,0.12621214670479364,1.2005683051841223e-05,0.15695224354885104,0.9370039329480757
21.0,0.02,0.1260272686817219,1.1801484206216315e-05,0.15488707673743457,0.9372240290422593
21.200000000000003,0.02,0.12584557002925117,1.1601695878317592e-05,0.15283627874212413,0.937441141297359
21.400000000000002,0.02,0.12566698184186423,1.1406178226466177e-05,0.15079961662027014,0.9376553387345276
21.6,0.02,0.12549143736033827,1.121479729203442e-05,0.14877686118211547,0.9378666882485106
21.8,0.02,0.1253188718826383,1.102742469401482e-05,0.1467677869032828,0.9380752547000556
22.0,0.02,0.1251492226793845,1.0843937343823417e-05,0.14477217184131547,0.9382811010031703
22.200000000000003,0.02,0.12498242891359596,1.0664217177939466e-05,0.14278979755594437,0.9384842882074725
22.400000000000002,0.02,0.12481843156444143,1.048815090768188e-05,0.14082044903278845,0.9386848755758422
22.6,0.02,0.1246571733547464,1.0315629784753048e-05,0.13886391461022302,0.9388829206576308
22.8,0.02,0.12449859868201887,1.0146549381298033e-05,0.13691998590915835,0.9390784793576367
23.0,0.02,0.12434265355278612,9.980809383463807e-06,0.1349884577655058,0.9392716060011076
23.200000000000003,0.02,0.12418928552003158,9.818313397751117e-06,0.1330691281651206,0.9394623533949839
23.400000000000002,0.02,0.12403844362355415,9.658968768950295e-06,0.13116179818103632,0.9396507728856254
23.6,0.02,0.12389007833307522,9.502686408589686e-06,0.12926627191281503,0.9398369144132451
23.8,0.02,0.12374414149393484,9.34938063380223e-06,0.12738235642786933,0.9400208265632793
24.0,0.02,0.12360058627523288,9.198969014871754e-06,0.1255098617046091,0.940202556614894
24.200000000000003,0.02,0.12345936712027657,9.051372231564924e-06,0.12364860057729586,0.9403821505868575
24.400000000000002,0.02,0.1233204396992124,8.90651393745681e-06,0.12179838868250183,0.9405596532809584
24.6,0.02,0.12318376086372541,8.764320630825588e-06,0.11995904440706856,0.9407351083231695
24.8,0.02,0.1230492886037009,8.624721533096177e-06,0.11813038883749045,0.9409085582027356
25.0,0.02,0.12291698200574798,8.487648472527668e-06,0.11631224571064037,0.9410800443093382
25.200000000000003,0.02,0.12278680121349499,8.353035774319812e-06,0.11450444136578111,0.9412496069685197
25.400000000000002,0.02,0.12265870738957409,8.220820155336299e-06,0.11270680469780302,0.9414172854754811
25.6,0.02,0.12253266267921427,8.090940624146005e-06,0.1109191671116364,0.941583118127408
25.8,0.02,0.12240863017537054,7.9633383852055e-06,0.10914136247779128,0.9417471422544349
26.0,0.02,0.12228657388532474,7.837956747364493e-06,0.1073732270890017,0.9419093942493564
26.200000000000003,0.02,0.12216645869869114,7.71474103615333e-06,0.10561459961791662,0.9420699095961889
26.400000000000002,0.02,0.12204825035677017,7.593638509657175e-06,0.10386532107582555,0.9422287228976661
26.6,0.02,0.12193191542319412,7.474598277805885e-06,0.10212523477237746,0.9423858679017431
26.8,0.02,0.12181742125581266,7.357571224910628e-06,0.1003941862762676,0.9425413775271877
27.0,0.02,0.12170473597976958,7.242509934963527e-06,0.09867202337687501,0.9426952838882968
27.200000000000003,0.02,0.12159382846172274,7.129368619913883e-06,0.0969585960468044,0.9428476183188159
27.400000000000002,0.02,0.12148466828516481,7.0181030505309605e-06,0.09525375640533054,0.9429984113950788
27.6,0.02,0.1213772257267979,6.908670490138151e-06,0.09355735868269699,0.9431476929584196
27.8,0.02,0.12127147173392733,6.8010296302524775e-06,0.09186925918526359,0.9432954921368805
28.0,0.02,0.12116737790282607,6.695140529261358e-06,0.09018931626144597,0.9434418373662379
28.200000000000003,0.02,0.12106491645804239,6.590964553028498e-06,0.08851739026844793,0.9435867564103771
28.400000000000002,0.02,0.12096406023260083,6.4884643177255335e-06,0.08685334353973832,0.9437302763810153
28.6,0.02,0.1208647826490745,6.387603635180886e-06,0.08519704035324834,0.9438724237567934
28.8,0.02,0.12076705770147272,6.288347460062075e-06,0.08354834690023291,0.9440132244017496
29.0,0.02,0.12067085993794135,6.190661839544834e-06,0.08190713125482123,0.9441527035831683
29.200000000000003,0.02,0.12057616444419068,6.0945138645816145e-06,0.08027326334412209,0.9442908859888229
29.400000000000002,0.02,0.12048294682769314,5.999871624010982e-06,0.0786466149189826,0.9444277957436057
29.6,0.02,0.12039118320250843,5.9067041596307415e-06,0.07702705952518155,0.9445634564255448
29.8,0.02,0.12030085017485963,5.814981424783564e-06,0.07541447247527079,0.9446978910812239
30.0,0.02,0.12021192482920348,5.724674242795368e-06,0.07380873082066103,0.944831122240584
30.200000000000003,0.02,0.1201243847150926,5.6357542704739105e-06,0.07220971332445696,0.9449631719311283
30.400000000000002,0.02,0.12003820783431944,5.54819395899549e-06,0.07061730043419943,0.9450940616915092
30.6,0.02,0.11995337262900636,5.4619665233448764e-06,0.06903137425564691,0.9452238125845253
30.8,0.02,0.11986985796961036,5.377045903808468e-06,0.06745181852586744,0.9453524452094967
31.0,0.02,0.1197876431442693,5.293406743453434e-06,0.06587851858805698,0.9454799797140564
31.200000000000003,0.02,0.11970670784734598,5.211024347036132e-06,0.0643113613644834,0.945606435805317
31.400000000000002,0.02,0.11962703217021951,5.129874670642186e-06,0.06275023533270634,0.9457318327604809
31.6,0.02,0.11954859658984003,5.049934271029979e-06,0.061195030497528016,0.9458561894367932
31.8,0.02,0.11947138196148398,4.971180317449552e-06,0.059645638369514496,0.9459795242810054
32.0,0.02,0.11939536950632137,4.893590516449327e-06,0.05810195193434546,0.9461018553381166
32.2,0.02,0.11932054080735052,4.817143166409164e-06,0.05656386563568783,0.9462232002597423
32.4,0.02,0.11924687779400604,4.7418170275139916e-06,0.05503127533871011,0.9463435763116211
32.6,0.02,0.11917436274392108,4.667591462464466e-06,0.05350407832175996,0.9464630003809961
32.800000000000004,0.02,0.11910297826054682,4.594446187675378e-06,0.051982173227392965,0.9465814889828185
33.0,0.02,0.1190327072863947,4.522361591644149e-06,0.05046546007227442,0.9466990582663266
33.2,0.02,0.11896353306532044,4.451318234818661e-06,0.04895384017194288,0.9468157240197745
33.4,0.02,0.11889543917916508,4.381297536522186e-06,0.047447216188717896,0.9469315016765623
33.6,0.02,0.11882840947731906,4.312280745953704e-06,0.04594549200147008,0.94704640631809
33.800000000000004,0.02,0.1187624281617803,4.244250398703285e-06,0.044448572833005996,0.9471604526801432
34.0,0.02,0.1186974796476845,4.177188178530279e-06,0.04295636500478816,0.9472736551529873
34.2,0.02,0.11863354874920151,4.11107798143788e-06,0.0414687762305957,0.9473860277894157
34.4,0.02,0.11857062039511403,4.045901455655676e-06,0.039985715130635986,0.9474975843001903
34.6,0.02,0.11850868002526839,3.981644426611888e-06,0.03850709187309458,0.9476083380666566
34.800000000000004,0.02,0.11844771300243098,3.918287578615259e-06,0.037032817184920214,0.9477183021274806
35.0,0.02,0.11838770544887524,3.855819907991021e-06,0.035562803721347146,0.9478274892018439
35.2,0.02,0.11832864302238255,3.794219243429191e-06,0.03409696402351091,0.9479359116589694
35.4,0.02,0.11827051267331766,3.7334803945597123e-06,0.03263521341152795,0.9480435815643629
35.6,0.02,0.11821330008992156,3.6735744234642007e-06,0.031177465737827433,0.9481505106143016
35.800000000000004,0.02,0.11815699338093838,3.614507520809563e-06,0.02972363946957584,0.9482567102310587
36.0,0.02,0.11810157773630865,3.5562358464358067e-06,0.028273648827153892,0.9483621914251039
36.2,0.02,0.11804704313848498,3.498788644026028e-06,0.026827416544657524,0.9484669649932873
36.4,0.02,0.11799337319628353,3.442090221314685e-06,0.025384855344335384,0.9485710412310484
36.6,0.02,0.11794056128539777,3.3862172043157337e-06,0.02394589468310191,0.9486744303457197
36.800000000000004,0.02,0.11788858719238876,3.3310269296435495e-06,0.022510441986412687,0.9487771418574691
37.0,0.02,0.11783745088165551,3.276693134824926e-06,0.02107843868532498,0.9488791854583446
37.2,0.02,0.11778712367868945,3.2229358993614162e-06,0.019649779073297742,0.9489805697740181
37.4,0.02,0.11773761876884206,3.170118405767401e-06,0.01822442761936199,0.9490813041192154
37.6,0.02,0.1176888896368197,3.117708693229207e-06,0.01680224933381864,0.9491813960208634
37.800000000000004,0.02,0.11764097577702617,3.0663380165567544e-06,0.015383254504877222,0.9492808545174285
38.0,0.02,0.11759379625803731,3.0153078746102107e-06,0.013967246727456539,0.949379686037687
38.2,0.02,0.11754743596019838,2.9645639013659464e-06,0.012554324834632799,0.9494778977500621
38.400000000000006,0.02,0.1175017744801262,2.916669826451632e-06,0.01114417975685979,0.949575499335427
38.6,0.02,0.11745689815496933,2.8580600959633517e-06,0.009737037878569757,0.9496724756811694
38.800000000000004,0.02,0.11741292331429298,2.8333505499185373e-06,0.00833252769861689,0.9497688920794235
39.0,0.02,0.11736902242809964,2.6876308810701686e-06,0.006930590604440142,0.9498645119437606
39.2,0.02,0.11732881943430923,2.8696163476381476e-06,0.005532415877645762,0.9499599591059225
39.400000000000006,0.02,0.11728115533148606,2.028369842073004e-06,0.004132168258167583,0.9500531542183392
39.6,0.02,0.11726183781482963,3.381316855502601e-06,0.002749353884956684,0.950148827300035
39.800000000000004,0.02,0.1171797623954606,3.3721454754911544e-06,0.001324720080689439,0.9502400033285312
40.0,0.02,0.1171797623954606,0.0,0.0,0.9502400033285312
0.0,0.04,1.0,0.0,0.6972155038116891,0.0
0.2,0.04,0.8228109575556899,0.05260380953280147,0.6972155038116891,0.24329316104506393
0.4,0.04,0.7296137733404577,0.02317139346730311,0.5647468690525599,0.39326104972324594
0.6000000000000001,0.04,0.623161576279106,0.012864167222041492,0.575950839640696,0.4891644479437904
0.8,0.04,0.5699659474395739,0.006701685880489388,0.5414965388265799,0.5467103381282751
1.0,0.04,0.5227822940496637,0.004535319544894886,0.5413753134559978,0.587465605810479
1.2000000000000002,0.04,0.49477824639742013,0.0030865533745917354,0.5240099352796556,0.6170336157248902
1.4000000000000001,0.04,0.4692707856571539,0.002447996118105752,0.5185706748259917,0.6405125221038165
1.6,0.04,0.45138981979062215,0.0019178812408187915,0.5069307945751546,0.6593691013635251
1.8,0.04,0.43495795298075385,0.0016275946589336863,0.5000094552129946,0.6752343535025633
2.0,0.04,0.42207764485255306,0.001365052990591017,0.49093177561958584,0.6886770760188136
2.2,0.04,0.41028832716336944,0.0011958068368789396,0.48386241749771464,0.7003706522665677
2.4000000000000004,0.04,0.4003941705741963,0.0010416762516026288,0.47612344786598526,0.7106062020036193
2.6,0.04,0.3913564117347818,0.0009302159691985739,0.46931743628550177,0.7197099910666599
2.8000000000000003,0.04,0.3834502642042179,0.0008299790559650799,0.4623830355396752,0.727854078717385
3.0,0.04,0.3762119600926921,0.0007515908156833854,0.45593731150826866,0.7352156399605915
3.2,0.04,0.36971399890218404,0.0006817546507860115,0.44955166388639606,0.7419043865994293
3.4000000000000004,0.04,0.36373531912522356,0.0006242013166233742,0.4434613078518065,0.7480255183993997
3.6,0.04,0.35827682744225503,0.0005730527934186939,0.4374885223123144,0.7536523978275715
3.8000000000000003,0.04,0.35322445866445995,0.0005293963574988359,0.4317202315242745,0.7588521203971437
4.0,0.04,0.34855773067408924,0.0004904941116009753,0.42607961484983414,0.7636755276159448
4.2,0.04,0.34421228973592105,0.0004564896474760356,0.4205962517534371,0.7681679126563759
4.4,0.04,0.3401643042002656,0.0004260222554044959,0.4152346815309502,0.7723655790545472
4.6000000000000005,0.04,0.3363740754739916,0.00039894149885579775,0.4100026563558538,0.776300498478041
4.800000000000001,0.04,0.33282015622381866,0.0003745176840477282,0.4048821544744911,0.7799992797767602
5.0,0.04,0.32947604999444724,0.000352540774747125,0.39987294870082074,0.7834853000727511
5.2,0.04,0.32632395657798446,0.0003325866489685103,0.39496469831985004,0.78677851894479
5.4,0.04,0.32334504754034965,0.00031446163016550375,0.39015454569871044,0.7898965176028009
5.6000000000000005,0.04,0.32052495838975475,0.00029789971973347883,0.3854357642682719,0.7928545785639399
5.800000000000001,0.04,0.31784967029328687,0.00028274192977506947,0.38080488238591176,0.7956662317199226
6.0,0.04,0.3153076664469694,0.0002688102619963003,0.3762570372696779,0.7983433938028671
6.2,0.04,0.31288814890226196,0.00025597958910559995,0.37178886075337975,0.8008966790184217
6.4,0.04,0.3105818546375937,0.00024412454625265796,0.36739656304672175,0.8033355316692664
6.6000000000000005,0.04,0.30838025690630566,0.000233147957674463,0.3630770987716925,0.8056684166538347
6.800000000000001,0.04,0.3062758495696313,0.00022295804066810497,0.3588273679518284,0.8079029283777694
7.0,0.04,0.3042617710304518,0.00021347934391732757,0.35464468323160303,0.8100459153044118
7.2,0.04,0.30233188300389474,0.00020464268939867177,0.3505264310187801,0.8121035647404029
7.4,0.04,0.3004805807713443,0.00019638914457299373,0.34647025492250255,0.8140814884566313
7.6000000000000005,0.04,0.2987027967100416,0.000188665400282402,0.34247390800861804,0.8159847874085988
7.800000000000001,0.04,0.29699389602828896,0.00018142502456771947,0.33853532150182847,0.8178181128340714
8.0,0.04,0.2953496561241221,0.00017462621372704763,0.33465253738999323,0.8195857154246444
8.200000000000001,0.04,0.2937662038029212,0.00016823202866719016,0.3308237312685395,0.8212914901343689
8.4,0.04,0.29223998970804205,0.00016220921713289198,0.3270471793803139,0.8229390136306537
8.6,0.04,0.2907677471894985,0.0001565281027738154,0.3233212636057628,0.824531577839
8.8,0.04,0.2893464684596865,0.0001511619142836856,0.3196444537270749,0.826072218643219
9.0,0.04,0.2879733757511931,0.00014608658297328013,0.3160153058720728,0.8275637414112494
9.200000000000001,0.04,0.2866459010171098,0.00014128032732328867,0.31243245185040597,0.8290087431721397
9.4,0.04,0.2853616646764011,0.00013672345042831604,0.30889459554584586,0.8304096323149867
9.600000000000001,0.04,0.2841184589336499,0.00013239806331850475,0.3054005057875225,0.831768645893108
9.8,0.04,0.28291423156694673,0.00012828791003806236,0.30194901241621924,0.8330878650268065
10.0,0.04,0.28174707239858854,0.0001243781726611386,0.29853900110054526,0.834369228553346
10.200000000000001,0.04,0.28061520063221856,0.0001206553283841278,0.29516940968847727,0.8356145452265111
10.4,0.04,0.27951695390836223,0.00011710700638871921,0.2918392242131028,0.836825504611264
10.600000000000001,0.04,0.27845077824550873,0.00011372187365372996,0.28854747570155087,0.8380036868709241
10.8,0.04,0.277415219165803,0.00011048952684861392,0.2852932369820864,0.8391505715688189
11.0,0.04,0.27640891360237535,0.00010740040178212539,0.282075619957307,0.840267545619163
11.200000000000001,0.04,0.27543058266897635,0.00010444569012085747,0.2788937729924381,0.8413559104829101
11.4,0.04,0.27447902508205735,0.00010161726762659362,0.275746878603999,0.8424168887032059
11.600000000000001,0.04,0.2735531112344554,9.890762908113172e-05,0.27263415129090796,0.8434516298532966
11.8,0.04,0.27265177780131566,9.630983125518655e-05,0.26955483557684246,0.8444612159645882
12.0,0.04,0.2717740228508894,9.38174415077553e-05,0.2665082041890854,0.8454466664895178
12.200000000000001,0.04,0.2709189013858949,9.142449225867418e-05,0.26349355639551786,0.8464089428484077
12.4,0.04,0.27008552128284086,8.91254400284295e-05,0.26051021646159883,0.8473489526012212
12.600000000000001,0.04,0.2692730395792655,8.691512889675825e-05,0.2575575322306086,0.8482675532805416
12.8,0.04,0.2684806590786384,8.47887576064666e-05,0.2546348738057386,0.8491655559166944
13.0,0.04,0.26770762523714536,8.274185005707336e-05,0.2517416323307386,0.850043728282432
13.200000000000001,0.04,0.26695322330660687,8.07702286901697e-05,0.24887721885585257,0.8509027978810041
13.4,0.04,0.26621677570687513,7.886999050927218e-05,0.24604106328390266,0.8517434546989199
13.600000000000001,0.04,0.2654976396065811,7.703748539096382e-05,0.243232613387589,0.8525663537422928
13.8,0.04,0.2647952046918253,7.526929646288067e-05,0.24045133389284856,0.8533721173738981
14.0,0.04,0.2641088911057366,7.356222230097132e-05,0.237696705621832,0.8541613374664099
14.200000000000001,0.04,0.2634381475429924,7.191326076023537e-05,0.23496822469096657,0.8549345773860669
14.4,0.04,0.26278244948556845,7.031959425494833e-05,0.232265401759261,0.8556923738198782
14.600000000000001,0.04,0.26214129756715904,6.877857633929466e-05,0.22958776132305705,0.8564352384585391
14.8,0.04,0.2615142160552179,6.728771944833232e-05,0.22693484105349285,0.8571636595464328
15.0,0.04,0.2609007514405914,6.584468368139424e-05,0.2243061911735657,0.8578781033093574
15.200000000000001,0.04,0.26030047112582544,6.444726651945938e-05,0.22170137387186972,0.8585790152699603
15.4,0.04,0.2597129622040751,6.309339338403353e-05,0.2191199627504691,0.8592668214602628
15.600000000000001,0.04,0.25913783032135934,6.178110895299881e-05,0.21656154230458277,0.8599419295400658
15.8,0.04,0.25857469861560634,6.050856916062448e-05,0.2140257074320082,0.8606047298294771
16.0,0.04,0.25802320672655665,5.927403381566701e-05,0.2115120629704161,0.8612555962632686
16.2,0.04,0.25748300987114414,5.8075859780318815e-05,0.20902022326080988,0.8618948872742161
16.400000000000002,0.04,0.25695377797945634,5.691249465807211e-05,0.2065498117355979,0.8625229466120765
16.6,0.04,0.2564351948868272,5.578247094473648e-05,0.20410046052987793,0.8631401041043217
16.8,0.04,0.2559269575779857,5.468440060275926e-05,0.20167181011462568,0.8637466763642455
17.0,0.04,0.25542877547953113,5.361697002191264e-05,0.19926350895057615,0.864342967451573
17.2,0.04,0.25494036979732915,5.257893533451994e-05,0.1968752131616971,0.8649292694902169
17.400000000000002,0.04,0.25446147289566745,5.156911805644624e-05,0.19450658622719336,0.8655058632473532
17.6,0.04,0.25399182771528495,5.058640102811783e-05,0.1921572986910563,0.8660730186775576
17.8,0.04,0.2535311872275958,4.9629724632270185e-05,0.18982702788823294,0.8666309954353347
18.0,0.04,0.2530793139226316,4.8698083267961896e-05,0.18751545768651845,0.8671800433589475
18.2,0.04,0.252635979328404,4.779052206167368e-05,0.18522227824333115,0.8677204029281327
18.400000000000002,0.04,0.25220096355956634,4.69061337987254e-05,0.18294718577655328,0.8682523056979218
18.6,0.04,0.25177405489338434,4.604405605936237e-05,0.1806898823486598,0.8687759747105056
18.8,0.04,0.2513550493711882,4.5203468544906454e-05,0.17845007566339063,0.8692916248867952
19.0,0.04,0.25094375042357814,4.438359058196249e-05,0.1762274788742271,0.8697994633991025
19.200000000000003,0.04,0.2505399685177993,4.3583678791090345e-05,0.1740218104040005,0.8702996900261498
19.400000000000002,0.04,0.25014352082579355,4.28030249102664e-05,0.17183279377494556,0.8707924974914312
19.6,0.04,0.24975423091154225,4.204095376193427e-05,0.16966015744855986,0.8712780717858126
19.8,0.04,0.2493719284364121,4.129682135401021e-05,0.16750363467465393,0.8717565924751135
20.0,0.04,0.24899644888129696,4.057001310665711e-05,0.16536296334899359,0.8722282329933099
20.200000000000003,0.04,0.24862763328443663,3.985994219499217e-05,0.16323788587896623,0.8726931609219384
20.400000000000002,0.04,0.2482653279938704,3.916604800165769e-05,0.16112814905673342,0.8731515382561899
20.6,0.04,0.24790938443354815,3.8487794670707404e-05,0.15903350393934618,0.8736035216581531
20.8,0.04,0.24755965888219936,3.7824669755974255e-05,0.1569537057353305,0.8740492626976247
21.0,0.04,0.24721601226411746,3.717618295810483e-05,0.1548885136972807,0.8744889080809011
21.200000000000003,0.04,0.24687830995107576,3.654186494386657e-05,0.15283769102001954,0.8749225998679229
21.400000000000002,0.04,0.24654642157464976,3.592126624197819e-05,0.15080100474390468,0.8753504756781814
21.6,0.04,0.2462202208482689,3.531395621028792e-05,0.14877822566289242,0.8757726688857587
21.8,0.04,0.24589958539837223,3.4719522069554936e-05,0.1467691282369898,0.8761893088039037
22.0,0.04,0.24558439660408657,3.4137567998412615e-05,0.14477349050876132,0.8766005208595459
22.200000000000003,0.04,0.24527453944488878,3.3567714286169836e-05,0.14279109402356535,0.8770064267581669
22.400000000000002,0.04,0.24496990235575056,3.300959653858455e-05,0.14082172375322452,0.8774071446394272
22.6,0.04,0.24467037708930583,3.246286493310022e-05,0.13886516802286672,0.877802789224008
22.8,0.04,0.2443758585846093,3.192718351972486e-05,0.136921218440678,0.8781934719520743
23.0,0.04,0.24408624484209623,3.140222956423031e-05,0.13498966983034402,0.8785793011138178
23.200000000000003,0.04,0.24380143680437014,3.0887692931082594e-05,0.13307032016596967,0.8789603819725089
23.400000000000002,0.04,0.2435213382424849,3.038327550213179e-05,0.13116297050929224,0.8793368168804959
23.6,0.04,0.24324585564740583,2.9888690629303328e-05,0.1292674249490108,0.8797087053885937
23.8,0.04,0.24297489812636278,2.9403662618009466e-05,0.12738349054208867,0.8800761443492762
24.0,0.04,0.2427083773038269,2.8927926239426293e-05,0.12551097725688198,0.8804392280141023
24.200000000000003,0.04,0.24244620722686455,2.8461226269230922e-05,0.12364969791797643,0.8807980481257688
24.400000000000002,0.04,0.2421883042746402,2.8003317050829014e-05,0.12179946815262954,0.8811526940051861
24.6,0.04,0.24193458707185686,2.755396208097409e-05,0.11996010633871396,0.8815032526339454
24.8,0.04,0.2416849764059404,2.7112933616519778e-05,0.11813143355408527,0.8818498087325383
25.0,0.04,0.24143939514778412,2.6680012300462534e-05,0.1163132735272937,0.8821924448346536
25.200000000000003,0.04,0.24119776817588504,2.6254986805684746e-05,0.1145054525895814,0.8825312413578753
25.400000000000002,0.04,0.24096002230371952,2.583765349531357e-05,0.11270779962810729,0.8828662766710654
25.6,0.04,0.2407260862102084,2.5427816098698757e-05,0.11092014604034674,0.8831976271587084
25.8,0.04,0.2404958903731358,2.5025285401400773e-05,0.10914232568961903,0.8835253672824629
26.0,0.04,0.24026936700539686,2.462987894852716e-05,0.10737417486172061,0.8838495696401437
26.200000000000003,0.04,0.24004644999395364,2.424142076070717e-05,0.10561553222260445,0.8841703050223485
26.400000000000002,0.04,0.23982707484138452,2.3859741061687414e-05,0.10386623877709521,0.8844876424669027
26.6,0.04,0.23961117860992254,2.3484676016931345e-05,0.1021261378285979,0.8848016493112978
26.8,0.04,0.2393986998678815,2.311606748251213e-05,0.10039507493977508,0.885112391243257
27.0,0.04,0.23918957863837353,2.275376276395043e-05,0.09867289789417485,0.8854199323495577
27.200000000000003,0.04,0.23898375635022673,2.2397614384326636e-05,0.09695945665876371,0.8857243351632408
27.400000000000002,0.04,0.2387811757910133,2.204747986148874e-05,0.09525460334736247,0.8860256607092641
27.6,0.04,0.23858178106210576,2.170322149379357e-05,0.09355819218493638,0.8863239685487162
27.8,0.04,0.23838551753567777,2.1364706154117355e-05,0.09187007947273523,0.8866193168216375
28.0,0.04,0.23819233181356947,2.1031805091979407e-05,0.09019012355422477,0.8869117622885118
28.200000000000003,0.04,0.23800217168794574,2.0704393743393623e-05,0.08851818478181223,0.8872013603704703
28.400000000000002,0.04,0.23781498610366322,2.0382351548197656e-05,0.08685412548431608,0.8874881651882515
28.6,0.04,0.23763072512228686,2.006556177530491e-05,0.08519780993515676,0.8877722295999301
28.8,0.04,0.23744933988766243,1.975391135434117e-05,0.08354910432121201,0.8880536052374564
29.0,0.04,0.23727078259301346,1.9447290715535655e-05,0.08190787671236109,0.8883323425420018
29.200000000000003,0.04,0.23709500644943501,1.9145593635267727e-05,0.08027399703158476,0.8886084907981365
29.400000000000002,0.04,0.2369219656558041,1.884871709017504e-05,0.0786473370257184,0.8888820981668407
29.6,0.04,0.23675161536991907,1.855656111565866e-05,0.07702777023664045,0.8891532117173463
29.8,0.04,0.2365839116809796,1.8269028674576982e-05,0.07541517197310892,0.8894218774578257
30.0,0.04,0.23641881158309244,1.798602552687213e-05,0.07380941928284247,0.8896881403649126
30.200000000000003,0.04,0.23625627295011215,1.770746011368874e-05,0.0722103909253516,0.8899520444120748
30.400000000000002,0.04,0.23609625451121877,1.7433243436119127e-05,0.07061796734467649,0.8902136325968042
30.6,0.04,0.23593871582795797,1.7163288956751892e-05,0.06903203064316467,0.8904729469666731
30.8,0.04,0.2357836172715565,1.689751248233066e-05,0.06745246455455967,0.8907300286441932
31.0,0.04,0.23563092000210592,1.6635832088390102e-05,0.0658791544188157,0.8909849178505589
31.200000000000003,0.04,0.2354805859471669,1.637816799697142e-05,0.06431198715503855,0.891237653928173
31.400000000000002,0.04,0.23533257778323202,1.612444253493868e-05,0.06275085123770283,0.8914882753620978
31.6,0.04,0.23518685891494012,1.587457998835215e-05,0.06119563666859921,0.8917368198002409
31.8,0.04,0.23504339345934053,1.5628506620245003e-05,0.059646234955354316,0.8919833240725678
32.0,0.04,0.23490214622451377,1.538615046255259e-05,0.05810253908077655,0.892227824208934
32.2,0.04,0.23476308269795587,1.5147441446306668e-05,0.0565644434857292,0.8924703554561488
32.4,0.04,0.2346261690223065,1.4912311052290887e-05,0.05503184403264011,0.8927109522934141
32.6,0.04,0.23449137199081216,1.4680692666146061e-05,0.053504637997181054,0.8929496484474145
32.800000000000004,0.04,0.23435865901552538,1.4452520922078082e-05,0.05198272401928887,0.8931864769052406
33.0,0.04,0.23422799813623696,1.4227732519744927e-05,0.05046600211307372,0.893421469927825
33.2,0.04,0.23409935797159842,1.4006264915996854e-05,0.04895437359156893,0.8936546590600601
33.4,0.04,0.2339727077550608,1.3788058100148068e-05,0.04744774111465433,0.8938860751431851
33.6,0.04,0.2338480172490874,1.3573051912831363e-05,0.0459460085587997,0.8941157483214114
33.800000000000004,0.04,0.2337252568365575,1.3361189820372761e-05,0.04444908114448478,0.8943437080544854
34.0,0.04,0.23360439735668617,1.3152413352841171e-05,0.04295686519086438,0.8945699831192925
34.2,0.04,0.23348541031157452,1.2946670055657494e-05,0.04146926840950513,0.8947946016250399
34.4,0.04,0.23336826753733586,1.2743901895288798e-05,0.03998619941838354,0.8950175910065826
34.6,0.04,0.23325294165075994,1.2544061944179504e-05,0.03850756838359732,0.8952389780472186
34.800000000000004,0.04,0.2331394053747456,1.2347090162207922e-05,0.03703328602991315,0.8954587888568075
35.0,0.04,0.23302763248662872,1.215294834656102e-05,0.03556326501062933,0.8956770489125094
35.2,0.04,0.2329175964194861,1.1961569503774278e-05,0.03409741786469647,0.8958937830071001
35.4,0.04,0.2328092722594387,1.1772930998062904e-05,0.032635659910509804,0.8961090153290721
35.6,0.04,0.23270263383103423,1.158694868477787e-05,0.031177904998207755,0.8963227693505623
35.800000000000004,0.04,0.23259765788884704,1.1403629948366336e-05,0.02972407159358697,0.8965350679913484
36.0,0.04,0.23249431803004136,1.1222852303073041e-05,0.0282740739144231,0.8967459333824713
36.2,0.04,0.23239259347719043,1.1044683494792446e-05,0.026827834694082835,0.8969553872067728
36.4,0.04,0.23229245635061258,1.0868918550217062e-05,0.0253852666514654,0.8971634502048945
36.6,0.04,0.23219389005838148,1.069574890272141e-05,0.023946299244004002,0.8973701428848107
36.800000000000004,0.04,0.23209686267503502,1.052479546654866e-05,0.022510839892160763,0.8975754844934716
37.0,0.04,0.23200136542559313,1.0356503238901846e-05,0.021078830030034783,0.8977794944910426
37.2,0.04,0.23190735703693297,1.019013407705485e-05,0.01965016394249363,0.897982190425054
37.4,0.04,0.23181484412222678,1.0026631754103216e-05,0.018224806106882343,0.8981835909430826
37.6,0.04,0.23172376534363978,9.86458135141495e-06,0.01680262151648305,0.898383711536115
37.800000000000004,0.04,0.23163415781333,9.70567982906319e-06,0.015383620479911278,0.8985825702074955
38.0,0.04,0.2315459210416535,9.547876007900901e-06,0.013967606549647803,0.8987801803452361
38.2,0.04,0.23145914615601343,9.391638527509343e-06,0.01255467861764862,0.8989765565592146
38.400000000000006,0.04,0.23137368548076276,9.241450245396263e-06,0.01114452744771827,0.8991717172183507
38.6,0.04,0.23128964996877505,9.068124188224537e-06,0.009737379703482336,0.8993656385563492
38.800000000000004,0.04,0.23120713433360993,8.967057201912805e-06,0.008332862822570355,0.8995584306659847
39.0,0.04,0.23112536555561647,8.593213108478386e-06,0.006930920241391629,0.8997496908864817
39.2,0.04,0.2310481641471831,8.93450047714453e-06,0.005532733546789724,0.8999404622048631
39.400000000000006,0.04,0.23096417054597235,6.941472875107802e-06,0.004132481589063255,0.9001271903021172
39.6,0.04,0.2309120482208798,1.0080252262473536e-05,0.002749654747854456,0.9003179460956768
39.800000000000004,0.04,0.23078981812274435,8.809000075441157e-06,0.0013249242530098695,0.9005002119683421
40.0,0.04,0.23078981812274435,0.0,0.0,0.9005002119683421
0.0,0.06,1.0,0.0,0.6916201537712233,0.0
0.2,0.06,0.9500308733162411,0.058890930987818245,0.6916201537712233,0.11480692692949829
0.4,0.06,0.906319593453232,0.03192584647819904,0.566534280692876,0.2170913103809945
0.6000000000000001,0.06,0.8252733449950084,0.02073815159964071,0.5764169126752448,0.3011469897985035
0.8,0.06,0.7747159926669237,0.012398092375900862,0.5418649703377646,0.36148737705691486
1.0,0.06,0.7263628762466848,0.008838277366069172,0.5414946058715323,0.4086912777250194
1.2000000000000002,0.06,0.6932756604719065,0.0063292367960200435,0.5241062466726658,0.44546685945977915
1.4000000000000001,0.06,0.6632420357270791,0.005044794057596115,0.5186147531268652,0.4757884144251272
1.6,0.06,0.6403743296110489,0.004026193269364928,0.5069713504371014,0.5009249760116383
1.8,0.06,0.6197049453762805,0.0034096092089692456,0.5000336840078965,0.5224576615811486
2.0,0.06,0.6027331508114313,0.0028849952602935333,0.49095464725838306,0.5410110901557399
2.2,0.06,0.5873734882104802,0.0025238615837264587,0.48387873205955034,0.5573173370783286
2.4000000000000004,0.06,0.5741421715492698,0.0022094195646824083,0.4761386550522722,0.5717318418765657
2.6,0.06,0.5621188140246519,0.001972409229582266,0.4693295323718374,0.584637172742612
2.8000000000000003,0.06,0.5514438169694962,0.0017650094081411156,0.4623941699348467,0.596254548507134
3.0,0.06,0.541684874354312,0.001598699372522142,0.45594675998564327,0.6068033885408498
3.2,0.06,0.5328481971183128,0.001452753825510639,0.44956032414180985,0.6164288298432821
3.4000000000000004,0.06,0.524714795663692,0.0013307003780367855,0.4434689463649188,0.6252664724956096
3.6,0.06,0.517250169359327,0.0012230661499233583,0.437495537022644,0.6334151637971619
3.8000000000000003,0.06,0.5103334423662829,0.0011304201605767238,0.43172656793250586,0.6409639450679752
4.0,0.06,0.5039233138004655,0.001048163484413717,0.4260854626635191,0.6479822512044835
4.2,0.06,0.49794694191887917,0.0009759129913658179,0.4206016165729777,0.6545314784825628
4.4,0.06,0.4923670814304285,0.0009112737146792248,0.4152396620867791,0.6606617473514372
4.6000000000000005,0.06,0.487136192702716,0.0008536547801479609,0.41000727473891574,0.6664170774184889
4.800000000000001,0.06,0.48222351101737193,0.0008017098413449565,0.40488646724225286,0.6718345384627916
5.0,0.06,0.47759591625460684,0.000754886378288507,0.3998769794544821,0.6769466948744308
5.2,0.06,0.4732287641015786,0.0007123681794733369,0.3949684825828086,0.6817815667676628
5.4,0.06,0.4690978022107055,0.0006737025684697218,0.39015810414010016,0.6863638650565046
5.6000000000000005,0.06,0.46518343589260075,0.0006383602353367783,0.38543912100594135,0.6907151840050476
5.800000000000001,0.06,0.4614672414531214,0.0006059877117155702,0.3808080543893601,0.6948546745537793
6.0,0.06,0.4579335920448871,0.0005762221954867115,0.376260041921312,0.6987992684833216
6.2,0.06,0.45456810624883437,0.0005487920323148739,0.3717917116959138,0.7025640748877007
6.4,0.06,0.4513582248561903,0.0005234375754564659,0.3673992733650607,0.7061625758357845
6.6000000000000005,0.06,0.4482924878919412,0.0004999502940990634,0.3630796794017997,0.7096068767477904
6.800000000000001,0.06,0.44536070421493085,0.0004781381424194402,0.3588298290572009,0.7129078622635677
7.0,0.06,0.4425535921589922,0.0004578401048983159,0.3546470336231238,0.7160753637580547
7.2,0.06,0.43986279862808325,0.0004389105021674297,0.35052867877535926,0.7191182793051569
7.4,0.06,0.43728070534547614,0.00042122387307844854,0.34647240720356604,0.7220446908427257
7.6000000000000005,0.06,0.4348003982575981,0.0004046674980155691,0.3424759713511402,0.7248619554553374
7.800000000000001,0.06,0.43241555327138886,0.0003891426057631725,0.33853730178012115,0.7275767900562238
8.0,0.06,0.43012039416849485,0.00037456056751386367,0.3346544399695002,0.7301953407859553
8.200000000000001,0.06,0.42790961921791754,0.0003608428021792479,0.33082556101676464,0.7327232457100825
8.4,0.06,0.4257783610053385,0.0003479186794799429,0.3270489407540845,0.735165687801207
8.6,0.06,0.423722135840116,0.00033572504004299826,0.32332296067655825,0.7375274422115947
8.8,0.06,0.42173680935228597,0.00032420494019863783,0.3196460902352917,0.7398129169939253
9.0,0.06,0.41981855971741067,0.0003133071222674063,0.3160168852534688,0.742026189266004
9.200000000000001,0.06,0.4179638493962112,0.00030298520382965294,0.3124339772726191,0.7441710367638569
9.4,0.06,0.4161693973884226,0.0002931972069551399,0.3088960699317411,0.7462509658601958
9.600000000000001,0.06,0.41443215637959985,0.0002839050010859254,0.3054019318413005,0.7482692362411454
9.8,0.06,0.4127492912597451,0.000275073915170193,0.30195039264282214,0.7502288828737038
10.0,0.06,0.41111816071420343,0.0002666723366892559,0.2985403378251427,0.7521327355040949
10.200000000000001,0.06,0.4095363002854043,0.00025867140164656695,0.295170705072231,0.7539834360876634
10.4,0.06,0.4080014075166094,0.0002510446963181641,0.2918404802681506,0.7557834543688813
10.600000000000001,0.06,0.40651132841230087,0.00024376801222673205,0.28854869430373137,0.7575351018802969
10.8,0.06,0.4050640453936995,0.0002368191191132256,0.28529441988271154,0.7592405445391598
11.0,0.06,0.4036576663574678,0.00023017757170039568,0.28207676879344545,0.7609018140290853
11.200000000000001,0.06,0.40229041485250366,0.00022382453399919365,0.27889488929631967,0.7625208181058518
11.4,0.06,0.40096062115623743,0.00021774262658988628,0.2757479638113701,0.7640993499608517
11.600000000000001,0.06,0.39966671421021244,0.00021191578896720138,0.27263520674864383,0.7656390967476726
11.8,0.06,0.398407214281532,0.0002063291583261075,0.26955586254978864,0.7671416473682375
12.0,0.06,0.3971807262970896,0.00020096896064861005,0.26650920386628896,0.7686084995974515
12.200000000000001,0.06,0.3959859337622579,0.0001958224139779057,0.26349452989587385,0.770041066616676
12.4,0.06,0.3948215932134337,0.0001908776415219916,0.26051116483900466,0.7714406830149405
12.600000000000001,0.06,0.3936865291421436,0.00018612359400624004,0.2575584564786604,0.7728086103097782
12.8,0.06,0.3925796293472397,0.00018154997981022935,0.25463577486203215,0.7741460420319299
13.0,0.06,0.39149984066923593,0.00017714720223501422,0.2517425110808065,0.7754541084128591
13.200000000000001,0.06,0.39044616507101815,0.00017290630291923455,0.24887807613677962,0.7767338807088802
13.4,0.06,0.38941765603003364,0.00016881891081151794,0.24604189988764794,0.7779863751918791
13.600000000000001,0.06,0.3884134152130641,0.0001648771960052102,0.24323343006404624,0.779212556833137
13.8,0.06,0.3874325894065647,0.00016107382793843718,0.240452131352665,0.7804133427041158
14.0,0.06,0.3864743676793936,0.0001574019374513492,0.2376974845390119,0.7815896051157019
14.200000000000001,0.06,0.38553797875671175,0.00015385508229741402,0.23496898570527525,0.7827421745155813
14.4,0.06,0.3846226885864933,0.00015042721572693928,0.2322661454784486,0.7838718421618205
14.600000000000001,0.06,0.38372779808179985,0.00014711265782377586,0.22958848832491668,0.7849793625894118
14.8,0.06,0.38285264102389593,0.0001439060693024477,0.2269355518877672,0.7860654558854191
15.0,0.06,0.38199658211272186,0.00014080242751474795,0.22430688636371343,0.7871308097873899
15.200000000000001,0.06,0.38115901515266,0.0001377970044392157,0.22170205391670333,0.7881760816188181
15.4,0.06,0.3803393613626977,0.0001348853464569641,0.21912062812567473,0.7892019000746533
15.600000000000001,0.06,0.37953706780116897,0.00013206325573764886,0.21656219346413072,0.7902088668691094
15.8,0.06,0.37875160589618867,0.00012932677308107661,0.21402634480946095,0.7911975582573195
16.0,0.06,0.37798247007372526,0.00012667216207518016,0.21151268698014516,0.792168526441692
16.2,0.06,0.37722917647599363,0.00012409589445186133,0.20902083429912313,0.7931223008731395
16.400000000000002,0.06,0.37649126176349873,0.00012159463652935352,0.20655041018178907,0.79405938945669
16.6,0.06,0.375768281994649,0.00011916523664587587,0.20410104674720064,0.7949802796703122
16.8,0.06,0.37505981157736656,0.00011680471350087994,0.20167238445119934,0.7958854396051228
17.0,0.06,0.37436544228758084,0.00011451024532478434,0.19926407174022728,0.7967753189345024
17.2,0.06,0.37368478234991176,0.00011227915981176496,0.19687576472474275,0.7976503498189743
17.400000000000002,0.06,0.37301745557620786,0.00011010892475293419,0.19450712687116953,0.7985109477530962
17.6,0.06,0.3723631005579409,0.00010799713931676714,0.192157828711396,0.799357512359985
17.8,0.06,0.3717213699087573,0.0001059415259260379,0.18982754756889864,0.8001904281385319
18.0,0.06,0.37109192955375814,0.00010393992268848446,0.18751596730059045,0.8010100651677703
18.2,0.06,0.3704744580623195,0.00010199027633970679,0.1852227780535574,0.8018167797723849
18.400000000000002,0.06,0.3698686460215043,0.0001000906356622164,0.18294767603586232,0.8026109151528232
18.6,0.06,0.36927419544730533,9.823914534704604e-05,0.18069036330064067,0.803392801983036
18.8,0.06,0.3686908192311644,9.643404026675187e-05,0.17845054754274203,0.8041627589784739
19.0,0.06,0.36811824061938025,9.467364013262767e-05,0.17622794190717733,0.8049210934365789
19.200000000000003,0.06,0.3675561927231806,9.295634450814382e-05,0.17402226480870303,0.8056681017517069
19.400000000000002,0.06,0.3670044180573921,9.128062815599856e-05,0.17183323976184975,0.8064040699061048
19.6,0.06,0.36646266810577466,8.964503669533571e-05,0.16966059522075932,0.8071292739383517
19.8,0.06,0.36593070291122753,8.804818254762142e-05,0.16750406442821592,0.8078439803904269
20.0,0.06,0.36540829068918496,8.648874115361158e-05,0.16536338527326905,0.8085484467344195
20.200000000000003,0.06,0.36489520746265414,8.496544743952362e-05,0.16323830015688298,0.8092429217797419
20.400000000000002,0.06,0.3643912367174378,8.347709251904002e-05,0.1611285558650738,0.8099276460615982
20.6,0.06,0.36389616907619476,8.202252061254816e-05,0.15903390344900997,0.8106028522113644
20.8,0.06,0.36340980199008777,8.060062616936024e-05,0.15695409811158428,0.8112687653094773
21.0,0.06,0.362931939446855,7.921035117834634e-05,0.15488889909999573,0.8119256032213881
21.200000000000003,0.06,0.36246239169421934,7.785068265541392e-05,0.15283806960389693,0.8125735769170985
21.400000000000002,0.06,0.3620009749776434,7.652065029249418e-05,0.15080137665869073,0.8132128907747881
21.6,0.06,0.3615475112914913,7.52193242600867e-05,0.14877859105358351,0.8138437428690366
21.8,0.06,0.36110182814274155,7.394581314914072e-05,0.14676948724402836,0.8144663252441378
22.0,0.06,0.36066375832645775,7.269926204433036e-05,0.14477384326822285,0.8150808241730304
22.200000000000003,0.06,0.3602331397122692,7.147885071849325e-05,0.142791440667337,0.8156874204023696
22.400000000000002,0.06,0.3598098150411951,7.02837919392021e-05,0.14082206440917633,0.8162862893842631
22.6,0.06,0.3593936317321653,6.911332987992976e-05,0.13886550281501522,0.8168776014952527
22.8,0.06,0.35898444169767113,6.796673862685416e-05,0.13692154748934263,0.817461522243087
23.0,0.06,0.35858210116799527,6.684332077508728e-05,0.1349899932522974,0.8180382124618697
23.200000000000003,0.06,0.3581864705235353,6.574240610770647e-05,0.1330706380745809,0.8186078284961719
23.400000000000002,0.06,0.35779741413475485,6.466335035068464e-05,0.13116328301466443,0.819170522374697
23.6,0.06,0.35741480020934296,6.360553399831101e-05,0.12926773215811252,0.8197264419740837
23.8,0.06,0.35703850064618814,6.256836120376207e-05,0.12738379255887977,0.8202757311734431
24.0,0.06,0.3566683908958088,6.155125872980212e-05,0.12551127418243377,0.8208185300002074
24.200000000000003,0.06,0.356304349826905,6.055367495511368e-05,0.12364998985058705,0.8213549747678551
24.400000000000002,0.06,0.3559462595987193,5.957507893230785e-05,0.12179975518793339,0.8218851982060751
24.6,0.06,0.3555940055389285,5.861495949285606e-05,0.11996038856978661,0.8224093295838995
24.8,0.06,0.3552474760267895,5.7672824396733726e-05,0.11813171107154388,0.8229274948263278
25.0,0.06,0.3549065623813034,5.6748199522560026e-05,0.11631354641939187,0.8234398166249276
25.200000000000003,0.06,0.35457115875416056,5.5840628095823216e-05,0.11450572094230047,0.823946414542889
25.400000000000002,0.06,0.35424116202725453,5.4949669951890885e-05,0.11270806352524254,0.824447405114957
25.6,0.06,0.35391647171456675,5.4074900832610686e-05,0.11092040556358954,0.8249429019426738
25.8,0.06,0.35359698986822885,5.3215911712985054e-05,0.1091425809186353,0.825433015785295
26.0,0.06,0.3532826209885884,5.237230815653582e-05,0.10737442587422479,0.825917854646742
26.200000000000003,0.06,0.35297327193811595,5.1543709698010975e-05,0.10561577909443003,0.826397523858908
26.400000000000002,0.06,0.35266885185898206,5.0729749251234394e-05,0.1038664815822615,0.8268721261616192
26.6,0.06,0.35236927209416874,4.9930072541072695e-05,0.10212637663937345,0.8273417617795084
26.8,0.06,0.35207444611196226,4.914433755809805e-05,0.10039530982673744,0.8278065284960399
27.0,0.06,0.35178428943369433,4.8372214034930875e-05,0.09867312892626762,0.8282665217248962
27.200000000000003,0.06,0.35149871956459994,4.7613382943309956e-05,0.0969596839033503,0.8287218345789186
27.400000000000002,0.06,0.35121765592766285,4.686753601109876e-05,0.09525482687027689,0.8291725579367498
27.6,0.06,0.35094101980033093,4.6134375258622206e-05,0.09355841205053168,0.8296187805073274
27.8,0.06,0.3506687342539786,4.541361255303057e-05,0.09187029574392899,0.8300605888923436
28.0,0.06,0.35040072409600115,4.4704969181122744e-05,0.09019033629254272,0.8304980676467723
28.200000000000003,0.06,0.35013691581443707,4.40081754394007e-05,0.08851839404742867,0.8309312993375408
28.400000000000002,0.06,0.3498772375249956,4.332297024077399e-05,0.08685433133609348,0.8313603646004221
28.6,0.06,0.3496216189204012,4.264910073878471e-05,0.08519801243068242,0.831785342195188
28.8,0.06,0.34936999122192924,4.1986321966621896e-05,0.08354930351683325,0.8322063090590793
29.0,0.06,0.3491222871330626,4.133439649368731e-05,0.08190807266321884,0.8326233403586158
29.200000000000003,0.06,0.34887844079512503,4.069309409572192e-05,0.08027418979164533,0.8330365095397594
29.400000000000002,0.06,0.34863838774486344,4.006219144277323e-05,0.07864752664780429,0.8334458883764703
29.6,0.06,0.34840206487378406,3.9441471798191156e-05,0.07702795677245927,0.8338515470176349
29.8,0.06,0.3481694103892991,3.883072473792511e-05,0.07541535547328171,0.8342535540323945
30.0,0.06,0.34794036377738236,3.8229745875247426e-05,0.07380959979693055,0.8346519764538527
30.200000000000003,0.06,0.34771486576695704,3.763833661207063e-05,0.07221056850188223,0.8350468798211869
30.400000000000002,0.06,0.3474928582954811,3.705630388545952e-05,0.07061814203116845,0.8354383282201218
30.6,0.06,0.34727428447631026,3.648345995367814e-05,0.06903220248615187,0.8358263843218119
30.8,0.06,0.34705908856679885,3.5919622155658616e-05,0.06745263359961537,0.836211109420062
31.0,0.06,0.3468472159384682,3.53646127400037e-05,0.0658793207105742,0.8365925634669643
31.200000000000003,0.06,0.3466386130471303,3.481825862267867e-05,0.06431215073721891,0.8369708051068451
31.400000000000002,0.06,0.346433227405863,3.4280391275383625e-05,0.06275101215312809,0.8373458917086629
31.6,0.06,0.34623100755647773,3.375084645137385e-05,0.06119579495922085,0.8377178793966468
31.8,0.06,0.34603190304564874,3.32294641730646e-05,0.05964639066226774,0.8380868230795054
32.0,0.06,0.34583586439661135,3.271608836421852e-05,0.05810269224424832,0.8384527764777168
32.2,0.06,0.3456428430894773,3.221056701951139e-05,0.056564594145206225,0.8388157921496335
32.4,0.06,0.3454527915311362,3.171275161714269e-05,0.05503199222678373,0.8391759215153707
32.6,0.06,0.3452656630421932,3.122249764858308e-05,0.05350478376386425,0.839533214879996
32.800000000000004,0.06,0.3450814118210743,3.0739663548083956e-05,0.05198286739564551,0.8398877214538576
33.0,0.06,0.34489999294294366,3.0264111957571866e-05,0.05046614313547164,0.8402394893732421
33.2,0.06,0.34472136230985967,2.9795707625866603e-05,0.048954512295692094,0.8405885657167798
33.4,0.06,0.34454547667309576,2.9334320194473455e-05,0.047447877535426466,0.8409349965243045
33.6,0.06,0.3443722935524937,2.8879819924063492e-05,0.0459461427305359,0.8412788268085115
33.800000000000004,0.06,0.34420177130626634,2.8432083649985706e-05,0.044449213100712315,0.8416201005734805
34.0,0.06,0.34403386898443084,2.799098594563937e-05,0.042956994964621166,0.8419588608197796
34.2,0.06,0.3438685464966493,2.7556411699455016e-05,0.04146939603294632,0.8422951495655825
34.4,0.06,0.34370576432638894,2.712823771930146e-05,0.03998632492338737,0.8426290078413314
34.6,0.06,0.3435454839027069,2.6706359152967215e-05,0.038507691800924976,0.8429604757194447
34.800000000000004,0.06,0.34338766702175866,2.6290651083710387e-05,0.03703340739045866,0.8432895922902649
35.0,0.06,0.3432322766442386,2.5881023904199907e-05,0.035563384343645706,0.8436163957127372
35.2,0.06,0.3430792757033706,2.5477343047775865e-05,0.03409753520039392,0.8439409231542166
35.4,0.06,0.34292862879204883,2.507954492188046e-05,0.03263577527632935,0.8442632108877431
35.6,0.06,0.34278029968587026,2.4687469059790594e-05,0.031178018424241925,0.8445832941591915
35.800000000000004,0.06,0.34263425489127036,2.4301100728780473e-05,0.029724183104767633,0.8449012073843822
36.0,0.06,0.3424904584782766,2.392021987604379e-05,0.028274183541851596,0.8452169838672363
36.2,0.06,0.34234887952284837,2.3544908681743044e-05,0.026827942458666265,0.8455306562074361
36.4,0.06,0.34220948130772494,2.3174817380010548e-05,0.025385372587614977,0.8458422557103611
36.6,0.06,0.3420722369151364,2.2810225461671366e-05,0.023946403365387735,0.8461518132351966
36.800000000000004,0.06,0.34193710664026783,2.2450507789398705e-05,0.02251094224123349,0.8464593579660481
37.0,0.06,0.3418040706375054,2.209634731073156e-05,0.021078930606576722,0.84676491917314
37.2,0.06,0.3416730816954359,2.174654804440075e-05,0.01965026280650072,0.8470685236717428
37.4,0.06,0.341544133478708,2.1402587497928777e-05,0.018224903231596052,0.847370199420464
37.6,0.06,0.3414171621452597,2.106217723125766e-05,0.0168027169955129,0.8476699704276424
37.800000000000004,0.06,0.34129218793246946,2.0728018008532473e-05,0.015383714246394974,0.8479678635220806
38.0,0.06,0.3411691139763647,2.0396635181988586e-05,0.013967698726483218,0.848263899772475
38.2,0.06,0.3410480092206749,2.006908855903311e-05,0.012554769196504119,0.8485581014772163
38.400000000000006,0.06,0.34092873459106915,1.9750644687931836e-05,0.01114461619467496,0.8488504946522456
38.6,0.06,0.340811398043357,1.9398560004817366e-05,0.00973746810889433,0.8491410545413828
38.800000000000004,0.06,0.34069603649506913,1.9147669375842872e-05,0.008332945835085759,0.8494299114421329
39.0,0.06,0.3405821987587347,1.8485383393657415e-05,0.006931015385101388,0.8497165818613595
39.2,0.06,0.34047277485588995,1.884720693639694e-05,0.005532789395639058,0.8500022803070232
39.400000000000006,0.06,0.3403597844064512,1.5654914099066144e-05,0.004132651596031927,0.8502827080053729
39.6,0.06,0.3402734438884327,2.0415059933021362e-05,0.002749572391018484,0.8505675940495696
39.800000000000004,0.06,0.34013171517700486,1.6003962694341612e-05,0.0013249483867117237,0.8508401906336889
40.0,0.06,0.34013171517700486,0.0,0.0,0.8508401906336889
0.0,0.08,1.0,0.0,0.6847525986309447,0.0
0.2,0.08,1.0069789726606744,0.060709405946364564,0.6847525986309447,0.05325670467778424
0.4,0.08,1.0017430190337613,0.0364968047031754,0.5686731694234283,0.11402898604972869
0.6000000000000001,0.08,0.9523926947515863,0.02596445405977525,0.5772090346983711,0.17413237618833127
0.8,0.08,0.9168541130583577,0.016913182831906612,0.5425343489959373,0.2239720597186158
1.0,0.08,0.8776470723147118,0.012671733645582937,0.5417707098439417,0.2670052365298065
1.2000000000000002,0.08,0.8479617666860635,0.00951203086460391,0.5243122555424029,0.3032480043000979
1.4000000000000001,0.08,0.8195654863037438,0.007739599667058797,0.5187251779387044,0.3347261283086526
1.6,0.08,0.7964912507209336,0.006319965087421293,0.5070634924056396,0.3619599357836901
1.8,0.08,0.7751629740232207,0.005398488256220252,0.500094778161714,0.385987648163851
2.0,0.08,0.7569461074221204,0.00462273748029892,0.49100847123879204,0.40721942932565297
2.2,0.08,0.7402595394089353,0.004062888163974836,0.48391956618511006,0.426223923879828
2.4000000000000004,0.08,0.7255361871834998,0.0035815061547681093,0.47617519318464835,0.4432937749327847
2.6,0.08,0.7120452486852553,0.0032074316869327934,0.4693595706648732,0.45876321973136697
2.8000000000000003,0.08,0.6998852727753079,0.002882806864445298,0.4624212147776177,0.47283849637277675
3.0,0.08,0.6886960943088983,0.002617437008753896,0.45597009180350323,0.48572845527804986
3.2,0.08,0.6784635697683128,0.002385514982254822,0.44958146503792534,0.4975789795561471
3.4000000000000004,0.08,0.6689953321248334,0.0021892071328813876,0.443487738556753,0.5085275702375353
3.6,0.08,0.6602462404405909,0.002016316811736178,0.43751269225820816,0.5186786449168709
3.8000000000000003,0.08,0.6521040665672944,0.0018663638496845764,0.4317421167380328,0.5281268363021612
4.0,0.08,0.6445211205876863,0.0017331956890865195,0.42609976703268715,0.5369481292210672
4.2,0.08,0.637426141567595,0.0016156473874787962,0.42061475582674646,0.5452101125632579
4.4,0.08,0.6307774403224431,0.001510381705604647,0.4152518379625429,0.5529691121837484
4.6000000000000005,0.08,0.6245263941779011,0.0014162344164921241,0.4100185679507165,0.5602749019827432
4.800000000000001,0.08,0.6186387988872828,0.0013312547298014637,0.40489700077612384,0.567170017994932
5.0,0.08,0.6130795744346655,0.0012544709765070865,0.39988682212958654,0.5736920530023039
5.2,0.08,0.6078212519657973,0.0011846600624516423,0.3949777155033027,0.5798737023690367
5.4,0.08,0.6028374582342748,0.001121061346822263,0.39016678263384774,0.5857439642155211
5.6000000000000005,0.08,0.5981062140482294,0.0010628605175873455,0.3854473020095726,0.5913283844771825
5.800000000000001,0.08,0.5936070867074115,0.001009475598468671,0.3808157815728131,0.5966497355505117
6.0,0.08,0.5893224122926622,0.000960337634752335,0.3762673571771041,0.6017282775929903
6.2,0.08,0.585236001992608,0.0009150033219139589,0.3717986494496885,0.6065821724800922
6.4,0.08,0.5813335470291785,0.0008730599725596586,0.36740586552495763,0.6112277077537309
6.6000000000000005,0.08,0.5776019969481907,0.000834168396309632,0.3630859532823469,0.6156795663540332
6.800000000000001,0.08,0.5740296532758002,0.0007980204989478847,0.358835809596736,0.6199510048047694
7.0,0.08,0.570605847490393,0.000764354480391338,0.3546527427064077,0.6240540384615356
7.2,0.08,0.5673209243794561,0.0007329350960219852,0.3505341362845129,0.627999579356111
7.4,0.08,0.5641660598212527,0.0007035581484491104,0.3464776308640994,0.6317975685414546
7.6000000000000005,0.08,0.5611332116996054,0.0006760407474177938,0.34248097726862325,0.6354570817933908
7.800000000000001,0.08,0.5582150070806421,0.0006502218706658834,0.3385421044679496,0.6389864269130286
8.0,0.08,0.5554046893537676,0.0006259571936486758,0.33465905264816787,0.6423932247822669
8.200000000000001,0.08,0.5526960426231119,0.0006031183684394176,0.33082999569339355,0.6456844824110867
8.4,0.08,0.5500833444633457,0.0005815900469292048,0.3270532084050363,0.6488666553507717
8.6,0.08,0.5475613120396651,0.000561268872769983,0.32332707133191246,0.651945703396494
8.8,0.08,0.5451250625931627,0.000542061626173363,0.3196500530995154,0.654927138939291
9.0,0.08,0.5427700733212399,0.0005238842721294785,0.3160207087800219,0.657816069974115
9.200000000000001,0.08,0.5404921491783555,0.0005066607226905484,0.31243766924883565,0.6606172378287253
9.4,0.08,0.5382873920849489,0.0004903220360156761,0.3088996375405471,0.6633350507308926
9.600000000000001,0.08,0.5361521749204872,0.00047480554567692744,0.30540538172368,0.6659736134877979
9.8,0.08,0.5340831173908704,0.00046005421620468826,0.3019537309476086,0.6685367539562587
10.0,0.08,0.5320770650383587,0.000446016006468523,0.29854357025646583,0.6710280466036359
10.200000000000001,0.08,0.5301310700387091,0.00043264336018644157,0.29517383692937194,0.6734508336032471
10.4,0.08,0.5282423742053411,0.0004198927275481629,0.2918435164824005,0.6758082437291099
10.600000000000001,0.08,0.5264083935298708,0.0004077241645113178,0.28855163947030693,0.6781032093562002
10.8,0.08,0.5246267043489355,0.00039610096627563614,0.28529727828986906,0.6803384817814425
11.0,0.08,0.5228950307780059,0.00038498935189589726,0.282079544448159,0.6825166450836541
11.200000000000001,0.08,0.5212112333831685,0.000374358179422642,0.27889758594758335,0.6846401286902286
11.4,0.08,0.5195732988801237,0.00036417869675773446,0.2757505849709974,0.6867112188087471
11.600000000000001,0.08,0.517979330796266,0.0003544243178175339,0.27263775571012944,0.6887320688512109
11.8,0.08,0.5164275409609067,0.0003450704247168171,0.2695583424052846,0.6907047089664792
12.0,0.08,0.5149162417560774,0.00033609419028501203,0.2665116175220254,0.6926310547767295
12.200000000000001,0.08,0.5134438390350459,0.0003274744200914741,0.26349688008612643,0.6945129154027518
12.4,0.08,0.512008825648269,0.00031919141058919066,0.26051345413881594,0.6963520008495466
12.600000000000001,0.08,0.5106097755094128,0.0003112268221668037,0.2575606873154206,0.6981499288148155
12.8,0.08,0.5092453381510047,0.0003035635649166272,0.2546379495260624,0.6999082309737737
13.0,0.08,0.5079142337190716,0.0002961856959442216,0.25174463173503225,0.7016283587870256
13.200000000000001,0.08,0.5066152483657469,0.0002890783267049449,0.24888014482559895,0.7033116888719236
13.4,0.08,0.5053472300008797,0.0002822275393586144,0.2460439185450688,0.7049595279730498
13.600000000000001,0.08,0.504109084369673,0.00027562031104743013,0.24323540052116685,0.7065731175631298
13.8,0.08,0.5028997714259305,0.0002692444452722038,0.2404540553445605,0.7081536381023759
14.0,0.08,0.5017183019744874,0.00026308850955382966,0.23769936371108083,0.7097022129813391
14.200000000000001,0.08,0.5005637345588142,0.00025714177871955955,0.23497082161909857,0.7112199121700925
14.4,0.08,0.4994351725726024,0.00025139418319777265,0.23226793961720302,0.7127077555946333
14.600000000000001,0.08,0.498331761576196,0.00024583626180199836,0.22959024209838078,0.7141667162598279
14.8,0.08,0.49725268680081647,0.00024045911852960366,0.2269372666369573,0.7155977231369195
15.0,0.08,0.4961971708251862,0.00023525438296804506,0.22430856336517868,0.7170016638325148
15.200000000000001,0.08,0.4951644714107508,0.00023021417394154968,0.22170369438650928,0.7183793870550162
15.4,0.08,0.4941538794830069,0.00022533106607910554,0.2191222332231009,0.7197317048936089
15.600000000000001,0.08,0.49316471724767263,0.000220598059018321,0.21656376429510177,0.7210593949241608
15.8,0.08,0.49219633643147265,0.00021600854899437002,0.21402788242973725,0.7223632021556444
16.0,0.08,0.49124811663826273,0.00021155630259059484,0.21151419239828734,0.7236438408300108
16.2,0.08,0.49031946381203456,0.0002072354324548547,0.20902230847924927,0.7249019960877306
16.400000000000002,0.08,0.4894098087990807,0.00020304037480486307,0.2065518540461407,0.726138325510543
16.6,0.08,0.4885186060022655,0.00019896586856677192,0.2041024611785311,0.7273534605522473
16.8,0.08,0.48764533212090494,0.00019500693601025477,0.20167377029499764,0.7285480078676673
17.0,0.08,0.48678948497030017,0.00019115886475441125,0.19926542980679007,0.7297225505492164
17.2,0.08,0.4859505823754246,0.00018741719103458415,0.1968770957911052,0.7308776492797711
17.400000000000002,0.08,0.48512816113367785,0.00018377768413157549,0.1945084316829068,0.7320138434098503
17.6,0.08,0.48432177604200627,0.00018023633187370358,0.19215910798430288,0.7331316519664156
17.8,0.08,0.48353099898401813,0.00017678932713094007,0.18982880199055763,0.7342315745998911
18.0,0.08,0.4827554180730425,0.00017343305522939226,0.18751719753183727,0.7353140924753713
18.2,0.08,0.48199463684735344,0.00017016408221908697,0.18522398472984927,0.7363796691133141
18.400000000000002,0.08,0.48124827351404315,0.00016697914393487852,0.18294885976855943,0.73742875118445
18.6,0.08,0.4805159602382729,0.00016387513579523894,0.18069152467820448,0.7384617692630281
18.8,0.08,0.47979734247483974,0.00016084910328754488,0.1784516871318583,0.739479138542033
19.0,0.08,0.47909207833920703,0.00015789823309392815,0.17622906025380985,0.7404812595134908
19.200000000000003,0.08,0.4783998380153439,0.00015501984481202307,0.17402336243908148,0.7414685186165726
19.400000000000002,0.08,0.47772030319788544,0.0001522113832321676,0.17183431718339853,0.7424412888557814
19.6,0.08,0.47705316656630004,0.00014947041113171007,0.16966165292297133,0.7433999303911966
19.8,0.08,0.47639813128890746,0.0001467946025521009,0.16750510288347492,0.7443447911024151
20.0,0.08,0.4757549105547329,0.00014418173652553577,0.16536440493762453,0.7452762071276006
20.200000000000003,0.08,0.47512322713132527,0.0001416296912192016,0.1632393014707819,0.7461945033788058
20.400000000000002,0.08,0.4745028129467961,0.00013913643847034702,0.16112953925405188,0.747099994034583
20.6,0.08,0.47389340869445895,0.0001367000386836854,0.15903486932434455,0.7479929830107344
20.8,0.08,0.4732947634585627,0.00013431863606494014,0.15695504687091377,0.7488737644099441
21.0,0.08,0.47270663435971955,0.00013199045416899943,0.15488983112790555,0.7497426229509616
21.200000000000003,0.08,0.47212878621873505,0.00012971379173866226,0.15283898527247583,0.7505998343779332
21.400000000000002,0.08,0.4715609912376322,0.00012748701881357585,0.15080227632805995,0.7514456658504494
21.6,0.08,0.47100302869676314,0.00012530857309030885,0.14877947507239803,0.7522803763148416
21.8,0.08,0.4704546846669741,0.0001231769565148458,0.14677035594995594,0.7531042168572802
22.0,0.08,0.46991575173587635,0.0001210907320903525,0.14477469698839834,0.7539174310391848
22.200000000000003,0.08,0.46938602874733754,0.0001190485208848559,0.14279227971879632,0.7547202552155332
22.400000000000002,0.08,0.46886532055338964,0.00011704899922360044,0.14082288909927018,0.75551291883659
22.6,0.08,0.46835343777779515,0.0001150908960524041,0.1388663134418033,0.7562956447336839
22.8,0.08,0.46785019659059013,0.00011317299045888747,0.13692234434197056,0.7570686493896107
23.0,0.08,0.4673554184929582,0.00011129410933982902,0.1349907766113562,0.7578321431942994
23.200000000000003,0.08,0.46686893011185554,0.00010945312520379068,0.13307140821245092,0.7585863306863835
23.400000000000002,0.08,0.46639056300383946,0.00010764895409827021,0.13116404019584307,0.7593314107813421
23.6,0.08,0.46592015346760407,0.00010588055365234681,0.12926847663952817,0.7600675769868726
23.8,0.08,0.4654575423647602,0.00010414692122533503,0.12738452459019137,0.7607950176061818
24.0,0.08,0.4650025749484386,0.00010244709215410725,0.12551199400631738,0.7615139159298729
24.200000000000003,0.08,0.4645551006993158,0.00010078013809163915,0.12365069770300943,0.7622244504171014
24.400000000000002,0.08,0.46411497316870526,9.914516542933405e-05,0.12180045129841308,0.7629267948666811
24.6,0.08,0.4636820498283737,9.754131379735352e-05,0.11996107316164388,0.7636211185787879
24.8,0.08,0.4632561919267686,9.596775463755988e-05,0.11813238436213892,0.7643075865079135
25.0,0.08,0.46283726435136807,9.442368984318031e-05,0.11631420862035258,0.7649863594076834
25.200000000000003,0.08,0.46242513549687786,9.290835046135012e-05,0.11450637225973914,0.7656575939681424
25.400000000000002,0.08,0.46201967713902437,9.142099545345986e-05,0.11270870415996315,0.7663214429460786
25.6,0.08,0.4616207643137023,8.99609105101625e-05,0.11092103571128509,0.7669780552889287
25.8,0.08,0.4612282752012549,8.85274069175468e-05,0.10914320077007579,0.7676275762527731
26.0,0.08,0.4608420910156729,8.711982047026839e-05,0.1073750356154369,0.7682701475149052
26.200000000000003,0.08,0.4604620958985133,8.573751043088693e-05,0.1056163789068672,0.7689059072814098
26.400000000000002,0.08,0.4600881768173439,8.43798585314549e-05,0.10386707164296696,0.7695349903901679
26.6,0.08,0.4597202234685325,8.304626801542847e-05,0.1021269571211344,0.7701575284096644
26.8,0.08,0.4593581281842102,8.173616271831841e-05,0.10039588089823244,0.7707736497339275
27.0,0.08,0.45900178584323237,8.044898618492772e-05,0.09867369075220635,0.7713834796739237
27.200000000000003,0.08,0.4586510937859873,7.918420082221027e-05,0.0969602366446066,0.7719871405456707
27.400000000000002,0.08,0.4583059517328819,7.794128708580183e-05,0.09525537068401552,0.7725847517553146
27.6,0.08,0.45796626170636856,7.671974269956759e-05,0.09355894709032804,0.7731764298813868
27.8,0.08,0.45763192795635316,7.551908190695535e-05,0.09187082215988407,0.7737622887544208
28.0,0.08,0.45730285688884575,7.43388347527604e-05,0.09019085423139182,0.7743424395340953
28.200000000000003,0.08,0.4569789569977216,7.317854639536386e-05,0.08851890365264477,0.7749169907840232
28.400000000000002,0.08,0.45666013879944034,7.203777644761532e-05,0.08685483274798583,0.7754860485443161
28.6,0.08,0.45634631477060955,7.091609834708432e-05,0.0851985057864903,0.7760497164019975
28.8,0.08,0.4560373992882408,6.981309875278293e-05,0.08354978895081565,0.7766080955593471
29.0,0.08,0.4557333085726043,6.872837697091206e-05,0.08190855030673948,0.7771612849002322
29.200000000000003,0.08,0.4554339606325089,6.766154440491179e-05,0.08027465977325421,0.7777093810544582
29.400000000000002,0.08,0.4551392752129576,6.661222403456245e-05,0.07864798909331529,0.7782524784601803
29.6,0.08,0.4548491737449656,6.55800499159367e-05,0.07702841180502493,0.7787906694243815
29.8,0.08,0.4545635792975585,6.456466671292409e-05,0.07541580321346424,0.7793240441814417
30.0,0.08,0.45428241653165874,6.356572924214893e-05,0.07381004036277013,0.7798526909497754
30.200000000000003,0.08,0.4540056116560104,6.258290205696e-05,0.07221100200896255,0.7803766959865709
30.400000000000002,0.08,0.4537330923846723,6.161585903151061e-05,0.07061856859268033,0.7808961436405802
30.6,0.08,0.4534647878965092,6.0664282999265e-05,0.06903262221295309,0.781411116402996
30.8,0.08,0.4532006287958208,5.972786536476489e-05,0.06745304660029051,0.7819216949563457
31.0,0.08,0.4529405470751362,5.880630580523556e-05,0.06587972709148934,0.7824279582214717
31.200000000000003,0.08,0.45268447607845497,5.789931189128484e-05,0.06431255060257886,0.7829299834024724
31.400000000000002,0.08,0.45243235046722463,5.7006598870348287e-05,0.06275140560502573,0.7834278460297452
31.6,0.08,0.4521841061855458,5.612788925832468e-05,0.06119618209769328,0.7839216200009034
31.8,0.08,0.4519396804294966,5.526291275254034e-05,0.059646771585339264,0.7844113776198922
32.0,0.08,0.4516990116133218,5.441140571803456e-05,0.058103067047988156,0.7848971896338027
32.2,0.08,0.45146203934283197,5.3573111328929525e-05,0.05656496292376175,0.7853791252681102
32.4,0.08,0.4512287043808785,5.274777879597684e-05,0.055032355072445804,0.7858572522592859
32.6,0.08,0.4509989486266813,5.19351639507776e-05,0.05350514076708319,0.7863316368863199
32.800000000000004,0.08,0.4507727150773476,5.113502789439169e-05,0.05198321864511504,0.7868023439989495
33.0,0.08,0.45054994781730834,5.034713847785789e-05,0.0504664887181118,0.7872694370458169
33.2,0.08,0.4503305919693576,4.9571267707542674e-05,0.048954852296775826,0.7877329780979343
33.4,0.08,0.450114593703197,4.880719507291729e-05,0.04744821203849519,0.7881930278741989
33.6,0.08,0.44990190016259174,4.805470232392375e-05,0.04594647181761775,0.7886496457592634
33.800000000000004,0.08,0.44969245951205494,4.731358064260996e-05,0.04444953685210044,0.7891028898278641
34.0,0.08,0.4494862208122602,4.6583619895551446e-05,0.04295731345928521,0.7895528168552891
34.2,0.08,0.44928313414488397,4.586462383073559e-05,0.041469709348025796,0.7899994823434675
34.4,0.08,0.4490831503781282,4.515638775150231e-05,0.0399866331350106,0.7904429405201525
34.6,0.08,0.44888622145359147,4.445873048869545e-05,0.038507994983108446,0.7908832443727907
34.800000000000004,0.08,0.44869229992037235,4.3771447832940455e-05,0.03703370561677934,0.7913204456281753
35.0,0.08,0.44850133955959337,4.3094379592135656e-05,0.03556367768490127,0.7917545948064864
35.2,0.08,0.4483132944328407,4.242731229532552e-05,0.03409782372806349,0.7921857411640428
35.4,0.08,0.44812812021201415,4.177011964093893e-05,0.03263605905764126,0.7926139327931543
35.6,0.08,0.4479457722100222,4.11225590621426e-05,0.031178297529380065,0.793039216491519
35.800000000000004,0.08,0.4477662081856915,4.0484565706226343e-05,0.029724457596515624,0.7934616379611285
36.0,0.08,0.44758938424286054,3.985582693882747e-05,0.028274453490642004,0.7938812415280899
36.2,0.08,0.4474152607220716,3.923639748100686e-05,0.026828207920873363,0.7942980705512273
36.4,0.08,0.44724379363591377,3.86258094506736e-05,0.025385633637021295,0.7947121668333125
36.6,0.08,0.44707494702256456,3.8024358713730236e-05,0.02394666004773732,0.7951235714690345
36.800000000000004,0.08,0.44690867503552767,3.743124517705379e-05,0.022511194639994236,0.7955323236173439
37.0,0.08,0.4467449478235686,3.684725542353093e-05,0.02107917874809182,0.7959384622607456
37.2,0.08,0.4465837140757513,3.627089706559638e-05,0.019650506796628858,0.7963420236654614
37.4,0.08,0.4464249551669902,3.570391964890151e-05,0.01822514306063127,0.7967430449731205
37.6,0.08,0.44626860706204075,3.5143493017925224e-05,0.016802952813491777,0.7971415591054271
37.800000000000004,0.08,0.4461146729481399,3.4592837890235246e-05,0.0153839459903562,0.7975376015057033
38.0,0.08,0.44596306294035754,3.4047570902356925e-05,0.013967926588017621,0.7979312015284039
38.2,0.08,0.44581382165505473,3.3508853160330664e-05,0.01255499319570248,0.7983223892451339
38.400000000000006,0.08,0.44566682432531357,3.2981966163050614e-05,0.011144836075051501,0.7987111977166067
38.6,0.08,0.4455221674454689,3.241470393322916e-05,0.00973768592489298,0.7990976070986412
38.800000000000004,0.08,0.44537984238468575,3.1962130992300364e-05,0.008333155106852586,0.7994817494962628
39.0,0.08,0.44523968065872943,3.100178395862849e-05,0.006931239908341259,0.7998631278576942
39.2,0.08,0.4451036747610733,3.122361897007281e-05,0.0055329610883065,0.8002429372146301
39.400000000000006,0.08,0.4449670669939795,2.703986799097148e-05,0.004132982652973787,0.800616716640955
39.6,0.08,0.44485148939336855,3.2694888495994235e-05,0.002749521664630389,0.8009944362406136
39.800000000000004,0.08,0.44469895305575163,2.3621969090316054e-05,0.0013252563736967594,0.8013561852593921
40.0,0.08,0.44469895305575163,0.0,0.0,0.8013561852593921
0.0,0.1,1.0,0.0,0.6786886763035216,0.0
0.2,0.1,1.031151642916247,0.05853713547848188,0.6786886763035216,0.024157050489167005
0.4,0.1,1.0491803759673488,0.037978791976996405,0.5707563870788069,0.05750665376685795
0.6000000000000001,0.1,1.0251720773992232,0.028975338956690848,0.5779317063598753,0.09575622557259653
0.8,0.1,1.0064028269299539,0.020059431665424163,0.5432400347774574,0.13141076618174508
1.0,0.1,0.9800076681055827,0.015648464867835277,0.5420575382647632,0.16502670714057763
1.2000000000000002,0.1,0.958520100976162,0.012203704034519163,0.5245340478609479,0.19549795478180257
1.4000000000000001,0.1,0.9360612502650684,0.01016114276362687,0.5188368302478369,0.22347954143851798
1.6,0.1,0.9167340375292942,0.008489565425173633,0.5071568410553626,0.24885625491872498
1.8,0.1,0.8980273070516436,0.007350549790983174,0.5001518016698187,0.2720727695937327
2.0,0.1,0.881397869784704,0.0063825874399033615,0.49105872534105344,0.2932336434622827
2.2,0.1,0.8657377451692487,0.005657959315476145,0.48395507824585343,0.3126443725502655
2.4000000000000004,0.1,0.8515413489755559,0.00503213185491666,0.47620692645819135,0.33045138225673715
2.6,0.1,0.83829058401602,0.00453327313250839,0.46938430119572794,0.3468684232268135
2.8000000000000003,0.1,0.8261232859922445,0.004098943910810315,0.4624433483973793,0.3620306534677657
3.0,0.1,0.814777833456989,0.003737737110941664,0.455988458886176,0.3760902278609742
3.2,0.1,0.8042650470289192,0.0034210098569058727,0.4495979435368571,0.38915806509205525
3.4000000000000004,0.1,0.794439963235195,0.003149784212754502,0.44350197371487504,0.4013445597477149
3.6,0.1,0.785273135436506,0.0029100937876858413,0.4375255331800929,0.41273695492371726
3.8000000000000003,0.1,0.7766760203558389,0.002700529266553886,0.43175350536733353,0.4234169703092364
4.0,0.1,0.7686106404994648,0.002513800929089434,0.42611011466316023,0.43345238016085236
4.2,0.1,0.7610179675131526,0.0023480309540810213,0.42062409903646963,0.44290486857012745
4.4,0.1,0.7538622116256066,0.0021991247919693822,0.4152603926404638,0.45182714926286893
4.6000000000000005,0.1,0.747101218516754,0.002065382928514663,0.4100263916854673,0.46026662595387663
4.800000000000001,0.1,0.7407042835029779,0.0019443322369736371,0.4049042170925286,0.46826460291644106
5.0,0.1,0.7346397755908629,0.0018346010319472915,0.39989348547842163,0.4758581008523474
5.2,0.1,0.7288822300185774,0.0017345945422182483,0.3949839026525348,0.48307980847767346
5.4,0.1,0.7234070837868966,0.001643252015584974,0.3901725387835341,0.4899590562570999
5.6000000000000005,0.1,0.7181934370215671,0.0015594875556126995,0.38545267838355723,0.4965219949841081
5.800000000000001,0.1,0.7132217517741828,0.0014824921044413017,0.3808208140302097,0.5027921638128224
6.0,0.1,0.7084748757575366,0.0014114937887177146,0.37627208187418154,0.5087907093957622
6.2,0.1,0.7039369931052515,0.0013458756325421004,0.3718030944541321,0.5145367445681684
6.4,0.1,0.6995939615495618,0.0012850704586750393,0.36741005746422706,0.5200475472602785
6.6000000000000005,0.1,0.6954328034418971,0.0012286047166525772,0.3630899141399517,0.5253388024154644
6.800000000000001,0.1,0.6914417802821553,0.001176050791270722,0.3588395596142272,0.5304247661859487
7.0,0.1,0.6876101245980715,0.0011270417327258282,0.3546562992257275,0.5353184374526602
7.2,0.1,0.6839280209294758,0.0010812485348512836,0.35053751506802644,0.540031688483581
7.4,0.1,0.6803864504380285,0.0010383837941502457,0.3464808457293069,0.5445753909616942
7.6000000000000005,0.1,0.6769771442845783,0.000998190161439454,0.3424840407245831,0.5489595185576219
7.800000000000001,0.1,0.6736924846968562,0.0009604400808885498,0.3385450276447686,0.5531932418637069
8.0,0.1,0.6705254552488276,0.000924929448575659,0.33466184562785445,0.5572850086586796
8.200000000000001,0.1,0.6674695726938104,0.0008914761921986484,0.33083266753960927,0.5612426166742943
8.4,0.1,0.6645188422957647,0.0008599164930799312,0.3270557673506281,0.5650732764995271
8.6,0.1,0.661667708028155,0.0008301032161561308,0.3233295248351748,0.5687836680617464
8.8,0.1,0.6589110148650928,0.000801903483171016,0.3196524079600524,0.5723799901113359
9.0,0.1,0.6562439709099445,0.0007751972795342481,0.31602297119531414,0.5758680044903731
9.200000000000001,0.1,0.6536621163421982,0.0007498757959680094,0.3124398448913754,0.5792530752555939
9.4,0.1,0.6511612938402491,0.0007258402835874857,0.3089017316067723,0.5825402036656976
9.600000000000001,0.1,0.6487376232321749,0.0007030008665859801,0.30540739898839386,0.5857340592988578
9.8,0.1,0.6463874779759088,0.0006812756298090088,0.301955675804017,0.5888390079288679
10.0,0.1,0.6441074644903233,0.0006605897397914458,0.29854544675621913,0.5918591364532704
10.200000000000001,0.1,0.6418944032096033,0.0006408747258170804,0.2951756488146313,0.5947982752959059
10.4,0.1,0.6397453116868895,0.0006220678136747614,0.2918452672161884,0.5976600185469092
10.600000000000001,0.1,0.6376573891804952,0.0006041113604427165,0.28855333226203744,0.6004477421396819
10.8,0.1,0.6356280027794491,0.0005869523408553557,0.2852989161188566,0.6031646202822378
11.0,0.1,0.6336546747580212,0.0005705419019781953,0.282081130083974,0.6058136403617723
11.200000000000001,0.1,0.6317350711202652,0.0005548349621923405,0.2788991219685675,0.6083976164946762
11.4,0.1,0.6298669911477407,0.0005397898588244403,0.27575207378058314,0.6109192018839485
11.600000000000001,0.1,0.628048357884615,0.000525368031918335,0.27263919955162086,0.6133809001168545
11.8,0.1,0.6262772094373672,0.0005115337439285419,0.26955974337504035,0.6157850755229948
12.0,0.1,0.6245516910224246,0.000498253828248403,0.26651297758139597,0.6181339626934066
12.200000000000001,0.1,0.6228700476752678,0.0004854974649131732,0.2634982010721906,0.6204296752497112
12.4,0.1,0.621230617562114,0.00047323597910083325,0.2605147377741236,0.6226742139386549
12.600000000000001,0.1,0.6196318258302894,0.00046144266052303504,0.2575619352168109,0.6248694741179086
12.8,0.1,0.6180721789480599,0.0004500926007917955,0.25463916321268865,0.6270172526893469
13.0,0.1,0.6165502594852126,0.00043916254702210914,0.25174581263566215,0.6291192545287541
13.200000000000001,0.1,0.6150647212942463,0.00042863076961583774,0.24888129428528089,0.6311770984541427
13.4,0.1,0.6136142850543059,0.00041847694276776434,0.24604503783121948,0.6331923227695895
13.600000000000001,0.1,0.6121977341454683,0.000408682036186846,0.24323649082914878,0.6351663904168218
13.8,0.1,0.610813910823568,0.00039922821685368633,0.24045511780279238,0.6371006937631037
14.0,0.1,0.6094617126695172,0.00039009875968328906,0.2377003993857327,0.6389965590508465
14.200000000000001,0.1,0.6081400892894208,0.00038127796615517194,0.23497183151840584,0.6408552505318881
14.4,0.1,0.6068480392445191,0.0003727510900491313,0.23226892469543867,0.6426779743073279
14.600000000000001,0.1,0.605584607191978,0.0003645042695494203,0.22959120325951435,0.644465881892191
14.8,0.1,0.6043488812195685,0.00035652446505312393,0.2269382047380298,0.6462200735228663
15.0,0.1,0.6031399903588966,0.00034879940210513413,0.22430947921941757,0.6479416012241833
15.200000000000001,0.1,0.6019571022634126,0.00034131751894415956,0.22170458876620433,0.6496314716521202
15.4,0.1,0.6007994210386811,0.00033406791820892026,0.21912310686226288,0.6512906487273781
15.600000000000001,0.1,0.5996661852136106,0.00032704032240243473,0.21656461789192075,0.6529200560744116
15.8,0.1,0.5985566658423567,0.0003202250327605617,0.21402871664885528,0.6545205792798924
16.0,0.1,0.5974701647275334,0.00031361289120976013,0.21151500787290328,0.6560930679840361
16.2,0.1,0.5964060127561696,0.00030719524513871956,0.20902310581306577,0.6576383378176518
16.400000000000002,0.1,0.5953635683405766,0.00030096391473349615,0.20655263381516725,0.6591571721972058
16.6,0.1,0.5943422159569289,0.0002949111626577198,0.20410322393275407,0.6606503239896113
16.8,0.1,0.5933413647749151,0.00028902966588447885,0.20167451655992855,0.6621185170578622
17.0,0.1,0.59236044737235,0.00028331248950170173,0.1992661600848988,0.663562447697963
17.2,0.1,0.5913989185290632,0.00027775306233799614,0.19687781056315004,0.664982785977004
17.400000000000002,0.1,0.5904562540948143,0.00027234515426688996,0.19450913140916742,0.6663801769815123
17.6,0.1,0.5895319499263336,0.0002670828550645624,0.19215979310572512,0.6677552419845683
17.8,0.1,0.588625520888936,0.0002619605547055812,0.1898294729298166,0.6691085795394498
18.0,0.1,0.5877364999184485,0.0002569729249946891,0.18751785469432494,0.6704407665069237
18.2,0.1,0.5868644371394903,0.0002521149024392559,0.18522462850459295,0.6717523590225845
18.400000000000002,0.1,0.5860088990363722,0.00024738167227601553,0.18294949052907664,0.6730438934100283
18.6,0.1,0.5851694676731628,0.00024276865357309005,0.18069214278330023,0.6743158870449864
18.8,0.1,0.5843457399596428,0.00023827148533387066,0.1784522929263681,0.675568839174953
19.0,0.1,0.5835373269601213,0.00023388601353519485,0.17622965406929403,0.6768032316982889
19.200000000000003,0.1,0.5827438532422488,0.0002296082790356731,0.17402394459447462,0.6780195299062416
19.400000000000002,0.1,0.5819649562631675,0.00022543450629677352,0.17183488798561766,0.6792181831908521
19.6,0.1,0.5812002857904968,0.0002213610928606751,0.1696622126674864,0.6803996257212934
19.8,0.1,0.5804495033558305,0.00021738459953343,0.16750565185484498,0.6815642770907753
20.0,0.1,0.5797122817385565,0.00021350174122719068,0.16536494341000144,0.6827125429358377
20.200000000000003,0.1,0.5789883044779756,0.0002097093784125125,0.1632398297083864,0.6838448155295337
20.400000000000002,0.1,0.5782772654118188,0.0002060045091426689,0.16113005751162157,0.6849614743497716
20.6,0.1,0.5775788682394108,0.00020238426160716327,0.15903537784755828,0.6860628866238654
20.8,0.1,0.5768928261078249,0.00019884588717838594,0.15695554589679292,0.6871494078501726
21.0,0.1,0.5762188612195128,0.0001953867539155967,0.15489032088519517,0.6882213822975718
21.200000000000003,0.1,0.5755567044600033,0.00019200434049502306,0.152839465982006,0.6892791434834177
21.400000000000002,0.1,0.5749060950443458,0.0001886962305329459,0.15080274820308917,0.6903230146305451
21.6,0.1,0.574266780181095,0.0001854601072757992,0.14877993831894123,0.6913533091038453
21.8,0.1,0.5736385147527148,0.00018229374862749464,0.14677081076709556,0.6923703308268947
22.0,0.1,0.5730210610113602,0.00017919502249110947,0.14477514356858232,0.6933743746791239
22.200000000000003,0.1,0.5724141882890863,0.00017616188240024368,0.14279271824812168,0.6943657268740121
22.400000000000002,0.1,0.5718176727216034,0.00017319236341865952,0.14082331975775417,0.6953446653187857
22.6,0.1,0.5712312969847588,0.00017028457828805656,0.13886673640364308,0.6963114599561534
22.8,0.1,0.5706548500430065,0.00016743671380396456,0.1369227597757902,0.6972663730886101
23.0,0.1,0.5700881269091717,0.00016464702740360285,0.13499118468044424,0.698209659685884
23.200000000000003,0.1,0.5695309284148736,0.00016191384394882702,0.1330718090749865,0.6991415676761203
23.400000000000002,0.1,0.5689830609910339,0.00015923555268931692,0.1311644340051127,0.7000623382214324
23.6,0.1,0.5684443364579219,0.00015661060439197305,0.1292688635441323,0.7009722059784744
23.8,0.1,0.5679145718242506,0.00015403750862370862,0.1273849047342429,0.7018713993447087
24.0,0.1,0.5673935890948683,0.00015151483117639055,0.1255123675296303,0.7027601406910506
24.200000000000003,0.1,0.5668812150866165,0.00014904119162307696,0.12365106474127895,0.7036386465816128
24.400000000000002,0.1,0.5663772812519794,0.00014661526099551668,0.1218008119833879,0.7045071279812414
24.6,0.1,0.5658816235101531,0.00014423575957396342,0.11996142762129021,0.7053657904515701
24.8,0.1,0.5653940820852117,0.00014190145478188231,0.11813273272079663,0.7062148343362965
25.0,0.1,0.5649145013510468,0.00013961115917743592,0.11631455099888395,0.7070544549363739
25.200000000000003,0.1,0.5644427296828004,0.00013736372853565018,0.11450670877567044,0.707884842675812
25.400000000000002,0.1,0.5639786193145216,0.00013515806001451354,0.11270903492761877,0.7087061832587527
25.6,0.1,0.5635220262027802,0.00013299309040110577,0.11092136084191526,0.7095186578184515
25.8,0.1,0.5630728098960057,0.00013086779443130555,0.10914352037197746,0.7103224430587977
26.0,0.1,0.562630833409327,0.0001287811831791114,0.10737534979406858,0.7111177113889497
26.200000000000003,0.1,0.562195963104684,0.00012673230251319625,0.1056166877649577,0.7119046310516371
26.400000000000002,0.1,0.5617680685760158,0.00012472023161562526,0.10386737528061771,0.7126833662456549
26.6,0.1,0.5613470225393222,0.0001227440815598021,0.1021272556359172,0.7134540772430331
26.8,0.1,0.5609327007274103,0.00012080299394626916,0.10039617438528117,0.7142169205013215
27.0,0.1,0.560524981789138,0.000118896139592412,0.09867397930430362,0.7149720487714059
27.200000000000003,0.1,0.5601237471929833,0.00011702271727504565,0.09696052035226614,0.7157196112012294
27.400000000000002,0.1,0.5597288811347599,0.00011518195252361438,0.09525564963555956,0.7164597534357395
27.6,0.1,0.5593402704493144,0.00011337309646252112,0.09355922137196063,0.7171926177133848
27.8,0.1,0.5589578045260408,0.00011159542470078599,0.09187109185575991,0.7179183429593993
28.0,0.1,0.5585813752280497,0.00010984823626805081,0.09019111942368231,0.7186370648761282
28.200000000000003,0.1,0.5582108768148395,0.00010813085259552539,0.08851916442159925,0.7193489160305779
28.400000000000002,0.1,0.5578462058683145,0.00010644261654071262,0.08685508917199056,0.7200540259393722
28.6,0.1,0.5574872612219928,0.00010478289145585426,0.085198757942124,0.7207525211512457
28.8,0.1,0.55713394389327,0.00010315106029629223,0.08355003691290198,0.7214445253272013
29.0,0.1,0.55678615701859,0.00010154652477234749,0.0819087941483976,0.7221301593184167
29.200000000000003,0.1,0.5564438057913665,9.996870453801719e-05,0.08027489956594612,0.7228095412419732
29.400000000000002,0.1,0.556106797402563,9.841703642267235e-05,0.07864822490689155,0.7234827865544647
29.6,0.1,0.5557750409837208,9.689097369508141e-05,0.0770286437077684,0.7241500081235153
29.8,0.1,0.5554484475524184,9.538998537236066e-05,0.0754160312721315,0.7248113162972345
30.0,0.1,0.5551269299598828,9.39135555530793e-05,0.07381026464263203,0.7254668189716091
30.200000000000003,0.1,0.5548104028408457,9.246118280210289e-05,0.07221122257384191,0.7261166216558523
30.400000000000002,0.1,0.554498782565224,9.103237954481732e-05,0.07061878550499054,0.7267608275356625
30.6,0.1,0.5541919871919433,8.962667152927492e-05,0.06903283553373257,0.7273995375344329
30.8,0.1,0.5538899364241835,8.824359726652629e-05,0.06745325638923913,0.7280328503723156
31.0,0.1,0.5535925515668304,8.688270757831175e-05,0.06587993340700024,0.7286608626232189
31.200000000000003,0.1,0.553299755484745,8.554356506183142e-05,0.06431275350177443,0.7292836687695772
31.400000000000002,0.1,0.5530114725636435,8.42257437415851e-05,0.06275160514378483,0.7299013612550428
31.6,0.1,0.5527276286707526,8.292882851512157e-05,0.06119637833068954,0.7305140305348456
31.8,0.1,0.5524481511191507,8.165241495984013e-05,0.05964696456606136,0.7311217651241202
32.0,0.1,0.5521729686299401,8.039610867380461e-05,0.058103256828784165,0.7317246516437103
32.2,0.1,0.5519020113005445,7.91595253458417e-05,0.05656514955584695,0.7323227748641205
32.4,0.1,0.5516352105669451,7.794228981962924e-05,0.05503253860596202,0.7329162177466064
32.6,0.1,0.5513724991773612,7.67440366627976e-05,0.05350532125108181,0.7335050614828347
32.800000000000004,0.1,0.5511138111518779,7.556440859877028e-05,0.051983396127648754,0.7340893855310408
33.0,0.1,0.550859081764801,7.440305807460952e-05,0.05046666324616764,0.7346692676516684
33.2,0.1,0.5506082474963945,7.325964432487351e-05,0.04895502391643596,0.7352447839381886
33.4,0.1,0.5503612460310707,7.213383698837602e-05,0.04744838079476734,0.7358160088493494
33.6,0.1,0.5501180161904491,7.10253102713724e-05,0.0459466377547415,0.7363830152338595
33.800000000000004,0.1,0.549878497962609,6.993375082046367e-05,0.04444970001316312,0.7369458743605642
34.0,0.1,0.5496426323940776,6.885884577949396e-05,0.04295747388683569,0.7375046559352982
34.2,0.1,0.5494103616822297,6.780029954298346e-05,0.0414698670832432,0.7380594281317071
34.4,0.1,0.5491816289795153,6.675780900999471e-05,0.039986788218960755,0.738610257596677
34.6,0.1,0.5489563786162797,6.573109889523874e-05,0.03850814745497981,0.739157209487366
34.800000000000004,0.1,0.5487345557197135,6.471987017261974e-05,0.037033855516485276,0.7397003474575996
35.0,0.1,0.5485161067079622,6.37238741979501e-05,0.03556382504936573,0.7402397337125846
35.2,0.1,0.548300978519802,6.274280504000421e-05,0.034097968596641236,0.74077542896024
35.4,0.1,0.5480891196750337,6.177645479225107e-05,0.03263620146432387,0.741307492507309
35.6,0.1,0.5478804786879182,6.0824488487003864e-05,0.031178437514114418,0.7418359821419926
35.800000000000004,0.1,0.5476750063115395,5.988676926592075e-05,0.029724595188873236,0.7423609543206786
36.0,0.1,0.5474726522410563,5.896288760466341e-05,0.028274588733485522,0.7428824639115049
36.2,0.1,0.5472733698356839,5.805284183265071e-05,0.026828340836159918,0.7434005645739706
36.4,0.1,0.5470771092396449,5.715605339626068e-05,0.02538576427531146,0.7439153082165508
36.6,0.1,0.5468838272916411,5.6272790125878495e-05,0.0239467884166397,0.744426745781401
36.800000000000004,0.1,0.5466934731433958,5.540210816314456e-05,0.02251132080765965,0.7449349261108026
37.0,0.1,0.5465060090322879,5.4544820405805985e-05,0.02107930269391542,0.7454398975727335
37.2,0.1,0.5463213802023229,5.3699217159572255e-05,0.01965062862641331,0.7459417057134076
37.4,0.1,0.5461395584030877,5.2867175244419244e-05,0.01822526269939561,0.7464403965720261
37.6,0.1,0.545960479121937,5.2045491187014165e-05,0.01680307044025046,0.746936011966463
37.800000000000004,0.1,0.5457841323139653,5.1237641682608596e-05,0.015384061448881445,0.7474285956913864
38.0,0.1,0.5456104330814908,5.043859133720242e-05,0.01396804013794536,0.7479181855284556
38.2,0.1,0.5454394071122078,4.9649324324486956e-05,0.012555104810935531,0.7484048192834127
38.400000000000006,0.1,0.545270940523835,4.8874644048779647e-05,0.011144945424950098,0.7488885367445
38.6,0.1,0.5451051187237094,4.805497649697353e-05,0.009737796116161187,0.7493693259152691
38.800000000000004,0.1,0.5449419022995712,4.735478188145463e-05,0.008333256971936761,0.7498473124663935
39.0,0.1,0.5447813174298043,4.6072233090917846e-05,0.006931369846490583,0.7503220190670886
39.2,0.1,0.5446247148507758,4.604298416118676e-05,0.0055330199526300635,0.7507945329262844
39.400000000000006,0.1,0.5444696562772608,4.094650829673214e-05,0.004133295681250173,0.7512605162524
39.6,0.1,0.5443316415349451,4.691361797185109e-05,0.002749254064463283,0.7517294171468358
39.800000000000004,0.1,0.5441725844493924,3.1872799682864065e-05,0.0013258050943073677,0.7521787602196469
40.0,0.1,0.5441725844493924,0.0,0.0,0.7521787602196469
0.0,0.12,1.0,0.0,0.6727504832041779,0.0
0.2,0.12,1.0400494640012372,0.055313659100452384,0.6727504832041779,0.010717858750604324
0.4,0.12,1.0701006151449044,0.03759951613579787,0.5726998839518859,0.027985607704936764
0.6000000000000001,0.12,1.0632651701175226,0.030048192390827833,0.5786868645850255,0.050417948648054614
0.8,0.12,1.0582054535682857,0.021649206045261812,0.5440516561716183,0.07350987140725586
1.0,0.12,1.0437923620994982,0.017416337845316907,0.5424223097833246,0.09706177641218788
1.2000000000000002,0.12,1.0315112734940322,0.01399623920897236,0.5248185899380594,0.11989995220789601
1.4000000000000001,0.12,1.0166032566645138,0.011908881629055916,0.5189915481666318,0.14204826788902325
1.6,0.12,1.0030662256393532,0.010162818338891128,0.5072842520879155,0.1631100224043653
1.8,0.12,0.9890117876309835,0.008933370906926096,0.5002341377219945,0.18314250523164433
2.0,0.12,0.9759654448997217,0.007871201397612517,0.4911300068267469,0.20202992791089536
2.2,0.12,0.9631587512134852,0.007052720940341343,0.48400730810647175,0.21985030670153421
2.4000000000000004,0.12,0.9511711312183129,0.006337060697977817,0.4762529970638346,0.23660578915702335
2.6,0.12,0.93966842236327,0.005753656912376483,0.46942097237213337,0.2523785745531223
2.8000000000000003,0.12,0.9288555814086648,0.00524076885998889,0.46247591778137376,0.2672146288644683
3.0,0.12,0.9185720617397078,0.004807107024530681,0.45601579936222675,0.28118985131187024
3.2,0.12,0.908875822308054,0.004423786184116894,0.4496223714679359,0.29436097923640037
3.4000000000000004,0.12,0.8996791067801163,0.004091528348049997,0.44352320120671385,0.3067936579599971
3.6,0.12,0.8909842697983779,0.003795901725619615,0.43754463900997365,0.3185422185857047
3.8000000000000003,0.12,0.8827363453422686,0.0035350945018958026,0.43177049733827894,0.32966168621428477
4.0,0.12,0.8749185596573391,0.0033013599882247423,0.42612553288698385,0.34019969511879966
4.2,0.12,0.8674923326120992,0.0030924360806971695,0.42063803534202726,0.3502017417665258
4.4,0.12,0.8604360238526759,0.0029038405639390695,0.4152731403471492,0.3597081023830243
4.6000000000000005,0.12,0.8537203600833222,0.0027335449463597823,0.41003805169732105,0.36875623019494086
4.800000000000001,0.12,0.8473241429657832,0.0025787631231593494,0.404914962572116,0.37737969134087285
5.0,0.12,0.8412240961925358,0.0024378540960302963,0.399903403921009,0.38560933547790366
5.2,0.12,0.8354012026557552,0.0023089746375360497,0.3949931044534847,0.3934730208666469
5.4,0.12,0.8298364515811131,0.002190847564228756,0.3901810941751248,0.40099624114224486
5.6000000000000005,0.12,0.8245133614096753,0.0020821904197318077,0.3854606624119735,0.4082021408457512
5.800000000000001,0.12,0.8194161574483486,0.0019820212449639073,0.38082828158457277,0.41511188780893776
6.0,0.12,0.8145307453248628,0.0018894122620730727,0.37627908659066983,0.4217447810741696
6.2,0.12,0.8098438999398229,0.0018036083017241367,0.3718096789974385,0.42811849458928253
6.4,0.12,0.8053436141042524,0.0017239178657849552,0.3674162616462682,0.4342492019436796
6.6000000000000005,0.12,0.8010187150714931,0.0016497565239981132,0.36309577126951775,0.4401517483362314
6.800000000000001,0.12,0.7968589656848376,0.0015805968709428667,0.35884510009808274,0.44583976569892486
7.0,0.12,0.7928548665610328,0.0015159824947318335,0.3546615493008911,0.45132580048623694
7.2,0.12,0.7889976631378884,0.0014555037226156606,0.35054249847599944,0.45662141191649497
7.4,0.12,0.7852792320546474,0.0013988005078595068,0.34648558335939794,0.46173727009203863
7.6000000000000005,0.12,0.781692055797967,0.0013455498267391612,0.3424885514440653,0.4666832371331584
7.800000000000001,0.12,0.7782291499121877,0.0012954647419255775,0.33854932827177275,0.47146844403953836
8.0,0.12,0.774884029465792,0.0012482873034694777,0.33466595137716926,0.4761013567540716
8.200000000000001,0.12,0.7716506579608726,0.0012037865712454208,0.3308365921000957,0.48058983711141473
8.4,0.12,0.7685234146203257,0.001161754275196142,0.32705952314631115,0.48494119632428695
8.6,0.12,0.7654970561215526,0.0011220027974037116,0.3233331231236505,0.4891622436886524
8.8,0.12,0.7625666876135264,0.0010843623190808047,0.31965585899845456,0.49325932981683246
9.0,0.12,0.7597277328405478,0.0010486790711555028,0.31602628433143304,0.4972383857681641
9.200000000000001,0.12,0.7569759094399686,0.0010148133471973208,0.31244302867658424,0.5011049580164969
9.4,0.12,0.7543072050178194,0.0009826380759312336,0.3089047938724457,0.5048642400287726
9.600000000000001,0.12,0.7517178564313345,0.0009520373773036968,0.3054103469267861,0.5085211006119177
9.8,0.12,0.7492043303285433,0.0009229054257403399,0.3019585160299357,0.5120801095151959
10.0,0.12,0.7467633058726983,0.0008951453690075971,0.2985481853671103,0.5155455605008655
10.200000000000001,0.12,0.7443916587483146,0.0008686684307072659,0.2951782914396536,0.518921492218745
10.4,0.12,0.7420864467648703,0.0008433930835957939,0.29184781906202817,0.522211707091734
10.600000000000001,0.12,0.7398448966109997,0.0008192443417179621,0.28855579815184973,0.5254197884579643
10.8,0.12,0.7376643918326595,0.0007961531186958725,0.28530130052786906,0.5285491161496985
11.0,0.12,0.7355424617930751,0.0007740556679981799,0.28208343717048123,0.531602880694492
11.200000000000001,0.12,0.7334767715974791,0.0007528930791423236,0.27890135560201257,0.5345840962867412
11.4,0.12,0.731465112837298,0.0007326108331903371,0.27575423756637335,0.5374956126709924
11.600000000000001,0.12,0.7295053951080572,0.0007131584036318427,0.27264129685355,0.5403401260545069
11.8,0.12,0.7275956382049349,0.0006944889015508257,0.2695617773353056,0.5431201891564043
12.0,0.12,0.7257339649456592,0.0006765587569765808,0.2665149511386965,0.5458382204841301
12.200000000000001,0.12,0.7239185945523006,0.0006593274340136333,0.26350011697800274,0.548496512917947
12.4,0.12,0.7221478365457794,0.0006427571746135713,0.2605165986074524,0.5510972416721129
12.600000000000001,0.12,0.7204200851017958,0.0006268127684715681,0.25756374339753213,0.5536424716928389
12.8,0.12,0.7187338138286428,0.0006114613455516496,0.2546409210136789,0.5561341645443
13.0,0.12,0.7170875709272364,0.0005966721890092821,0.25174752219382424,0.5585741848272054
13.200000000000001,0.12,0.7154799747005635,0.0005824165660046208,0.24888295761159768,0.5609643061680755
13.4,0.12,0.7139097093813109,0.000568667574556688,0.24604665681993323,0.5633062168123347
13.600000000000001,0.12,0.7123755212508517,0.0005554000045761917,0.2432380672661558,0.5656015248498893
13.8,0.12,0.7108762150247219,0.0005425902115895305,0.2404566533733358,0.5678517630982983
14.0,0.12,0.7094106504827755,0.0005302160017441249,0.23770189568145758,0.5700583936656605
14.200000000000001,0.12,0.7079777393240657,0.000518256526913895,0.23497329004384385,0.5722228122129879
14.4,0.12,0.7065764422287276,0.0005066921888229144,0.23227034687397213,0.5743463519339085
14.600000000000001,0.12,0.7052057661107536,0.000495504551260641,0.22959259043886907,0.5764302872680765
14.8,0.12,0.7038647615472018,0.0004846762595518144,0.2269395581953401,0.5784758373635025
15.0,0.12,0.7025525203707251,0.0004741909665525128,0.22431080016589974,0.5804841693021372
15.200000000000001,0.12,0.7012681734135887,0.00046403326452354015,0.22170587835147387,0.5824564011023728
15.4,0.12,0.7000108883923837,0.00045418862231297763,0.21912436617832548,0.5843936045116108
15.600000000000001,0.12,0.6987798679236659,0.0004446433273393464,0.21656584797686199,0.5862968076016262
15.8,0.12,0.6975743476615726,0.00043538443193041145,0.21402991849025826,0.5881669971791413
16.0,0.12,0.6963935945492372,0.000426399703620628,0.2115161824110101,0.5900051210237045
16.2,0.12,0.6952369051765075,0.0004176775790583545,0.20902425394370916,0.5918120899646683
16.400000000000002,0.12,0.6941036042370416,0.00040920712120939384,0.20655375639248583,0.593588779808771
16.6,0.12,0.6929930430784118,0.00040097797958034366,0.2041043217717109,0.5953360331294807
16.8,0.12,0.6919045983392937,0.000392980353217116,0.20167559043864608,0.5970546609288753
17.0,0.12,0.6908376706682519,0.0003852049562563522,0.19926721074682643,0.5987454441824357
17.2,0.12,0.6897916835189969,0.0003776429858334583,0.19687883871907558,0.6004091352766359
17.400000000000002,0.12,0.6887660820173317,0.00037028609217018587,0.19451013773908568,0.6020464593487432
17.6,0.12,0.6877603318953116,0.00036312635068269005,0.19216077826057293,0.6036581155376682
17.8,0.12,0.6867739184884163,0.00035615623596427513,0.18983043753308693,0.6052447781541341
18.0,0.12,0.6858063457917768,0.0003493685975123541,0.1875187993435681,0.6068070977778542
18.2,0.12,0.684857135571766,0.0003427566370794061,0.18522555377281305,0.6083457022887591
18.400000000000002,0.12,0.6839258265294301,0.00033631388753722224,0.18295039696603396,0.6098611978387349
18.6,0.12,0.683011973512497,0.00033003419315322073,0.18069303091672445,0.6113541697696813
18.8,0.12,0.6821151467728329,0.00032391169118449497,0.17845316326309069,0.6128251834831135
19.0,0.12,0.6812349312664485,0.00031794079470322576,0.17623050709630672,0.6142747852659484
19.200000000000003,0.12,0.6803709259932886,0.00031211617656975153,0.17402478077991834,0.6157035030765494
19.400000000000002,0.12,0.6795227433742275,0.0003064327544793428,0.1718357077797092,0.6171118472945739
19.6,0.12,0.6786900086628329,0.0003008856770095284,0.1696630165033871,0.6185003114376929
19.8,0.12,0.6778723593896085,0.0002954703106018547,0.167506440149476,0.6198693728477925
20.0,0.12,0.6770694448365894,0.00029018222741509017,0.1653657165648095,0.6212194933488575
20.200000000000003,0.12,0.6762809255402588,0.0002850171939894335,0.16324058811006564,0.622551119878381
20.400000000000002,0.12,0.6755064728209336,0.0002799711606668649,0.16113080153279333,0.6238646850938316
20.6,0.12,0.674745768336846,0.00027504025171532333,0.1590361078474123,0.6251606079554086
20.8,0.12,0.6739985036612967,0.00027022075610628793,0.15695626222169398,0.6264392942861142
21.0,0.12,0.6732643798813519,0.00026550911889990434,0.15489102386925654,0.6277011373099657
21.200000000000003,0.12,0.672543107216672,0.0002609019331941426,0.15284015594763328,0.6289465181690049
21.400000000000002,0.12,0.6718344046571576,0.00025639593259677284,0.15080342546149686,0.6301758064196609
21.6,0.12,0.6711379996181943,0.00025198798418193437,0.1487806031706409,0.6313893605089198
21.8,0.12,0.6704536276123709,0.0002476750818951305,0.14677146350236397,0.6325875282307007
22.0,0.12,0.6697810319366362,0.00024345434037336688,0.14477578446790293,0.633770647162795
22.200000000000003,0.12,0.669119963373924,0.00023932298914869024,0.14279334758260795,0.6349390450847116
22.400000000000002,0.12,0.6684701799083731,0.00023527836720620683,0.1408239377895519,0.6360930403767718
22.6,0.12,0.667831446453325,0.00023131791786956226,0.1388673433863137,0.6372329424008126
22.8,0.12,0.6672035345913507,0.00022743918398736548,0.13692335595467836,0.6383590518628757
23.0,0.12,0.6665862223256235,0.0002236398033990261,0.13499177029302678,0.6394716611582951
23.200000000000003,0.12,0.6659792938420049,0.00021991750465694338,0.13307238435120686,0.6405710546996392
23.400000000000002,0.12,0.6653825392812642,0.00021627010298547216,0.1311649991676996,0.641657509227983
23.6,0.12,0.6647957545209112,0.00021269549645890908,0.1292694188089044,0.6427312941080513
23.8,0.12,0.6642187409661375,0.00020919166237998984,0.12738545031039977,0.6437926716077865
24.0,0.12,0.6636513053494382,0.00020575665384529423,0.12551290362002976,0.6448418971629479
24.200000000000003,0.12,0.6630932595384875,0.0002023885964827055,0.12365159154270258,0.6458792196273689
24.400000000000002,0.12,0.6625444203518975,0.00019908568534710347,0.12180132968679333,0.6469048815095294
24.6,0.12,0.6620046093825098,0.00019584618196406595,0.11996193641205251,0.6479191191961224
24.8,0.12,0.6614736528278897,0.000192668411510522,0.11813323277893789,0.6489221631633034
25.0,0.12,0.6609513813277285,0.00018955076012259142,0.11631504249929245,0.6499142381763223
25.200000000000003,0.12,0.6604376298078725,0.00018649167232175537,0.11450719188830868,0.6508955634782423
25.400000000000002,0.12,0.6599322373307146,0.00018348964855214727,0.11270950981772186,0.6518663529684395
25.6,0.12,0.6594350469517001,0.00018054324282257533,0.11092182767017937,0.6528268153715757
25.8,0.12,0.6589459055817197,0.00017765106044552117,0.10914397929473892,0.6537771543977194
26.0,0.12,0.658464663855164,0.00017481175586840425,0.10737580096347436,0.654717568894266
26.200000000000003,0.12,0.6579911760034313,0.00017202403059358152,0.10561713132912633,0.6556482529902847
26.400000000000002,0.12,0.6575252997336849,0.00016928663118069508,0.10386781138379254,0.6565693962339062
26.6,0.12,0.6570668961126716,0.000166598347328249,0.10212768441861177,0.6574811837233124
26.8,0.12,0.6566158294554036,0.00016395801003194567,0.10039659598441679,0.6583837962318693
27.0,0.12,0.656171967218537,0.0001613644898155745,0.09867439385333954,0.6592774103279064
27.200000000000003,0.12,0.6557351798982503,0.0001588166950325548,0.09696092798132314,0.6601621984896112
27.400000000000002,0.12,0.6553053409324736,0.00015631357023565193,0.09525605047153732,0.6610383292154568
27.6,0.12,0.6548823266072737,0.00015385409461294113,0.09355961553864758,0.6619059671305632
27.8,0.12,0.6544660159672516,0.00015143728048792654,0.09187147947393884,0.6627652730893335
28.0,0.12,0.6540562907297705,0.00014906217188205307,0.0901915006112297,0.6636164042746827
28.200000000000003,0.12,0.6536530352028703,0.000146727843138585,0.08851953929357947,0.6644595142941334
28.400000000000002,0.12,0.6532561362066954,0.00014443339760584632,0.08685545784074528,0.6652947532730207
28.6,0.12,0.6528654829982946,0.00014217796637979246,0.08519912051735673,0.6661222679450016
28.8,0.12,0.6524809671996206,0.00013996070710119648,0.0835503935017594,0.6669422017400608
29.0,0.12,0.65210248272861,0.00013778080281167407,0.08190914485554555,0.6677546948701386
29.200000000000003,0.12,0.651729925733157,0.00013563746086056786,0.0802752444936433,0.6685598844125011
29.400000000000002,0.12,0.6513631945278838,0.00013352991186914466,0.07864856415505857,0.6693579043909484
29.6,0.12,0.6510021895335081,0.00013145740874095056,0.07702897737405505,0.6701488858549153
29.8,0.12,0.650646813218748,0.00012941922573022008,0.07541635945197997,0.6709329569565166
30.0,0.12,0.6502969700445261,0.0001274146575470286,0.07381058742933827,0.6717102430255566
30.200000000000003,0.12,0.6499525664105025,0.00012544301852751252,0.07221154005861373,0.6724808666425222
30.400000000000002,0.12,0.64961351060357,0.0001235036418243674,0.07061909777700505,0.6732449477095362
30.6,0.12,0.6492797127485519,0.00012159587867801505,0.06903314268018901,0.6740026035192846
30.8,0.12,0.6489510847604667,0.00011971909767516084,0.0674535584954134,0.6747539488218519
31.0,0.12,0.6486275402990035,0.00011787268412781024,0.06588023055629252,0.6754990958894906
31.200000000000003,0.12,0.6483089947240167,0.00011605603937508833,0.06431304577576268,0.6762381545792016
31.400000000000002,0.12,0.6479953650535214,0.00011426858028779508,0.06275189262226616,0.6769712323932091
31.6,0.12,0.6476865699218013,0.00011250973856683382,0.061196661091735056,0.6776984345371094
31.8,0.12,0.6473825295408736,0.0001107789604230813,0.0596472426860489,0.6784198639759164
32.0,0.12,0.647083165660406,0.00010907570578114735,0.05810353038245931,0.6791356214875655
32.2,0.12,0.6467884015330007,0.0001073994482461903,0.056565418616340256,0.679845805714426
32.4,0.12,0.646498161874647,0.00010574967403202482,0.05503280324486706,0.680550513211929
32.6,0.12,0.6462123728349496,0.00010412588245688289,0.05350558153844235,0.6812498384955321
32.800000000000004,0.12,0.6459309619558413,0.00010252758422598015,0.05198365213207485,0.6819438740841761
33.0,0.12,0.6456538581494542,0.00010095430297240545,0.050466915034762465,0.6826327105428598
33.2,0.12,0.6453809916506335,9.94055721294928e-05,0.04895527155499418,0.6833164365204897
33.4,0.12,0.6451122940084061,9.78809386039746e-05,0.047448624347578225,0.6839951387885428
33.6,0.12,0.6448476980232412,9.637995664682748e-05,0.045946877284961336,0.684668902272532
33.800000000000004,0.12,0.6445871377647994,9.490219594723013e-05,0.04444993558236176,0.6853378100878673
34.0,0.12,0.6443305484752452,9.344722917474868e-05,0.042957705555735276,0.6860019435633815
34.2,0.12,0.6440778666400003,9.201464929031852e-05,0.041470094910729886,0.6866613822767592
34.4,0.12,0.6438290298181532,9.060404381180843e-05,0.039987012263592366,0.6873162040668996
34.6,0.12,0.6435839768223188,8.921503137860607e-05,0.03850836777288093,0.6879664850738271
34.800000000000004,0.12,0.6433426473947733,8.784720821019537e-05,0.037034072164464575,0.6886122997331278
35.0,0.12,0.6431049826139348,8.650022493515464e-05,0.035564038080478005,0.6892537208305136
35.2,0.12,0.6428709242460255,8.517367484132016e-05,0.034098178066675276,0.689890819464102
35.4,0.12,0.6426404156242778,8.386725493647689e-05,0.03263640742248371,0.6905236651347001
35.6,0.12,0.6424134003198771,8.258053238200152e-05,0.03117864001656353,0.6911523256460967
35.800000000000004,0.12,0.6421898240092822,8.131328178925797e-05,0.029724794279202476,0.6917768672747664
36.0,0.12,0.6419696317184981,8.006499672929713e-05,0.02827478447103029,0.6923973545457539
36.2,0.12,0.6417527717580818,7.883559575042821e-05,0.026828533255092997,0.6930138505725886
36.4,0.12,0.6415391899783107,7.762440053523043e-05,0.025385953443880203,0.6936264165784257
36.6,0.12,0.6413288380338629,7.643161266606736e-05,0.023946974351563035,0.6942351125945265
36.800000000000004,0.12,0.6411216613774562,7.525617774124559e-05,0.0225115035979667,0.6948399964556722
37.0,0.12,0.6409176165941911,7.40988654737709e-05,0.021079482322340914,0.6954411252436908
37.2,0.12,0.6407166462888481,7.29578275309184e-05,0.019650805226918283,0.6960385532036889
37.4,0.12,0.6405187154133466,7.18349345965833e-05,0.01822543618976806,0.696632334682491
37.6,0.12,0.6403237588259554,7.072677528190415e-05,0.016803241042910904,0.697222519938351
37.800000000000004,0.12,0.6401317572484124,6.963683547616105e-05,0.015384228986908118,0.6978091606070941
38.0,0.12,0.63994262884757,6.855969684875346e-05,0.0139682049381755,0.6983923025813731
38.2,0.12,0.6397563861161795,6.749589420371279e-05,0.012555266871842798,0.6989719910708778
38.400000000000006,0.12,0.6395729222670632,6.64494876788364e-05,0.011145104426361909,0.6995482722660957
38.6,0.12,0.6393923136999748,6.535533448035491e-05,0.009737955950896953,0.7001211430587736
38.800000000000004,0.12,0.6392145007965372,6.437872970301924e-05,0.008333407142415782,0.7006907201286576
39.0,0.12,0.6390396307130655,6.276513761825398e-05,0.0069315552399286315,0.7012565596610262
39.2,0.12,0.6388686324645733,6.240456551670594e-05,0.005533123582353554,0.7018196112154058
39.400000000000006,0.12,0.6387005959103537,5.648127114395684e-05,0.004133721063759178,0.7023757748814411
39.6,0.12,0.6385470909940286,6.219236051688145e-05,0.0027489618776616867,0.7029336133368855
39.800000000000004,0.12,0.6383849475881848,4.028540466592074e-05,0.001326893242389135,0.7034685519047227
40.0,0.12,0.6383849475881848,0.0,0.0,0.7034685519047227
0.0,0.14,1.0,0.0,0.6673887735498972,0.0
0.2,0.14,1.0421298348868022,0.05131415011664965,0.6673887735498972,0.0046407168519039775
0.4,0.14,1.0773319333659803,0.036101985946120387,0.574474380223593,0.013172077194433201
0.6000000000000001,0.14,1.080984448559955,0.029915622831862224,0.5793516303478312,0.02553381395523073
0.8,0.14,1.0854682510097775,0.02216179788104657,0.544845252914652,0.039412534690796974
1.0,0.14,1.0803365972427295,0.018236394870617553,0.5427857192873228,0.05460466232726625
1.2000000000000002,0.14,1.0760525261743403,0.014984215368719276,0.5251104464646802,0.07027223384038325
1.4000000000000001,0.14,1.0683023240962675,0.012978306137779375,0.5191522727484643,0.08627543417226853
1.6,0.14,1.060843855300217,0.011274023868178365,0.5074176086809975,0.10220972389774821
1.8,0.14,1.0520694852371286,0.010051472867608649,0.5003206046502833,0.11797161643624093
2.0,0.14,1.0434817165359407,0.008978682814965664,0.49120496395893576,0.1333588659003784
2.2,0.14,1.0344975530090244,0.008134560101765076,0.48406210457748133,0.14831874356230618
2.4000000000000004,0.14,1.0257385619667534,0.007385929013126142,0.47630128938483035,0.16276411407250804
2.6,0.14,1.0169921250314187,0.006764087300376269,0.46945921203167623,0.1766810842585641
2.8000000000000003,0.14,1.008515131736966,0.006210695513047596,0.46250979169767487,0.19004427849677522
3.0,0.14,1.0002261365792406,0.005735538397912274,0.45604404888181105,0.2028624953348997
3.2,0.14,0.9922275760294434,0.005311167467099298,0.44964750787970925,0.21514054171987923
3.4000000000000004,0.14,0.9844834849656027,0.004938809439072562,0.44354489038544226,0.2268982115710032
3.6,0.14,0.9770302224428942,0.004604584859983767,0.43756405857814246,0.2381534424205658
3.8000000000000003,0.14,0.9698472522840839,0.004306860163472921,0.43178764500244615,0.24893009116115905
4.0,0.14,0.9629426879099496,0.004038050944044539,0.4261410005445935,0.25925061961544094
4.2,0.14,0.9563012808774827,0.003795908204861784,0.4206519178440472,0.2691392629248931
4.4,0.14,0.9499193347856545,0.0035759455427217795,0.4152857594567549,0.27861890453938193
4.6000000000000005,0.14,0.9437837035854282,0.0033760728802059363,0.41004951485004365,0.28771238237563407
4.800000000000001,0.14,0.9378861089914403,0.0031934341219246724,0.4049254594342747,0.29644118791343166
5.0,0.14,0.9322146336306472,0.003026298743049654,0.39991302847492094,0.30482603008087833
5.2,0.14,0.9267596133768894,0.0028727327474118484,0.3950019772052362,0.31288632333541627
5.4,0.14,0.9215101766542767,0.002731364248605754,0.3901892907412951,0.32064045782796285
5.6000000000000005,0.14,0.9164566716879172,0.002600818913256334,0.38546826433354886,0.3281056257419999
5.800000000000001,0.14,0.9115892470108844,0.0024800251873764285,0.3808353479076868,0.33529797399555444
6.0,0.14,0.9068988461766553,0.002367970341922284,0.3762856752818802,0.3422325727010655
6.2,0.14,0.9023766150858794,0.0022638187360041182,0.3718158358229671,0.34892351830936336
6.4,0.14,0.8980143018651249,0.0021668035476663677,0.3674220293837384,0.35538395881648394
6.6000000000000005,0.14,0.8938039998832222,0.002076269979936898,0.36310118550140463,0.3616261730888044
6.800000000000001,0.14,0.8897383001150326,0.0019916252400998015,0.3588501932982658,0.36766161578915024
7.0,0.14,0.8858101712643222,0.0019123522522050626,0.3546663493561875,0.37350098265639226
7.2,0.14,0.8820130094880768,0.0018379851935262333,0.35054703058293807,0.3791542593307933
7.4,0.14,0.8783405754039614,0.0017681120944277157,0.34648986959509953,0.3846307765126192
7.6000000000000005,0.14,0.8747870019498651,0.0017023619606736531,0.34249261170323336,0.3899392562087883
7.800000000000001,0.14,0.871346755889998,0.0016404035522706464,0.3385531802206023,0.39508785863433954
8.0,0.14,0.8680146294061285,0.0015819380100378037,0.3346696109536749,0.4000842235213816
8.200000000000001,0.14,0.8647857129987178,0.001526696615456909,0.3308400735918015,0.4049355099276466
8.4,0.14,0.8616553815820229,0.0014744362012678398,0.32706283948127324,0.40964843205170237
8.6,0.14,0.8586192734157508,0.0014249369012654912,0.3233362859749838,0.41422929287283533
8.8,0.14,0.8556732751808165,0.0013779990796109122,0.3196588789680259,0.41868401468550714
9.0,0.14,0.8528135046655928,0.0013334413811658574,0.3160291710479546,0.42301816739508424
9.200000000000001,0.14,0.8500362966069714,0.0012910985587454226,0.31244579091978014,0.4272369942904162
9.4,0.14,0.8473381880817358,0.0012508198757021376,0.3089074396556563,0.43134543575584583
9.600000000000001,0.14,0.8447159057420883,0.0012124675055752104,0.3054128835853738,0.43534815089956025
9.8,0.14,0.8421663533506182,0.0011759152525763197,0.30196095028796976,0.4392495373831834
10.0,0.14,0.8396866005463547,0.0011410473396607414,0.29855052340269866,0.4430537495292619
10.200000000000001,0.14,0.8372738721611561,0.0011077573918310015,0.29518053893791735,0.4467647149072032
10.4,0.14,0.8349255384480428,0.001075947500602547,0.29184998126466555,0.45038614950552747
10.600000000000001,0.14,0.8326391059057212,0.0010455274170368303,0.2885578798990557,0.4539215716446942
10.8,0.14,0.8304122088240279,0.0010164138196949613,0.2853033062966646,0.4573743147401381
11.0,0.14,0.828242601391057,0.0009885296727089252,0.2820853711079534,0.4607475390388646
11.200000000000001,0.14,0.8261281503901823,0.0009618036471307044,0.2789032215553985,0.4640442424284659
11.4,0.14,0.8240668283969568,0.0009361696083217072,0.27575603910955976,0.46726727041758276
11.600000000000001,0.14,0.8220567074667174,0.0009115661548276903,0.27264303731097406,0.4704193253711364
11.8,0.14,0.8200959532553395,0.000887936207102694,0.2695634598032298,0.4735029750786391
12.0,0.14,0.8181828195513368,0.0008652266374444029,0.26651657850440036,0.4765206607225254
12.200000000000001,0.14,0.81631564317852,0.000843387938275368,0.2635016919369962,0.47947470430699896
12.4,0.14,0.8144928392449465,0.0008223739231891013,0.2605181236790369,0.48236731559916884
12.600000000000001,0.14,0.8127128967071726,0.0008021414578528044,0.2575652209388402,0.48520059862806153
12.8,0.14,0.8109743742270631,0.0007826502169049983,0.2546423532324041,0.4879765577803609
13.0,0.14,0.8092758962966586,0.0007638624642915761,0.25174891115976167,0.49069710352650486
13.200000000000001,0.14,0.807616149611175,0.0007457428542328726,0.2488843052671455,0.4933640578056994
13.4,0.14,0.8059938796703916,0.000728258250704508,0.24604796498965087,0.4959791590943646
13.600000000000001,0.14,0.8044078875915187,0.0007113775633253523,0.2432393376654915,0.4985440671788831
13.8,0.14,0.8028570271174845,0.0006950715979465227,0.2404578876165983,0.5010603676506199
14.0,0.14,0.801340201806509,0.0006793129203347355,0.23770309528911868,0.5035295761387223
14.200000000000001,0.14,0.7998563623898403,0.000664075731591412,0.2349744564492284,0.5059531422942972
14.4,0.14,0.7984045042859189,0.0006493357540684529,0.23227148142940318,0.5083324535380392
14.600000000000001,0.14,0.7969836652601916,0.0006350701267114983,0.22959369442131514,0.5106688385822677
14.8,0.14,0.7955929232208447,0.000621257308868737,0.22694063281161062,0.5129635707374968
15.0,0.14,0.7942313941415493,0.0006078769917238853,0.22431184655743297,0.5152178710131132
15.200000000000001,0.14,0.7928982301031136,0.0005949100166052797,0.2217068975987504,0.5174329110213988
15.4,0.14,0.7915926174466283,0.0005823382995136412,0.21912535930493937,0.5196098156939241
15.600000000000001,0.14,0.7903137750312972,0.0005701447612820247,0.21656681595328311,0.5217496658192926
15.8,0.14,0.7890609525906997,0.0005583132628543454,0.2140308622373053,0.5238535004112096
16.0,0.14,0.7878334291817141,0.0005468285452221716,0.21151710280306396,0.5259223189158817
16.2,0.14,0.7866305117207496,0.0005356761736186555,0.2090251518116829,0.527957083267829
16.400000000000002,0.14,0.7854515336023199,0.000524842485606599,0.20655463252657347,0.5299587198032082
16.6,0.14,0.7842958533953137,0.0005143145427421537,0.2041051769239321,0.5319281210397618
16.8,0.14,0.7831628536126163,0.0005040800855316174,0.2016764253252023,0.5338661473324535
17.0,0.14,0.7820519395499991,0.0004941274914242201,0.19926802605028238,0.5357736284137499
17.2,0.14,0.780962538190412,0.000484445735616729,0.1968796350903817,0.5376513648273366
17.400000000000002,0.14,0.7798940971700346,0.00047502435446227783,0.19451091579945248,0.5395001292638184
17.6,0.14,0.7788460838026279,0.00046585341130138993,0.1921615386032081,0.5413206678066654
17.8,0.14,0.7778179841588961,0.0004569234645468281,0.18983118072480884,0.5431137010962861
18.0,0.14,0.7768093021977232,0.00044822553786975434,0.18751952592630258,0.5448799254197342
18.2,0.14,0.7758195589463082,0.00043975109234829914,0.18522626426498368,0.5466200137330602
18.400000000000002,0.14,0.7748482917263466,0.00043149200044919104,0.1829510918638539,0.5483346166228702
18.6,0.14,0.7738950534235596,0.0004234405217239764,0.1806937106953995,0.550024363213115
18.8,0.14,0.7729594117979666,0.0004155892801100676,0.1784538283779388,0.5516898620226187
19.0,0.14,0.7720409488324592,0.00040793124273278666,0.1762311579838007,0.5533317017783266
19.200000000000003,0.14,0.771139260117324,0.00040045970011176076,0.17402541785866021,0.5549504521887113
19.400000000000002,0.14,0.7702539542684848,0.0003931682476819382,0.17183633145133898,0.5565466646812801
19.6,0.14,0.76938465237736,0.00038605076854358617,0.16966362715343405,0.5581208731076157
19.8,0.14,0.7685309874903278,0.00037910141735985866,0.16750703814815496,0.5596735944189242
20.0,0.14,0.7676926041159112,0.0003723146053287011,0.16536630226776794,0.5612053293146134
20.200000000000003,0.14,0.7668691577578907,0.000365684986153395,0.1632411618590859,0.5627165628660388
20.400000000000002,0.14,0.7660603144726685,0.0003592074429477925,0.16113136365645211,0.5642077651171729
20.6,0.14,0.7652657504493028,0.00035287707600994435,0.15903665866170294,0.5656793916636267
20.8,0.14,0.7644851516107298,0.00034668919140474173,0.15695680203061302,0.5671318842111828
21.0,0.14,0.7637182132347801,0.00034063929029750517,0.1548915529653573,0.5685656711147307
21.200000000000003,0.14,0.7629646395937092,0.0003347230589860119,0.15284067461255096,0.5699811678983041
21.400000000000002,0.14,0.7622241436110303,0.0003289363595797585,0.15080393396644437,0.5713787777567385
21.6,0.14,0.7614964465345219,0.00032327522127917666,0.1487811017768813,0.572758892039342
21.8,0.14,0.7607812776243874,0.0003177358322093686,0.1467719524616566,0.5741218907158618
22.0,0.14,0.7600783738555994,0.00031231453176803207,0.14477626402293,0.5754681428249622
22.200000000000003,0.14,0.7593874796335432,0.00030700780344723933,0.14279381796737875,0.5767980069053767
22.400000000000002,0.14,0.7587083465221469,0.00030181226809321044,0.14082439922978884,0.5781118314098873
22.6,0.14,0.7580407329837406,0.00029672467757008196,0.1388677960998198,0.5794099551022587
22.8,0.14,0.75738440412998,0.0002917419087951506,0.13692380015168765,0.5806927074372935
23.0,0.14,0.7567391314831714,0.0002868609581180087,0.13499220617653906,0.5819604089241796
23.200000000000003,0.14,0.7561046927474548,0.0002820789360153816,0.13307281211730684,0.5832133714733497
23.400000000000002,0.14,0.7554808715892963,0.00027739306207662636,0.1311654190058612,0.5844518987271081
23.6,0.14,0.7548674574268199,0.00027280066025788956,0.12926983090228175,0.585676286374339
23.8,0.14,0.7542642452275405,0.0002682991543825948,0.12738585483610476,0.5868868224496385
24.0,0.14,0.7536710353140921,0.0002638860638700045,0.12551330074939704,0.5880837876172963
24.200000000000003,0.14,0.7530876331775868,0.00025955899967440224,0.1236519814415413,0.5892674554405676
24.400000000000002,0.14,0.7525138492982788,0.0002553156604179549,0.12180171251562846,0.5904380926367397
24.6,0.14,0.7519494989732035,0.0002511538287037781,0.11996231232635418,0.5915959593185419
24.8,0.14,0.7513944021505364,0.00024707136759612636,0.11813360192933957,0.5927413092224675
25.0,0.14,0.7508483832703886,0.00024306621725561693,0.1163154050317988,0.5938743899246238
25.200000000000003,0.14,0.7503112711118071,0.0002391363917191577,0.11450754794449365,0.5949954430447366
25.400000000000002,0.14,0.7497828986457507,0.0002352799758151702,0.11270985953491605,0.596104704438965
25.6,0.14,0.7492631028938329,0.00023149512220647152,0.1109221711816487,0.5972024043821786
25.8,0.14,0.7487517247926251,0.0002277800485521287,0.10914431672985393,0.5982887677403692
26.0,0.14,0.7482486090633402,0.00022413303478200573,0.10737613244787038,0.5993640141338494
26.200000000000003,0.14,0.7477536040867092,0.00022055242048018195,0.10561745698485615,0.6004283580919014
26.400000000000002,0.14,0.747266561782875,0.00021703660236951558,0.10386813132946977,0.6014820091995063
26.6,0.14,0.7467873374961439,0.00021358403189404023,0.10212799876954758,0.6025251722367764
26.8,0.14,0.7463157898844235,0.000210193212895975,0.10039690485274885,0.6035580473116929
27.0,0.14,0.7458517808131906,0.00020686269938253654,0.09867469734815354,0.6045808299867029
27.200000000000003,0.14,0.7453951752538306,0.00020359109338082573,0.09696122620876822,0.6055937113997332
27.400000000000002,0.14,0.7449458411861967,0.00020037704287753348,0.09525634353493509,0.6065968783801036
27.6,0.14,0.7445036495052311,0.00019721923984134098,0.09355990353859492,0.607590513559824
27.8,0.14,0.744068473931503,0.0001941164183256082,0.09187176250840472,0.6085747954806989
28.0,0.14,0.7436401909255068,0.000191067352650024,0.09019177877564773,0.6095498986976299
28.200000000000003,0.14,0.7432186796055764,0.00018807085565873398,0.0885198126809347,0.6105159938784739
28.400000000000002,0.14,0.7428038216692664,0.00018512577705407957,0.08685572654165613,0.611473247900767
28.6,0.14,0.7423955013180494,0.00018223100180480466,0.08519938462015336,0.6124218239455953
28.8,0.14,0.7419936051851896,0.00017938544862427285,0.08355065309255719,0.6133618815888484
29.0,0.14,0.7415980222666471,0.00017658806852206743,0.08190940001831575,0.6142935768900595
29.200000000000003,0.14,0.7412086438548631,0.00017383784342159478,0.08027549531027924,0.6152170624789998
29.400000000000002,0.14,0.7408253634753069,0.00017113378484923518,0.0786488107054395,0.6161324876401681
29.6,0.14,0.7404480768256075,0.00016847493268366646,0.07702921973610666,0.6170399983952803
29.8,0.14,0.7400766817171999,0.00016586035397699378,0.07541659770173212,0.6179397375838326
30.0,0.14,0.7397110780192562,0.000163289141825736,0.07381082164098063,0.6188318449417978
30.200000000000003,0.14,0.7393511676049196,0.00016076041431999473,0.07221177030454812,0.6197164571784852
30.400000000000002,0.14,0.7389968542995056,0.00015827331352519523,0.07061932412789794,0.620593708051568
30.6,0.14,0.7386480438308569,0.0001558270045565395,0.06903336520501904,0.6214637284402785
30.8,0.14,0.7383046437812929,0.00015342067465193136,0.06745377726152066,0.6223266464167396
31.0,0.14,0.737966563541697,0.00015105353237684492,0.06588044562942146,0.6231825873154186
31.200000000000003,0.14,0.7376337142666783,0.00014872480676123587,0.06431325722011094,0.6240316738006106
31.400000000000002,0.14,0.7373060088321097,0.0001464337466504757,0.06275210050052081,0.6248740259319907
31.6,0.14,0.736983361792921,0.00014417961985726957,0.06119686546512427,0.6257097612280236
31.8,0.14,0.7366656893439816,0.000141961712706503,0.05964744361436796,0.6265389947274118
32.0,0.14,0.7363529092797814,0.00013977932910732142,0.05810372792413091,0.6273618390481559
32.2,0.14,0.736044940958919,0.00013763179040241305,0.056565612828422415,0.6281784044446976
32.4,0.14,0.7357417052645217,0.0001355184341760406,0.055032994183134835,0.6289887988623203
32.6,0.14,0.7354431245732741,0.00013343861464887346,0.05350576925735991,0.6297931279898559
32.800000000000004,0.14,0.7351491227145717,0.0001313917008465374,0.0519838366849238,0.6305914953090439
33.0,0.14,0.7348596249463955,0.00012937707805929784,0.05046709647354202,0.6313840021428276
33.2,0.14,0.7345745579093113,0.0001273941445969057,0.04895544993064828,0.6321707476991778
33.4,0.14,0.7342938496143233,0.000125442315408509,0.047448799709748975,0.6329518291152758
33.6,0.14,0.7340174293838493,0.0001235210158168178,0.04594704968242464,0.6337273414950174
33.800000000000004,0.14,0.7337452278625297,0.00012162968960354747,0.04445010506247321,0.6344973779499594
34.0,0.14,0.7334771769289681,0.00011976778636670044,0.04295787216530669,0.635262029629053
34.2,0.14,0.7332132097526268,0.0001179347789081604,0.04147025869483361,0.6360213857583432
34.4,0.14,0.7329532606425896,0.00011613013720304415,0.03998717326736075,0.6367755336600379
34.6,0.14,0.7326972651991235,0.00011435336521358357,0.038508526038971605,0.6375245587951984
34.800000000000004,0.14,0.7324451600289836,0.00011260394681125506,0.03703422773679177,0.6382685447661841
35.0,0.14,0.7321968830934177,0.00011088142321235447,0.03556419099887869,0.6390075733711806
35.2,0.14,0.7319523731425971,0.00010918528018059406,0.03409832837468608,0.6397417245775523
35.4,0.14,0.731711570473228,0.00010751511044378655,0.03263655515615009,0.6404710766066047
35.6,0.14,0.7314744157735418,0.00010587037799744814,0.031178785220684596,0.6411957058517527
35.800000000000004,0.14,0.731240851736941,0.00010425075833454681,0.02972493698388555,0.6419156870317257
36.0,0.14,0.731010820671378,0.00010265564553400867,0.02827492472566327,0.6426310929989759
36.2,0.14,0.7307842679042659,0.0001010848645371078,0.026828671079250094,0.64334199504072
36.4,0.14,0.7305611368026713,9.95376400250242e-05,0.025386088898400147,0.6440484624636272
36.6,0.14,0.7303413759293339,9.801408642292226e-05,0.023947107435823536,0.6447505632073878
36.800000000000004,0.14,0.7301249286382414,9.651305240880257e-05,0.02251163439849408,0.6454483629686076
37.0,0.14,0.7299117480901949,9.503522856041568e-05,0.02107961079851106,0.6461419264645718
37.2,0.14,0.729701775490165,9.357866359524835e-05,0.019650931520053,0.6468313156116116
37.4,0.14,0.7294949715758031,9.214515533511427e-05,0.018225560182475342,0.647516592091695
37.6,0.14,0.7292912711424663,9.073116228660387e-05,0.01680336298463841,0.6481978136829756
37.800000000000004,0.14,0.7290906490264115,8.93400585673637e-05,0.015384348650764672,0.6488750390048987
38.0,0.14,0.7288930257684196,8.796617131565311e-05,0.013968322709031982,0.6495483212640903
38.2,0.14,0.7286984052026076,8.660945749820726e-05,0.01255538275934795,0.6502177123782221
38.400000000000006,0.14,0.7285066852856278,8.527310313530025e-05,0.01114521810779596,0.650883264369229
38.6,0.14,0.7283179360385216,8.388731408569828e-05,0.009738072296374927,0.6515449828063172
38.800000000000004,0.14,0.7281320815430754,8.261400504668707e-05,0.008333514077145516,0.6522029756873187
39.0,0.14,0.7279493479039536,8.065916755143871e-05,0.006931708240238619,0.6528568353530689
39.2,0.14,0.7277703601539159,7.991973493756598e-05,0.005533184818057748,0.6535073761848328
39.400000000000006,0.14,0.7275952651683659,7.319530024895559e-05,0.004134190335835958,0.654150754498924
39.6,0.14,0.7274329634581721,7.824573572271881e-05,0.0027485781157521394,0.6547945436558285
39.800000000000004,0.14,0.7272714352060056,4.887279188804618e-05,0.0013286013459477544,0.6554124686974817
40.0,0.14,0.7272714352060056,0.0,0.0,0.6554124686974817
0.0,0.16,1.0,0.0,0.6623976984059609,0.0
0.2,0.16,1.0412929686049512,0.04730029862118955,0.6623976984059609,0.001960639462649894
0.4,0.16,1.0778713100633646,0.034099761888186655,0.5760442200050034,0.006007734468869989
0.6000000000000001,0.16,1.0875025098969293,0.029004942404203538,0.5799528458329716,0.012474325185151435
0.8,0.16,1.097992961731153,0.02187388182593009,0.545636025380679,0.020322812114838506
1.0,0.16,1.0992680631080411,0.018286469346263743,0.5431642742163963,0.02948830705974591
1.2000000000000002,0.16,1.100988274117669,0.015265958762651749,0.5254195958733405,0.039493708809694494
1.4000000000000001,0.16,1.0990055330513988,0.013407825495932224,0.5193288024821924,0.05022723866243278
1.6,0.16,1.0968206747752705,0.011815061116631451,0.5075644005050014,0.06139617114323425
1.8,0.16,1.0929159076184916,0.010664351350995428,0.5004186915350078,0.0728786618010999
2.0,0.16,1.0887093824754008,0.009642361111766912,0.49129003251607856,0.08448429149195791
2.2,0.16,1.0836874892048394,0.008827411048248456,0.48412574131417324,0.0961185454335444
2.4000000000000004,0.16,1.0784632500334748,0.008095171310739115,0.4763574457495561,0.10766680325568591
2.6,0.16,1.07288135755032,0.0074779797965678525,0.46950440441490304,0.1190686410317981
2.8000000000000003,0.16,1.0672188624875176,0.006921948216286504,0.46254991244035903,0.1302613176411224
3.0,0.16,1.0614401773208533,0.006438033967614954,0.45607787408966954,0.14121183523308078
3.2,0.16,1.0556747660937795,0.006001076842962823,0.4496776826498821,0.15188993990670424
3.4000000000000004,0.16,1.0499222027054196,0.005613176456700949,0.4435711147958185,0.16228131955864683
3.6,0.16,1.044244179335713,0.005261642420372598,0.4375875966779935,0.17237489396651728
3.8000000000000003,0.16,1.038647207672567,0.004945400699244596,0.4318085279394147,0.18216796755784856
4.0,0.16,1.0331605139813154,0.004657486233115814,0.4261598771903838,0.19166027125721374
4.2,0.16,1.0277892873987249,0.0043959798876132316,0.4206689127533726,0.20085583392874057
4.4,0.16,1.0225465795551993,0.004156714071404357,0.41530123323786383,0.20976017496492005
4.6000000000000005,0.16,1.0174346813764124,0.003937779719142305,0.41006359969167,0.21838090499358767
4.800000000000001,0.16,1.0124583244619396,0.0037364785837150864,0.4049383724634911,0.226726388423527
5.0,0.16,1.007617293773882,0.0035511702823720474,0.39992488361237244,0.23480588789059537
5.2,0.16,1.0029119593400386,0.0033799916157044173,0.3950129150141394,0.24262891960511465
5.4,0.16,0.9983403733978762,0.0032216074404587515,0.3901994026558246,0.25020525573910607
5.6000000000000005,0.16,0.9939006237831924,0.0030746671256086486,0.3854776469453288,0.25754461227224135
5.800000000000001,0.16,0.9895897128873747,0.00293810554279325,0.38084407275933696,0.26465662187730044
6.0,0.16,0.9854045774593024,0.0028109085536979694,0.37629381188044075,0.27155068500686896
6.2,0.16,0.981341668460944,0.00269223047771566,0.37182343982833843,0.2782359481587934
6.4,0.16,0.9773974024479608,0.002581290216145635,0.3674291525769855,0.28472123694054274
6.6000000000000005,0.16,0.9735680119161519,0.002477414634524854,0.36310787134128913,0.2910150467177194
6.800000000000001,0.16,0.9698497494918024,0.0023799906522330443,0.35885648138297543,0.2971255175412811
7.0,0.16,0.9662388390589706,0.002288479293572439,0.3546722738879665,0.30306043547879274
7.2,0.16,0.9627315697133191,0.002202392260660686,0.35055262246337027,0.3088272289886221
7.4,0.16,0.9593242820008017,0.0021212948072352076,0.34649515600511377,0.3144329774321393
7.6000000000000005,0.16,0.9560134112070142,0.0020447933718125387,0.34249761715367244,0.31988441819272095
7.800000000000001,0.16,0.9527954841766857,0.0019725345298983584,0.33855792653537375,0.3251879592432975
8.0,0.16,0.9496671385330986,0.0019041978647601795,0.33467411784055123,0.33034969126094654
8.200000000000001,0.16,0.9466251215290439,0.001839493817556651,0.3308443587519806,0.3353754019744304
8.4,0.16,0.943666297462517,0.0017781592031033279,0.3270669189474203,0.34027059014049854
8.6,0.16,0.9407876460150547,0.0017199549926864926,0.32334017424433037,0.3450404801781341
8.8,0.16,0.9379862637440992,0.001664663275090202,0.3196625892192842,0.34969003630186535
9.0,0.16,0.9352593614777842,0.0016120853042580388,0.3160327152632614,0.3542239765410274
9.200000000000001,0.16,0.9326042628234298,0.0015620393197886347,0.312449180033337,0.35864678613229234
9.4,0.16,0.9300184008278084,0.0015143589265087373,0.30891068365565394,0.36296273043567073
9.600000000000001,0.16,0.9274993150308521,0.0014688914681145586,0.3054159916209541,0.36717586715796463
9.8,0.16,0.9250446477147934,0.0014254967144298723,0.3019639307513771,0.3712900579549502
10.0,0.16,0.9226521403236313,0.0013840456149730722,0.2985533840089595,0.3753089793365449
10.200000000000001,0.16,0.9203196295747675,0.001344419245162437,0.29518328679015166,0.379236132925037
10.4,0.16,0.9180450436912752,0.0013065078338094862,0.29185262291490555,0.3830748550581084
10.600000000000001,0.16,0.915826398566635,0.0012702099189699863,0.28856042140001187,0.3868283257834689
10.8,0.16,0.9136617940513143,0.001235431579757736,0.28530575324896984,0.3904995772683211
11.0,0.16,0.9115494102874435,0.0012020857592605924,0.2820877287012932,0.3940915016700606
11.200000000000001,0.16,0.9094875041745463,0.0011700916522741245,0.27890549460571273,0.3976068585038687
11.4,0.16,0.9074744059363458,0.0011393741605997866,0.27575823209189054,0.40104828155121053
11.600000000000001,0.16,0.9055085158234004,0.0011098634015660905,0.2726451543890932,0.40441828534684476
11.8,0.16,0.9035883009376016,0.0010814942680956682,0.2695655048560467,0.4077192712833356
12.0,0.16,0.9017122921911945,0.0010542060317252871,0.266518555149793,0.4109535333670511
12.200000000000001,0.16,0.8998790813918992,0.0010279419856422708,0.26350360355320035,0.414123263657878
12.4,0.16,0.8980873184566839,0.0010026491221177074,0.2605199734239902,0.4172305574204991
12.600000000000001,0.16,0.8963357087476516,0.000978277841338317,0.25756701176763946,0.4202774180121972
12.8,0.16,0.894623010528103,0.0009547816876992965,0.25464408791314197,0.423265761528322
13.0,0.16,0.8929480325330044,0.0009321171109053878,0.2517505922878867,0.42619742122360305
13.200000000000001,0.16,0.8913096316501057,0.0009102432489838498,0.24888593527852826,0.4290741517243487
13.4,0.16,0.8897067107064588,0.0008891217309987668,0.2460495461724857,0.4318976330440456
13.600000000000001,0.16,0.8881382163560468,0.00086871649727076,0.24324087217115886,0.4346694744125019
13.8,0.16,0.886603137063777,0.0008489936353107805,0.24045937746959645,0.43739121792678387
14.0,0.16,0.8851005011816235,0.0008299212297801702,0.23770454239615546,0.4400643420305931
14.200000000000001,0.16,0.8836293751126699,0.0008114692250427812,0.2349758626075623,0.44269026482749874
14.4,0.16,0.8821888615591867,0.0007936092989986759,0.23227284833450146,0.44527034723251463
14.600000000000001,0.16,0.8807780978509896,0.0007763147470672743,0.22959502367389703,0.44780589596588416
14.8,0.16,0.8793962543506122,0.0007595603752975316,0.2269419259241323,0.45029816639256137
15.0,0.16,0.8780425329320101,0.0007433224017110043,0.2243131049600648,0.4527483652107211
15.200000000000001,0.16,0.8767161655297253,0.0007275783650809815,0.22170812264489148,0.4551576529926695
15.4,0.16,0.8754164127556191,0.0007123070404476402,0.21912655227631206,0.4575271465816965
15.600000000000001,0.16,0.8741425625804453,0.0006974883607444796,0.21656797806463907,0.45985792134871234
15.8,0.16,0.8728939290776929,0.0006831033439874194,0.2140319946407809,0.4621510133128634
16.0,0.16,0.8716698512272344,0.0006691340255379723,0.21151820659220802,0.4644074211307383
16.2,0.16,0.870469691776455,0.0006555633950117118,0.20902622802518825,0.46662810795918974
16.400000000000002,0.16,0.8692928361566017,0.0006423753374469279,0.20655568215173364,0.46881400319720634
16.6,0.16,0.8681386914521887,0.0006295545783946587,0.20410620089984408,0.4709660041126458
16.8,0.16,0.867006685421351,0.000617086632629265,0.2016774245457355,0.4730849773599493
17.0,0.16,0.8658962655650936,0.0006049577562084887,0.1992690013668336,0.475171760395225
17.2,0.16,0.8648068982434269,0.0005931549016430553,0.19688058731442987,0.47722716279525484
17.400000000000002,0.16,0.8637380678364213,0.0005816656759575534,0.19451184570493077,0.47925196748708304
17.6,0.16,0.8626892759482345,0.0005704783014480661,0.19216244692870443,0.4812469318948611
17.8,0.16,0.8616600406522247,0.0005595815789586184,0.18983206817561082,0.4832127890105506
18.0,0.16,0.8606498957752431,0.0005489648535140244,0.18752039317629884,0.4851502483949532
18.2,0.16,0.8596583902192877,0.0005386179821602311,0.18522711195842861,0.4870599971153201
18.400000000000002,0.16,0.8586850873186909,0.0005285313038747766,0.1829519206170123,0.48894270062551554
18.6,0.16,0.8577295642310554,0.0005186956114200078,0.18069452109807557,0.49079900359438944
18.8,0.16,0.8567914113602115,0.0005091021250192769,0.17845462099490095,0.492629530687639
19.0,0.16,0.855870231809483,0.0004997424677453469,0.17623193335611062,0.4944348873080392
19.200000000000003,0.16,0.8549656408636128,0.0004906086425147145,0.17402617650491148,0.49621566029849407
19.400000000000002,0.16,0.8540772654977378,0.00048169301058958086,0.17183707386881567,0.49797241861193137
19.6,0.16,0.8532047439118636,0.00047298827149281524,0.16966435381919287,0.4997057139516114
19.8,0.16,0.8523477250893337,0.00046448744424663365,0.1675077495200394,0.5014160813849956
20.0,0.16,0.851505868377862,0.0004561838498516111,0.16536699878535704,0.5031040399338935
20.200000000000003,0.16,0.8506788430917391,0.0004480710949237394,0.1632418439445866,0.5047700931431992
20.400000000000002,0.16,0.849866328133909,0.00044014305641400703,0.16113203171553664,0.5064147296301554
20.6,0.16,0.8490680116366516,0.00043239386733857335,0.15903731308429683,0.5080384236157325
20.8,0.16,0.8482835906196932,0.00042481790345000407,0.15695744319163793,0.5096416354393771
21.0,0.16,0.8475127706646206,0.00041740977078384787,0.15489218122543078,0.5112248120581221
21.200000000000003,0.16,0.8467552656045502,0.00041016429401906986,0.15284129031864935,0.5127883875307779
21.400000000000002,0.16,0.8460107972280563,0.00040307650559490783,0.150804537452529,0.5143327834877267
21.6,0.16,0.8452790949964412,0.0003961416355279871,0.14878169336449015,0.5158584095866523
21.8,0.16,0.8445598957734861,0.000389355101877017,0.1467725324604687,0.5173656639544016
22.0,0.16,0.8438529435668789,0.0003827125018083459,0.1447768327312979,0.5188549336150438
22.200000000000003,0.16,0.8431579892805982,0.00037620960321452153,0.1427943756728368,0.5203265949041395
22.400000000000002,0.16,0.8424747904775495,0.0003698423368444479,0.14082494620953562,0.5217810138691487
22.6,0.16,0.8418031111518564,0.00036360678890418714,0.13886833262117723,0.5232185466558835
22.8,0.16,0.8411427215102176,0.00035749919409074684,0.13692432647253924,0.5246395398809253
23.0,0.16,0.8404933977618173,0.0003515159290263537,0.13499272254574732,0.5260443309898948
23.200000000000003,0.16,0.8398549219163068,0.00034565350605881114,0.13307331877511047,0.527433248601526
23.400000000000002,0.16,0.8392270815894468,0.000339908567399853,0.13116591618425527,0.5288066128375162
23.6,0.16,0.838609669815991,0.00033427787957426234,0.12927031882537948,0.5301647356381696
23.8,0.16,0.8380024848694873,0.00032875832815341044,0.1273863337204827,0.5315079210639135
24.0,0.16,0.837405330088662,0.00032334691275308434,0.12551377080442483,0.5328364655828265
24.200000000000003,0.16,0.8368180137101023,0.0003180407422726924,0.12365244286969605,0.5341506583443688
24.400000000000002,0.16,0.8362403487069773,0.0003128370303580351,0.12180216551279473,0.5354507814395761
24.6,0.16,0.8356721526335701,0.0003077330910706708,0.11996275708210928,0.5367371101480349
24.8,0.16,0.8351132474753945,0.0003027263347487134,0.11813403862722613,0.5380099131720106
25.0,0.16,0.8345634595047078,0.0002978142640456613,0.11631583384958429,0.5392694528581532
25.200000000000003,0.16,0.8340226191412461,0.0002929944701340121,0.11450796905441686,0.5405159854072584
25.400000000000002,0.16,0.8334905608180123,0.00028826462906435084,0.11271027310392247,0.5417497610725898
25.6,0.16,0.8329671228519615,0.00028362249826998905,0.11092257737161366,0.5429710243473098
25.8,0.16,0.8324521473194508,0.0002790659132076427,0.1091447156977948,0.5441800141415981
26.0,0.16,0.8319454799363074,0.0002745927841275449,0.10737652434614849,0.5453769639500424
26.200000000000003,0.16,0.8314469699423912,0.0002702010929679305,0.10561784196136781,0.546562102009914
26.400000000000002,0.16,0.8309564699905297,0.0002658888903659437,0.10386850952782789,0.5477356514509302
26.6,0.16,0.8304738360396973,0.0002616542927811795,0.10212837032925394,0.548897830437125
26.8,0.16,0.8299989272523242,0.0002574954797280852,0.10039726990935689,0.5500488523014202
27.0,0.16,0.8295316058956184,0.00025341069111316493,0.09867505603342305,0.5511889256734881
27.200000000000003,0.16,0.8290717372467716,0.00024939822467339573,0.09696157865081173,0.5523182546014831
27.400000000000002,0.16,0.828619189501956,0.00024545643351413986,0.09525668985835628,0.5534370386681775
27.6,0.16,0.828173833688961,0.0002415837237438153,0.09356024386461943,0.5545454731020341
27.8,0.16,0.8277355435833755,0.0002377785522024431,0.09187209695500484,0.5556437488836945
28.0,0.16,0.8273041956281878,0.0002340394242831156,0.09019210745765945,0.5567320528483448
28.200000000000003,0.16,0.8268796688566756,0.0002303648918443374,0.08852013571016942,0.5578105677843765
28.400000000000002,0.16,0.8264618448184698,0.0002267535512113208,0.08685604402700599,0.5588794725287224
28.6,0.16,0.8260506075086702,0.0002232040412661346,0.08519969666769064,0.5599389420592203
28.8,0.16,0.825645843299873,0.00021971504162127223,0.08355095980562996,0.5609891475842987
29.0,0.16,0.8252474408770156,0.0002162852708806872,0.08190970149763743,0.5620302566302575
29.200000000000003,0.16,0.8248552911748714,0.00021291348498018924,0.0802757916540145,0.56306243312638
29.400000000000002,0.16,0.8244692873181199,0.00020959847561292984,0.07864910200928507,0.564085837488053
29.6,0.16,0.8240893245638138,0.00020633906872840368,0.07702950609336982,0.565100626698068
29.8,0.16,0.8237153002461829,0.00020313412311601497,0.07541687920340401,0.5661069543862172
30.0,0.16,0.8233471137235727,0.0001999825290515721,0.07381109837580746,0.5671049709072772
30.200000000000003,0.16,0.822984666327522,0.00019688320703376296,0.07221204235909827,0.5680948234174573
30.400000000000002,0.16,0.8226278613136789,0.0001938351065656532,0.07061959158662794,0.5690766559493214
30.6,0.16,0.8222766038147196,0.00019083720504033713,0.06903362815033427,0.5700506094852275
30.8,0.16,0.8219308007947551,0.0001878885066360217,0.06745403577383798,0.5710168220292478
31.0,0.16,0.8215903610057189,0.00018498804135356638,0.06588069978722268,0.5719754286775727
31.200000000000003,0.16,0.8212551949447706,0.0001821348639970002,0.06431350710000447,0.5729265616873084
31.400000000000002,0.16,0.8209252148138669,0.00017932805337537297,0.0627523461772875,0.5738703505436902
31.6,0.16,0.8206003344796239,0.0001765667113185421,0.06119710701178064,0.5748069220255164
31.8,0.16,0.8202804694359631,0.00017384996208855293,0.05964768110220045,0.5757364002689354
32.0,0.16,0.8199655367657299,0.00017117695133380564,0.05810396142276794,0.5766589068291899
32.2,0.16,0.8196554551066277,0.00016854684581685993,0.05656584240584836,0.5775745607407021
32.4,0.16,0.8193501446135569,0.00016595883212306228,0.05503321990578448,0.5784834785747424
32.6,0.16,0.819049526928651,0.00016341211693980976,0.053505991190092854,0.579385774495571
32.800000000000004,0.16,0.8187535251425206,0.00016090592514741924,0.05198405489116963,0.5802815603135772
33.0,0.16,0.8184620637704413,0.0001584395011589441,0.05046731101519508,0.5811709455373534
33.2,0.16,0.8181750687090197,0.00015601210562796424,0.048955660868322155,0.5820540374217302
33.4,0.16,0.8178924672230953,0.00015362301892651381,0.04744900710250726,0.5829309410159172
33.6,0.16,0.8176141878908134,0.0001512715348840029,0.04594725358826652,0.5838017592056087
33.800000000000004,0.16,0.817340160611017,0.00014895696867286642,0.04445030553772463,0.5846665927578117
34.0,0.16,0.8170703165222604,0.00014667864426957502,0.04295806926559174,0.5855255403556483
34.2,0.16,0.8168045880513257,0.00014443591151305261,0.04147045247375703,0.5863786986414733
34.4,0.16,0.8165429087760797,0.0001422281203761774,0.03998736377849915,0.5872261622417537
34.6,0.16,0.8162852135584464,0.0001400546571735793,0.0385087133330756,0.5880680238120525
34.800000000000004,0.16,0.8160314382882459,0.00013791489119492918,0.03703441186591243,0.5889043740467242
35.0,0.16,0.8157815201914058,0.00013580825095174534,0.0355643720104759,0.5897353017333584
35.2,0.16,0.8155353973233054,0.00013373411293860852,0.034098506320225576,0.5905608937364166
35.4,0.16,0.8152930092423553,0.00013169196164299583,0.0326367300787387,0.5913812350770256
35.6,0.16,0.8150542959776355,0.0001296811571703258,0.031178957173027134,0.59219640886789
35.800000000000004,0.16,0.8148191994660483,0.0001277012705269696,0.02972510600237348,0.5930064964515249
36.0,0.16,0.8145876614178924,0.00012575159769481908,0.028275090867928395,0.5938115772390947
36.2,0.16,0.8143596263518126,0.00012383186166730036,0.02682883436990023,0.5946117289759204
36.4,0.16,0.8141350371509241,0.00012194119592511415,0.02538624940759354,0.5954070273853743
36.6,0.16,0.8139138414438901,0.00012007961314425049,0.023947265165720467,0.596197546704472
36.800000000000004,0.16,0.8136959823220669,0.00011824588004703601,0.022511789447553485,0.596983358927069
37.0,0.16,0.813481411732828,0.00011644058045975023,0.021079763124632597,0.5977645349021043
37.2,0.16,0.8132700710618413,0.00011466169401093225,0.019651081282362082,0.5985411427549364
37.4,0.16,0.8130619192340239,0.00011291089184140231,0.01822570725453305,0.599313250111259
37.6,0.16,0.812856892110962,0.0001111845730524622,0.01680350764642821,0.6000809209103476
37.800000000000004,0.16,0.8126549614890771,0.00010948590219157766,0.015384490659592626,0.6008442194874434
38.0,0.16,0.8124560505771456,0.00010780907166419714,0.01396846250430645,0.6016032051253829
38.2,0.16,0.8122601580933337,0.00010615337657502005,0.012555520397373392,0.6023579353385321
38.400000000000006,0.16,0.8120671857707701,0.00010452106522717477,0.011145353310628051,0.6031084670369675
38.6,0.16,0.8118771995457316,0.00010283865449859216,0.009738210786861901,0.6038548136161289
38.800000000000004,0.16,0.8116901084668497,0.00010126133593084768,0.008333642960748948,0.6045970751769791
39.0,0.16,0.8115061927327808,9.896806267266849e-05,0.006931891598827588,0.6053348796162746
39.2,0.16,0.8113258319834177,9.782248900116873e-05,0.005533271422971086,0.6060689173126281
39.400000000000006,0.16,0.8111499481548757,9.033813135667479e-05,0.004134761202654864,0.6067955943436871
39.6,0.16,0.8109853749490277,9.44089181976232e-05,0.002748205883195379,0.6075214937100395
39.800000000000004,0.16,0.8108286656068012,5.730544976522231e-05,0.00133113053363673,0.6082190666944268
40.0,0.16,0.8108286656068012,0.0,0.0,0.6082190666944268
0.0,0.18,1.0,0.0,0.6578607063948472,0.0
0.2,0.18,1.039337736071212,0.04332138076949252,0.6578607063948472,0.0008077080799267372
0.4,0.18,1.0754169464468128,0.03184405252718094,0.5774393260888189,0.002658282060686589
0.6000000000000001,0.18,1.0882722112992034,0.02766832560354502,0.5804679017490513,0.005891553308947175
0.8,0.18,1.1022536296616943,0.02112054250909787,0.5463808100944672,0.01010620871488177
1.0,0.18,1.1075989310894239,0.01785043700604079,0.5435245753248918,0.015331983147735963
1.2000000000000002,0.18,1.1133960036473212,0.015063293576571567,0.5257197363772427,0.021346940896000265
1.4000000000000001,0.18,1.115575782219985,0.013364195443716835,0.5195022138765492,0.02810630275880105
1.6,0.18,1.1174337602247364,0.011904335264543124,0.507709597288147,0.0354426346029513
1.8,0.18,1.1174638348051729,0.010851731405074783,0.5005167671254889,0.043273357572570996
2.0,0.18,1.116986301428606,0.009910594153004606,0.4913755027779586,0.05146320289087017
2.2,0.18,1.115493643858535,0.009155648809392096,0.4841902805625257,0.059928816308529004
2.4000000000000004,0.18,1.1135603104927485,0.00847068666534554,0.4764146544738788,0.06856973373022515
2.6,0.18,1.1110427981669533,0.007887652261747546,0.4695507834274584,0.07731864398283009
2.8000000000000003,0.18,1.1082110414822364,0.007356871453920859,0.4625912472014697,0.08610642257354098
3.0,0.18,1.1050452359824,0.006889949042537896,0.45611290794180964,0.09488480911632505
3.2,0.18,1.1016820365003608,0.006464056533553485,0.4497090311353285,0.1036089599002548
3.4000000000000004,0.18,1.0981377193030881,0.0060820780670425055,0.44359845634609796,0.1122470179270422
3.6,0.18,1.0944862735773662,0.005732670442371447,0.43761219044899186,0.12077147859426561
3.8000000000000003,0.18,1.0907498749978803,0.005415407253714441,0.4318303954292699,0.1291629036878664
4.0,0.18,1.0869707837157474,0.005124126189159336,0.42617966995434503,0.1374056192089849
4.2,0.18,1.083167940965396,0.004857378414393662,0.42068675315836374,0.1454889660009662
4.4,0.18,1.0793663550241626,0.004611484954729218,0.4153174865820758,0.15340510913707575
4.6000000000000005,0.18,1.0755799489433915,0.004384858332718543,0.41007839970172444,0.1611493259278306
4.800000000000001,0.18,1.0718237508009276,0.004175101584794463,0.4049519411473191,0.16871885303305895
5.0,0.18,1.068107180352191,0.003980786812344957,0.3999373379442281,0.1761128413680035
5.2,0.18,1.0644392050578253,0.0038002375316387687,0.3950244000503428,0.18333172537517534
5.4,0.18,1.0608257684956761,0.003632255592917275,0.39021001326779503,0.19037709256385207
5.6000000000000005,0.18,1.0572720295530789,0.003475605699060701,0.3854874836707262,0.1972513251308443
5.800000000000001,0.18,1.0537814206270295,0.0033293089892028776,0.380853210442215,0.2039574721203119
6.0,0.18,1.0503566556625104,0.003192421600896082,0.37630232341625175,0.21049903937203007
6.2,0.18,1.0469994178834503,0.0030641505772542985,0.3718313838380884,0.21687988901236313
6.4,0.18,1.043710835448954,0.0029437564188025413,0.36743658371596316,0.2231041138265218
6.6000000000000005,0.18,1.0404914032038008,0.002830596756725448,0.3631148356354698,0.22917596580304872
6.800000000000001,0.18,1.037341220341873,0.0027240817907425432,0.35886302085169347,0.23509978047008806
7.0,0.18,1.0342599922504216,0.0026236890577695134,0.3546784249202327,0.24087992928172927
7.2,0.18,1.031247156964076,0.002528941850227203,0.35055841799248055,0.24652077443025788
7.4,0.18,1.02830190910936,0.0024394127730848307,0.34650062505783213,0.25202663887257204
7.6000000000000005,0.18,1.0254232714286966,0.002354712445679142,0.3425027859427931,0.2574017801042369
7.800000000000001,0.18,1.0226101204111464,0.0022744889883472784,0.33856281843621017,0.26265037252537404
8.0,0.18,1.019861228909969,0.0021984215365833774,0.3346787539862173,0.2677764931219549
8.200000000000001,0.18,1.0171752873679034,0.002126218476494213,0.3308487581457789,0.27278411213916437
8.4,0.18,1.0145509302072233,0.0020576133585470265,0.32707109881671376,0.2776770862265691
8.6,0.18,1.0119867517189567,0.001992362946424271,0.3233441501796421,0.2824591545187727
8.8,0.18,1.0094813227954387,0.0019302444281184172,0.3196663754024069,0.2871339363921204
9.0,0.18,1.0070332021882125,0.0018710536421325892,0.31603632459575604,0.29170493093262856
9.200000000000001,0.18,1.004640947217347,0.0018146030559146463,0.3124526242936044,0.29617551745512055
9.4,0.18,1.0023031214426144,0.0017607202624646116,0.30891397360695866,0.30054895698514295
9.600000000000001,0.18,1.0000183014870563,0.0017092464532543151,0.30541913712498825,0.304828394343772
9.8,0.18,0.9977850820755352,0.0016600351803565136,0.3019669408557291,0.30901686073464507
10.0,0.18,0.9956020802953952,0.0016129511714804206,0.2985562670320727,0.313117276633189
10.200000000000001,0.18,0.9934679387587352,0.0015678693226560628,0.29518605039113255,0.3171324548999973
10.4,0.18,0.9913813281502306,0.0015246737627357054,0.29185527415860263,0.3210651040086672
10.600000000000001,0.18,0.9893409490759523,0.001483257036903401,0.28856296681252536,0.32491783133820856
10.8,0.18,0.9873455334585362,0.001443519359724128,0.28530819886835546,0.3286931464732921
11.0,0.18,0.9853938454775266,0.001405367953440146,0.28209008012177444,0.3323934644858171
11.200000000000001,0.18,0.9834846821868671,0.0013687164468607828,0.2789077570177006,0.3360211091719864
11.4,0.18,0.9816168738326345,0.0013334843381663192,0.27576041031736076,0.33957831623430784
11.600000000000001,0.18,0.979789283946298,0.0012995965082309908,0.27264725291350916,0.3430672363997458
11.8,0.18,0.9780008092394961,0.0012669827832407388,0.26956752785684146,0.34648993847245857
12.0,0.18,0.9762503793456271,0.0012355775385776142,0.26652050652207543,0.3498484123205125
12.200000000000001,0.18,0.9745369564304875,0.001205319341356192,0.26350548693284304,0.3531445717987841
12.4,0.18,0.9728595347005178,0.0011761506263334854,0.2605217922085114,0.3563802576101633
12.600000000000001,0.18,0.971217139825926,0.001148017402411599,0.2575687691350572,0.3595572401076994
12.8,0.18,0.969608828297399,0.0011208689860005721,0.25464578683907607,0.3626772220395435
13.0,0.18,0.968033686729301,0.0010946577587308821,0.25175223556107046,0.3657418412380134
13.200000000000001,0.18,0.9664908311220045,0.0010693389467422729,0.2488875255149253,0.3687526732530883
13.4,0.18,0.9649794060928344,0.0010448704194272757,0.24605108582814594,0.37171123392979866
13.600000000000001,0.18,0.9634985840844127,0.0010212125055084384,0.24324236355395823,0.37461898192804377
13.8,0.18,0.9620475645573412,0.0009983278247107643,0.24046082274996533,0.377477321182636
14.0,0.18,0.9606255731734733,0.000976181133387512,0.23770594361691041,0.38028760330072986
14.200000000000001,0.18,0.9592318609748629,0.0009547391826954081,0.23497722169291826,0.3830511298933495
14.4,0.18,0.9578657035629258,0.0009339705880363658,0.23227416709835505,0.3857691548374557
14.600000000000001,0.18,0.9565264002815779,0.0009138457086516767,0.22959630382744478,0.3884428864649121
14.8,0.18,0.9552132734076775,0.0008943365363615836,0.22694316908288723,0.391073489674798
15.0,0.18,0.9539256673515829,0.0008754165925682294,0.2243143126503277,0.39366208796575963
15.200000000000001,0.18,0.9526629478702704,0.0008570608327341719,0.2217092963097254,0.39620976538549213
15.4,0.18,0.9514245012951194,0.0008392455576437283,0.21912769328106113,0.3987175683949476
15.600000000000001,0.18,0.9502097337761587,0.0008219483308303609,0.216569087702035,0.40118650764547376
15.8,0.18,0.9490180705443012,0.0008051479016268382,0.21403307413566694,0.4036175596677635
16.0,0.18,0.9478489551928689,0.0007888241333552928,0.21151925710591668,0.40601166847221076
16.2,0.18,0.9467018489794675,0.0007729579362345837,0.20902725065959502,0.40836974706100715
16.400000000000002,0.18,0.9455762301490805,0.0007575312046253773,0.2065566779530168,0.41069267885304006
16.6,0.18,0.9444715932790506,0.0007425267582797048,0.20410717086197178,0.41298131902335533
16.8,0.18,0.9433874486464591,0.0007279282873003995,0.20167836961370136,0.41523649575960697
17.0,0.18,0.942323321618215,0.0007137203005441928,0.1992699224396586,0.4174590114384998
17.2,0.18,0.9412787520640479,0.0006998880772344567,0.19688148524795052,0.4196496437257574
17.400000000000002,0.18,0.9402532937924163,0.0006864176215707573,0.19451272131438743,0.42180914660357166
17.6,0.18,0.9392465140092408,0.0006732956201443357,0.19216330099114573,0.4239382513298396
17.8,0.18,0.9382579927992312,0.0006605094019874902,0.18983290143212903,0.426037667333738
18.0,0.18,0.9372873226294566,0.000648046901096727,0.18752120633410613,0.4281080830523489
18.2,0.18,0.9363341078747407,0.0006358966212840041,0.1852279056927891,0.4301501667131151
18.400000000000002,0.18,0.9353979643643374,0.0006240476032220653,0.18295269557303828,0.43216456706689527
18.6,0.18,0.9344785189492897,0.0006124893935564258,0.18069527789240045,0.4341519140762964
18.8,0.18,0.93357540908981,0.0006012120159659704,0.1784553602172372,0.4361128195638053
19.0,0.18,0.932688282461949,0.00059020594406146,0.17623265557070109,0.4380478778240294
19.200000000000003,0.18,0.9318167965828077,0.0005794620760143761,0.1740268822518838,0.43995766620408566
19.400000000000002,0.18,0.9309606184534914,0.0005689717108163925,0.1718377636654466,0.4418427456558892
19.6,0.18,0.9301194242189889,0.0005587265260738656,0.16966502816108925,0.44370366126375055
19.8,0.18,0.9292928988441609,0.000548718557243605,0.1675084088822425,0.44554094275035266
20.0,0.18,0.9284807358050055,0.0005389401782249585,0.16536764362337772,0.4473551049638179
20.200000000000003,0.18,0.9276826367943711,0.000529384083220738,0.1632424746953743,0.44914664834821694
20.400000000000002,0.18,0.9268983114413166,0.0005200432697887193,0.16113264879838982,0.45091605939952367
20.6,0.18,0.9261274770433106,0.0005109110230067475,0.15903791690171823,0.45266381110867654
20.8,0.18,0.925369858310497,0.0005019809006771173,0.15695803413013937,0.4543903633930867
21.0,0.18,0.9246251871212952,0.0004932467194989017,0.1548927596562916,0.4560961635176403
21.200000000000003,0.18,0.9238932022886042,0.00048470254214364063,0.15284185659863173,0.45778164650596026
21.400000000000002,0.18,0.9231736493359313,0.0004763426651696563,0.15080509192455388,0.4594472355424606
21.6,0.18,0.9224662802828127,0.0004681616077141309,0.1487822363582772,0.4610933423655086
21.8,0.18,0.9217708534389046,0.0004601541009063859,0.14677306429314108,0.46272036765182084
22.0,0.18,0.9210871332061834,0.000452315077947823,0.14477735370795786,0.46432870139208837
22.200000000000003,0.18,0.9204148898887403,0.00044463966480834995,0.14279488608710977,0.4659187232576787
22.400000000000002,0.18,0.9197538995096558,0.0004371231714910922,0.140825446344089,0.46749080295820267
22.6,0.18,0.9191039436345425,0.00042976108381954887,0.13886882274821272,0.46904530058963567
22.8,0.18,0.9184648092013189,0.00042254905570672676,0.13692480685426256,0.47058256697268086
23.0,0.18,0.9178362883558628,0.00041548290186740086,0.13499319343481442,0.47210294398101554
23.200000000000003,0.18,0.9172181782932045,0.0004085585909357727,0.1330737804150542,0.47360676485908587
23.400000000000002,0.18,0.9166102811039621,0.00040177223895656894,0.1311663688098906,0.47509435452912935
23.6,0.18,0.9160124036257556,0.0003951201032191369,0.12927076266319099,0.47656602988714436
23.8,0.18,0.915424357299359,0.00038859857640402866,0.12738676898899476,0.4780221000875695
24.0,0.18,0.9148459580293886,0.0003822041810194967,0.12551419771455335,0.47946286681650224
24.200000000000003,0.18,0.9142770260493421,0.00037593356410281297,0.12365286162508468,0.48088862455334225
24.400000000000002,0.18,0.9137173857908231,0.0003697834921645797,0.12180257631013588,0.4822996608208164
24.6,0.18,0.9131668657568252,0.000363750846358384,0.11996316011144986,0.4836962564234188
24.8,0.18,0.9126252983989416,0.0003578326178589338,0.11813443407225904,0.48507868567435847
25.0,0.18,0.9120925199983951,0.00035202590343191137,0.1163162218879259,0.486447216611188
25.200000000000003,0.18,0.9115683705508049,0.00034632790118263774,0.11450834985787235,0.48780211120034617
25.400000000000002,0.18,0.9110526936545935,0.00034073590647259815,0.11271064683873704,0.4891436255309117
25.6,0.18,0.9105453364029716,0.0003352473079925781,0.11092294419871242,0.490472009997919
25.8,0.18,0.9100461492794251,0.00032985958398273386,0.1091450757730108,0.49178750947564137
26.0,0.18,0.9095549860566435,0.00032457029859210833,0.10737687782043916,0.49309036348128576
26.200000000000003,0.18,0.9090717036988363,0.000319377098372189,0.10561818898102092,0.49438080632958165
26.400000000000002,0.18,0.9085961622673673,0.00031427770889630387,0.10386885023465663,0.495659067278775
26.6,0.18,0.9081282248296624,0.000309269931500885,0.10212870486078207,0.49692537066855613
26.8,0.18,0.9076677573713262,0.00030435164014533443,0.10039759839899524,0.4981799360504698
27.0,0.18,0.9072146287114028,0.0002995207783854377,0.09867537861063522,0.49942297831135524
27.200000000000003,0.18,0.9067687104207339,0.00029477535645767793,0.09696189544127222,0.5006547077903661
27.400000000000002,0.18,0.9063298767433334,0.0002901134484727048,0.09525700098410024,0.5018753303901174
27.6,0.18,0.9058980045207159,0.0002855331897156299,0.09356054944418427,0.503085047682484
27.8,0.18,0.9054729731191131,0.0002810327740496247,0.09187239710356353,0.5042840570095647
28.0,0.18,0.9050546643594922,0.0002766104514235478,0.09019240228714862,0.5054725515803027
28.200000000000003,0.18,0.9046429624503016,0.00027226452548058416,0.08852042532940894,0.506650720563219
28.400000000000002,0.18,0.9042377539228615,0.0002679933512665609,0.08685632854181273,0.5078187491756914
28.6,0.18,0.9038389275693078,0.0002637953330385501,0.085199976180987,0.5089768187701779
28.8,0.18,0.9034463743829982,0.00025966892216761815,0.08355123441754575,0.5101251069177415
29.0,0.18,0.9030599875013012,0.0002556126151404597,0.0819099713056072,0.51126378748921
29.200000000000003,0.18,0.9026796621506442,0.0002516249516521847,0.0802760567528696,0.5123930307342457
29.400000000000002,0.18,0.9023052955937602,0.0002477045127948671,0.07864936249134163,0.5135130033585872
29.6,0.18,0.9019367870789877,0.00024384991933169186,0.07702976204851185,0.5146238685996654
29.8,0.18,0.9015740377915885,0.00024005983006675414,0.07541713071916299,0.5157257863007743
30.0,0.18,0.9012169508068915,0.00023633294028888735,0.07381134553743851,0.5168189129839319
30.200000000000003,0.18,0.9008654310452932,0.0002326679803164796,0.07221228524965133,0.5179034019215422
30.400000000000002,0.18,0.9005193852288366,0.00022906371409862984,0.07061983028701904,0.518979403206923
30.6,0.18,0.9001787218395255,0.00022551893792969872,0.06903386273940978,0.5200470638237559
30.8,0.18,0.899843351078916,0.00022203247918529555,0.06745426632844082,0.5211065277144565
31.0,0.18,0.8995131848294278,0.00021860319520786855,0.06588092638224972,0.5221579358474868
31.200000000000003,0.18,0.8991881366165065,0.0002152299721483902,0.06431372980847093,0.5232014262835327
31.400000000000002,0.18,0.8988681215726859,0.000211911724032736,0.06275256507037591,0.5242371342405692
31.6,0.18,0.8985530564018355,0.0002086473916577331,0.06119732215890725,0.5252651921576363
31.8,0.18,0.8982428593458799,0.0002054359418809258,0.05964789257105072,0.5262857297574297
32.0,0.18,0.8979374501505006,0.00020227636647421747,0.058104169279372814,0.5272988741073384
32.2,0.18,0.8976367500347033,0.00019916768173769571,0.056566046714597626,0.5283047496792398
32.4,0.18,0.8973406816570318,0.00019610892712997022,0.05503342072952737,0.5293034784073727
32.6,0.18,0.8970491690887274,0.00019309916543226252,0.053506188590108014,0.5302951797450172
32.800000000000004,0.18,0.8967621377788018,0.0001901374807908593,0.05198424892732111,0.5312799707186756
33.0,0.18,0.8964795145326562,0.00018722297992393685,0.05046750174581566,0.5322579659813924
33.2,0.18,0.896201227472844,0.00018435478882955874,0.048955848350487545,0.5332292778626065
33.4,0.18,0.895927206027308,0.00018153205608078982,0.047449191391742175,0.5341940164180684
33.6,0.18,0.8956573808794392,0.00017875394665510711,0.045947434739069634,0.5351522894744967
33.800000000000004,0.18,0.8953916839748491,0.00017601964952175766,0.04445048360290521,0.5361042026764793
34.0,0.18,0.8951300484475503,0.00017332836537437276,0.042958244297323166,0.5370498595245916
34.2,0.18,0.8948724086640678,0.0001706793231414605,0.04147062452214341,0.5379893614205173
34.4,0.18,0.8946187000983324,0.00016807175489971218,0.03998753289373641,0.5389228076962265
34.6,0.18,0.8943688594526079,0.00016550493100718998,0.03850887956241069,0.5398502956602702
34.800000000000004,0.18,0.894122824423849,0.00016297810814692017,0.037034575258123766,0.5407719206133528
35.0,0.18,0.8938805339841579,0.0001604906033941628,0.03556453260947145,0.5416877759022376
35.2,0.18,0.8936419279188434,0.00015804168598952456,0.03409866417438104,0.5425979529122249
35.4,0.18,0.8934069474396197,0.00015563073285830437,0.03263688522746229,0.5435025411422896
35.6,0.18,0.8931755342436822,0.0001532570025900756,0.031179109666267645,0.5444016281548114
35.800000000000004,0.18,0.8929476318223996,0.00015091996140197608,0.029725255872466494,0.5452952997004533
36.0,0.18,0.8927231835163985,0.00014861881054501725,0.02827523817039781,0.5461836395841819
36.2,0.18,0.8925021352796955,0.00014635316893152578,0.026828979124497353,0.5470667298992905
36.4,0.18,0.892284431630923,0.00014412208449392133,0.02538639168367413,0.5479446507242447
36.6,0.18,0.8920700214656344,0.00014192546239197271,0.02394740495886864,0.5488174805891526
36.800000000000004,0.18,0.8918588495991544,0.0001397619980138898,0.0225119268581209,0.5496852958255558
37.0,0.18,0.8916508689675997,0.00013763215531899025,0.021079898100410464,0.5505481715177476
37.2,0.18,0.8914460229352118,0.00013553386597099426,0.019651213990052555,0.5514061801410143
37.4,0.18,0.891244270903624,0.00013346864699201517,0.01822583755121155,0.5522593934813198
37.6,0.18,0.8910455512878407,0.0001314328803029491,0.01680363583183884,0.553107879879494
37.800000000000004,0.18,0.8908498353772938,0.00012942947209426575,0.015384616470269206,0.553951707727511
38.0,0.18,0.8906570499694049,0.00012745255365475026,0.013968586423587547,0.5547909407410558
38.2,0.18,0.8904671915944249,0.0001255007432958682,0.012555642530166104,0.555625640525454
38.400000000000006,0.18,0.8902801656866551,0.0001235753438348707,0.011145473426489224,0.5564558675436682
38.6,0.18,0.8900960362501803,0.00012159995994454166,0.009738335489747136,0.5572816417014139
38.800000000000004,0.18,0.8899146969869933,0.00011972124242638965,0.008333758678104774,0.5581030558344582
39.0,0.18,0.8897364684708594,0.00011709978290799544,0.0069320711882838075,0.558919771539506
39.2,0.18,0.889561506034977,0.00011554096851064227,0.005533351837613654,0.5597323690292835
39.400000000000006,0.18,0.8893913406216807,0.00010733783774628282,0.004135407221903661,0.5605374921198621
39.6,0.18,0.8892309261627304,0.00011022575819456834,0.0027478431449911925,0.5613407871051357
39.800000000000004,0.18,0.889083655620332,6.542673246205777e-05,0.0013345666771595217,0.5621138797078079
40.0,0.18,0.889083655620332,0.0,0.0,0.5621138797078079
0.0,0.2,1.0,0.0,0.6537027272777827,0.0
0.2,0.2,1.0370535656864335,0.03954509107026332,0.6537027272777827,0.0003244604341006983
0.4,0.2,1.0717997595772906,0.02953459372811676,0.578658337098263,0.001142388859139842
0.6000000000000001,0.2,1.0863182193660403,0.026098242762875503,0.5809099016261415,0.0026944123103423553
0.8,0.2,1.1021967682945402,0.020076378839113083,0.5470854871254446,0.00485650294579008
1.0,0.2,1.1099745334629665,0.01709027342607668,0.5438723154604864,0.007692065487165916
1.2000000000000002,0.2,1.1183365207537186,0.01452214338876724,0.5260136226094998,0.011122689252153435
1.4000000000000001,0.2,1.1232801865751758,0.012974815492561798,0.5196747942238273,0.015151944932332384
1.6,0.2,1.1279647174030227,0.011648152554692896,0.5078544836548311,0.019705326905092274
1.8,0.2,1.1308787985485673,0.010699023536112746,0.5006160801270283,0.02474571438210458
2.0,0.2,1.133261989174594,0.009848855738975799,0.4914622699420982,0.03019648464717531
2.2,0.2,1.1345903271600872,0.009167027910144315,0.4842566707940595,0.03600447051247239
2.4000000000000004,0.2,1.1353927073592005,0.008544791606087907,0.47647373289704514,0.042100453505532015
2.6,0.2,1.1355146305808126,0.008012493687121152,0.46959921264774046,0.048431746358406705
2.8000000000000003,0.2,1.1352044471731308,0.00752416371056047,0.4626346111328023,0.05494176488869238
3.0,0.2,1.1344387188405067,0.007091369335177537,0.4561499918804473,0.06158573764944484
3.2,0.2,1.1333469593862215,0.0066933292389540515,0.44974237466917655,0.06832028831424296
3.4000000000000004,0.2,1.131947187307617,0.006333384401990488,0.4436277457181271,0.07511047432336983
3.6,0.2,1.130314052860974,0.006001421836829065,0.43763865736323043,0.08192449262893459
3.8000000000000003,0.2,1.1284745378613037,0.00569754100674507,0.43185406236395757,0.08873656364913321
4.0,0.2,1.126475306720403,0.005416364166608303,0.4262011801138409,0.09552419400178798
4.2,0.2,1.1243414582199156,0.00515689692291427,0.4207062300817173,0.10226919301003204
4.4,0.2,1.1221038644799881,0.004915980489210336,0.4153352948425221,0.10895620237775624
4.6000000000000005,0.2,1.119782895743874,0.004692381519022203,0.41009467540891303,0.115572931645857
4.800000000000001,0.2,1.117399702751633,0.004484056341195404,0.4049669085889796,0.1221093252318533
5.0,0.2,1.114969862341613,0.004289840114357807,0.39995111730385635,0.12855750533569935
5.2,0.2,1.112508140944717,0.004108299790962985,0.39503713973525006,0.13491127183862972
5.4,0.2,1.1100260768664312,0.003938427892740531,0.390221811683644,0.14116595988919017
5.6000000000000005,0.2,1.1075340588210334,0.003779158293695557,0.38549844494100044,0.14731812347669648
5.800000000000001,0.2,1.1050404582619424,0.00362964850515843,0.38086341292313947,0.15336538862889634
6.0,0.2,1.1025525801621623,0.003489072777879898,0.3763118434593872,0.15930624495222276
6.2,0.2,1.1000763938090288,0.003356734922100926,0.37184028336202546,0.16513992125606589
6.4,0.2,1.0976169963564057,0.0032319780605322215,0.3674449205517036,0.17086624445671747
6.6000000000000005,0.2,1.0951785648251409,0.0031142281004359045,0.36312265880478384,0.17648554266574748
6.800000000000001,0.2,1.0927646004077896,0.003002953004849626,0.35887037521940585,0.18199854817060496
7.0,0.2,1.090377954346785,0.002897678221688351,0.3546853495442444,0.18740632520920678
7.2,0.2,1.0880209678588435,0.0027979672972392516,0.3505649483197028,0.19271020275880615
7.4,0.2,1.0856955162341884,0.002703426226984645,0.34650679246518334,0.1979117221508729
7.6000000000000005,0.2,1.083403095375759,0.0026136934991329826,0.3425086188454948,0.20301259043714992
7.800000000000001,0.2,1.0811448645862174,0.0025284402771817305,0.3385683422652202,0.2080146431070153
8.0,0.2,1.078921703507981,0.002447364777888949,0.33468399179581765,0.2129198118214396
8.200000000000001,0.2,1.0767342479383628,0.0023701910557065047,0.330853730730982,0.21773009828147968
8.4,0.2,1.0745829290096165,0.002296665494180102,0.32707582507725097,0.22244755204500422
8.6,0.2,1.0724680014156995,0.002226555268133373,0.32334864726553225,0.22707425247055732
8.8,0.2,1.0703895711953502,0.002159645951240585,0.3196706589506243,0.2316122936111358
9.0,0.2,1.0683476173621882,0.0020957400464321606,0.3160404088653641,0.23606377192151337
9.200000000000001,0.2,1.0663420119933318,0.002034655241173979,0.31245652233015897,0.24043077610060495
9.4,0.2,1.0643725365813013,0.0019762231254291367,0.3089176973567506,0.2447153788595938
9.600000000000001,0.2,1.0624388967415792,0.0019202878600772582,0.30542269755490004,0.24891963020096788
9.8,0.2,1.060540734495827,0.0018667050992370508,0.30197034804627493,0.25304555201341944
10.0,0.2,1.0586776391268478,0.0018153409444241345,0.29855953026774623,0.25709513371853204
10.200000000000001,0.2,1.0568491563797384,0.0017660710529456768,0.29518917823507845,0.2610703288139784
10.4,0.2,1.055054796514434,0.0017187798019883788,0.29185827452229607,0.2649730521421021
10.600000000000001,0.2,1.053294041189128,0.0016733595557494152,0.2885658470154591,0.26880517777027224
10.8,0.2,1.0515663494505816,0.00162970999014872,0.28531096569264897,0.272568537372249
11.0,0.2,1.0498711628770412,0.0015877374916986086,0.28209273985994837,0.2762649190320992
11.200000000000001,0.2,1.0482079100365687,0.001547354608234013,0.2789103155159974,0.279896066399801
11.4,0.2,1.046576010319984,0.0015084795557551143,0.275762873014139,0.28346367814646495
11.600000000000001,0.2,1.0449748772513925,0.0014710357694503213,0.27264962487395383,0.2869694076742318
11.8,0.2,1.0434039213308177,0.001434951498465402,0.2695698138039931,0.29041486304682723
12.0,0.2,1.041862552477918,0.0014001594373388828,0.26652271086488727,0.29380160711189424
12.200000000000001,0.2,1.0403501821218915,0.001366596392099788,0.2635076137914208,0.29713115779233756
12.4,0.2,1.0388662249858993,0.0013342029763837443,0.26052384543698065,0.3004049885270561
12.600000000000001,0.2,1.0374101006017393,0.0013029233352402304,0.25757075234223653,0.3036245288446269
12.8,0.2,1.0359812345898143,0.0012727048933324871,0.25464770340726056,0.30679116505515064
13.0,0.2,1.0345790597322668,0.0012434981253508022,0.25175408866308946,0.3099062410469721
13.200000000000001,0.2,1.0332030168653268,0.0012152563461689397,0.2488893181296867,0.31297105917572976
13.4,0.2,1.0318525556125542,0.0011879355188630539,0.2460528207548129,0.31598688123382257
13.600000000000001,0.2,1.0305271349787175,0.0011614940786860172,0.24324404342490769,0.31895492948868953
13.8,0.2,1.029226223821235,0.001135892771435377,0.24046245004265204,0.3218763877785907
14.0,0.2,1.0279493012143788,0.0011110945047268926,0.23770752066474507,0.32475240265478056
14.200000000000001,0.2,1.026695856719517,0.0010870642108999165,0.23497875069526197,0.3275840845592206
14.4,0.2,1.0254653905732791,0.0010637687203826037,0.23227565012971083,0.330372509027261
14.600000000000001,0.2,1.0242574138041416,0.0010411766445005686,0.22959774284592546,0.33311871790510983
14.8,0.2,1.0230714482868062,0.00101925826680497,0.22694456593802773,0.3358237205723602
15.0,0.2,1.0219070267427444,0.0009979854421100346,0.2243156690903002,0.3384884951604124
15.200000000000001,0.2,1.0207636926944095,0.0009773315025162414,0.2217106139880088,0.3411139897582826
15.4,0.2,1.0196410003797882,0.0009572711697823485,0.21912897376261745,0.34370112359803057
15.600000000000001,0.2,1.0185385146333357,0.0009377804734789731,0.21657033246902826,0.3462507882128535
15.8,0.2,1.0174558107386769,0.0009188366744248826,0.2140342845927682,0.34876384856176823
16.0,0.2,1.0163924742579045,0.0009004181929627866,0.21152043458522324,0.35124114411572455
16.2,0.2,1.0153481008418268,0.0008825045416900324,0.20902839642519955,0.35368348990093207
16.400000000000002,0.2,1.0143222960249996,0.0008650762622971017,0.2065577932052505,0.3560916774961248
16.6,0.2,1.0133146750090343,0.0008481148662109761,0.20410825674134686,0.35846647598142317
16.8,0.2,1.0123248624372017,0.0008316027787783563,0.20167942720457493,0.36080863283734965
17.0,0.2,1.0113524921630648,0.0008155232867486032,0.19927095277364137,0.36311887479339355
17.2,0.2,1.0103972070154765,0.0007998604888469115,0.19688248930707575,0.36539790862631616
17.400000000000002,0.2,1.009458658562029,0.0007845992492474299,0.1945137000340597,0.3676464219090853
17.6,0.2,1.0085365068727012,0.0007697251537760254,0.19216425526288344,0.3698650837119575
17.8,0.2,1.0076304202852362,0.0007552244686904656,0.18983383210611798,0.37205454525775417
18.0,0.2,1.0067400751734983,0.0007410841018950593,0.18752211422157689,0.37421544053381633
18.2,0.2,1.0058651557198717,0.0007272915664593207,0.18522879156822983,0.3763483868634716
18.400000000000002,0.2,1.0050053536925225,0.0007138349463210639,0.18295356017625708,0.37845398544008835
18.6,0.2,1.0041603682282292,0.0007007028640590976,0.18069612193044599,0.3805328218269572
18.8,0.2,1.0033299056212248,0.0006878844506288007,0.17845618436619068,0.3825854664263206
19.0,0.2,1.0025136791184552,0.0006753693169576606,0.17623346047734703,0.3846124749208643
19.200000000000003,0.2,1.0017114087214667,0.0006631475273019702,0.17402766853526883,0.3866143886909248
19.400000000000002,0.2,1.0009228209950305,0.0006512095742736691,0.17183853191833667,0.3885917352105353
19.6,0.2,1.000147648882528,0.0006395463554430589,0.1696657789513305,0.39054502842526
19.8,0.2,0.999385631528061,0.0006281491514308833,0.1675091427540355,0.39247476911454554
20.0,0.2,0.9986365141051213,0.0006170096054070546,0.1653683610984685,0.39438144524107227
20.200000000000003,0.2,0.9979000476516702,0.0006061197039105375,0.16324317627417345,0.3962655322893194
20.400000000000002,0.2,0.9971759889113769,0.0005954717589131349,0.1611333349610206,0.3981274935952706
20.6,0.2,0.9964641001807727,0.0005850583910516767,0.1590385881090017,0.3999677806689012
20.8,0.2,0.9957641491620154,0.0005748725139524516,0.1569586908245212,0.401786833510792
21.0,0.2,0.9950759088209815,0.0005649073195775635,0.1548934022627138,0.4035850809239462
21.200000000000003,0.2,0.9943991572503563,0.000555156264525498,0.15284248552535604,0.4053629408216072
21.400000000000002,0.2,0.9937336775374253,0.0005456130572203813,0.15080570756393802,0.4071208205316324
21.6,0.2,0.993079257636237,0.000536271645926739,0.14878283908750817,0.4088591170977479
21.8,0.2,0.992435690243853,0.0005271262075301035,0.14677365447493107,0.4105782175778006
22.0,0.2,0.9918027726803855,0.0005181711370267315,0.14477793169120134,0.412278499338956
22.200000000000003,0.2,0.99118030677255,0.0005094010376690617,0.14279545220750875,0.4139603303496254
22.400000000000002,0.2,0.9905680987404779,0.0005008107117154445,0.14082600092474518,0.415624069467795
22.6,0.2,0.989965959087563,0.000492395151735844,0.13886936610019135,0.4172700667253196
22.8,0.2,0.9893737024931125,0.0004841495324293131,0.13692533927712858,0.4188986636076858
23.0,0.2,0.988791147707627,0.00047606920291139035,0.13499371521714348,0.42051019332869277
23.200000000000003,0.2,0.9882181174505403,0.00046814967943103607,0.13307429183491812,0.4221049810994796
23.400000000000002,0.2,0.9876544383102712,0.0004603866384823567,0.1311668701353222,0.4236833443913268
23.6,0.2,0.9870999406464633,0.0004527759102771939,0.1292712541526257,0.4252455931916724
23.8,0.2,0.98655445849433,0.0004453134725464966,0.12738725089169273,0.42679203025282003
24.0,0.2,0.9860178294709973,0.000437995444645179,0.12551467027100255,0.42832295133285797
24.200000000000003,0.2,0.9854898946838081,0.0004308180819329167,0.12365332506738458,0.42983864542836636
24.400000000000002,0.2,0.9849704986405252,0.00042377777040817055,0.12180303086236495,0.4313393949985548
24.6,0.2,0.9844594891614136,0.00041687102157483114,0.11996360599001549,0.43282547618055306
24.8,0.2,0.9839567172931791,0.00041009446752417905,0.1181348714862313,0.4342971589956376
25.0,0.2,0.9834620372247594,0.00040344485621359675,0.11631665103935654,0.43575470754627116
25.200000000000003,0.2,0.98297530620497,0.0003969190469286724,0.1145087709420985,0.43719838020390067
25.400000000000002,0.2,0.9824963844620154,0.0003905140059162883,0.112711060044671,0.4386284297875415
25.6,0.2,0.9820251351248812,0.0003842268021773584,0.11092334970911759,0.44004510373324607
25.8,0.2,0.9815614241466226,0.00037805460340908757,0.10914547376476466,0.4414486442546282
26.0,0.2,0.9811051202295786,0.00037199467208847575,0.10737726846478361,0.44283928849467297
26.200000000000003,0.2,0.9806560947525212,0.00036604436169227394,0.10561857244380018,0.44421726866912864
26.400000000000002,0.2,0.980214221699769,0.000360201113044901,0.10386922667654393,0.4455828122018188
26.6,0.2,0.9797793775922798,0.00035446245079026655,0.10212907443749482,0.4469361418522633
26.8,0.2,0.9793514414207347,0.0003488259799850604,0.10039796126149943,0.4482774758360271
27.0,0.2,0.9789302945806263,0.00034328938280824223,0.09867573490533971,0.449607027938251
27.200000000000003,0.2,0.9785158208093552,0.00033785041538441545,0.09696224531021311,0.4509250076208289
27.400000000000002,0.2,0.9781079061253362,0.00033250690472125103,0.09525734456511573,0.4522316201237225
27.6,0.2,0.9777064387690975,0.00032725674575663944,0.09356088687108031,0.45352706656089065
27.8,0.2,0.9773113091463753,0.00032209789851463696,0.09187272850627168,0.45481154401133367
28.0,0.2,0.9769224097731675,0.00031702838537069815,0.09019272779187483,0.4560852456057195
28.200000000000003,0.2,0.9765396352227335,0.00031204628842347744,0.08852074505877533,0.457348360609063
28.400000000000002,0.2,0.9761628820744964,0.0003071497469732574,0.08685664261499171,0.4586010744999078
28.6,0.2,0.9757920488648116,0.00030233695510691115,0.08520028471382815,0.4598435690464232
28.8,0.2,0.9754270360395567,0.0002976061593842688,0.08355153752269714,0.4610760223798241
29.0,0.2,0.9750677459084977,0.00029295565663154966,0.08191026909262952,0.4622986090654677
29.200000000000003,0.2,0.9747140826013492,0.0002883837918334001,0.08027634932834542,0.463511500171971
29.400000000000002,0.2,0.9743659520255149,0.00028388895612938204,0.07864964995897838,0.4647148633386322
29.6,0.2,0.9740232618253848,0.000279469584904376,0.07703004450924048,0.4659088628414307
29.8,0.2,0.9736859213431878,0.00027512415598312373,0.0754174082712314,0.46709365965782057
30.0,0.2,0.9733538415812467,0.000270851187908238,0.07381161827650105,0.4682694115305098
30.200000000000003,0.2,0.973026935165676,0.0002666492383267359,0.07221255326885324,0.4694362730303796
30.400000000000002,0.2,0.972705116311289,0.0002625169024433263,0.07062009367707893,0.4705943956186505
30.6,0.2,0.9723883007878772,0.0002584528115937685,0.06903412158869528,0.4717439277083993
30.8,0.2,0.9720764058874427,0.0002544556318501956,0.06745452072304613,0.47288501472544664
31.0,0.2,0.9717693503928103,0.00025052406278176613,0.0658811764060624,0.4740177991686829
31.200000000000003,0.2,0.9714670545468307,0.0002466568361829252,0.06431397554324662,0.47514242066976775
31.400000000000002,0.2,0.9711694400231479,0.00024285271502832347,0.06275280659579516,0.476259016052256
31.6,0.2,0.9708764298969519,0.00023911049227340062,0.06119755955265183,0.4773677193899841
31.8,0.2,0.9705879486178511,0.0002354289900424312,0.05964812590884602,0.4784686620648146
32.0,0.2,0.9703039219816204,0.0002318070584061806,0.05810439863507306,0.47956197282341445
32.2,0.2,0.9700242771053798,0.00022824357489716085,0.0565662721602048,0.4806477778333121
32.4,0.2,0.9697489423994905,0.00022473744308846693,0.05503364233530112,0.4817262007376338
32.6,0.2,0.9694778475457424,0.0002212875926514645,0.0535064064245389,0.4827973627091161
32.800000000000004,0.2,0.9692109234678936,0.00021789297738252663,0.05198446305729771,0.48386138250224614
33.0,0.2,0.9689481023146076,0.0002145525762736193,0.05046771223650665,0.484918376504899
33.2,0.2,0.9686893174257177,0.00021126539026807345,0.04895605526563281,0.48596845878719797
33.4,0.2,0.9684345033237793,0.0002080304453454053,0.0474493947933481,0.48701174115059503
33.6,0.2,0.9681835956701551,0.00020484678652099076,0.04594763468796251,0.48804833317255697
33.800000000000004,0.2,0.9679365312734473,0.00020171348505897583,0.04445068015804015,0.4890783422532619
34.0,0.2,0.9676932480232252,0.0001986296266241832,0.04295843751689009,0.4901018736547933
34.2,0.2,0.9674536849327579,0.00019559432706743992,0.04147081446206962,0.49111903054635153
34.4,0.2,0.9672177820250273,0.0001926067082732072,0.03998771960995224,0.49212991403574097
34.6,0.2,0.9669854804463125,0.00018966593182916935,0.03850906310766827,0.493134623215473
34.800000000000004,0.2,0.9667567222515248,0.00018677114907602867,0.037034755686692206,0.49413325518238566
35.0,0.2,0.9665314506651966,0.00018392157216501014,0.03556470997043467,0.4951259050900316
35.2,0.2,0.9663096096553504,0.0001811163700758992,0.03409883852142105,0.4961126661481409
35.4,0.2,0.9660911445021608,0.00017835481789083544,0.032637056604789605,0.4970936296928714
35.6,0.2,0.9658760009284406,0.00017563607969702986,0.03117927812905806,0.49806888514911524
35.800000000000004,0.2,0.9656641263116307,0.0001729595215412165,0.029725421457372305,0.4990385201430011
36.0,0.2,0.96545546788515,0.00017032425753337702,0.028275400938292884,0.5000026203917497
36.2,0.2,0.9652499752968696,0.00016772980532570085,0.026829139098712276,0.5009612699093918
36.4,0.2,0.9650475968637076,0.00016517513658414643,0.025386548939446526,0.5019145507506282
36.6,0.2,0.9648482849502548,0.00016266004847682725,0.023947559494092725,0.502862543415658
36.800000000000004,0.2,0.9646519881442096,0.00016018317833039862,0.022512078780422978,0.5038053262949669
37.0,0.2,0.9644586625464949,0.0001577448633903266,0.021080047357595354,0.504742976489921
37.2,0.2,0.9642682553984468,0.00015534300939482694,0.019651360759397527,0.5056755686445098
37.4,0.2,0.9640807287855427,0.00015297896051292648,0.018225981686187047,0.5066031765947352
37.6,0.2,0.9638960253447973,0.00015064912180454598,0.016803777650664476,0.5075258709976378
37.800000000000004,0.2,0.9637141181976754,0.0001483561073751358,0.01538475570641694,0.5084437223098223
38.0,0.2,0.9635349389921649,0.0001460940580167424,0.013968723598473341,0.5093567967056905
38.2,0.2,0.9633584846254256,0.0001438609354843056,0.012555777813177585,0.5102651580380542
38.400000000000006,0.2,0.963184664727933,0.00014165711986620082,0.011145606659972579,0.5111688686382508
38.6,0.2,0.9630135432741432,0.00013940419447879842,0.009738474052202168,0.5120679533008937
38.800000000000004,0.2,0.9628449981876991,0.0001372388199680248,0.008333888802676655,0.5129624977278534
39.0,0.2,0.9626793811850918,0.00013431234827211399,0.006932273088316529,0.5138521955046003
39.2,0.2,0.9625166290504419,0.0001323502459853321,0.005533455808339412,0.5147375292666211
39.400000000000006,0.2,0.9623587647403832,0.00012349667460953887,0.004136151582746046,0.515615375451421
39.6,0.2,0.9622088447553279,0.0001250827550437166,0.0027475489635736547,0.5164905147028609
39.800000000000004,0.2,0.9620758992059084,7.293152296728854e-05,0.001339014144135149,0.5173342238030225
40.0,0.2,0.9620758992059084,0.0,0.0,0.5173342238030225
0.0,0.22,1.0,0.0,0.6499264109400921,0.0
0.2,0.22,1.0347781101498688,0.03595610173647539,0.6499264109400921,0.00012707731928340008
0.4,0.22,1.0678977776418603,0.027228708676593452,0.5797284774719056,0.0004771849982169968
0.6000000000000001,0.22,1.083241535654006,0.024412491045022747,0.5812822439546852,0.001194744426053856
0.8,0.22,1.10008120935348,0.01888099602503446,0.5477380845777379,0.0022589890031216456
1.0,0.22,1.1092469870016581,0.016150217012425333,0.544195891433432,0.003730813712198635
1.2000000000000002,0.22,1.11912538171789,0.01378109481713282,0.5262909227988738,0.005597776550190728
1.4000000000000001,0.22,1.125784484118643,0.012368599616988555,0.5198385238567036,0.007885005288688034
1.6,0.22,1.132303799408302,0.011162950006211717,0.5079923969629163,0.010571999298820052
1.8,0.22,1.1371728719406486,0.010309377210626282,0.5007111936986368,0.013653198462079944
2.0,0.22,1.141577404895371,0.00954651881326917,0.4915456163748525,0.017095809426362324
2.2,0.22,1.1449766761381115,0.008937644312261,0.4843208805418785,0.02087541284043661
2.4000000000000004,0.22,1.1478614396019176,0.00838098430247005,0.4765310989767269,0.024953822732675227
2.6,0.22,1.15006037453662,0.007904524843954333,0.46964655546321066,0.02929901440302972
2.8000000000000003,0.22,1.1517975660078603,0.007465509682366377,0.4626771920172545,0.033873600541102444
3.0,0.22,1.1530376176901576,0.007074896825873082,0.4561866288597151,0.03864521407816565
3.2,0.22,1.1538962881063892,0.006713584024709284,0.4497754636887826,0.04358064500229014
3.4000000000000004,0.22,1.1543848038960265,0.0063849980909937995,0.4436569661128185,0.048650883096206424
3.6,0.22,1.1545711873583644,0.006080018007486346,0.43766517254697884,0.053828157317448874
3.8000000000000003,0.22,1.154479659891451,0.005799051983524661,0.43187787998313665,0.059088203387967435
4.0,0.22,1.1541547429370538,0.005537369775855154,0.42622290870185275,0.06440873543285175
4.2,0.22,1.1536214924076535,0.005294316848221259,0.4207259800495579,0.06977035667083274
4.4,0.22,1.1529112823311103,0.0050671861046044705,0.4153534121167598,0.07515572500682123
4.6000000000000005,0.22,1.1520460818322968,0.004855046836887556,0.4101112865639032,0.08054983815519695
4.800000000000001,0.22,1.151048987338657,0.004656182715462986,0.4049822274573758,0.08593953937585838
5.0,0.22,1.1499380513265791,0.004469676968635072,0.39996525773009833,0.09131353492919062
5.2,0.22,1.1487306803186632,0.004294338552010737,0.3950502441387766,0.09666207475182587
5.4,0.22,1.1474412648790506,0.004129355476750952,0.3902339744892587,0.10197686957602668
5.6000000000000005,0.22,1.146083078937897,0.0039738423352867576,0.38550976684975874,0.10725086939608447
5.800000000000001,0.22,1.1446674166367186,0.003827107626555311,0.380873969923152,0.11247815457119646
6.0,0.22,1.1432044557788712,0.0036884612599269763,0.3763217100068537,0.11765377476133816
6.2,0.22,1.1417029836384618,0.0035573224600137523,0.37184952006856936,0.12277364450610692
6.4,0.22,1.1401708193745608,0.003433136492842815,0.36745358428087505,0.12783442310611914
6.6000000000000005,0.22,1.1386147621836122,0.0033154170386228074,0.3631307979526295,0.1328334252352719
6.800000000000001,0.22,1.1370408180451888,0.003203709129473441,0.3588780342510558,0.1377685303392303
7.0,0.22,1.135454225098717,0.0030976048161238667,0.3546925673199335,0.14263811021014422
7.2,0.22,1.1338595881099427,0.0029967258902684453,0.3505717602318647,0.14744096040530688
7.4,0.22,1.1322609249512103,0.0029007288497974325,0.3465132299551674,0.15217624331534216
7.6000000000000005,0.22,1.13066175381311,0.0028092962602065787,0.3425147104794494,0.15684343625688726
7.800000000000001,0.22,1.129065140228342,0.002722137577451835,0.3385741136929321,0.16144228751221595
8.0,0.22,1.127473757645649,0.002638984405703514,0.3346894663393865,0.1659727771034169
8.200000000000001,0.22,1.1258899284247759,0.0025595898363056494,0.33085892948937135,0.17043508321921744
8.4,0.22,1.1243156679103996,0.0024837255545674523,0.3270807672788796,0.17482955262858627
8.6,0.22,1.1227527181317563,0.002411180749116076,0.32335335040542246,0.17915667521583167
8.8,0.22,1.1212025808280601,0.0023417601632628247,0.31967513902014216,0.18341706169987732
9.0,0.22,1.1196665444354739,0.0022752829744644818,0.3160446804820565,0.18761142439693412
9.200000000000001,0.22,1.1181457092900342,0.002211581375857417,0.31246059889799793,0.1917405604531703
9.4,0.22,1.1166410089903454,0.0021504995625011027,0.30892159117718104,0.19580533733576985
9.600000000000001,0.22,1.1151532298580955,0.002091892642592887,0.3054264199442864,0.19980668020595949
9.8,0.22,1.1136830277761667,0.0020356257645745726,0.30197390942712765,0.2037455609694032
10.0,0.22,1.1122309433381499,0.001981573253497243,0.29856294025776603,0.20762298874486088
10.200000000000001,0.22,1.1107974151140527,0.0019296178754203256,0.2951924457209009,0.2114400015793153
10.4,0.22,1.1093827915171697,0.001879650139152295,0.2918614077285559,0.21519765922708584
10.600000000000001,0.22,1.1079873412713406,0.0018315676823683895,0.2885688535641061,0.21889703685873452
10.8,0.22,1.106611262753329,0.0017852747009676118,0.28531385265736764,0.22253921957071254
11.0,0.22,1.105254692271878,0.00174068143900908,0.28209551381389036,0.22612529759564734
11.200000000000001,0.22,1.1039177114530527,0.0016977037195113097,0.2789129825751655,0.2296563621224823
11.4,0.22,1.1026003538050488,0.0016562625213437376,0.27576543887593036,0.2331335016539767
11.600000000000001,0.22,1.1013026105752726,0.0016162835919302238,0.27265209485207165,0.23655779883792852
11.8,0.22,1.1000244359667677,0.001577697096222469,0.2695721928597273,0.23993032772021944
12.0,0.22,1.0987657517934388,0.0015404372959731292,0.2665250036354455,0.2432521513746632
12.200000000000001,0.22,1.0975264516304095,0.0015044422580353899,0.26350982461546635,0.24652431987203552
12.4,0.22,1.0963064045178228,0.0014696535878180469,0.26052597837780134,0.24974786855542477
12.600000000000001,0.22,1.0951054582637656,0.0014360161861378098,0.25757281120873454,0.2529238165935427
12.8,0.22,1.0939234423903976,0.0014034780267235506,0.2546496917730438,0.2560531657866583
13.0,0.22,1.0927601707598424,0.001371989952629081,0.2517560098838421,0.25913689960245745
13.200000000000001,0.22,1.0916154439138726,0.0013415054894871375,0.2488911753590193,0.2621759824209473
13.4,0.22,1.0904890511565817,0.0013119806740568422,0.24605461695873826,0.26517135896905625
13.600000000000001,0.22,1.089380772406709,0.001283373896455497,0.24324578139509653,0.2681239539266725
13.8,0.22,1.0882903798429988,0.0012556457547666807,0.24046413240858105,0.27103467168680184
14.0,0.22,1.0872176393637363,0.0012287589207624328,0.23770914990485947,0.2739043962532724
14.200000000000001,0.22,1.0861623118792685,0.0012026780156580957,0.23498032914723965,0.2767339912600921
14.4,0.22,1.0851241544544652,0.0011773694949000785,0.23227717999992245,0.27952430009720536
14.600000000000001,0.22,1.0841029213163207,0.0011528015411193806,0.22959922621816242,0.282276146128032
14.8,0.22,1.0830983647404286,0.0011289439644587285,0.22694600478156682,0.2849903329848387
15.0,0.22,1.0821102358287042,0.0011057681095776781,0.22431706526736456,0.2876676449287019
15.200000000000001,0.22,1.0811382851895666,0.0010832467687164865,0.22171196926068096,0.29030884726158496
15.4,0.22,1.0801822635307166,0.0010613541002730312,0.21913028979924745,0.2929146867788739
15.600000000000001,0.22,1.0792419221737277,0.0010400655524045361,0.21657161085018298,0.29548589225159305
15.8,0.22,1.0783170134988203,0.0010193577912312305,0.21403552681675656,0.298023174928453
16.0,0.22,1.077407291327417,0.0009992086332630218,0.21152164207323537,0.3005272290488537
16.2,0.22,1.0765125112493792,0.0009795969817247166,0.2090295705260844,0.3029987323589671
16.400000000000002,0.22,1.0756324309012417,0.0009605027664874748,0.20655893519996327,0.3054383466240447
16.6,0.22,1.0747668102011227,0.0009419068873538137,0.20410936784708997,0.30784671813110975
16.8,0.22,1.0739154115454996,0.0009237911604778587,0.20168050857865513,0.310224478177211
17.0,0.22,1.0730779999725242,0.0009061382677225824,0.19927200551706242,0.31257224353937746
17.2,0.22,1.0722543432961167,0.0008889317087842683,0.19688351446788696,0.3148906169233623
17.400000000000002,0.22,1.0714442122146466,0.0008721557559311825,0.19451469861047496,0.3171801873891308
17.6,0.22,1.0706473803975902,0.0008557954112203059,0.19216522820619075,0.31944153075186227
17.8,0.22,1.069863624553239,0.0008398363660699231,0.1898347803233915,0.32167520995796506
18.0,0.22,1.0690927244801471,0.0008242649630749583,0.18752303857820357,0.3238817754362563
18.2,0.22,1.0683344631047353,0.0008090681599616375,0.18522969289026842,0.3260617654250128
18.400000000000002,0.22,1.0675886265071313,0.0007942334955845594,0.1829544392526363,0.32821570627607566
18.6,0.22,1.066855003937119,0.0007797490578747696,0.18069697951501684,0.3303441127375693
18.8,0.22,1.0661333878217691,0.0007656034536515555,0.17845702117964063,0.33244748821708214
19.0,0.22,1.065423573766163,0.0007517857802117215,0.1762342772089879,0.3345263250273723
19.200000000000003,0.22,1.064725360548368,0.0007382855986159268,0.17402846584470658,0.336581104616785
19.400000000000002,0.22,1.06403855010968,0.0007250929085923898,0.17183931043703102,0.33861229778662233
19.6,0.22,1.0633629475409774,0.0007121981249780776,0.1696665392840547,0.34062036489770386
19.8,0.22,1.0626983610658811,0.0006995920556203721,0.16750988548024115,0.3426057560682814
20.0,0.22,1.0620446020213095,0.0006872658806668679,0.16536908677356402,0.3445689113653651
20.200000000000003,0.22,1.0614014848358702,0.0006752111331641374,0.16324388543072213,0.3465102609913552
20.400000000000002,0.22,1.0607688270064992,0.000663419680896479,0.16113402810986496,0.34843022546769387
20.6,0.22,1.060146449073589,0.000651883709393344,0.1590392657403191,0.3503292158170367
20.8,0.22,1.0595341745948632,0.0006405957060348121,0.15695935340881648,0.35220763374521785
21.0,0.22,1.0589318301181239,0.0006295484451862782,0.15489405025175287,0.35406587182405397
21.200000000000003,0.22,1.0583392451530227,0.0006187349742992077,0.15284311935304645,0.355904313675789
21.400000000000002,0.22,1.0577562521418933,0.0006081486009133747,0.1508063276471593,0.35772333415975743
21.6,0.22,1.057182686429702,0.000597782880498324,0.1487834458268966,0.3595232995616188
21.8,0.22,1.05661838623314,0.0005876316050745018,0.14677424825562108,0.36130456778530584
22.0,0.22,1.05606319260887,0.0005776887925579352,0.14477851288352914,0.3630674885476455
22.200000000000003,0.22,1.0555169494208982,0.0005679486767749234,0.14279602116767734,0.36481240357543315
22.400000000000002,0.22,1.0549795033070881,0.000558405698092761,0.14082655799545726,0.36653964680460166
22.6,0.22,1.0544507036447919,0.0005490544946187124,0.1388699116112496,0.3682495445809907
22.8,0.22,1.0539304025156009,0.0005398898939213351,0.13692587354600758,0.3699424158621312
23.0,0.22,1.0534184546692107,0.0005309069052295632,0.13499423854953296,0.37161857241938134
23.200000000000003,0.22,1.0529147174864146,0.0005221007120692476,0.13307480452524184,0.3732783190396863
23.400000000000002,0.22,1.052419050941234,0.0005134666652996987,0.13116737246723115,0.3749219537262172
23.6,0.22,1.051931317562228,0.0005050002765147852,0.12927174639946956,0.376549767897123
23.8,0.22,1.0514513823930138,0.0004966972117750284,0.1273877333169701,0.3781620465816402
24.0,0.22,1.0509791129520518,0.0004885532856441101,0.12551514312878986,0.3797590686128305
24.200000000000003,0.22,1.0505143791917495,0.00048056445550065955,0.12365378860274602,0.3813411068162595
24.400000000000002,0.22,1.0500570534569724,0.00047272681610060493,0.12180348531174423,0.3829084281939701
24.6,0.22,1.0496070104430295,0.00046503659436943507,0.11996405158160987,0.38446129410318397
24.8,0.22,1.0491641271532333,0.0004574901444059787,0.1181353084403487,0.3859999604292236
25.0,0.22,1.0487282828561115,0.00045008394267774765,0.11631707956875693,0.38752467775222416
25.200000000000003,0.22,1.0482993590423901,0.0004428145833938406,0.11450919125231927,0.3890356915072965
25.400000000000002,0.22,1.0478772393818467,0.00043567877404341546,0.11271147233433838,0.3905332421378705
25.6,0.22,1.0474618096801336,0.0004286733310873375,0.1109237541702428,0.39201756524204495
25.8,0.22,1.047052957835686,0.00042179517579269196,0.10914587058302684,0.39348889171184137
26.0,0.22,1.0466505737968133,0.00041504133020279246,0.10737765781979998,0.39494744786534586
26.200000000000003,0.22,1.0462545495190858,0.00040840891323703804,0.10561895450938297,0.3963934555717921
26.400000000000002,0.22,1.0458647789231121,0.0004018951369128728,0.10386960162094493,0.3978271323697118
26.6,0.22,1.0454811578528018,0.0003954973026864897,0.10212944242363882,0.3992486915783416
26.8,0.22,1.0451035840342087,0.00038921279790975834,0.1003983224472061,0.40065834240252907
27.0,0.22,1.044731957035033,0.0003830390923991473,0.09867608944353409,0.4020562900314316
27.200000000000003,0.22,1.0443661782248617,0.0003769737351149888,0.09696259334912664,0.4034427357313473
27.400000000000002,0.22,1.0440061507362108,0.00037101435095144073,0.09525768624847676,0.4048178769330406
27.6,0.22,1.0436517794264364,0.0003651586376345255,0.09356122233829509,0.40618190731396
27.8,0.22,1.043302970840564,0.00035940436272732264,0.0918730578925958,0.407535016875761
28.0,0.22,1.0429596331750588,0.0003537493607439129,0.09019305122857732,0.40887739201755263
28.200000000000003,0.22,1.042621676242605,0.00034819153037006517,0.08852106267329324,0.4102092156052957
28.400000000000002,0.22,1.0422890114378807,0.00034272883179156893,0.08685695453107654,0.41153066703777585
28.6,0.22,1.0419615517043748,0.00033735928413101567,0.08520059105168634,0.4128419223095597
28.8,0.22,1.0416392115022184,0.0003320809629881267,0.08355183839912189,0.4141431540713363
29.0,0.22,1.041321906777066,0.000326891998090896,0.08191056462112666,0.4154345316880191
29.200000000000003,0.22,1.041009554929975,0.0003217905710487889,0.0802766396192529,0.4167162212949612
29.400000000000002,0.22,1.0407020747883102,0.00031677491321393543,0.07864993511957967,0.41798838585261316
29.6,0.22,1.0403993865776064,0.0003118433036425845,0.07703032464387251,0.41925118519991567
29.8,0.22,1.040101411894405,0.00030699406716450496,0.07541768348138685,0.4205047761066952
30.0,0.22,1.0398080736799713,0.00030222557254245424,0.07381188866092642,0.421749312325286
30.200000000000003,0.22,1.0395192961949455,0.00029753623074532784,0.07221281892364077,0.42298494464158254
30.400000000000002,0.22,1.0392350049947388,0.000292924493294262,0.07062035469575716,0.42421182092567294
30.6,0.22,1.0389551269058572,0.0002883888507342678,0.0690343780623112,0.4254300861821919
30.8,0.22,1.0386795900027737,0.0002839278311462952,0.0674547727402493,0.42663988260046665
31.0,0.22,1.0384083235857724,0.0002795399988164006,0.06588142405317793,0.42784134960454867
31.200000000000003,0.22,1.0381412581590517,0.0002752239528846245,0.06431421890435501,0.4290346239031122
31.400000000000002,0.22,1.0378783254099937,0.0002709783262184147,0.06275304575279515,0.4302198395392915
31.6,0.22,1.0376194581881588,0.00026680178414830553,0.06119779458534141,0.43139712794033275
31.8,0.22,1.0373645904859994,0.00026269302358080933,0.05964835689496874,0.43256661796715573
32.0,0.22,1.0371136574182818,0.0002586507717286332,0.05810462565040851,0.43372843596355204
32.2,0.22,1.0368665952044802,0.00025467378555077197,0.056566495278590576,0.4348827058052274
32.4,0.22,1.036623341147856,0.0002507608503079427,0.05503386162874783,0.4360295489481637
32.6,0.22,1.0363838336202438,0.0002469107795310799,0.05350662196320435,0.4371690844767974
32.800000000000004,0.22,1.0361480120394206,0.0002431224130651079,0.05198467490966123,0.4383014291510126
33.0,0.22,1.035915816857921,0.00023939461801086983,0.05046792046924913,0.4394266974530925
33.2,0.22,1.035687189536005,0.000235726285569913,0.04895625994393735,0.4405450016326557
33.4,0.22,1.0354620725381476,0.00023211633391112928,0.04744959598058871,0.4416564517521047
33.6,0.22,1.0352404092960938,0.0002285637024017275,0.04594783244627438,0.44276115572861313
33.800000000000004,0.22,1.0350221442207856,0.0002250673584055468,0.044450874547609716,0.4438592193780762
34.0,0.22,1.0348072226441254,0.00022162628595877009,0.0429586285970948,0.4449507464528711
34.2,0.22,1.034595590862665,0.00021823950072497083,0.04147100228993787,0.4460358386849213
34.4,0.22,1.0343871960343562,0.00021490602697269784,0.03998790424249601,0.4471145958171786
34.6,0.22,1.0341819862882529,0.00021162492954128394,0.03850924459861054,0.4481871156476694
34.800000000000004,0.22,1.033979910526665,0.00020839526628701222,0.03703493409129994,0.44925349405098747
35.0,0.22,1.033780918672574,0.0002052161556057809,0.03556488533862255,0.450313825027772
35.2,0.22,1.0335849612734813,0.00020208667749524852,0.034099010907820984,0.45136820070897765
35.4,0.22,1.0333919900366135,0.00019900601546490849,0.03263722605427178,0.45241671142053075
35.6,0.22,1.0332019570173494,0.00019597325001660917,0.03117944469776595,0.45345944565571616
35.800000000000004,0.22,1.0330148157564853,0.00019298765623067414,0.029725585182372255,0.4544964901757197
36.0,0.22,1.0328305195984977,0.0001900482720180023,0.028275561881572864,0.45552792991984814
36.2,0.22,1.0326490240891757,0.00018715452148838763,0.02682929728360778,0.4565538481854013
36.4,0.22,1.0324702834710302,0.00018430531175535618,0.025386704442720544,0.4575743264127476
36.6,0.22,1.032294255720943,0.0001815003372963334,0.02394771231289443,0.4585894445349218
36.800000000000004,0.22,1.032120895226181,0.00017873819138375667,0.022512229024883285,0.4595992805065301
37.0,0.22,1.0319501633564905,0.00017601908554042408,0.021080194973398598,0.46060391100795234
37.2,0.22,1.0317820131337885,0.00017334091909726581,0.01965150592862214,0.4616034104490905
37.4,0.22,1.0316164114319832,0.00017070485700056577,0.018226124258263286,0.46259785237891105
37.6,0.22,1.031453306834949,0.000168107359405338,0.01680391795444781,0.46358730745731314
37.800000000000004,0.22,1.0312926764698183,0.00016555073637103935,0.015384893474548536,0.464571845977864
38.0,0.22,1.0311344582540387,0.0001630291951794482,0.013968859380053465,0.46555153436317953
38.2,0.22,1.03097865174332,0.00016054009756445457,0.012555911842600211,0.46652643662517185
38.400000000000006,0.22,1.0308251715756167,0.00015808295855530835,0.011145738856216123,0.46749661501982553
38.6,0.22,1.0306740834526893,0.00015557822689333728,0.009738612497692827,0.46846209737369976
38.800000000000004,0.22,1.030525249131555,0.0001531517792605024,0.008334019776031296,0.469422961980884
39.0,0.22,1.0303790450425048,0.0001499540667497052,0.006932483354966907,0.4703789327827318
39.2,0.22,1.0302351869833375,0.00014761561172862362,0.00553357200528183,0.47133040640304597
39.400000000000006,0.22,1.030096100921886,0.0001382011099874903,0.004136979646072786,0.472274492644852
39.6,0.22,1.0299628257687046,0.00013845262627961308,0.00274733549188732,0.47321518712281474
39.800000000000004,0.22,1.02984916089026,7.958573868433041e-05,0.001344495682276125,0.47412390768947743
40.0,0.22,1.02984916089026,0.0,0.0,0.47412390768947743
0.0,0.24,1.0,0.0,0.6464956737404386,0.0
0.2,0.24,1.0326437074460917,0.03257620073472717,0.6464956737404386,4.8529482957124334e-05
0.4,0.24,1.0641016597745883,0.02497633994503621,0.5806591241490869,0.00019387684391695517
0.6000000000000001,0.24,1.0798396247887372,0.022673307242481712,0.5815942307707279,0.0005141620225157278
0.8,0.24,1.0971254752935602,0.017600529864556964,0.5483419175941121,0.0010184058084548619
1.0,0.24,1.107061137239627,0.015102418494130134,0.5444980898075601,0.001751969086904051
1.2000000000000002,0.24,1.1177913198513065,0.01291710717784302,0.5265530037130107,0.0027255518441793402
1.4000000000000001,0.24,1.125456702214786,0.0116251073597328,0.5199943447506088,0.003967617448405328
1.6,0.24,1.1330939575163868,0.010527924280894302,0.5081237761080584,0.00548239609577714
1.8,0.24,1.139203152676369,0.00975931978758912,0.5008023650693819,0.007279915500908113
2.0,0.24,1.1449401171007096,0.009075537288541434,0.4916255845886584,0.00935326988076406
2.2,0.24,1.1497549586868947,0.008533743199200186,0.48438288967147847,0.011697492947938698
2.4000000000000004,0.24,1.1541127020694384,0.008039077379873994,0.4765866396979084,0.014297260267400936
2.6,0.24,1.1578283131607336,0.007616890970017326,0.4696926858990048,0.017138279864772166
2.8000000000000003,0.24,1.1611059104849248,0.00722740165925329,0.4627188320136213,0.02020086457292145
3.0,0.24,1.1638975679905663,0.006880633705916608,0.45622266999115624,0.02346635886638446
3.2,0.24,1.1663048658937392,0.006558908286252862,0.44980814798091745,0.026913934164505028
3.4000000000000004,0.24,1.1683295051155629,0.0062654635892818705,0.4436859852981756,0.030523995689986934
3.6,0.24,1.1700301732634208,0.005991958970108293,0.4376916160694164,0.0342766372497704
3.8000000000000003,0.24,1.171424692737474,0.005738908905765081,0.4319017488050984,0.038153343147668814
4.0,0.24,1.1725519340296462,0.005502075847885036,0.42624477315726,0.04213624181733342
4.2,0.24,1.173433163934094,0.005281007502400707,0.42074594014380057,0.04620889741779682
4.4,0.24,1.1740967409540073,0.005073344216275704,0.41537179259748713,0.05035592718093996
4.6000000000000005,0.24,1.174562796210731,0.004878370239161466,0.41012820473220973,0.05456332812172287
4.800000000000001,0.24,1.1748532089247543,0.004694631252279468,0.40499788467986453,0.058818254553907226
5.0,0.24,1.1749855492216839,0.004521406314568906,0.3999797607704973,0.06310911756552869
5.2,0.24,1.1749771807063296,0.004357708666300203,0.3950637277595633,0.06742543395178997
5.4,0.24,1.1748428973321132,0.004202893436002235,0.3902465280733643,0.07175782098066093
5.6000000000000005,0.24,1.1745966598193496,0.00405623674996294,0.38552148627882366,0.0760978805003858
5.800000000000001,0.24,1.1742507073027546,0.003917185149017831,0.38088492774072674,0.0804381504404105
6.0,0.24,1.1738163278963016,0.003785176905999086,0.3763319776125708,0.08477201006500952
6.2,0.24,1.1733035555913967,0.0036597433028631617,0.37185915579716244,0.0890936180811478
6.4,0.24,1.172721538478774,0.0035404317426287395,0.36746264307407783,0.09339783358607806
6.6000000000000005,0.24,1.172078463292052,0.003426846013959963,0.3631393267549443,0.09768015459354751
6.800000000000001,0.24,1.1713817502594963,0.0033186124342454056,0.35888607635239445,0.1019366521390814
7.0,0.24,1.1706380617482688,0.003215395155144096,0.35470016070148813,0.10616391498544703
7.2,0.24,1.1698534181320188,0.0031168806693295443,0.35057893960767605,0.11035899516377265
7.4,0.24,1.1690332335001585,0.0030227830353738855,0.34652002627956435,0.11451936067944353
7.6000000000000005,0.24,1.1681823923853116,0.0029328363441600983,0.3425211519718473,0.11864285094202022
7.800000000000001,0.24,1.1673052905071999,0.0028467959746486696,0.3385802257814079,0.12272763745572986
8.0,0.24,1.1664058898742604,0.0027644345998786416,0.3346952722198528,0.12677218765361306
8.200000000000001,0.24,1.1654877566376545,0.0026855419628926697,0.33086445021618044,0.1307752327832284
8.4,0.24,1.164554102788575,0.0026099225230820236,0.3270860220993083,0.13473573875567613
8.6,0.24,1.1636078187981829,0.0025373947499888875,0.3233583568858989,0.13865288018610564
8.8,0.24,1.1626515061543627,0.0024677895791648946,0.3196799132643958,0.14252601700719492
9.0,0.24,1.161687504603487,0.0024009496112335836,0.3160492372529523,0.14635467361594903
9.200000000000001,0.24,1.1607179179833518,0.002336728003458013,0.3124649517701739,0.15013852016232238
9.4,0.24,1.159744636624248,0.0022749877146400876,0.3089257526424394,0.15387735584839754
9.600000000000001,0.24,1.1587693580674867,0.002215600656897028,0.3054304015239897,0.15757109396681462
9.8,0.24,1.1577936053701652,0.002158447029356055,0.3019777217595161,0.16121974852927487
10.0,0.24,1.1568187438300461,0.002103414642509296,0.29856659318364154,0.16482342228580266
10.200000000000001,0.24,1.155845995915624,0.002050398346630499,0.29519594835471497,0.1683822959971755
10.4,0.24,1.154876454832267,0.001999299481150331,0.2918647685252546,0.17189661881023152
10.600000000000001,0.24,1.153911096706762,0.0019500253907809891,0.2885720803766669,0.17536669962036372
10.8,0.24,1.152950791635663,0.0019024889713332232,0.28531695278976543,0.17879289930754147
11.0,0.24,1.15199631364733,0.0018566082628316922,0.282098494067664,0.18217562375377408
11.200000000000001,0.24,1.151048349731811,0.0018123060726211286,0.27891584929186425,0.1855153175567865
11.4,0.24,1.1501075080048198,0.001769509634411636,0.27576819797490837,0.18881245836914612
11.600000000000001,0.24,1.1491743251110063,0.001728150294527764,0.2726547518648127,0.19206755179947638
11.8,0.24,1.1482492729302594,0.0016881632265871665,0.26957475296066014,0.19528112682233875
12.0,0.24,1.1473327646633593,0.001649487169693783,0.26652747166992286,0.19845373164961105
12.200000000000001,0.24,1.1464251603524136,0.0016120641895471847,0.26351220512503093,0.20158593002293335
12.4,0.24,1.1455267718938,0.0015758394593532968,0.2605282756231621,0.20467829789143688
12.600000000000001,0.24,1.1446378675899114,0.0015407610593314292,0.2575750291906154,0.20773142044339013
12.8,0.24,1.1437586762846348,0.001506779792627045,0.2546518342511901,0.2107458894635649
13.0,0.24,1.142889391120613,0.0014738490163304363,0.25175808039434144,0.2137223009909135
13.200000000000001,0.24,1.1420301729539257,0.001441924485948812,0.2488931772301385,0.2166612532531944
13.4,0.24,1.1411811534573302,0.0014109642121355023,0.2460565533254149,0.2195633448569076
13.600000000000001,0.24,1.1403424379406955,0.0013809283283848922,0.24324765521222982,0.2224291732122015
13.8,0.24,1.1395141079141116,0.0013517789686607832,0.24046594646324237,0.22525933317350713
14.0,0.24,1.1386962234169213,0.0013234801539421177,0.237710906827525,0.22805441587753567
14.200000000000001,0.24,1.1378888251335855,0.0012959976868220965,0.23498203142214763,0.23081500776104316
14.4,0.24,1.1370919363154033,0.0012692990533550307,0.23227882997463267,0.23354168974145884
14.600000000000001,0.24,1.136305564525311,0.0012433533314528597,0.22960082611239568,0.23623503654412553
14.8,0.24,1.135529703221468,0.0012181311051926557,0.22694755669539027,0.2388956161605489
15.0,0.24,1.134764333193888,0.0011936043844747513,0.2243185711887805,0.24152398942271533
15.200000000000001,0.24,1.1340094238671676,0.0011697465295334385,0.2217134310726723,0.24412070967923435
15.4,0.24,1.1332649344812087,0.0011465321798614608,0.21913170928632625,0.246686322559794
15.600000000000001,0.24,1.1325308151608489,0.0011239371871575668,0.21657298970448127,0.24922136581520332
15.8,0.24,1.1318070078843978,0.0011019385519618343,0.2140368666436992,0.251726369221124
16.0,0.24,1.1310934473602428,0.0010805143636794998,0.21152294439682467,0.2542018545344696
16.2,0.24,1.1303900618199432,0.0010596437437390993,0.2090308367938296,0.25664833549236366
16.400000000000002,0.24,1.1296967737355768,0.0010393067916597823,0.20656016678747843,0.2590663178444944
16.6,0.24,1.129013500468421,0.0010194845338360506,0.20411056606238498,0.2614562994106658
16.8,0.24,1.1283401548555088,0.0010001588748764212,0.20168167466614179,0.26381877015632166
17.0,0.24,1.1276766457400478,0.0009813125513502272,0.19927314066129595,0.2661542122797863
17.2,0.24,1.1270228784511875,0.0009629290878210119,0.19688461979706023,0.2684631003059138
17.400000000000002,0.24,1.1263787552381448,0.0009449927550586792,0.19451577519968333,0.27074590118175845
17.6,0.24,1.1257441756632691,0.0009274885303355414,0.19216627708048067,0.2730030743707602
17.8,0.24,1.125119036958201,0.0009104020597235863,0.18983580246060877,0.27523507194275315
18.0,0.24,1.124503234346921,0.0008937196223148374,0.18752403491165573,0.2774423386578728
18.2,0.24,1.1238966613390953,0.0008774280962973672,0.18523066431121105,0.27962531204312197
18.400000000000002,0.24,1.1232992099967962,0.0008615149268186091,0.18295538661259678,0.2817844224609713
18.6,0.24,1.1227107711774034,0.0008459680955744401,0.1806979036279654,0.28392009316990313
18.8,0.24,1.1221312347551275,0.0008307760920633746,0.1784579228240207,0.28603274037725784
19.0,0.24,1.1215604898234122,0.0008159278864425024,0.17623515712961357,0.28812277328511837
19.200000000000003,0.24,1.1209984248801788,0.0008014129039272215,0.17402932475453642,0.2901905941302509
19.400000000000002,0.24,1.1204449279976596,0.0007872210006763092,0.17184014901882916,0.29223659821935055
19.6,0.24,1.119899886978369,0.0007733424410971769,0.16966735819194392,0.294261173960972
19.8,0.24,1.1193631894985854,0.0007597678765132147,0.16751068534115854,0.29626470289561224
20.0,0.24,1.1188347232405298,0.0007464883251344518,0.16536986818862318,0.29824755972543193
20.200000000000003,0.24,1.1183143760142802,0.000733495153264087,0.16324464897649293,0.3002101123450706
20.400000000000002,0.24,1.1178020358703409,0.0007207800576837027,0.16113477433957274,0.30215272187493036
20.6,0.24,1.1172975912036482,0.0007083350491569085,0.15903999518497156,0.3040757426981946
20.8,0.24,1.1168009308496998,0.0006961524369868863,0.15696006657826356,0.30597952250269944
21.0,0.24,1.1163119441733869,0.0006842248145683817,0.15489474763568345,0.3078644023286129
21.200000000000003,0.24,1.1158305211510493,0.0006725450458749288,0.15284380142192855,0.3097307166226884
21.400000000000002,0.24,1.1153565524461804,0.0006611062528254033,0.15080699485312607,0.3115787932996792
21.6,0.24,1.1148899294791612,0.000649901803467644,0.14878409860458316,0.3134089538112955
21.8,0.24,1.114430544491361,0.0006389253009252553,0.14677488702295619,0.31522151322289615
22.0,0.24,1.113978290603881,0.0006281705730546626,0.14477913804248457,0.31701678029793073
22.200000000000003,0.24,1.1135330618711883,0.0006176316627591389,0.14279663310497787,0.3187950575899643
22.400000000000002,0.24,1.1130947533298903,0.000607302818908379,0.14082715708325438,0.3205566415419642
22.6,0.24,1.1126632610428222,0.0005971784878155596,0.13887049820776212,0.32230182259238294
22.8,0.24,1.1122384821386764,0.0005872533052276755,0.1369264479961295,0.32403088528745305
23.0,0.24,1.1118203148473178,0.0005775220887842151,0.13499480118541402,0.3257441083990052
23.200000000000003,0.24,1.111408658530988,0.0005679798309032638,0.13307535566683867,0.32744176504703526
23.400000000000002,0.24,1.1110034137115474,0.000558621692057328,0.13116791242283454,0.32912412282619363
23.6,0.24,1.1106044820939514,0.0005494429944031644,0.1292722754662061,0.33079144393532295
23.8,0.24,1.1102117665861002,0.0005404392157314841,0.12738825178128207,0.3324439853091527
24.0,0.24,1.1098251713152625,0.0005316059837094518,0.1255156512668938,0.33408199875125844
24.200000000000003,0.24,1.1094446016412287,0.0005229390703849259,0.12365428668107001,0.3357057310674058
24.400000000000002,0.24,1.1090699641663904,0.000514434386928558,0.12180397358734656,0.3373154241984308
24.6,0.24,1.108701166742917,0.000506087978592135,0.1199645303025795,0.33891131535185737
24.8,0.24,1.1083381184772114,0.000497896019863642,0.1181357778461879,0.3404936371314971
25.0,0.24,1.1079807297318502,0.0004898548098000647,0.11631753989074686,0.34206261766435614
25.200000000000003,0.24,1.1076289121251703,0.0004819607675219769,0.11450964271386994,0.3436184807242357
25.400000000000002,0.24,1.1072825785287197,0.00047421042785878744,0.1127119151513231,0.3451614458514965
25.6,0.24,1.1069416430627361,0.00046660043713278045,0.11092418855131772,0.3466917284685414
25.8,0.24,1.1066060210898525,0.00045912754907062977,0.1091462967299364,0.348209539990651
26.0,0.24,1.106275629207215,0.0004517886208356195,0.1073780759276683,0.34971508793189515
26.200000000000003,0.24,1.105950385237181,0.0004445806091759767,0.10561936476699223,0.35120857600592403
26.400000000000002,0.24,1.1056302082167868,0.0004375005666814071,0.10387000421100144,0.3526902042215275
26.6,0.24,1.105315018386132,0.0004305456381448933,0.10212983752302592,0.3541601689729231
26.8,0.24,1.1050047371758707,0.00042371305702904185,0.1003987102272259,0.35561866312480683
27.0,0.24,1.1046992871939258,0.00041700014203242017,0.09867647007013779,0.3570658760922699
27.200000000000003,0.24,1.1043985922116055,0.000410404293755403,0.09696296698313375,0.35850199391573756
27.400000000000002,0.24,1.1041025771492285,0.00040392299146726666,0.0952580530457837,0.35992719933114276
27.6,0.24,1.1038111680613942,0.00039755378997223084,0.0935615824500735,0.3613416718355899
27.8,0.24,1.1035242921220143,0.000391294316575415,0.09187341146548228,0.3627455877488021
28.0,0.24,1.1032418776091943,0.0003851422681500038,0.09019339840485244,0.3641391202706701
28.200000000000003,0.24,1.1029638538900775,0.0003790954083058555,0.08852140359105218,0.3655224395352491
28.400000000000002,0.24,1.1026901514057013,0.00037315156466102617,0.08685728932439184,0.3668957126615571
28.6,0.24,1.1024207016559786,0.00036730862621786787,0.08520091985076131,0.36825910380153676
28.8,0.24,1.1021554371848128,0.00036156454084016837,0.08355216133043786,0.36961277418554656
29.0,0.24,1.1018942915654402,0.0003559173128385615,0.08191088180758148,0.3709568821657348
29.200000000000003,0.24,1.1016371993860083,0.0003503650006579367,0.08027695118029339,0.37229158325764544
29.400000000000002,0.24,1.1013840962354373,0.0003449057146718486,0.07865024117132707,0.37361703018037923
29.6,0.24,1.1011349186895694,0.0003395376150782267,0.07703062529924186,0.3749333728956243
29.8,0.24,1.1008896042976475,0.0003342589099038896,0.07541797885020034,0.37624075864583495
30.0,0.24,1.1006480915690757,0.00032906785310119754,0.073812178850022,0.3775393319918176
30.200000000000003,0.24,1.1004103199605493,0.00032396274276038224,0.07221310403697374,0.37882923484995196
30.400000000000002,0.24,1.100176229863409,0.0003189419193982509,0.07062063483449942,0.380110606529238
30.6,0.24,1.0999457625914115,0.0003140037643738238,0.06903465332494305,0.38138358376834586
30.8,0.24,1.0997188603686092,0.0003091466983506496,0.06745504322265085,0.3826483007727801
31.0,0.24,1.0994954663177439,0.0003043691799153949,0.06588168984871,0.3839048892522872
31.200000000000003,0.24,1.099275524448503,0.0002996697041861298,0.06431448010394701,0.38515347845853654
31.400000000000002,0.24,1.0990589796465393,0.0002950468016398611,0.06275330244501305,0.3863941952231671
31.6,0.24,1.0988457776618914,0.00029049903681849216,0.06119804685647626,0.38762716399613334
31.8,0.24,1.0986358650987131,0.00028602500739814647,0.05964860482908885,0.3888525068844475
32.0,0.24,1.09842918940348,0.0002816233429042844,0.05810486932945547,0.3900703436911103
32.2,0.24,1.098225698855722,0.00027729270410333103,0.05656673478240592,0.39128079195441184
32.4,0.24,1.0980253425553652,0.00027303178156697615,0.055034097035193505,0.3924839669871663
32.6,0.24,1.0978280704151675,0.00026883929557318566,0.05350685334814176,0.3936799819162965
32.800000000000004,0.24,1.0976338331459408,0.0002647139941992274,0.05198490234712953,0.39486894772191095
33.0,0.24,1.0974425822523206,0.00026065465415034894,0.050468144031349006,0.39605097327683014
33.2,0.24,1.09725427001333,0.00025666007773262456,0.048956479701137624,0.39722616538487227
33.4,0.24,1.097068849484957,0.0002527290955014869,0.047449812001415854,0.39839462882001103
33.6,0.24,1.0968862744709114,0.00024886056077988526,0.04594804479788994,0.39955646636301856
33.800000000000004,0.24,1.0967064995393547,0.0002450533560157774,0.04445108329509959,0.40071177884015086
34.0,0.24,1.096529479973114,0.00024130638207235007,0.042958833804618464,0.4018606651569445
34.2,0.24,1.09635517181604,0.00023761857227228722,0.04147120401918222,0.40300322233681646
34.4,0.24,1.0961835317802653,0.00023398887067159517,0.039988102555025634,0.40413954555013365
34.6,0.24,1.0960145173545814,0.00023041626212989708,0.03850943955257733,0.4052697281541627
34.800000000000004,0.24,1.0958480866219087,0.00022689972747708858,0.03703512574630944,0.4063938617141176
35.0,0.24,1.0956841984974743,0.00022343830707849822,0.035565073748796174,0.40751203604807856
35.2,0.24,1.0955228123584908,0.00022003100759761712,0.034099196131933907,0.40862433923373576
35.4,0.24,1.0953638885540045,0.00021667693563536618,0.03263740814118117,0.4097308576663869
35.6,0.24,1.0952073876415938,0.00021337510314463148,0.031179623707589046,0.41083167603880166
35.800000000000004,0.24,1.0950532714659214,0.00021012470772517077,0.02972576115593423,0.411926877429717
36.0,0.24,1.0949015015727244,0.00020692472584923633,0.028275734884707585,0.41301654323100023
36.2,0.24,1.0947520414781804,0.00020377450006915302,0.026829467343151715,0.41410075330335827
36.4,0.24,1.0946048533599166,0.00020067288806165936,0.025386871639232245,0.4151795857972441
36.6,0.24,1.094459902820937,0.00019761949136171334,0.023947876646701487,0.4162531174523279
36.800000000000004,0.24,1.0943171519706663,0.00019461287593403333,0.022512390610035928,0.41732142320080073
37.0,0.24,1.0941765694188998,0.00019165313360761723,0.021080353758369086,0.41838457676714197
37.2,0.24,1.0940381157870818,0.00018873817841968694,0.019651662100034183,0.41944264982507584
37.4,0.24,1.0939017646953215,0.0001858689962921795,0.01822627766842277,0.4204957131931377
37.6,0.24,1.0937674723499864,0.0001830421342204335,0.016804068939388125,0.42154383511306476
37.800000000000004,0.24,1.0936352218772794,0.00018025959690308525,0.015385041775854882,0.4225870833699987
38.0,0.24,1.0935049589027412,0.0001775157144658919,0.01396900556676518,0.42362552230610906
38.2,0.24,1.0933766876975126,0.00017480732894046254,0.01255605621669793,0.42465921387314115
38.400000000000006,0.24,1.0932503288776876,0.00017213317174470064,0.011145881422606495,0.42568821816147
38.6,0.24,1.0931259514502614,0.00016941352353524037,0.009738761908906593,0.4267125640431849
38.800000000000004,0.24,1.0930034009447678,0.00016676296401598912,0.008334162682349936,0.42773232180580134
39.0,0.24,1.0928830733150237,0.00016333987220619695,0.00693271160194597,0.428747244286643
39.2,0.24,1.0927644588344876,0.00016066773804753089,0.005533712532836153,0.4297576524343191
39.400000000000006,0.24,1.0926503108456689,0.0001508102699302769,0.004137894209133243,0.43076089545295526
39.6,0.24,1.092539496266197,0.0001497656012541247,0.0027472324224922656,0.43176026627434233
39.800000000000004,0.24,1.0924499315442966,8.510350594395091e-05,0.0013510051351159657,0.4327278153049137
40.0,0.24,1.0924499315442966,0.0,0.0,0.4327278153049137
0.0,0.26,1.0,0.0,0.6433970347163979,0.0
0.2,0.26,1.0306960627930715,0.029381889575698743,0.6433970347163979,1.8070761539967413e-05
0.4,0.26,1.0605741485531137,0.022781891179550026,0.5814694485842883,7.66556871442651e-05
0.6000000000000001,0.26,1.0764915186598027,0.020911865109047828,0.5818534530111843,0.00021491669085409894
0.8,0.26,1.0939543674175474,0.01627945453885127,0.5488947482388912,0.00044544654522058684
1.0,0.26,1.1043137973263124,0.013999788152721862,0.5447754820530735,0.0007975337424524309
1.2000000000000002,0.26,1.1155024918620746,0.011988087604334986,0.5267961983985907,0.0012856519429885872
1.4000000000000001,0.26,1.1237305210811248,0.010805367122072659,0.5201392340494106,0.001933218919397641
1.6,0.26,1.1320115303541525,0.009805552831157388,0.5082460535280133,0.0027520957485796015
1.8,0.26,1.1388622409506002,0.009111473085965932,0.5008874143141242,0.0037567199919665956
2.0,0.26,1.1454250488064655,0.008497397913489071,0.49170023765850324,0.004952113006886654
2.2,0.26,1.1511485628557747,0.008014697047062161,0.4844409682728263,0.006343255943658475
2.4000000000000004,0.26,1.156483503370352,0.007575494104584907,0.4766387638029492,0.007928295437629511
2.6,0.26,1.1612369411406056,0.007202510462631948,0.4697361478826214,0.009704595868900535
2.8000000000000003,0.26,1.1655996551768386,0.006858863368292411,0.46275817606810304,0.01166512737215006
3.0,0.26,1.1695143897853182,0.00655352296625576,0.4562568631085691,0.013802147129977424
3.2,0.26,1.1730715233924949,0.006270102361475315,0.44983925944384995,0.016105432245971676
3.4000000000000004,0.26,1.1762642168409572,0.006011499921275574,0.44371371934260256,0.01856440526706453
3.6,0.26,1.1791423977354492,0.005770016376385935,0.4377169767711142,0.021167343761246998
3.8000000000000003,0.26,1.1817169786693027,0.005546132047361325,0.43192472854779707,0.02390255715180988
4.0,0.26,1.1840203601171602,0.0053359795539512705,0.42626589646430535,0.02675806355375791
4.2,0.26,1.1860686637514632,0.0051391939167622445,0.4207652936561782,0.029722215964107165
4.4,0.26,1.1878857218510959,0.004953665124437681,0.41538967432307594,0.032783578374179376
4.6000000000000005,0.26,1.1894880986710212,0.004778804992658366,0.4101447194199149,0.03593124225971104
4.800000000000001,0.26,1.1908946958781712,0.00461334809553788,0.40501321688631103,0.039154775309562476
5.0,0.26,1.1921207986542135,0.004456706219704591,0.39999400699595616,0.04244436748324405
5.2,0.26,1.1931819717570473,0.004308044879151965,0.39507701157573727,0.045790799332132856
5.4,0.26,1.1940917043777897,0.00416684266606319,0.3902589309249778,0.04918549619621734
5.6000000000000005,0.26,1.1948630233565252,0.004032501836771296,0.3855330962929418,0.05262049767312962
5.800000000000001,0.26,1.1955075801248571,0.0039045780222908377,0.38089581147011103,0.05608846380510737
6.0,0.26,1.1960363433976815,0.003782614853999562,0.3763422009398797,0.05958264170278531
6.2,0.26,1.1964592646666583,0.0036662374064053544,0.3718687725844813,0.06309684806437339
6.4,0.26,1.1967855951101454,0.003555081135536461,0.36747170427168846,0.06662543398178833
6.6000000000000005,0.26,1.1970237816987206,0.0034488292142464917,0.36314787598259657,0.07016325719251959
6.800000000000001,0.26,1.1971816273871951,0.0033471813950774944,0.3588941539817977,0.07370564714378329
7.0,0.26,1.197266277015045,0.003249868392161287,0.354707802246012,0.07724837420819806
7.2,0.26,1.1972843095041081,0.0031566377919934867,0.35058617763422645,0.08078761672174918
7.4,0.26,1.1972417565211246,0.0030672591521690947,0.34652688991159697,0.08431993090433443
7.6000000000000005,0.26,1.1971441630331516,0.002981517291101407,0.3425276678434759,0.08784222091462907
7.800000000000001,0.26,1.1969966158019663,0.0028992137128838447,0.33858641796315936,0.09135171125329183
8.0,0.26,1.1968037875233617,0.0028201631602470206,0.3347011627357347,0.09484592029043501
8.200000000000001,0.26,1.1965699661690448,0.0027441936482237002,0.33087005911533895,0.09832263584439277
8.4,0.26,1.1962990893692436,0.0026711445099665255,0.3270913677634619,0.10177989223029368
8.6,0.26,1.195994771328468,0.0026008659544539386,0.3233634561392428,0.10521594912648555
8.8,0.26,1.1956603306028204,0.002533217831557663,0.3196847815733687,0.10862927194780647
9.0,0.26,1.195298813639506,0.0024680690707539646,0.316053888835044,0.11201851381643847
9.200000000000001,0.26,1.194913017632751,0.0024052968193879506,0.3124693997335894,0.11538249893534218
9.4,0.26,1.1945055106585394,0.002344785894203557,0.3089300090814291,0.11872020734426593
9.600000000000001,0.26,1.1940786506499157,0.0022864281326845644,0.30543447762186043,0.1220307609166589
9.8,0.26,1.193634602437147,0.0022301219003747945,0.301981627868295,0.12531341053409634
10.0,0.26,1.1931753535743508,0.0021757715775864864,0.29857033890285833,0.12856752432547616
10.200000000000001,0.26,1.1927027286918765,0.002123287131751199,0.2951995425967008,0.13179257689564494
10.4,0.26,1.1922184027349707,0.002072583699189925,0.2918682195768469,0.13498813945072397
10.600000000000001,0.26,1.1917239130329107,0.0020235812197558194,0.288575395952371,0.13815387074758217
10.8,0.26,1.1912206703985042,0.001976204090798031,0.2853201400808609,0.1412895087914799
11.0,0.26,1.19070996927871,0.0019303808576245298,0.28210155978544726,0.14439486321856354
11.200000000000001,0.26,1.1901929970804916,0.0018860439251376997,0.27891879970717315,0.14746980830217446
11.4,0.26,1.189670842716946,0.0018431292968638362,0.27577103895338173,0.15051427653083663
11.600000000000001,0.26,1.1891445044587958,0.0018015763338848616,0.2726574888989832,0.1535282527098633
11.8,0.26,1.1886148971399444,0.0017613275353745015,0.2695773911988246,0.15651176854505214
12.0,0.26,1.188082858779921,0.001722328336671817,0.26653001594240194,0.15946489767098507
12.200000000000001,0.26,1.1875491566681322,0.001684526924782977,0.26351465996793455,0.16238775109115783
12.4,0.26,1.187014492958594,0.001647874068808148,0.26053064530003306,0.16528047300044293
12.600000000000001,0.26,1.186479509814242,0.0016123229645225742,0.25757731771211173,0.1681432369636348
12.8,0.26,1.1859447941396621,0.0015778290913822958,0.2546540453930539,0.17097624242617232
13.0,0.26,1.1854108819354767,0.0015443500810171159,0.2517602177138092,0.1737797115352517
13.200000000000001,0.26,1.1848782623059841,0.0015118455959167866,0.24889524408096936,0.1765538862510899
13.4,0.26,1.1843473811480043,0.001480277217409632,0.2460585528716663,0.17929902572941486
13.600000000000001,0.26,1.1838186445469807,0.0014496083419263473,0.2432495904409204,0.18201540395723723
13.8,0.26,1.183292421903755,0.0014198040847562174,0.24046782019599977,0.18470330762476853
14.0,0.26,1.18276904881367,0.001390831190506859,0.23771272173133073,0.1873630342169847
14.200000000000001,0.26,1.182248829717629,0.0013626579495981813,0.23498379001925596,0.189994890308874
14.4,0.26,1.1817320403432152,0.001335254120166715,0.23228053465175053,0.19259919004887335
14.600000000000001,0.26,1.1812189299523734,0.0013085908548401137,0.22960247912918624,0.19517625381543555
14.8,0.26,1.1807097234108705,0.0012826406318888594,0.2269491601923657,0.19772640703209635
15.0,0.26,1.180204623093479,0.0012573771903242922,0.224320127194636,0.20024997912684664
15.200000000000001,0.26,1.179703810637743,0.0012327754685602433,0.2217149415111111,0.20274730262208515
15.4,0.26,1.1792074485581943,0.0012088115463053876,0.21913317598241772,0.20521871234193279
15.600000000000001,0.26,1.1787156817319429,0.00118546258939016,0.21657441439059036,0.20766454472423995
15.8,0.26,1.178228638765802,0.0011627067972784567,0.21403825096502133,0.2100851372252219
16.0,0.26,1.1777464332543095,0.001140523353042966,0.21152428991655875,0.21248082780531255
16.2,0.26,1.1772691649373592,0.0011188923756212821,0.2090321449980098,0.2148519544855256
16.400000000000002,0.26,1.1767969207655138,0.0010977948741932439,0.20656143908949715,0.21719885496436625
16.6,0.26,1.1763297758804954,0.001077212704548464,0.20411180380722352,0.21952186628611572
16.8,0.26,1.1758677945178078,0.001057128527336252,0.2016828791343308,0.22182132455213183
17.0,0.26,1.1754110308379528,0.0010375257681046824,0.1992743130726232,0.22409756466764136
17.2,0.26,1.174959529692215,0.0010183885790569793,0.1968857613140422,0.2263509201173447
17.400000000000002,0.26,1.174513327328556,0.0009997018024621826,0.19451688693081523,0.22858172276399277
17.6,0.26,1.1740724520427388,0.0009814509356699118,0.19216736008328159,0.23079030266492268
17.8,0.26,1.1736369247793974,0.0009636220976861124,0.18983685774447165,0.23297698790233912
18.0,0.26,1.1732067596873996,0.0009462019972700884,0.18752506344051564,0.2351421044238895
18.2,0.26,1.172781964633498,0.0009291779025215753,0.18523166700604496,0.23728597589080086
18.400000000000002,0.26,1.1723625416779184,0.0009125376119228707,0.18295636435376206,0.23940892353150806
18.6,0.26,1.171948487515228,0.0008962694268055966,0.18069885725739102,0.24151126599930858
18.8,0.26,1.1715397938835261,0.0008803621252107332,0.17845885314725743,0.24359331923311447
19.0,0.26,1.1711364479447417,0.0008648049371052816,0.17623606491775373,0.2456553963208479
19.200000000000003,0.26,1.1707384326385224,0.0008495875209234731,0.17403021074601344,0.24769780736541955
19.400000000000002,0.26,1.1703457270120043,0.0008346999413955961,0.17184101392110052,0.24972085935357008
19.6,0.26,1.1699583065275159,0.0008201326486220018,0.16966820268307037,0.2517248560281108
19.8,0.26,1.1695761433500342,0.0008058764583520267,0.16751151007128273,0.2537100977643001
20.0,0.26,1.1691992066160795,0.0007919225334274512,0.16537067378135747,0.2556768814512313
20.200000000000003,0.26,1.1688274626855142,0.000778262366339167,0.1632454360302203,0.2576255003791825
20.400000000000002,0.26,1.168460875377566,0.0007648877628540298,0.16113554342866956,0.2595562441339091
20.6,0.26,1.1680994061922765,0.0007517908266629653,0.1590407468609554,0.2614693984988439
20.8,0.26,1.16774301451841,0.0007389639450002867,0.15696080137087443,0.2633652453661095
21.0,0.26,1.1673916578287689,0.0007263997751828163,0.15489546605389853,0.26524406265715744
21.200000000000003,0.26,1.167045291863735,0.0007140912320195021,0.15284450395492163,0.267106124253733
21.400000000000002,0.26,1.1667038708037931,0.0007020314760422157,0.15080768197117,0.26895169993973217
21.6,0.26,1.1663673474316845,0.0006902139025043072,0.14878477075990368,0.2707810553543555
21.8,0.26,1.1660356732847694,0.0006786321310969717,0.14677554465053824,0.2725944519568144
22.0,0.26,1.1657087987981447,0.0006672799963367669,0.14477978156083618,0.27439214700268155
22.200000000000003,0.26,1.1653866734389629,0.0006561515385739101,0.1427972629168534,0.2761743935318071
22.400000000000002,0.26,1.1650692458324037,0.0006452409955736335,0.14082777357634116,0.2779414403675846
22.6,0.26,1.1647564638796701,0.0006345427946262975,0.1388711017553319,0.2796935321271856
22.8,0.26,1.1644482748683793,0.0006240515451421755,0.13692703895765998,0.281430909242267
23.0,0.26,1.1641446255756769,0.0006137620316893737,0.13499537990717797,0.2831538079895238
23.200000000000003,0.26,1.163845462364397,0.0006036692074341298,0.133075922482467,0.2848624605303647
23.400000000000002,0.26,1.1635507312725581,0.0005937681879466086,0.13116846765385268,0.2865570949588999
23.6,0.26,1.1632603780964903,0.0005840542453378372,0.12927281942254604,0.2882379353573708
23.8,0.26,1.162974348467872,0.0005745228026931508,0.1273887847617727,0.289905201858095
24.0,0.26,1.162692587924941,0.0005651694287752846,0.12551617355972733,0.2915591107109751
24.200000000000003,0.26,1.1624150419781667,0.0005559898329669639,0.12365479856425005,0.29319987435561096
24.400000000000002,0.26,1.1621416561706286,0.0005469798604277176,0.12180447532911587,0.2948277014970488
24.6,0.26,1.1618723761333798,0.0005381354874447081,0.11996502216182994,0.2964427971842327
24.8,0.26,1.1616071476360423,0.0005294528169573368,0.11813626007285248,0.2980453628902489
25.0,0.26,1.1613459166329096,0.0005209280742358801,0.11631801272617522,0.29963559659350253
25.200000000000003,0.26,1.1610886293048033,0.0005125576027000962,0.11451010639118749,0.3012136928590206
25.400000000000002,0.26,1.1608352320969377,0.0005043378598655532,0.11271236989577609,0.30277984291914434
25.6,0.26,1.1605856717530532,0.0004962654134060012,0.11092463458060227,0.3043342347529402
25.8,0.26,1.160339895346061,0.0004883369373212846,0.10914673425451354,0.3058770531637432
26.0,0.26,1.1600978503054455,0.00048054920820478976,0.10737850515106573,0.307408479854321
26.200000000000003,0.26,1.1598594844416532,0.0004728991016050939,0.1056197858860936,0.308928693499235
26.400000000000002,0.26,1.159624745967725,0.00046538358847629643,0.10387041741632147,0.3104378698140545
26.6,0.26,1.1593935835183635,0.00045799973171299613,0.10213024299897414,0.31193618162116404
26.8,0.26,1.1591659461666914,0.0004507446827715381,0.10039910815235883,0.31342379891198263
27.0,0.26,1.1589417834388693,0.0004436156783731804,0.09867686061739878,0.31490088890549
27.200000000000003,0.26,1.158721045326806,0.0004366100372893009,0.09696335032008285,0.316367616103023
27.400000000000002,0.26,1.1585036822991335,0.00042972515721272005,0.09525842933481621,0.31782414233937595
27.6,0.26,1.158289645310623,0.00042295851171222595,0.09356195184862859,0.3192706268302925
27.8,0.26,1.1580788858102264,0.0004163076472739346,0.09187377412624123,0.3207072262164906
28.0,0.26,1.1578713557478713,0.0004097701804308642,0.09019375447592871,0.3221340946044102
28.200000000000003,0.26,1.157667007580187,0.00040334379498300967,0.08852175321617103,0.3235513836039041
28.400000000000002,0.26,1.1574657942752562,0.0003970262393093192,0.08685763264306129,0.3249592423631284
28.6,0.26,1.1572676693165536,0.0003908153237757121,0.08520125699843586,0.3263578176009119
28.8,0.26,1.1570725867061393,0.00038470891823650516,0.08355249243867306,0.3277472536368923
29.0,0.26,1.1568805009672332,0.0003787049496361783,0.0819112070041813,0.32912769241972634
29.200000000000003,0.26,1.1566913671462407,0.0003728013997084566,0.08027727058945049,0.3304992735536777
29.400000000000002,0.26,1.156505140814317,0.00036699630277683954,0.07865055491375562,0.33186213432387957
29.6,0.26,1.1563217780685056,0.000361287743653104,0.07703093349230451,0.3332164097205697
29.8,0.26,1.156141235532559,0.0003556738556408856,0.07541828160802799,0.3345622324625764
30.0,0.26,1.1559634703574115,0.00035015281863021223,0.07381247628362918,0.3358997330203124
30.200000000000003,0.26,1.1557884402214396,0.0003447228573053066,0.07221339625436579,0.3372290396385253
30.400000000000002,0.26,1.155616103330402,0.0003393822394291904,0.07062092194077832,0.3385502783590131
30.6,0.26,1.1554464184172795,0.0003341292742527641,0.06903493542240348,0.33986357304350406
30.8,0.26,1.1552793447417466,0.0003289623109740943,0.06745532041087755,0.3411690453968524
31.0,0.26,1.1551148420896977,0.0003238797373504397,0.0658819622246631,0.3424668149907033
31.200000000000003,0.26,1.154952870772229,0.00031887997830683034,0.06431474776205319,0.3437569992877021
31.400000000000002,0.26,1.1547933916249629,0.00031396149475644374,0.06275356547723915,0.3450397136663707
31.6,0.26,1.1546363660064294,0.00030912278231356007,0.0611983053524204,0.3463150714466309
31.8,0.26,1.154481755797364,0.0003043623703527019,0.05964885887603621,0.34758318391609433
32.0,0.26,1.1543295233982196,0.0002996788207430609,0.05810511901247715,0.34884416035697124
32.2,0.26,1.154179631728783,0.00029507072722011765,0.05656698018438928,0.35009810807377556
32.4,0.26,1.154032044224259,0.0002905367139907706,0.05503433823696472,0.35134513242147564
32.6,0.26,1.153886724835959,0.0002860754355910815,0.05350709042844717,0.3525853368344522
32.800000000000004,0.26,1.153743638024811,0.0002816855750610979,0.051985135382816496,0.3538188228555518
33.0,0.26,1.153602748764691,0.00027736584467741597,0.05046837309725263,0.355045690166031
33.2,0.26,1.1534640225310258,0.00027311498308993853,0.048956704870386634,0.3562660366149782
33.4,0.26,1.1533274253101216,0.000268931757760215,0.04745003334512832,0.3574799582499681
33.6,0.26,1.1531929235779492,0.00026481495981304484,0.04594826238574705,0.35868754934609287
33.800000000000004,0.26,1.1530604843225238,0.0002607634099413373,0.04445129719464352,0.3598889024371752
34.0,0.26,1.1529300750026859,0.00025677594838100474,0.04295904408239347,0.36108410834332616
34.2,0.26,1.1528016635982772,0.00025285144799578317,0.04147141073920474,0.3622732562029482
34.4,0.26,1.1526752185275986,0.0002489887939687496,0.03998830578111433,0.3634564334971352
34.6,0.26,1.1525507087562694,0.00024518691185005645,0.03850963934509569,0.3646337260835562
34.800000000000004,0.26,1.1524281036287638,0.00024144472567699658,0.03703532216698851,0.3658052182148085
35.0,0.26,1.1523073731005267,0.00023776121729160107,0.03556526685386308,0.36697099257708793
35.2,0.26,1.1521884873902741,0.00023413533926964708,0.034099385982158094,0.3681311302970851
35.4,0.26,1.1520714174705002,0.0002305661396605171,0.0326375947874389,0.3692857109921181
35.6,0.26,1.1519561343451397,0.0002270525802904832,0.031179807211848223,0.3704348127548693
35.800000000000004,0.26,1.1518426100813517,0.00022359379842638657,0.029725941560984997,0.37157851222947047
36.0,0.26,1.1517308163033348,0.00022018872695857958,0.02827591225805966,0.3727168845522524
36.2,0.26,1.1516207263578249,0.000216836642617536,0.026829641713614714,0.3738500034844943
36.4,0.26,1.151512312166746,0.0002135363714021578,0.025387043088798047,0.37497794126404477
36.6,0.26,1.1514055487678942,0.00021028743574275235,0.02394804517781075,0.3761007688589175
36.800000000000004,0.26,1.1513004077292859,0.00020708839289208098,0.022512556337801682,0.3772185556360173
37.0,0.26,1.1511968666699692,0.00020393922596689438,0.021080516633849296,0.3783313698668443
37.2,0.26,1.1510948954620355,0.00020083788520598177,0.01965182231042014,0.3794392780205913
37.4,0.26,1.150994476223473,0.00019778518464390617,0.018226435070255693,0.3805423457685409
37.6,0.26,1.1508955743192428,0.0001947777877356776,0.01680422386953559,0.3816406365362849
37.800000000000004,0.26,1.1507981806455652,0.00019181740383414483,0.015385193987973798,0.38273421326865054
38.0,0.26,1.150702249887461,0.00018889853864010366,0.01396915563964162,0.3838231359087716
38.2,0.26,1.1506077928406693,0.00018601761472059346,0.012556204514068393,0.384907462125254
38.400000000000006,0.26,1.1505147370973416,0.00018317268603077724,0.011146028033062137,0.3859872477334375
38.6,0.26,1.1504231563809977,0.0001802848542149577,0.00973891591848121,0.3870625206329107
38.800000000000004,0.26,1.1503328802115071,0.00017745725643673446,0.00833431132491474,0.3881333423378816
39.0,0.26,1.1502443198688004,0.0001738650166101307,0.006932950419279027,0.3891994931319649
39.2,0.26,1.1501567355380418,0.00017091643015002225,0.0055338717568353245,0.39026122781779193
39.400000000000006,0.26,1.150073142716188,0.0001607579181524234,0.004138879342083588,0.3913161433645826
39.6,0.26,1.1499900829756675,0.00015852005686105882,0.002747244768628623,0.39236691240833727
39.800000000000004,0.26,1.1499290805266884,8.924413440415629e-05,0.0013584665686353816,0.3933866921001815
40.0,0.26,1.1499290805266884,0.0,0.0,0.3933866921001815
0.0,0.28,1.0,0.0,0.6406081564484939,0.0
0.2,0.28,1.0289444997519221,0.02636311583426907,0.6406081564484939,6.56134196740364e-06
0.4,0.28,1.0573712748433284,0.02065269056944763,0.5821702953016115,2.9506086693323637e-05
0.6000000000000001,0.28,1.0733627817211528,0.01914488982437139,0.5820671611956962,8.730388240083116e-05
0.8,0.28,1.0908689985618039,0.01493711319555181,0.5493986697896502,0.00018918335367819393
1.0,0.28,1.1014671997992929,0.012865724343411015,0.5450295810959557,0.000352284127673423
1.2000000000000002,0.28,1.1128950219965237,0.011022026419836566,0.5270212325437977,0.0005881732430275013
1.4000000000000001,0.28,1.1214255623981026,0.009941872753730067,0.5202737107061096,0.0009132281475355825
1.6,0.28,1.1300582852430363,0.009032083423802559,0.5083595418501375,0.0013390070274013183
1.8,0.28,1.1373285701802032,0.008404904289315817,0.5009665220843588,0.0018786025206658239
2.0,0.28,1.1443746350575479,0.007852969636078507,0.4917696469876653,0.002540492437142804
2.2,0.28,1.150648579703631,0.007422259562903265,0.48449511126803074,0.0033329155178556317
2.4000000000000004,0.28,1.1565948856228265,0.007032035482228485,0.4766873996771554,0.004260156461223349
2.6,0.28,1.1620178633294198,0.006702547880296446,0.469776827178634,0.005325524865443066
2.8000000000000003,0.28,1.167100980882906,0.00639985455430579,0.462795071638111,0.006529297894962822
3.0,0.28,1.1717816635656364,0.006131891796410509,0.4562890339260792,0.007870653332622143
3.2,0.28,1.1761430270897668,0.0058835395339950835,0.44986860478940344,0.009346654238551902
3.4000000000000004,0.28,1.180172264379399,0.005657312860496617,0.44373996642768765,0.01095345508664468
3.6,0.28,1.1839127355656747,0.005446095778429653,0.4377410463948166,0.012685873057074873
3.8000000000000003,0.28,1.187369736688663,0.00525026720562704,0.43194661070767276,0.014538122264321461
4.0,0.28,1.190570101393263,0.005066261086383245,0.42628607140160585,0.016503677237790677
4.2,0.28,1.1935251422799642,0.004893729366456873,0.4207838381069769,0.018575712812116774
4.4,0.28,1.1962542044778208,0.004730745142803194,0.4154068605360095,0.020747092285170948
4.6000000000000005,0.28,1.198769987484686,0.0045767841180875506,0.41016064138746205,0.023010626851670057
4.800000000000001,0.28,1.201087928099901,0.00443071183621325,0.4050280428628877,0.025359103928678017
5.0,0.28,1.20322035665257,0.004292019609331685,0.40000782402711044,0.027785436313085575
5.2,0.28,1.205180268741456,0.004159977965165072,0.3950899321890017,0.030282693518955045
5.4,0.28,1.2069789955149164,0.0040341467509716865,0.39027102886203924,0.03284418342450241
5.6000000000000005,0.28,1.2086277396431262,0.003914017496953094,0.3855444518240504,0.035463473611833905
5.800000000000001,0.28,1.210136653031933,0.003799222680533535,0.380906485068593,0.038134431727487136
6.0,0.28,1.2115154768732879,0.003689383530644535,0.3763522527142142,0.0408512347571974
6.2,0.28,1.2127731862151805,0.0035841950303564505,0.37187825166205873,0.043608384396010315
6.4,0.28,1.213918268718011,0.003483360391430751,0.36748065726940876,0.04640070634107263
6.6000000000000005,0.28,1.2149585981458328,0.0033866249721639487,0.3631563428502633,0.04922335090971915
6.800000000000001,0.28,1.2159015660033465,0.003293747541958923,0.35890217179491496,0.05207178542126612
7.0,0.28,1.216754047076557,0.0032045133529537183,0.35471540367538024,0.05494178651325663
7.2,0.28,1.21752246999797,0.0031187211662062953,0.35059339271713214,0.05782942839330916
7.4,0.28,1.2182128190041452,0.0030361879232622007,0.34653374556740607,0.06073107088734798
7.6000000000000005,0.28,1.2188306780873295,0.002956742619014279,0.3425341887532056,0.06364334567478543
7.800000000000001,0.28,1.21938124606501,0.0028802276648947664,0.33859262648532723,0.06656314254847281
8.0,0.28,1.219869368338974,0.002806495798411978,0.33470707937995553,0.06948759508247918
8.200000000000001,0.28,1.2202995558719782,0.0027354102000457033,0.33087570259853794,0.07241406658624461
8.4,0.28,1.220676010296593,0.002666842792171347,0.32709675528960264,0.07534013612116543
8.6,0.28,1.2210026429864658,0.0026006739302803575,0.32336860349422264,0.07826358499636481
8.8,0.28,1.2212830959490604,0.0025367913670694656,0.3196897033058468,0.08118238366342495
9.0,0.28,1.2215207595222883,0.0024750898344154827,0.31605859835244815,0.08409467920007625
9.200000000000001,0.28,1.2217187901711448,0.0024154703466739815,0.31247390942818143,0.08699878334733156
9.4,0.28,1.221880126332473,0.00235783978827598,0.30893433041527374,0.08989316117628231
9.600000000000001,0.28,1.222007503715299,0.0023021104048556824,0.30543862121976223,0.09277642035769472
9.8,0.28,1.2221034692370265,0.0022481994329933627,0.30198560358925663,0.09564730105284104
10.0,0.28,1.2221703942177888,0.002196028705968716,0.2985741559112489,0.09850466639690385
10.200000000000001,0.28,1.2222104865246854,0.0021455243331968354,0.2952032094211178,0.1013474935647345
10.4,0.28,1.2222258019589058,0.0020966163833047308,0.29187174416599176,0.10417486538785468
10.600000000000001,0.28,1.2222182547879907,0.002049238610987619,0.288578785723169,0.10698596249982605
10.8,0.28,1.222189627575492,0.0020033281969997095,0.2853234019630568,0.10978005597879012
11.0,0.28,1.222141580294752,0.0019588255173523255,0.28210470026089907,0.11255650046064512
11.200000000000001,0.28,1.222075658816527,0.0019156739278951486,0.2789218248458547,0.11531472769403142
11.4,0.28,1.2219933027889032,0.0018738195703000614,0.27577395444553404,0.11805424051172025
11.600000000000001,0.28,1.221895852969458,0.0018332111928353954,0.2726603000844391,0.12077460719339472
11.8,0.28,1.2217845580379765,0.001793799987771333,0.269580103093418,0.12347545619759558
12.0,0.28,1.2216605809339898,0.001755539441928084,0.26653263326203636,0.12615647124192927
12.200000000000001,0.28,1.2215250047485697,0.0017183852005043826,0.26351718715039046,0.12881738671282209
12.4,0.28,1.221378838205257,0.001682294942098551,0.26053308652486346,0.1314579833874732
12.600000000000001,0.28,1.2212230207575046,0.0016472282644115351,0.25757967691875805,0.13407808445222102
12.8,0.28,1.2210584273311704,0.0016131465792181797,0.25465632629741525,0.136677551802582
13.0,0.28,1.220885872736437,0.0015800130159071687,0.25176242382339237,0.1392562826112081
13.200000000000001,0.28,1.2207061157730377,0.0015477923325486762,0.24889737870878795,0.14181420615066326
13.4,0.28,1.2205198630500411,0.0015164508337945015,0.2460606191490041,0.14435128085845622
13.600000000000001,0.28,1.220327772540449,0.0014859562948084458,0.2432515913290784,0.14686749163210766
13.8,0.28,1.220130456888958,0.0014562778906121868,0.24046975849712757,0.1493628473422749
14.0,0.28,1.219928486490177,0.0014273861302234875,0.23771460009842973,0.15183737855210247
14.200000000000001,0.28,1.2197223923531104,0.0013992527950698872,0.234985610965439,0.1542911354310675
14.4,0.28,1.2195126687667062,0.0013718508811906914,0.23228230055882182,0.15672418585165065
14.600000000000001,0.28,1.219299775780096,0.0013451545448134245,0.2296041922556114,0.15913661365722953
14.8,0.28,1.2190841415102467,0.0013191390509255869,0.22695082268068303,0.16152851708966134
15.0,0.28,1.218866164288806,0.0012937807245149162,0.2243217410783591,0.16390000736512209
15.200000000000001,0.28,1.2186462146591266,0.001269056904189389,0.22171650872116808,0.1662512073869067
15.4,0.28,1.2184246372336924,0.001244945897930435,0.2191346983531645,0.16858225058408513
15.600000000000001,0.28,1.2182017524215099,0.0012214269407601207,0.2165758936654331,0.1708932798651405
15.8,0.28,1.2179778580343923,0.0011984801541438188,0.21403968880167917,0.17318444667601848
16.0,0.28,1.2177532307805017,0.0011760865069722255,0.21152568789199072,0.17545591015237022
16.2,0.28,1.2175281276529988,0.0011542277779993295,0.20903350461303657,0.17770783635618723
16.400000000000002,0.28,1.2173027872211504,0.0011328865196317342,0.2065627617731334,0.17994039758749797
16.6,0.28,1.2170774308308216,0.0011120460229898078,0.20411309092074345,0.1821537717623263
16.8,0.28,1.2168522637208308,0.0010916902841805393,0.20168413197508311,0.1843481418486789
17.0,0.28,1.2166274760612783,0.0010718039717341192,0.19927553287761446,0.18652369535295174
17.2,0.28,1.216403243919557,0.0010523723951750955,0.19688694926329758,0.18868062384978346
17.400000000000002,0.28,1.21617973015941,0.00103338147470522,0.19451804415053736,0.1908191225490595
17.6,0.28,1.2159570852780492,0.0010148177119864519,0.19216848764881408,0.19293938989444567
17.8,0.28,1.2157354481860372,0.0009966681620174778,0.18983795668307973,0.19504162718851412
18.0,0.28,1.215514946934281,0.0009789204060993812,0.1875261347339984,0.19712603824019923
18.2,0.28,1.2152956993922184,0.0009615625258912212,0.18523271159318538,0.19919282903097224
18.400000000000002,0.28,1.2150778138809766,0.0009445830785536889,0.18295738313262583,0.2012422073967506
18.6,0.28,1.214861389764984,0.000927971072979055,0.18069985108748338,0.2032743827231493
18.8,0.28,1.214646518005282,0.0009117159471032945,0.17845982285154618,0.20528956565222775
19.0,0.28,1.2144332816775099,0.0008958075462929357,0.1762370112845673,0.20728796779938236
19.200000000000003,0.28,1.2142217564573003,0.0008802361027967494,0.17403113453082084,0.20926980147948207
19.400000000000002,0.28,1.2140120110756045,0.0008649922162494205,0.1718419158481814,0.21123527944173331
19.6,0.28,1.2138041077462423,0.0008500668352073201,0.1696690834470812,0.2131846146130896
19.8,0.28,1.213598102567778,0.0008354512396952749,0.16751237033872807,0.21511801985030155
20.0,0.28,1.2133940459016481,0.0008211370247416005,0.1653715141919691,0.2170357077009131
20.200000000000003,0.28,1.2131919827282704,0.0008071160848698424,0.1632462571982546,0.21893789017367932
20.400000000000002,0.28,1.2129919529827142,0.0007933805995173627,0.1611363459441243,0.2208247785189901
20.6,0.28,1.2127939918713846,0.0007799230193478896,0.1590415312907161,0.22269658301994902
20.8,0.28,1.2125981301709794,0.0007667360534198873,0.15696156825979113,0.22455351279477778
21.0,0.28,1.2124043945109275,0.0007538126571727306,0.15489621592580072,0.22639577561119692
21.200000000000003,0.28,1.212212807640329,0.0007411460211904565,0.15284523731357438,0.22822357771338814
21.400000000000002,0.28,1.21202338868037,0.0007287295607042069,0.1508083993011768,0.23003712366206028
21.6,0.28,1.2118361533630644,0.0007165569057886208,0.14878547252755733,0.23183661618804477
21.8,0.28,1.2116511142570905,0.0007046218922094215,0.1467762313046275,0.23362225605972514
22.0,0.28,1.2114682809814212,0.0006929185528819049,0.14478045353340818,0.23539424196448122
22.200000000000003,0.28,1.2112876604073974,0.0006814411098957078,0.14279792062393584,0.23715277040418928
22.400000000000002,0.28,1.2111092568497985,0.0006701839670639875,0.14082841741862825,0.23889803560468245
22.6,0.28,1.2109330722474498,0.0006591417029551537,0.1388717321188363,0.24063022943894044
22.8,0.28,1.2107591063338585,0.00064830906436767,0.13692765621433114,0.24234954136364556
23.0,0.28,1.210587356798305,0.000637680960209028,0.13499598441549307,0.24405615836861896
23.200000000000003,0.28,1.210417819437834,0.0006272524557402953,0.1330765145879922,0.2457502649385398
23.400000000000002,0.28,1.2102504883005154,0.0006170187671516875,0.13116904768978083,0.24743204302624977
23.6,0.28,1.2100853558203655,0.0006069752564353039,0.1292733877102078,0.24910167203686157
23.8,0.28,1.2099224129442847,0.0005971174265228814,0.12738934161112653,0.25075932882181823
24.0,0.28,1.2097616492513301,0.000587440916661667,0.1255167192698288,0.25240518768199716
24.200000000000003,0.28,1.2096030530646924,0.00057794149799879,0.12365533342369912,0.2540394203789165
24.400000000000002,0.28,1.2094466115566782,0.0005686150693508447,0.12180499961648691,0.25566219615307434
24.6,0.28,1.2092923108470057,0.0005594576531375117,0.11996553614608335,0.25727368174845044
24.8,0.28,1.2091401360947471,0.0005504653914594772,0.11813676401372898,0.25887404144220344
25.0,0.28,1.2089900715842152,0.0005416345423019853,0.11631850687457392,0.26046343707862074
25.200000000000003,0.28,1.2088421008050776,0.000532961475850098,0.11451059098952847,0.26204202810640864
25.400000000000002,0.28,1.2086962065270193,0.0005244426709032499,0.11271284517834851,0.2636099716184588
25.6,0.28,1.2085523708692323,0.0005160747113780847,0.11092510077389722,0.26516742239327795
25.8,0.28,1.2084105753650205,0.0005078542828903178,0.10914719157754438,0.26671453293733327
26.0,0.28,1.208270801021797,0.0004997781694093496,0.10737895381567353,0.26825145352763
26.200000000000003,0.28,1.2081330283767582,0.0004918432499803761,0.10562022609724171,0.269778332253917
26.400000000000002,0.28,1.2079972375484989,0.00048404649551027275,0.1038708493723763,0.27129531505998716
26.6,0.28,1.2078634082848354,0.00047638496561404873,0.10213066689197439,0.2728025457836224
26.8,0.28,1.2077315200070748,0.00046885580552316657,0.10039952416827347,0.2743001661948056
27.0,0.28,1.2076015518510042,0.0004614562430531598,0.09867726893637316,0.2757883160319099
27.200000000000003,0.28,1.2074734827048075,0.00045418358563155414,0.09696375111667498,0.27726713303563727
27.400000000000002,0.28,1.2073472912441654,0.000447035217391127,0.09525882277822174,0.27873675298056005
27.6,0.28,1.2072229559647267,0.000440008596326653,0.09356233810289566,0.2801973097041846
27.8,0.28,1.2071004552121827,0.0004331012515199074,0.0918741533504762,0.28164893513351424
28.0,0.28,1.2069797672101232,0.00042631078043541345,0.09019412682449202,0.28309175930914804
28.200000000000003,0.28,1.206860870085872,0.0004196348462909462,0.08852211883886343,0.2845259104070042
28.400000000000002,0.28,1.206743741894454,0.0004130711755048287,0.0868579916853024,0.28595151475779435
28.6,0.28,1.206628360640874,0.00040661755522484046,0.0852016096014331,0.287368696864416
28.8,0.28,1.206514704300847,0.00040027183093951224,0.0835528387395833,0.2887775794174611
29.0,0.28,1.206402750840112,0.0003940319041770832,0.08191154713626432,0.29017828330905493
29.200000000000003,0.28,1.2062924782324616,0.0003878957302918859,0.08027760468221522,0.2915709276452661
29.400000000000002,0.28,1.2061838644766045,0.0003818613163439993,0.07865088309309862,0.2929556297573281
29.6,0.28,1.2060768876119339,0.0003759267190678441,0.07703125588064247,0.2943325052119253
29.8,0.28,1.2059715257333532,0.0003700900429391462,0.07541859832442323,0.2957016678207929
30.0,0.28,1.2058677570051517,0.0003643494383276215,0.07381278744390943,0.2970632296498681
30.200000000000003,0.28,1.2057655596741228,0.00035870309975640044,0.07221370197123717,0.2984173010282314
30.400000000000002,0.28,1.205664912081825,0.000353149264235855,0.07062122232393428,0.29976399055704983
30.6,0.28,1.2055657926762606,0.0003476862097159761,0.06903523057862633,0.30110340511872874
30.8,0.28,1.205468180022713,0.000342312253588969,0.06745561044413888,0.3024356498864407
31.0,0.28,1.2053720528142193,0.0003370257513385544,0.06588224723621328,0.3037608283342073
31.200000000000003,0.28,1.205277389881081,0.00033182509519012054,0.0643150278505163,0.30507904224763993
31.400000000000002,0.28,1.2051841702003434,0.00032670871296142144,0.06275384073868837,0.3063903917354873
31.6,0.28,1.205092372903991,0.0003216750668197875,0.06119857588047297,0.30769497524201617
31.8,0.28,1.2050019772876832,0.00031672265236378335,0.059649124761912226,0.3089928895603641
32.0,0.28,1.204912962817466,0.0003118499974097866,0.0581053803450998,0.31028422984678156
32.2,0.28,1.2048253091381884,0.0003070556613728358,0.056567237050418454,0.31156908963593827
32.4,0.28,1.2047389960782637,0.000302338233942128,0.055034590720919964,0.3128475608570384
32.6,0.28,1.2046540036585531,0.0002976963349199565,0.05350733861269376,0.3141197338510619
32.800000000000004,0.28,1.204570312094139,0.0002931286125085241,0.05198537934774374,0.3153856973885647
33.0,0.28,1.204487901805252,0.00028863374396391375,0.05046861292116766,0.3166455386887101
33.2,0.28,1.2044067534138494,0.0002842104329294187,0.04895694062981476,0.31789934343836573
33.4,0.28,1.2043268477598457,0.0002798574116735145,0.04745026511451967,0.31914719581272827
33.6,0.28,1.204248165887846,0.00027557343631423326,0.04594849023803764,0.32038917849510556
33.800000000000004,0.28,1.2041706890754698,0.00027135729226634476,0.044451521200575085,0.321625372699004
34.0,0.28,1.2040943988004895,0.0002672077849596124,0.04295926431162561,0.3228558581876722
34.2,0.28,1.2040192767954205,0.00026312375192776835,0.04147162725882883,0.3240807132978042
34.4,0.28,1.2039453049746616,0.0002591040440177887,0.039988518657924195,0.3253000149573944
34.6,0.28,1.2038724655449615,0.0002551475513171023,0.03850984864241879,0.32651383871188905
34.800000000000004,0.28,1.2038007408498288,0.0002512531644142716,0.0370355279493826,0.32772225873787514
35.0,0.28,1.2037301135978153,0.0002474198292431007,0.035565469180429694,0.3289253478739968
35.2,0.28,1.2036605665347324,0.00024364646654875908,0.034099584916325434,0.33012317762588783
35.4,0.28,1.2035920829192994,0.00023993208723345155,0.03263779038290854,0.33131581820728506
35.6,0.28,1.2035246458359063,0.00023627562430808687,0.03117999953303136,0.332503338527205
35.800000000000004,0.28,1.2034582391887636,0.00023267617486641117,0.029726130653528415,0.3336858062531624
36.0,0.28,1.203392846262999,0.0002291326487991322,0.028276098191597675,0.33486328776234753
36.2,0.28,1.2033284518051446,0.0002256442757823619,0.026829824520007955,0.33603584825232174
36.4,0.28,1.2032650390108741,0.0002222098703759598,0.025387222851626368,0.33720355161858045
36.6,0.28,1.2032025938816304,0.00021882889291456722,0.023948221903101898,0.33836646066588205
36.800000000000004,0.28,1.2031410989163032,0.00021549991260022094,0.02251273014127763,0.3395246368341509
37.0,0.28,1.2030805422406354,0.0002122228183891956,0.02108068747144308,0.34067814061917995
37.2,0.28,1.2030209043823656,0.00020899561954533703,0.019651990368162554,0.34182703098637557
37.4,0.28,1.2029621774402108,0.00020581896990255402,0.01822660021272654,0.34297136620414126
37.6,0.28,1.2029043372524026,0.0002026896791338495,0.016804386430063357,0.34411120264044165
37.800000000000004,0.28,1.2028473839822216,0.00019960917822355533,0.015385353737509986,0.3452465962142877
38.0,0.28,1.2027912825472555,0.0001965722010293795,0.013969313157743971,0.3463776002927962
38.2,0.28,1.2027360517949295,0.00019357486439420645,0.012556360219055991,0.3475042661645963
38.400000000000006,0.28,1.2026816272191967,0.0001906146682461279,0.011146182093769864,0.34862664337016913
38.6,0.28,1.202628088467701,0.00018761456107792876,0.009739077685676174,0.349744756900204
38.800000000000004,0.28,1.2025752495701154,0.00018466631531936645,0.008334468822499871,0.3508586586850029
39.0,0.28,1.2025235335974993,0.0001809709185299432,0.0069332011867105445,0.3519681549782828
39.2,0.28,1.2024719680592684,0.0001778158678788414,0.00553405230938825,0.3530734432090193
39.400000000000006,0.28,1.202423773445783,0.00016752131678861288,0.004139923510953445,0.3541723767292921
39.6,0.28,1.2023730387477787,0.0001642463824674097,0.0027473784365908333,0.35526708786032124
39.800000000000004,0.28,1.2023444850118497,9.176998017730652e-05,0.0013667576871783254,0.35633227829904907
40.0,0.28,1.2023444850118497,0.0,0.0,0.35633227829904907
0.0,0.3,1.0,0.0,0.6381143448662386,0.0
0.2,0.3,1.0273846152970096,0.023499193596110975,0.6381143448662386,2.322939431187486e-06
0.4,0.3,1.0545039819196778,0.018582799811578992,0.5827751142290117,1.1059393162867802e-05
0.6000000000000001,0.3,1.070518466572651,0.017378990694217826,0.5822421688292958,3.447936325285821e-05
0.8,0.3,1.0880051868959462,0.013585309238278028,0.5498540532631451,7.806252482463695e-05
1.0,0.3,1.0987460347431635,0.011716035600929006,0.5452596423964504,0.00015110995264705913
1.2000000000000002,0.3,1.1102963647890078,0.010037900723861551,0.5272268366343805,0.0002612139542933196
1.4000000000000001,0.3,1.1189849758389516,0.009056509337277821,0.5203966776617718,0.0004186636999010267
1.6,0.3,1.1278001788347003,0.008232052361031913,0.5084633133892013,0.0006321180181857121
1.8,0.3,1.1352952436875763,0.007666498804096323,0.5010388903026274,0.0009113587688111873
2.0,0.3,1.1426083925295658,0.007171082552884271,0.49183311039897526,0.001264252557618373
2.2,0.3,1.1491974473504312,0.006786759883301573,0.48454467324820605,0.001698678906470413
2.4000000000000004,0.3,1.1555052919527322,0.0064400474424091934,0.47673194339117847,0.002220541794734879
2.6,0.3,1.161336786249317,0.006148906796531747,0.4698141496342253,0.0028351244559563834
2.8000000000000003,0.3,1.1668723447639493,0.005882400762713895,0.4628289674882936,0.003545912184050373
3.0,0.3,1.1720473411788288,0.005647507699282008,0.45631865237203023,0.004355513114802601
3.2,0.3,1.1769410647477585,0.005430398715106268,0.4498956717466251,0.005265046478755948
3.4000000000000004,0.3,1.181537413980999,0.005233223438566267,0.44376423270231036,0.006274754742965126
3.6,0.3,1.185875677429107,0.00504944349797158,0.43776334780147574,0.007383740464477697
3.8000000000000003,0.3,1.1899574440732337,0.004879322550952816,0.43196693561746724,0.008590371592473589
4.0,0.3,1.193805607361193,0.00471957154806681,0.426304854853549,0.009892207639434807
4.2,0.3,1.1974278584835296,0.004569829913824794,0.42080114734878526,0.011286269747199316
4.4,0.3,1.2008399705092359,0.004428320587454466,0.41542294146548675,0.012769055172530056
4.6000000000000005,0.3,1.204051377351914,0.0042945480699998735,0.410175577307447,0.014336718488525538
4.800000000000001,0.3,1.2070744316479851,0.004167473488780098,0.4050419852341441,0.01598511772414121
5.0,0.3,1.20991867268814,0.004046632773702027,0.40002085024927864,0.017709935920469818
5.2,0.3,1.212594534233334,0.003931368042549215,0.39510214325844456,0.019506730837425178
5.4,0.3,1.2151110559936291,0.0038212887195356437,0.3902824904590577,0.021371015539045444
5.6000000000000005,0.3,1.217477381144762,0.003715946179505975,0.3855552358527159,0.023298299957314157
5.800000000000001,0.3,1.2197018420911874,0.003615022581113889,0.38091664546736204,0.02528414290649053
6.0,0.3,1.2217925731151824,0.003518192017124407,0.3763618432894245,0.02732418225811958
6.2,0.3,1.2237571483677916,0.0034251969707273684,0.3718873163037152,0.029414166967531605
6.4,0.3,1.2256028388043398,0.003335788304888989,0.36748923772843084,0.031549976476095275
6.6000000000000005,0.3,1.2273364735523966,0.003249755603358131,0.3631644748905143,0.03372763886423123
6.800000000000001,0.3,1.2289645533369438,0.003166900725476158,0.35890988867311413,0.035943341506920516
7.0,0.3,1.2304932026986442,0.0030870493940597346,0.35472273471273097,0.038193439756864025
7.2,0.3,1.2319282252262471,0.0030100391934703022,0.3506003649204518,0.0404744611036825
7.4,0.3,1.233275092757741,0.002935723647987304,0.3465403831678129,0.042783107549151024
7.6000000000000005,0.3,1.2345389767206123,0.0028639665331217532,0.34254051400744845,0.045116255251915545
7.800000000000001,0.3,1.2357247521880277,0.002794643029084654,0.3385986595866215,0.047470952840880265
8.0,0.3,1.2368370190678828,0.0027276368556286438,0.33471283888657566,0.049844418114277776
8.200000000000001,0.3,1.237880111804742,0.0026628403459313353,0.3308812054766917,0.052234033864675886
8.4,0.3,1.2388581158810499,0.002600152886218294,0.32710201716464393,0.054637342799224366
8.6,0.3,1.239774879276568,0.002539480636115863,0.32337363873123753,0.05705204196127001
8.8,0.3,1.240634026433937,0.002480735598913204,0.31969452517090713,0.05947597670231318
9.0,0.3,1.2414389698175126,0.002423835262390534,0.3160632190957911,0.061907134433646566
9.200000000000001,0.3,1.2421929221918724,0.0023687019922877563,0.31247834039604694,0.06434363821832749
9.4,0.3,1.242898907580559,0.002315262688822418,0.30893858212410896,0.06678374033440826
9.600000000000001,0.3,1.243559772209002,0.0022634483582507025,0.305442703438418,0.0692258158583632
9.8,0.3,1.2441781945896306,0.0022131938122699566,0.3019895254016693,0.07166835634212929
10.0,0.3,1.2447566953016793,0.002164437346317476,0.29857792577930464,0.07410996361599413
10.200000000000001,0.3,1.2452976461250969,0.002117120484999009,0.2952068352364417,0.07654934375616894
10.4,0.3,1.2458032787710418,0.002071187730341613,0.29187523329930254,0.0789853012346872
10.600000000000001,0.3,1.246275693078956,0.0020265863490586313,0.28858214506672025,0.08141673326982611
10.8,0.3,1.2467168647943558,0.0019832661706530685,0.28532663797006236,0.08384262438435709
11.0,0.3,1.2471286528855463,0.001941179410835986,0.2821078189802584,0.08626204117811773
11.200000000000001,0.3,1.2475128064595762,0.0019002805075679387,0.2789248319540218,0.0886741273160348
11.4,0.3,1.2478709712720157,0.0018605259751600454,0.2757768552749859,0.09107809873207968
11.600000000000001,0.3,1.2482046958675614,0.0018218742703991185,0.27266309964966945,0.09347323904721733
11.8,0.3,1.2485154373603253,0.0017842856723854314,0.269582806114363,0.09585889519916621
12.0,0.3,1.2488045668800378,0.001747722172932861,0.2665352441854425,0.09823447328081625
12.200000000000001,0.3,1.2490733746979552,0.0017121473776950775,0.26351971016919123,0.10059943458412454
12.4,0.3,1.249323075053095,0.0016775264161546588,0.26053552559587245,0.1029532918459244
12.600000000000001,0.3,1.249554810693655,0.0016438258600571052,0.2575820357787961,0.10529560569205522
12.8,0.3,1.2497696571508716,0.0016110136490451819,0.25465860847806976,0.10762598127597006
13.0,0.3,1.2499686267596624,0.0015790590229035892,0.25176463266453203,0.10994406510782735
13.200000000000001,0.3,1.250152672440959,0.0015479324595096783,0.24889951737097318,0.11224954206977768
13.4,0.3,1.2503226912589984,0.0015176056179025128,0.246062690624894,0.11454213261286733
13.600000000000001,0.3,1.2504795277666485,0.001488051285786574,0.24325359845394953,0.11682159013061018
13.8,0.3,1.2506239771507468,0.0014592433309526455,0.24047170395857884,0.11908769850390216
14.0,0.3,1.2507567881890067,0.0014311566560946374,0.23771648644536686,0.1213402698115485
14.200000000000001,0.3,1.2508786660292062,0.0014037671565950598,0.2349874406163965,0.12357914220027702
14.4,0.3,1.2509902748008643,0.0013770516808771732,0.2322840758096955,0.1258041779077266
14.600000000000001,0.3,1.2510922400689573,0.0013509879929910803,0.22960591528684932,0.12801526143154857
14.8,0.3,1.251185151138693,0.0013255547371255393,0.22695249556398786,0.130212297837441
15.0,0.3,1.2512695632198656,0.0013007314037873224,0.22432336578294476,0.13239521119867045
15.200000000000001,0.3,1.2513459994588105,0.0012764982974230949,0.2217180871196082,0.13456394315942222
15.4,0.3,1.2514149528455432,0.001252836505291584,0.21913623222686673,0.13671845161416465
15.600000000000001,0.3,1.2514768880032847,0.001229727867420522,0.21657738470977142,0.13885870949512338
15.8,0.3,1.2515322428671816,0.0012071549475179682,0.21404113863080784,0.14098470365993565
16.0,0.3,1.2515814302586972,0.0011851010047251758,0.21152709804336714,0.1430964338715933
16.2,0.3,1.2516248393618319,0.001163549966128971,0.20903487655167005,0.1451939118628963
16.400000000000002,0.3,1.2516628371070468,0.0011424863999669253,0.20656409689558186,0.147277160477807
16.6,0.3,1.2516957694684698,0.0011218954894816995,0.20411439055887334,0.14934621288233896
16.8,0.3,1.2517239626797232,0.0011017630073975582,0.20168539739960886,0.15140111183790894
17.0,0.3,1.2517477243734454,0.0010820752910039187,0.19927676530142888,0.15344190903043622
17.2,0.3,1.251767344649352,0.0010628192178472923,0.19688814984460828,0.1554686644488778
17.400000000000002,0.3,1.2517830970754278,0.0010439821820395015,0.194519213995817,0.15748144580732937
17.6,0.3,1.2517952396266219,0.0010255520711973402,0.19216962781557997,0.1594803280053052
17.8,0.3,1.2518040155652026,0.001007517244037489,0.18983906818250823,0.1614653926213088
18.0,0.3,1.2518096542666637,0.0009898665086488787,0.18752721853338378,0.16343672743532842
18.2,0.3,1.2518123719949144,0.0009725891014682397,0.18523376861825483,0.16539442597641354
18.400000000000002,0.3,1.2518123726302048,0.0009556746669846239,0.1829584142697146,0.16733858709201097
18.6,0.3,1.251809848353081,0.0009391132381941213,0.18070085718558004,0.1692693145362467
18.8,0.3,1.251804980287426,0.0009228952178261334,0.17846080472421616,0.1711867165748336
19.0,0.3,1.2517979391054397,0.0009070113603541481,0.1762379697117586,0.17309090560473808
19.200000000000003,0.3,1.251788885597253,0.0008914527548050188,0.17403207026056328,0.17498199778717902
19.400000000000002,0.3,1.2517779712076176,0.0008762108083738713,0.17184282959818073,0.1768601126929145
19.6,0.3,1.251765338542024,0.0008612772308437187,0.1696699759062184,0.1787253729591229
19.8,0.3,1.2517511218443318,0.0008466440198075796,0.16751324216846722,0.18057790395749138
20.0,0.3,1.251735447447903,0.000832303446688864,0.1653723660276821,0.18241783347338053
20.200000000000003,0.3,1.2517184342020444,0.0008182480435429313,0.16324708965046383,0.1842452913961466
20.400000000000002,0.3,1.2517001938754218,0.0008044705906265162,0.16113715959967448,0.18606040942086866
20.6,0.3,1.251680831537975,0.0007909641047159285,0.15904232671387414,0.1878633207618522
20.8,0.3,1.2516604459227207,0.0007777218281497085,0.1569623459932841,0.18965415987835776
21.0,0.3,1.2516391297687381,0.0007647372185682104,0.15489697649179085,0.19143306221304796
21.200000000000003,0.3,1.2516169701464832,0.0007520039393237005,0.15284598121458115,0.19320016394365255
21.400000000000002,0.3,1.2515940487664905,0.0007395158505289312,0.1508091270209448,0.19495560174832868
21.6,0.3,1.2515704422724585,0.0007272670007118796,0.1487861845318784,0.19669951258513946
21.8,0.3,1.2515462225195444,0.0007152516190406494,0.1467769280421158,0.19843203348600702
22.0,0.3,1.2515214568387154,0.0007034641080850973,0.1447811354362353,0.2001533013654007
22.200000000000003,0.3,1.2514962082878662,0.0006918990370787051,0.14279858810852775,0.20186345284392354
22.400000000000002,0.3,1.2514705358903526,0.0006805511356436015,0.14082907088632535,0.20356262408684137
22.6,0.3,1.2514444948615862,0.0006694152879417657,0.13887237195652144,0.20525095065748877
22.8,0.3,1.251418136824216,0.0006584865272187192,0.13692828279502683,0.20692856738536103
23.0,0.3,1.2513915100124282,0.000647760030702928,0.13499659809893047,0.20859560824859014
23.200000000000003,0.3,1.251364659465846,0.0006372311148265464,0.13307711572115336,0.21025220627038685
23.400000000000002,0.3,1.25133762721347,0.0006268952307351274,0.13116963660741562,0.21189849342892908
23.6,0.3,1.2513104524480874,0.0006167479600543415,0.12927396473532896,0.21353460058008017
23.8,0.3,1.2512831716915407,0.0006067850108851043,0.12738990705548303,0.21516065739223786
24.0,0.3,1.2512558189512382,0.0005970022139997813,0.1255172734343577,0.21677679229254232
24.200000000000003,0.3,1.2512284258682713,0.0005873955192117184,0.12365587659896048,0.21838313242361168
24.400000000000002,0.3,1.2512010218574825,0.0005779609918961587,0.12180553208307877,0.21997980360993227
24.6,0.3,1.251173634239831,0.0005686948096428487,0.1199660581750412,0.2215669303329943
24.8,0.3,1.2511462883673716,0.0005595932590189234,0.11813727586690882,0.22314463571425316
25.0,0.3,1.2511190077411913,0.0005506527324268904,0.11631900880501951,0.2247130415049846
25.200000000000003,0.3,1.25109181412259,0.0005418697250432065,0.11451108324182419,0.22627226808211856
25.400000000000002,0.3,1.2510647276378386,0.0005332408318242471,0.11271332798895883,0.22782243444915104
25.6,0.3,1.2510377668768007,0.0005247627445713824,0.11092557437149275,0.2293636582412687
25.8,0.3,1.2510109489857264,0.000516432249045549,0.10914765618331386,0.23089605573386152
26.0,0.3,1.2509842897545018,0.0005082462221250506,0.10737940964362414,0.23241974185364545
26.200000000000003,0.3,1.2509578036986435,0.0005002016290024137,0.10562067335448858,0.23393483019167927
26.400000000000002,0.3,1.2509315041363236,0.0004922955204170179,0.10387128825941835,0.2354414330176183
26.6,0.3,1.2509054032606917,0.00048452502992248986,0.10213109760296044,0.236939661294615
26.8,0.3,1.250879512207757,0.00047688737118789504,0.10039994689125689,0.23842962469434825
27.0,0.3,1.250853841120117,0.0004693798353335435,0.09867768385355563,0.23991143161173237
27.200000000000003,0.3,1.2508283992067448,0.0004619997883030084,0.0969641584046407,0.2413851891789289
27.400000000000002,0.3,1.250803194799114,0.0004547446682755607,0.09525922260816173,0.24285100327835496
27.6,0.3,1.2507782354038794,0.00044761198312079825,0.0935627306408217,0.2443089785544505
27.8,0.3,1.2507535277523436,0.0004405993078990749,0.09187453875742521,0.245759218424031
28.0,0.3,1.2507290778469238,0.0004337042824120654,0.09019450525672305,0.24720182508511468
28.200000000000003,0.3,1.250704891004834,0.0004269246088091286,0.08852249044804418,0.24863689952416898
28.400000000000002,0.3,1.250680971899164,0.00042025804925237265,0.08685835661868704,0.25006454152177615
28.6,0.3,1.250657324597549,0.00041370242364557614,0.08520196800203374,0.25148484965675527
28.8,0.3,1.2506339525986094,0.0004072556074298696,0.08355319074633134,0.25289792130883076
29.0,0.3,1.2506108588663183,0.0004009155294525836,0.08191189288416528,0.25430385265995936
29.200000000000003,0.3,1.2505880458624372,0.0003946801699094234,0.08027794430249656,0.25570273869446397
29.400000000000002,0.3,1.2505655155771915,0.00038854755836788664,0.07865121671334904,0.2570946731981411
29.6,0.3,1.250543269558281,0.0003825157718681483,0.07703158362494593,0.25847974875652485
29.8,0.3,1.2505213089383873,0.0003765829331116524,0.07541892031348525,0.2598580567525064
30.0,0.3,1.2504996344612256,0.00037074720872682146,0.07381310379517854,0.2612296873635005
30.200000000000003,0.3,1.2504782465063413,0.00036500680763211783,0.07221401279901854,0.2625947295583733
30.400000000000002,0.3,1.2504571451125948,0.00035935997946769295,0.0706215277395004,0.26395327109431305
30.6,0.3,1.2504363300006238,0.00035380501313680805,0.06903553069031869,0.26530539851384927
30.8,0.3,1.2504158005940695,0.0003483402353952087,0.06745590535746994,0.26665119714218494
31.0,0.3,1.2503955560400275,0.0003429640095770266,0.0658825370539564,0.26799075108502085
31.200000000000003,0.3,1.250375595228229,0.0003376747343242415,0.06431531267280062,0.26932414322699944
31.400000000000002,0.3,1.2503559168098068,0.0003324708425029108,0.06275412066307633,0.2706514552309294
31.6,0.3,1.250336519214505,0.0003273508000378555,0.06119885100205367,0.27197276753785626
31.8,0.3,1.2503174006681066,0.00032231310504685616,0.05964939517336221,0.2732881593681304
32.0,0.3,1.250298559207611,0.0003173562867086938,0.05810564613678207,0.2745977087234489
32.2,0.3,1.2502799926978005,0.000312478904678786,0.0565674983104173,0.2759014923900521
32.4,0.3,1.250261698844011,0.0003076795478627391,0.05503484753516219,0.27719958594290334
32.6,0.3,1.2502436752086572,0.0003029568342576303,0.05350759106493721,0.2784920637511419
32.800000000000004,0.3,1.2502259192206673,0.00029830940937536994,0.051985627519751436,0.27977899898438097
33.0,0.3,1.250208428193546,0.00029373594683646936,0.05046885689260766,0.2810604636204183
33.2,0.3,1.2501911993293848,0.0002892351459258253,0.04895718047854997,0.2823365284534377
33.4,0.3,1.2501742297416545,0.00028480573363993706,0.04745050091632913,0.283607263103906
33.6,0.3,1.250157516449349,0.00028044646031627555,0.04594872206715627,0.2848727360282467
33.800000000000004,0.3,1.2501410564110849,0.0002761561046214861,0.04445174912904303,0.2861330145308683
34.0,0.3,1.2501248465000088,0.0002719334650576858,0.04295948841035612,0.28738816477459356
34.2,0.3,1.250108883562898,0.0002677773710316577,0.04147184759618593,0.28863825179495867
34.4,0.3,1.2500931643561781,0.00026368666565765054,0.039988735301900384,0.2898833395102145
34.6,0.3,1.2500776856585833,0.0002596602294945192,0.038510061657599,0.291123490738565
34.800000000000004,0.3,1.2500624441271135,0.00025569694508520375,0.03703573740144924,0.2923587672056835
35.0,0.3,1.2500474365229688,0.00025179574716522956,0.03556567512975254,0.2935892295667405
35.2,0.3,1.250032659401231,0.00024795554893940994,0.03409978742734318,0.29481493740762693
35.4,0.3,1.2500181095749396,0.00024417534767391127,0.03263798951065672,0.2960359492761448
35.6,0.3,1.250003783458006,0.00024045407085277658,0.03118019534273788,0.2972523226695008
35.800000000000004,0.3,1.24998967802879,0.00023679079769359584,0.029726323192354777,0.2984641140843128
36.0,0.3,1.2499757894482098,0.00023318443754411823,0.028276287529634906,0.29967137897535484
36.2,0.3,1.249962115070087,0.00022963419401180376,0.026830010691054385,0.30087417184503457
36.4,0.3,1.2499486505425177,0.00022613889213603884,0.02538740593901314,0.30207254614250256
36.6,0.3,1.249935394011606,0.00022269794958034846,0.02394840191572809,0.3032665544359744
36.800000000000004,0.3,1.249922340045537,0.00021930996946471187,0.022512907193203098,0.30445624818817674
37.0,0.3,1.2499094884377637,0.0002159747640027152,0.021080861523492946,0.30564167810027204
37.2,0.3,1.2498968314611745,0.00021269042489553005,0.019652161601934066,0.306822893631925
37.4,0.3,1.2498843723492223,0.00020945746131827977,0.018226768502103627,0.3079999436819914
37.6,0.3,1.2498720984356029,0.00020627285825694318,0.016804552099325295,0.30917287560221157
37.800000000000004,0.3,1.2498600203210823,0.00020313779120763995,0.01538551657688796,0.3103417363730251
38.0,0.3,1.2498481140740867,0.0002000472733899341,0.013969473737547462,0.3115065708747897
38.2,0.3,1.249836407797995,0.0001969972386346312,0.012556518999965068,0.31266742216916077
38.400000000000006,0.3,1.2498248456558319,0.00019398477069053536,0.011146339314711817,0.3138243317545301
38.6,0.3,1.2498135141971067,0.00019093569455353186,0.009739242783682826,0.31497731996351974
38.800000000000004,0.3,1.2498022127265394,0.00018793071830573013,0.008334630749868656,0.3161264284152944
39.0,0.3,1.2497913732002812,0.00018420584592641843,0.006933457737702745,0.31727148775723507
39.2,0.3,1.2497797907701484,0.0001809247661710922,0.005534248665281208,0.31841264618143184
39.400000000000006,0.3,1.2497708417460855,0.00017067695295254986,0.004141005081575297,0.31954802002767857
39.6,0.3,1.2497560771065324,0.0001665642516244536,0.0027476243254646645,0.3206792777477726
39.800000000000004,0.3,1.2497630713286905,9.249291470659472e-05,0.0013756973180321934,0.32178304645575656
40.0,0.3,1.2497630713286905,0.0,0.0,0.32178304645575656
0.0,0.32,1.0,0.0,0.6358997131454379,0.0
0.2,0.32,1.0260073825826244,0.02077469891015392,0.6358997131454379,8.01819664615364e-07
0.4,0.32,1.0519646037268555,0.01656915422506223,0.5832934136326812,4.037033205505668e-06
0.6000000000000001,0.32,1.067976962734757,0.015618060032408334,0.5823841594781951,1.324194915937157e-05
0.8,0.32,1.0854170566140025,0.012228853471815558,0.5502623567607766,3.1308147003496153e-05
1.0,0.32,1.0962511179443193,0.010556897511592826,0.5454665395905223,6.29796135299948e-05
1.2000000000000002,0.32,1.1078645781229195,0.009043653075324171,0.527413335199674,0.00011269583871112653
1.4000000000000001,0.32,1.116634853043548,0.008159403695245095,0.5205083880705798,0.00018642194517919447
1.6,0.32,1.1255397167100112,0.00741789109227599,0.5085575584760588,0.0002898021522177568
1.8,0.32,1.1331483063974759,0.0069109224397177664,0.501104651584226,0.000429325182690501
2.0,0.32,1.1406001587383177,0.006468457709105765,0.4918907235156079,0.0006108913940178644
2.2,0.32,1.147359185772431,0.006126727038051181,0.4845897043913935,0.0008406234084658616
2.4000000000000004,0.32,1.153868803482286,0.005819581154297307,0.4767724126598959,0.0011238380608339794
2.6,0.32,1.1599360120164857,0.005562860179781169,0.46984810070503363,0.0014656151734333638
2.8000000000000003,0.32,1.1657406246078403,0.005328692202389861,0.46285982353447186,0.0018701333250376194
3.0,0.32,1.1712180267629315,0.005123186639740567,0.456345656124473,0.002341061419355239
3.2,0.32,1.176446059026237,0.004933847102128982,0.4499203795960737,0.002881181201128838
3.4000000000000004,0.32,1.181407372179847,0.004762502355307918,0.44378642256610246,0.003492657222897939
3.6,0.32,1.1861392424530615,0.004603213130078172,0.43778377308627964,0.0041768569738565775
3.8000000000000003,0.32,1.190641312254194,0.004456144832574075,0.4319855859565581,0.004934542184016113
4.0,0.32,1.194934166919881,0.004318290140299013,0.4263221219936481,0.0057658093100927225
4.2,0.32,1.199023243373492,0.004189275524018678,0.4208170912190578,0.0066702302740733075
4.4,0.32,1.2029219353143952,0.004067466652538538,0.4154377830677732,0.007646857380064262
4.6000000000000005,0.32,1.2066373792719531,0.003952386039052957,0.4101893908192078,0.008694329944493446
4.800000000000001,0.32,1.2101796411364534,0.0038430762254002336,0.40505490641537,0.009810907999121658
5.0,0.32,1.2135560856851395,0.0037391016362066654,0.4000329479510264,0.01099455410177937
5.2,0.32,1.216775056122816,0.0036398585086581696,0.39511350774044973,0.012242975419264291
5.4,0.32,1.2198436331065066,0.003544987766957266,0.39029318008865055,0.013553686261311074
5.6000000000000005,0.32,1.2227691193244974,0.003454082439595446,0.385565314720503,0.014924048152700695
5.800000000000001,0.32,1.2255581448754722,0.003366856452577552,0.3809261614682036,0.01635131688255387
6.0,0.32,1.228217271400804,0.0032830194332915644,0.37637084429002865,0.017832676154617713
6.2,0.32,1.2307526352960878,0.0032023448114100253,0.3718958412603372,0.01936527213812355
6.4,0.32,1.23317019685847,0.0031246154783602324,0.36749732374346256,0.020946239550502926
6.6000000000000005,0.32,1.2354755996443554,0.003049650622842392,0.36317215371013095,0.02257272624450361
6.800000000000001,0.32,1.2376742759884065,0.0029772816282723057,0.3589171898452493,0.024241912172488334
7.0,0.32,1.239771393836594,0.0029073621781295898,0.35472968428099744,0.025951026186438166
7.2,0.32,1.2417719040655208,0.0028397572165694334,0.35060698689384984,0.027697358974888613
7.4,0.32,1.2436805230100003,0.0027743463963746436,0.34654669909413816,0.029478273908786278
7.6000000000000005,0.32,1.2455017562019555,0.0027110187865275973,0.34254654369785204,0.03129121518475045
7.800000000000001,0.32,1.2472398955795088,0.0026496737604613727,0.33860442102844485,0.03313371421802577
8.0,0.32,1.2488990336549297,0.002590218299635098,0.33471834862912464,0.035003394136498556
8.200000000000001,0.32,1.2504830667660634,0.002532566963024275,0.33088647866519727,0.0368979729187401
8.4,0.32,1.2519957052953719,0.002476640407511309,0.32710706776502724,0.038815265207574806
8.6,0.32,1.2534404793371723,0.0024223650772686113,0.3233784795992693,0.04075318312850186
8.8,0.32,1.254820747179061,0.002369672322988961,0.31969916819557115,0.04270973620102283
9.0,0.32,1.2561397018149298,0.002318498046513261,0.31606767527154794,0.044683030553546
9.200000000000001,0.32,1.2574003785254326,0.0022687821329694284,0.31248261992170545,0.04667126753537039
9.4,0.32,1.2586056615303391,0.0022204681278465655,0.3089426944675458,0.04867274186541028
9.600000000000001,0.32,1.2597582909642502,0.002173502844300517,0.3054466574089336,0.05068583939777518
9.8,0.32,1.260860869339335,0.002127836090893841,0.30199332920473093,0.05270903459824002
10.0,0.32,1.2619158680117086,0.002083420384600151,0.298581587071726,0.05474088779359341
10.200000000000001,0.32,1.2629256333005676,0.002040210727585783,0.2952103611716318,0.056780042257159186
10.4,0.32,1.2638923924749095,0.001998164389120426,0.29187863057051217,0.05882522117557646
10.600000000000001,0.32,1.2648182594618922,0.0019572407245884824,0.2885854199441275,0.060875224539158425
10.8,0.32,1.2657052403683466,0.0019174010057348822,0.2853297963352794,0.06292892598743909
11.0,0.32,1.2665552387567764,0.0018786082747894593,0.2821108663566786,0.06498526963816967
11.200000000000001,0.32,1.2673700607172154,0.0018408272107213839,0.2789277735346955,0.06704326692166125
11.4,0.32,1.2681514197137516,0.001804024012271852,0.27577969594749685,0.06910199343962012
11.600000000000001,0.32,1.2689009412267618,0.0017681662921264607,0.27266584401886435,0.0711605858638376
11.8,0.32,1.26962016718578,0.001733222983589911,0.26958545852282256,0.07321823888810787
12.0,0.32,1.270310560205752,0.0016991642567926316,0.26653780873216226,0.07527420224444609
12.200000000000001,0.32,1.2709735076285082,0.001665961444471473,0.2635221907265162,0.07732777779325192
12.4,0.32,1.2716103253787248,0.0016335869755576293,0.26053792582496615,0.07937831669554378
12.600000000000001,0.32,1.272222261639058,0.0016020143161217255,0.257584359143737,0.08142521667427496
12.8,0.32,1.272810500352188,0.0015712179164935223,0.2546608582587629,0.08346791937058558
13.0,0.32,1.2733761645555144,0.001541173163975372,0.25176681196852907,0.08550590779986833
13.200000000000001,0.32,1.2739203195554492,0.0015118563402927092,0.24890162914433275,0.08753870391152294
13.4,0.32,1.2744439759473092,0.0014832445832206182,0.24606473766217427,0.08956586625535559
13.600000000000001,0.32,1.2749480924872327,0.001455315851744755,0.24325558340742068,0.09158698775665874
13.8,0.32,1.2754335788220184,0.0014280488942742912,0.24047362934673894,0.09360169360113284
14.0,0.32,1.2759012980828446,0.001401423219423837,0.23771835466082578,0.09560963922996724
14.200000000000001,0.32,1.276352069348524,0.0013754190689727569,0.2349892539331928,0.09761050844459548
14.4,0.32,1.2767866699838106,0.001350017392638941,0.23228583639009964,0.09960401161988859
14.600000000000001,0.32,1.2772058378580593,0.0013251998243662302,0.22960762518770259,0.10158988402384933
14.8,0.32,1.2776102734493737,0.001300948659852685,0.22695415674261926,0.10356788424123399
15.0,0.32,1.2780006418391796,0.0012772468350922583,0.22432498010270344,0.10553779269794906
15.200000000000001,0.32,1.2783775746019979,0.0012540779057344023,0.2217196563550459,0.10749941028256124
15.4,0.32,1.2787416715950164,0.0012314260270969784,0.21913775806859911,0.10945255706081483
15.600000000000001,0.32,1.279093502651943,0.0012092759346919667,0.21657886876904486,0.11139707107867795
15.8,0.32,1.2794336091854355,0.0011876129251566674,0.21404258244379376,0.113332807249132
16.0,0.32,1.27976250570234,0.001166422837500069,0.21152850307520438,0.11525963631768625
16.2,0.32,1.280080681235783,0.0011456920346018108,0.20903624420027483,0.11717744390143399
16.400000000000002,0.32,1.2803886006981278,0.0011254073849150967,0.20656542849523862,0.11908612959637008
16.6,0.32,1.2806867061586464,0.0011055562443503372,0.20411568738362232,0.12098560614766475
16.8,0.32,1.2809754180496828,0.001086126438327417,0.20168666066644347,0.12287579867762474
17.0,0.32,1.2812551363049896,0.0010671062439995469,0.19927799617331246,0.12475664396617561
17.2,0.32,1.2815262414337913,0.0010484843726679728,0.1968893494333209,0.1266280897788585
17.400000000000002,0.32,1.2817890955340618,0.0010302499524097244,0.1945203833646439,0.1284900942375499
17.6,0.32,1.2820440432483684,0.001012392510953448,0.19217076798184782,0.1303426252293723
17.8,0.32,1.2822914126655167,0.000994901958842092,0.189840180119977,0.1321856598495694
18.0,0.32,1.2825315161711586,0.0009777685729224397,0.1875283031745033,0.134019183874452
18.2,0.32,1.2827646512503317,0.0009609829802049019,0.18523482685629294,0.13584319126088298
18.400000000000002,0.32,1.282991101244844,0.0009445361421360213,0.18295944696076163,0.13765768366914968
18.6,0.32,1.2832111360682414,0.0009284193393224207,0.18070186515043854,0.13946267000645468
18.8,0.32,1.2834250128809797,0.000912624156744357,0.1784617887501798,0.14125816598864688
19.0,0.32,1.2836329767282963,0.0008971424694890823,0.1762389305542878,0.14304419371819369
19.200000000000003,0.32,1.2838352611431272,0.000881966429034433,0.17403300864486176,0.144820781276763
19.400000000000002,0.32,1.2840320887162942,0.0008670884501048517,0.17184374622068066,0.14658796233112986
19.6,0.32,1.2842236716360655,0.0008525011981155703,0.16967087143597528,0.14834577575144595
19.8,0.32,1.2844102121990182,0.0008381975772187179,0.16751411724847562,0.15009426524120215
20.0,0.32,1.2845919032940765,0.0008241707189584318,0.16537322127611112,0.15183347897847455
20.200000000000003,0.32,1.2847689288614144,0.0008104139715353697,0.16324792566182147,0.15356346926827158
20.400000000000002,0.32,1.2849414643278176,0.0007969208896784184,0.1611379769459021,0.15528429220598627
20.6,0.32,1.2851096770199866,0.0007836852251177065,0.1590431259453799,0.1569960073521142
20.8,0.32,1.285273726557155,0.0007707009176457838,0.15696312763991246,0.15869867741851157
21.0,0.32,1.285433765224281,0.0007579620867521858,0.15489774106374046,0.16039236796655382
21.200000000000003,0.32,1.2855899383269744,0.0007454630238140213,0.1528467292032681,0.16207714711760085
21.400000000000002,0.32,1.2857423845292386,0.0007331981848204184,0.1508098588998193,0.16375308527619992
21.6,0.32,1.2858912361750072,0.0007211621836079698,0.14878690075719445,0.16542025486644513
21.8,0.32,1.286036619594382,0.0007093497855798268,0.1467776290536609,0.1670787300818828
22.0,0.32,1.2861786553953893,0.0006977559018804594,0.14478182165802098,0.16872858664930207
22.200000000000003,0.32,1.2863174587420312,0.0006863755839997053,0.1427992599494433,0.17036990160667756
22.400000000000002,0.32,1.2864531396192995,0.0006752040187722127,0.140829728740759,0.17200275309545224
22.6,0.32,1.2865858030858142,0.0006642365237425016,0.13887301620495093,0.17362722016725443
22.8,0.32,1.2867155495146552,0.0006534685428662037,0.13692891380457992,0.17524338260504618
23.0,0.32,1.2868424748229375,0.0006428956425151087,0.13499721622392002,0.1768513207585955
23.200000000000003,0.32,1.2869666706906118,0.0006325135077550528,0.13307772130358753,0.17845111539406858
23.400000000000002,0.32,1.287088224768983,0.0006223179388681437,0.13117022997748426,0.18004284755743044
23.6,0.32,1.287207220879341,0.0006123048480897574,0.12927454621186965,0.18162659845125215
23.8,0.32,1.2873237392021406,0.0006024702565338722,0.12739047694642655,0.1832024493244326
24.0,0.32,1.2874378564570865,0.0005928102912810899,0.12551783203715486,0.18477048137425947
24.200000000000003,0.32,1.2875496460745168,0.0005833211826047063,0.12365642420099039,0.18633077566016543
24.400000000000002,0.32,1.2876591783583906,0.000573999261312842,0.12180606896204318,0.18788341302847006
24.6,0.32,1.2877665206412465,0.0005648409561882543,0.119966584599341,0.18942847404735347
24.8,0.32,1.2878717374314321,0.000555842791506268,0.11813779209600586,0.1909660389512638
25.0,0.32,1.287974890552918,0.0005470013846157443,0.11631951508978591,0.19249618759393822
25.200000000000003,0.32,1.2880760392779986,0.0005383134435695334,0.11451157982487715,0.19401899940919884
25.400000000000002,0.32,1.2881752404531759,0.0005297757647917821,0.11271381510498278,0.1955345533786845
25.6,0.32,1.2882725486185016,0.0005213852307749604,0.11092605224755003,0.19704292800568682
25.8,0.32,1.288368016120672,0.0005131388077963757,0.1091481250391432,0.1985442012942744
26.0,0.32,1.2884616932201465,0.0005050335436496346,0.10737986969192713,0.20003845073291884
26.200000000000003,0.32,1.2885536281925536,0.0004970665653868874,0.10562112480120692,0.20152575328187283
26.400000000000002,0.32,1.2886438674246612,0.0004892350770692536,0.10387173130399895,0.20300618536359116
26.6,0.32,1.288732455505163,0.0004815363575247262,0.10213153243861116,0.2044798228555377
26.8,0.32,1.2888194353105418,0.00047396775811352383,0.10040037370519175,0.20594674108477434
27.0,0.32,1.2889048480862548,0.0004665267005026739,0.09867810282723087,0.20740701482378698
27.200000000000003,0.32,1.2889887335234862,0.00045921067445123205,0.09696456971398125,0.2088607182870641
27.400000000000002,0.32,1.2890711298317084,0.00045201723561171566,0.09525962642377817,0.21030792512800672
27.6,0.32,1.289152073807284,0.00044494400335072406,0.09356312712821864,0.21174870843580879
27.8,0.32,1.2892316008983213,0.0004379886585919789,0.0918749280772007,0.21318314073201045
28.0,0.32,1.2893097452660165,0.0004311489416883968,0.09019488756475973,0.21461129396648673
28.200000000000003,0.32,1.2893865398426814,0.00042442265032878484,0.0885228658956922,0.21603323951269035
28.400000000000002,0.32,1.2894620163866628,0.00041780763748367844,0.08685872535293851,0.2174490481620221
28.6,0.32,1.2895362055343433,0.0004113018093958142,0.08520233016568945,0.2188587901172509
28.8,0.32,1.289609136849408,0.0004049031236194455,0.0835535464781608,0.22026253498495507
29.0,0.32,1.2896808388695635,0.0003986095871165435,0.08191224231905804,0.22166035176699214
29.200000000000003,0.32,1.2897513391508517,0.00039241925441056946,0.08027828757160747,0.2230523088510458
29.400000000000002,0.32,1.2898206643097383,0.0003863302258058744,0.07865155394423615,0.22443847400032535
29.6,0.32,1.2898888400631057,0.00038034064567141115,0.07703191494170221,0.22581891434252235
29.8,0.32,1.2899558912663194,0.0003744487007997497,0.07541924583686334,0.22719369635814787
30.0,0.32,1.290021841949431,0.00036865261883096615,0.07381342364271014,0.2285628858683897
30.200000000000003,0.32,1.290086715351747,0.0003629506667629631,0.07221432708512773,0.22992654802264287
30.400000000000002,0.32,1.2901505339547217,0.0003573411495218462,0.07062183657561155,0.23128474728586748
30.6,0.32,1.2902133195134773,0.00035182240863038713,0.06903583418495746,0.232637547425942
30.8,0.32,1.2902750930867761,0.00034639282092056205,0.06745620361636369,0.23398501150115952
31.0,0.32,1.290335875065906,0.0003410507973693297,0.06588283018012304,0.23532720184803863
31.200000000000003,0.32,1.2903956852020233,0.000335794781939117,0.06431560076664217,0.23666418006957454
31.400000000000002,0.32,1.2904545426327976,0.0003306232505892894,0.06275440382245473,0.23799600702409476
31.6,0.32,1.2905124659072877,0.0003255347102148504,0.06119912932238299,0.23932274281480795
31.8,0.32,1.290569473010769,0.00032052769785852355,0.059649668747668624,0.24064444678020624
32.0,0.32,1.290625581387154,0.00031560077968448237,0.058105915055800116,0.24196117748534274
32.2,0.32,1.2906808079625305,0.0003107525504499374,0.05656776266262552,0.2432729927141697
32.4,0.32,1.2907351691648368,0.00030598163239775144,0.05503510740689927,0.24457994946284128
32.6,0.32,1.2907886809469813,0.0003012866751175942,0.05350784654039444,0.24588210393425255
32.800000000000004,0.32,1.2908413588029124,0.00029666635412620363,0.05198587868113823,0.24717951153351003
33.0,0.32,1.2908932177918964,0.0002921193714134948,0.05046910382005947,0.24847222686482495
33.2,0.32,1.290944272549029,0.00028764445324134066,0.04895742325040334,0.24976030372912253
33.4,0.32,1.2909945373137939,0.0002832403520080951,0.04745073960886053,0.2510437951233635
33.6,0.32,1.2910440259307374,0.00027890584230692796,0.04594895675509285,0.25232275324006614
33.800000000000004,0.32,1.291092751888725,0.0002746397254531943,0.044451979884950824,0.2535972294691181
34.0,0.32,1.2911407283027319,0.0002704408218132011,0.042959715305647794,0.2548672743987277
34.2,0.32,1.2911879679770821,0.00026630798083545503,0.04147207069978238,0.25613293781991253
34.4,0.32,1.2912344833493206,0.0002622400655034962,0.03998895468228417,0.2573942687279901
34.6,0.32,1.291280286605129,0.00025823597382955296,0.03851027737995434,0.2586513153303241
34.800000000000004,0.32,1.291325389544416,0.0002542946067799998,0.03703594953190988,0.25990412504673144
35.0,0.32,1.2913698038057357,0.0002504149137211638,0.03556588372936114,0.2611527445219842
35.2,0.32,1.2914135405711045,0.0002465958257181879,0.034099992560896186,0.2623972196220751
35.4,0.32,1.29145661102089,0.00024283635109600648,0.03263819123400476,0.2636375954549653
35.6,0.32,1.291499025702505,0.0002391354362307673,0.03118039372126348,0.2648739163567105
35.800000000000004,0.32,1.291540795468907,0.0002354921660125082,0.029726518274327877,0.26610622592816524
36.0,0.32,1.291581930145047,0.00023190547281458254,0.028276479384872433,0.2673345669988493
36.2,0.32,1.2916224404799839,0.00022837455650504294,0.026830199355075746,0.26855898169613307
36.4,0.32,1.2916623353440757,0.00022489827555247416,0.025387591493980774,0.2697795113619516
36.6,0.32,1.2917016258051186,0.00022147602587346845,0.023948584373546192,0.27099619668922614
36.800000000000004,0.32,1.2917403192477754,0.00021810646730708666,0.02251308666490805,0.2722090775398545
37.0,0.32,1.2917784279037943,0.0002147893545464546,0.021081037975602516,0.2734181932194926
37.2,0.32,1.2918159565078902,0.00021152288555154617,0.01965233520926005,0.274623582090685
37.4,0.32,1.2918529202024713,0.00020830744280003248,0.018226939149758127,0.2758252821177407
37.6,0.32,1.2918893184878457,0.00020514021530674753,0.016804720097953897,0.2770233300722513
37.800000000000004,0.32,1.291925173199908,0.0002020221495083893,0.015385681738278555,0.2782177624675774
38.0,0.32,1.2919604721591076,0.00019894858818075864,0.01396963661334176,0.2794086141632635
38.2,0.32,1.2919952535671615,0.00019591540916824875,0.012556680079465959,0.2805959185064988
38.400000000000006,0.32,1.2920294707972568,0.0001929194259403706,0.011146498894057097,0.2817797075275536
38.6,0.32,1.2920632180108853,0.00018989036393869742,0.009739410193441489,0.2829599954376621
38.800000000000004,0.32,1.292096280770395,0.0001868983135248504,0.008334795977471285,0.2841368130028691
39.0,0.32,1.2921290975420485,0.00018322345678596373,0.006933716950691988,0.28531001356681773
39.2,0.32,1.2921602351710788,0.00017990454396274924,0.005534457790742972,0.2864797035740023
39.400000000000006,0.32,1.2921931841889287,0.00016989937530777083,0.004142102440052633,0.28764426526477416
39.6,0.32,1.2922169254313356,0.00016517987029149116,0.0027479693317553405,0.28880497481858236
39.800000000000004,0.32,1.2922615894828873,9.12634881123978e-05,0.0013850608273523143,0.28994068952474256
40.0,0.32,1.2922615894828873,0.0,0.0,0.28994068952474256
0.0,0.34,1.0,0.0,0.6339517343531026,0.0
0.2,0.34,1.0248029012248,0.01817211564996174,0.6339517343531026,2.6979775826136627e-07
0.4,0.34,1.0497393699544966,0.014604970310396604,0.5837348454159091,1.435193822557095e-06
0.6000000000000001,0.34,1.06573736700299,0.013862901806816923,0.5824984383510597,4.946007469323625e-06
0.8,0.34,1.083121284492826,0.010870506722134033,0.5506244893237141,1.220800230958581e-05
1.0,0.34,1.0940223409914953,0.00939250723359634,0.5456503282820949,2.551508345264542e-05
1.2000000000000002,0.34,1.1056696086642461,0.008044547681903574,0.5275802715654659,4.725872789722114e-05
1.4000000000000001,0.34,1.1144827181339683,0.007256987970770119,0.5206084290244909,8.067965978723814e-05
1.6,0.34,1.1234288993630575,0.006597316087765453,0.5086419365383125,0.00012912764439298283
1.8,0.34,1.1310908191708067,0.006147252365024496,0.5011635190880582,0.00019655215453187746
2.0,0.34,1.1386093135638355,0.005755562660090456,0.4919422499122182,0.0002868646564240512
2.2,0.34,1.1454537987459752,0.005453983825117321,0.4846299865214176,0.00040427057665502465
2.4000000000000004,0.34,1.1520688683795974,0.005183734287968686,0.47680860688894583,0.0005527631788041538
2.6,0.34,1.1582640862094276,0.0049586613662240975,0.4698784843899408,0.0007363451996323206
2.8000000000000003,0.34,1.1642197763192084,0.004753993015430148,0.4628874485488985,0.0009586669392634069
3.0,0.34,1.169872338300386,0.004575043579399997,0.45636985460748847,0.0012231708298345737
3.2,0.34,1.1752995086878015,0.004410683029778202,0.4499425386019631,0.0015328613364297234
3.4000000000000004,0.34,1.1804839455285134,0.004262464693612998,0.4438063461823122,0.0018904016968654493
3.6,0.34,1.1854622903908163,0.004125074926727281,0.43780213253129485,0.002297987116006924
3.8000000000000003,0.34,1.1902335143014937,0.003998607922891988,0.43200237223244004,0.0027574153924137743
4.0,0.34,1.194817163711822,0.003880354729145708,0.42633768384684434,0.003270031688790463
4.2,0.34,1.199217573359486,0.0037699426097246667,0.42083148166203715,0.0038367858802165807
4.4,0.34,1.2034468376827276,0.0036658873496565945,0.41545119854041407,0.004458221802111317
4.6000000000000005,0.34,1.2075107537653331,0.003567733629424683,0.4102018968072128,0.005134527258998283
4.800000000000001,0.34,1.2114179606745628,0.003474605549589707,0.4050666233052333,0.005865547789098319
5.0,0.34,1.2151743919574236,0.003386093642002564,0.40004393642141123,0.006650831251641144
5.2,0.34,1.218786942863923,0.003301643433804338,0.39512384759866287,0.007489652844044965
5.4,0.34,1.2222612738555165,0.003220920878656776,0.390302922682866,0.008381054433929672
5.6000000000000005,0.34,1.2256032947976707,0.0031435528418967905,0.3855745165508603,0.009323872759999723
5.800000000000001,0.34,1.228818293908651,0.0030692763305414108,0.3809348645969916,0.010316773253410589
6.0,0.34,1.2319115440228268,0.002997827228949426,0.3763790908021819,0.011358276970165511
6.2,0.34,1.2348879575527296,0.0029290003379831516,0.3719036653155222,0.012446788812732387
6.4,0.34,1.2377523369513947,0.002862600909125938,0.36750475789285175,0.013580621068093945
6.6000000000000005,0.34,1.2405092389646981,0.0027984681520321917,0.3631792257574975,0.014758016253485148
6.800000000000001,0.34,1.2431630798725253,0.0027364536051716114,0.35892392567519243,0.01597716652493448
7.0,0.34,1.2457180832167307,0.002676429858877696,0.3547361066852197,0.01723623162918264
7.2,0.34,1.2481783254272456,0.002618280550900039,0.3506131168870649,0.018533354211937133
7.4,0.34,1.2505477169612664,0.0025619032327675816,0.3465525555281823,0.019866673504577503
7.6000000000000005,0.34,1.2528300233754603,0.0025072045051269293,0.34255214390947397,0.02123433693424448
7.800000000000001,0.34,1.2550288599232733,0.0024541006563693706,0.3386097807579285,0.022634510220010482
8.0,0.34,1.2571477025182693,0.0024025151398676665,0.3347234823641424,0.02406538583138041
8.200000000000001,0.34,1.259189887810633,0.0023523784342126966,0.3308913996683969,0.025525190146202553
8.4,0.34,1.2611586200059846,0.002303626633318659,0.32711178827346254,0.027012189324950538
8.6,0.34,1.263056973201255,0.0022562010883419663,0.32338301088390486,0.028524694121876037
8.8,0.34,1.2648878965078365,0.0022100475562089952,0.3197035206877996,0.03006106370198791
9.0,0.34,1.2666542173188262,0.002165115825812108,0.31607185862580295,0.03161970861888301
9.200000000000001,0.34,1.2683586457214269,0.0021213591653869487,0.3124866431022444,0.03319909303426175
9.4,0.34,1.2700037781236635,0.0020787339959561653,0.30894656580458485,0.03479773629317952
9.600000000000001,0.34,1.2715921013332137,0.002037199510217419,0.30545038466185254,0.036414213930580086
9.8,0.34,1.2731259962798547,0.001996717404767058,0.301996919609527,0.03804715819471305
10.0,0.34,1.2746077418904584,0.001957251604676433,0.29858504738901726,0.0396952581514109
10.200000000000001,0.34,1.2760395187750466,0.0019187680493677859,0.2952136977258345,0.04135725943371376
10.4,0.34,1.2774234129319646,0.0018812344869887834,0.2918818492873362,0.04303196368818095
10.600000000000001,0.34,1.2787614193264747,0.001844620305096674,0.2885885263826368,0.04471822776640002
10.8,0.34,1.2800554454272046,0.0018088963741596242,0.28533279571772974,0.04641496270174941
11.0,0.34,1.2813073146376794,0.0017740349146795156,0.2821137635947081,0.048121132508013365
11.200000000000001,0.34,1.282518769656979,0.001740009377127554,0.2789305732533727,0.04983575283086229
11.4,0.34,1.2836914757423528,0.00170679433851135,0.27578240250675284,0.05155788948015509
11.600000000000001,0.34,1.2848270238875692,0.0016743654102958844,0.2726684615330621,0.053286656867276086
11.8,0.34,1.2859269339053698,0.0016426991586583222,0.2695879908783631,0.055021216369293774
12.0,0.34,1.286992657419844,0.0016117730342355735,0.2665402596035371,0.05676077463914795
12.200000000000001,0.34,1.2880255807640382,0.0015815653112270802,0.26352456359084875,0.058504581879176405
12.4,0.34,1.289027027785616,0.001552055034127058,0.2605402239752841,0.06025193009340073
12.600000000000001,0.34,1.289998262559111,0.0015232219715486859,0.2575865857010593,0.06200215133244467
12.8,0.34,1.2909404920065752,0.00149504657596658,0.25466301618316234,0.06375461594344303
13.0,0.34,1.2918548684267182,0.001467509948753383,0.25176890406925634,0.065508730835955
13.200000000000001,0.34,1.2927424919341344,0.0014405938096538652,0.2489036580891175,0.06726393777358326
13.4,0.34,1.2936044128095077,0.0014142804701137261,0.2460667059857741,0.06901971169977719
13.600000000000001,0.34,1.2944416337624118,0.0013885528098210068,0.24325749351951273,0.07077555910511389
13.8,0.34,1.2952551121080667,0.0013633942559691822,0.24047548353920598,0.07253101644222644
14.0,0.34,1.2960457618597463,0.001338788764758621,0.23772015511451047,0.07428564859347227
14.200000000000001,0.34,1.2968144557384724,0.0013147208047444563,0.2349910027241661,0.0760390473954196
14.4,0.34,1.2975620271017465,0.0012911753416707875,0.23228753549549466,0.07779083022326681
14.600000000000001,0.34,1.2982892717931238,0.0012681378244918903,0.2296092764911542,0.07954063863741766
14.8,0.34,1.29899694991444,0.001245594172312448,0.22695576203934767,0.08128813709359994
15.0,0.34,1.2996857875225796,0.001223530762022378,0.22432654110427455,0.08303301171715213
15.200000000000001,0.34,1.300356478252659,0.0012019344164359233,0.22172117469383656,0.0847749691414042
15.4,0.34,1.3010096848695671,0.0011807923927727561,0.21913923530199114,0.08651373540944804
15.600000000000001,0.34,1.3016460407498072,0.0011600923713445583,0.216580306383374,0.08824905493802916
15.8,0.34,1.3022661512956355,0.0011398224443426499,0.21404398185806994,0.08998068954179739
16.0,0.34,1.3028705952835142,0.0011199711046393853,0.21152986564462176,0.09170841751572216
16.2,0.34,1.3034599261489326,0.001100527234541771,0.20903757121952493,0.09343203277311733
16.400000000000002,0.34,1.304034673209693,0.0010814800944523074,0.2065667212016429,0.09515134403642142
16.6,0.34,1.304595342829776,0.0010628193114144435,0.20411694696009325,0.09686617407764837
16.8,0.34,1.3051424195259593,0.001044534867534587,0.2016878882442856,0.09857635900525488
17.0,0.34,1.3056763670193394,0.0010266170882866415,0.19927919283487341,0.10028174759406644
17.2,0.34,1.3061976292339788,0.00100905663071997,0.19689051621449852,0.10198220065485843
17.400000000000002,0.34,1.3067066312448754,0.000991844471599731,0.1945215212572583,0.10367759044020071
17.6,0.34,1.3072037801774608,0.0009749718955182832,0.19217187793588641,0.10536780008324269
17.8,0.34,1.3076894660608365,0.0009584304830226693,0.18984126304571686,0.10705272306622794
18.0,0.34,1.308164062636923,0.0009422120988048125,0.18752935994451708,0.10873226271568842
18.2,0.34,1.308627928127678,0.0009263088800065286,0.18523585830734532,0.11040633172146307
18.400000000000002,0.34,1.3090814059624971,0.0009107132246879604,0.18296045389559995,0.11207485167691235
18.6,0.34,1.309524825467867,0.0008954177805090795,0.1807028483394836,0.11373775263795138
18.8,0.34,1.3099585025212916,0.0008804154336705007,0.1784627489331216,0.11539497269878965
19.0,0.34,1.3103827401714285,0.0008656992981548144,0.17623986844159,0.11704645758254381
19.200000000000003,0.34,1.3107978292263303,0.0008512627053080616,0.17403392491918243,0.11869216024516793
19.400000000000002,0.34,1.3112040488116037,0.0008370991937936495,0.17184464153820805,0.12033204049142159
19.6,0.34,1.3116016669002133,0.0008232024999472029,0.16967174642769056,0.12196606460186345
19.8,0.34,1.3119909408155832,0.0008095665485535403,0.16751497252133915,0.12359420497010909
20.0,0.34,1.312372117709581,0.0007961854440649696,0.16537405741418337,0.12521643974982452
20.200000000000003,0.34,1.312745435016862,0.0007830534622717344,0.1632487432273153,0.12683275251114007
20.400000000000002,0.34,1.3131111208869886,0.0007701650424322978,0.16113877648017813,0.12844313190635193
20.6,0.34,1.3134693945956337,0.0007575147798668469,0.15904390796988163,0.130047571344941
20.8,0.34,1.3138204669361273,0.0007450974190112625,0.15696389265705005,0.13164606867806877
21.0,0.34,1.314164540592495,0.0007329078469257528,0.15489848955772215,0.1332386258928127
21.200000000000003,0.34,1.314501810495065,0.0007209410872491434,0.15284746164088703,0.13482524881648086
21.400000000000002,0.34,1.3148324641596678,0.0007091922945861857,0.15081057573119433,0.13640594683139642
21.6,0.34,1.315156682011325,0.0006976567493117467,0.14878760241647307,0.13798073260056273
21.8,0.34,1.315474637693328,0.0006863298527722995,0.146778315959681,0.13954962180462765
22.0,0.34,1.3157864983624747,0.0006752071228649779,0.1447824942149404,0.14111263289054163
22.200000000000003,0.34,1.3160924249711954,0.0006642841899722392,0.14279991854733542,0.1426697868322723
22.400000000000002,0.34,1.3163925725372598,0.0006535567932258459,0.14083037375617688,0.14422110690388193
22.6,0.34,1.316687090401664,0.000643020777075035,0.13887364800146537,0.1457666184652129
22.8,0.34,1.3169761224752774,0.0006326720881342993,0.13692953273329095,0.14730634876035192
23.0,0.34,1.3172598074747666,0.0006225067722834425,0.13499782262394308,0.14884032672895808
23.200000000000003,0.34,1.3175382791482861,0.0006125209719922217,0.133078315502519,0.15036858283046237
23.400000000000002,0.34,1.3178116664913686,0.0006027109238446313,0.13117081229184435,0.15189114888104818
23.6,0.34,1.3180800939534436,0.000593072956236866,0.12927511694752708,0.15340805790324186
23.8,0.34,1.3183436816353515,0.0005836034872248095,0.1273910363990058,0.15491934398785284
24.0,0.34,1.3186025454782127,0.0005742990224974101,0.12551838049242453,0.15642504216792175
24.200000000000003,0.34,1.318856797444004,0.0005651561534536143,0.12365696193523823,0.1579251883042565
24.400000000000002,0.34,1.319106545688122,0.0005561715553629715,0.12180659624243437,0.15941981898206875
24.6,0.34,1.3193518947242773,0.0005473419855917021,0.11996710168426439,0.16090897141816002
24.8,0.34,1.319592945581967,0.0005386642818776251,0.11813829923540566,0.16239268337805154
25.0,0.34,1.3198297959568157,0.000530135360638025,0.11632001252548127,0.16387099310241102
25.200000000000003,0.34,1.3200625403540505,0.0005217522152993117,0.114512067790871,0.1653439392420915
25.400000000000002,0.34,1.320291270225349,0.0005135119146360927,0.11271429382775829,0.16681156080107842
25.6,0.34,1.3205160740993216,0.0005054116011122672,0.11092652194635713,0.16827389708661997
25.8,0.34,1.3207370377058698,0.0004974484892158922,0.10914858592627395,0.16973098766581737
26.0,0.34,1.3209542440946418,0.0004896198637830575,0.10738032197298161,0.17118287232795323
26.200000000000003,0.34,1.3211677737478273,0.0004819230783070421,0.10562156867534996,0.17262959105185177
26.400000000000002,0.34,1.3213777046875235,0.0004743555532307782,0.10387216696420702,0.17407118397758264
26.6,0.34,1.3215841125778782,0.00046691477422198,0.10213196007191026,0.17550769138185565
26.8,0.34,1.3217870708222512,0.00045959829043202313,0.10040079349288678,0.17693915365648336
27.0,0.34,1.3219866506555982,0.0004524037127405843,0.0986785149451259,0.1783656112893311
27.200000000000003,0.34,1.3221829212322849,0.0004453287119873241,0.09696497433259184,0.17978710484722146
27.400000000000002,0.34,1.3223759497095577,0.000438371017197086,0.09526002370853563,0.18120367496030457
27.6,0.34,1.3225658013268655,0.00043152841380269847,0.09356351723966642,0.18261536230746067
27.8,0.34,1.3227525394812354,0.00042479874186859563,0.09187531117118142,0.1840222076023495
28.0,0.34,1.3229362257989001,0.00041817989432194454,0.09019526379259671,0.18542425157977643
28.200000000000003,0.34,1.323116920203379,0.00041166981519893405,0.08852323540436267,0.18682153498209625
28.400000000000002,0.34,1.3232946809801809,0.0004052664979101817,0.08685908828523833,0.18821409854542617
28.6,0.34,1.3234695648383368,0.0003989679835321302,0.08520268666039248,0.18960198298548592
28.8,0.34,1.3236416269689133,0.00039277235912910184,0.08355389667017019,0.190985228982935
29.0,0.34,1.3238109211007005,0.00038667775611454244,0.08191258633955124,0.19236387716811304
29.200000000000003,0.34,1.3239774995532254,0.00038068234865444735,0.08027862554817444,0.19373796810513425
29.400000000000002,0.34,1.3241414132872484,0.00037478435211988736,0.07865188600101082,0.1951075422753201
29.6,0.34,1.3243027119528967,0.00036898202158896685,0.07703224119948891,0.19647264005998724
29.8,0.34,1.3244614439355922,0.0003632736504103355,0.07541956641325552,0.1978333017226367
30.0,0.34,1.3246176563998693,0.00035765756881918294,0.07381373865220534,0.1991895673906115
30.200000000000003,0.34,1.3247713953312776,0.00035213214262556095,0.07221463663923522,0.20054147703631392
30.400000000000002,0.34,1.3249227055763977,0.0003466957719537313,0.07062214078295646,0.20188907045808302
30.6,0.34,1.325071630881225,0.0003413468900662033,0.06903613315137705,0.20323238726085543
30.8,0.34,1.3252182139278048,0.0003360839622257538,0.06745649744500358,0.2045714668367253
31.0,0.34,1.3253624963695627,0.0003309054846660829,0.065883118971522,0.20590634834554414
31.200000000000003,0.34,1.325504518864913,0.0003258099835668151,0.0643158846188218,0.2072370706956776
31.400000000000002,0.34,1.3256443211099718,0.00032079601418116675,0.06275468283099275,0.20856367252506788
31.6,0.34,1.3257819418693644,0.00031586215989868547,0.06119940358049953,0.20988619218270085
31.8,0.34,1.3259174190068062,0.00031100703155375166,0.05964993834628467,0.21120466771063715
32.0,0.34,1.3260507895131677,0.0003062292665222174,0.05810618008362917,0.21251913682665827
32.2,0.34,1.3261820895354899,0.00030152752826315084,0.05656802320620715,0.21382963690771653
32.4,0.34,1.3263113544021028,0.00029690050534540285,0.0550353635507097,0.21513620497415287
32.6,0.34,1.3264386186509671,0.0002923469113408771,0.0535080983668401,0.21643887767494013
32.800000000000004,0.34,1.3265639160510467,0.00028786548357498214,0.0519861262707109,0.21773769127375459
33.0,0.34,1.3266872796315656,0.000283454983632727,0.05046934725125218,0.2190326816363061
33.2,0.34,1.326808741697779,0.0002791141954146371,0.04895766259996635,0.22032388421841403
33.4,0.34,1.3269283338642148,0.00027484192682243527,0.047450974951560435,0.221611334055649
33.6,0.34,1.3270460870607093,0.00027063700626206254,0.0459491881641867,0.22289506575339735
33.800000000000004,0.34,1.3271620315759147,0.00026649828670749883,0.044452207431620455,0.2241751134790155
34.0,0.34,1.327276197044806,0.0002624246388755354,0.0429599390599349,0.22545151095364585
34.2,0.34,1.3273886125153964,0.0002584149602029222,0.041472290729348556,0.22672429144716055
34.4,0.34,1.3274993063992326,0.0002544681609901054,0.039989171054314536,0.2279934877711475
34.6,0.34,1.3276083065882585,0.0002505831836095033,0.03851049015850891,0.2292591322772003
34.800000000000004,0.34,1.3277156403295076,0.0002467589738945617,0.03703615878186049,0.23052125684988814
35.0,0.34,1.3278213344483965,0.00024299452172770017,0.03556608951079399,0.23177989290963874
35.2,0.34,1.3279254150663837,0.0002392888015153168,0.034100194937310625,0.2330350714033479
35.4,0.34,1.3280279080483681,0.00023564085751205655,0.032638390260543715,0.23428682281463362
35.6,0.34,1.3281288383932135,0.00023204967956377078,0.031180589461840633,0.23553517714740274
35.800000000000004,0.34,1.3282282311514941,0.000228514382075496,0.029726710776931932,0.2367801639495316
36.0,0.34,1.3283261101327364,0.0002250339442134913,0.028276668717403454,0.23802181227987193
36.2,0.34,1.3284224998090262,0.0002216075848644999,0.02683038555358106,0.23926015075830614
36.4,0.34,1.3285174225928469,0.00021823421905396535,0.025387774637689414,0.2404952074966092
36.6,0.34,1.3286109028065884,0.00021491324249108045,0.02394876447650334,0.2417270102021067
36.800000000000004,0.34,1.3287029609660648,0.00021164339458300306,0.022513263833024016,0.24295558603181636
37.0,0.34,1.3287936220822085,0.00020842439264755973,0.021081212180810455,0.2441809618054049
37.2,0.34,1.3288829036537195,0.00020525456443192848,0.01965250661666961,0.245403163699043
37.4,0.34,1.3289708330886814,0.00020213418513780583,0.018227107656352614,0.24662221767033848
37.6,0.34,1.329057422331177,0.00019906067550381438,0.016804885995885976,0.2478381488318964
37.800000000000004,0.34,1.3291427048421436,0.00019603478147809406,0.015385844861416104,0.24905098217607097
38.0,0.34,1.3292266804320942,0.00019305222359401633,0.013969797485127031,0.2502607414737176
38.2,0.34,1.3293093978509096,0.00019010895083992798,0.01255683920135887,0.25146744931872766
38.400000000000006,0.34,1.3293908199441644,0.0001872016558536378,0.011146656603026595,0.25267112727701696
38.6,0.34,1.329471048898926,0.0001842649578851037,0.009739575516970807,0.25387178234180985
38.800000000000004,0.34,1.3295498576883997,0.00018135889134278553,0.008334959999528735,0.25506943415523226
39.0,0.34,1.3296276894013066,0.00017781677101584592,0.006933972311599647,0.25626395692003634
39.2,0.34,1.3297028907710062,0.00017455287349851524,0.0055346727858222936,0.257455422177978
39.400000000000006,0.34,1.3297790323381107,0.0001649930003427582,0.004143188753412563,0.25864247589628103
39.6,0.34,1.3298425533389293,0.00015991793322079064,0.0027483912772403264,0.25982606788099705
39.800000000000004,0.34,1.3299258717995492,8.799481768342586e-05,0.0013945827768854144,0.2609874974310504
40.0,0.34,1.3299258717995492,0.0,0.0,0.2609874974310504
0.0,0.36,1.0,0.0,0.6322586434097858,0.0
0.2,0.36,1.0237618216124258,0.01567620887045747,0.6322586434097858,8.847396334193914e-08
0.4,0.36,1.0478133103444276,0.012685017686281766,0.5841069382192224,4.968627390823586e-07
0.6000000000000001,0.36,1.0637912347089775,0.01211407513456496,0.5825893556467937,1.7966253042529109e-06
0.8,0.36,1.0811180590942968,0.009511384776427878,0.550941544287371,4.628746674445303e-06
1.0,0.36,1.0920710145037982,0.008224373896512292,0.545811563558143,1.0050911302637734e-05
1.2000000000000002,0.36,1.1037378600112873,0.007042444448073769,0.5277277633702965,1.9270700680890475e-05
1.4000000000000001,0.36,1.1125746737163384,0.0063517724330375384,0.5206968987984252,3.395410793942099e-05
1.6,0.36,1.1215382901773867,0.005773685073579264,0.5087165360699827,5.59519156097934e-05
1.8,0.36,1.1292227066659193,0.005379806152455486,0.5012155658278232,8.75097340165713e-05
2.0,0.36,1.1367696180025537,0.0050377434289591815,0.4919877598578729,0.0001310044981314046
2.2,0.36,1.1436530313951438,0.004774920970137052,0.4846655700402558,0.0001890818602157342
2.4000000000000004,0.36,1.1503186597681547,0.0045399332392151714,0.47684056599968433,0.00026442277892832917
2.6,0.36,1.156578435582425,0.004344732859292696,0.46990532372401683,0.0003598258958523501
2.8000000000000003,0.36,1.1626135040122494,0.0041676629936672595,0.462911853728672,0.0004780209558509564
3.0,0.36,1.1683615688137043,0.004013298612457653,0.4563912456976764,0.0006217127814088693
3.2,0.36,1.1739008492899716,0.003871897872104801,0.4499621359689098,0.000793447122415321
3.4000000000000004,0.36,1.179214607620668,0.003744775536881124,0.44382398031944037,0.0009956328359050383
3.6,0.36,1.1843396033264897,0.003627265604879553,0.4378183940312249,0.0012304556896944937
3.8000000000000003,0.36,1.1892748885487288,0.003519416954931134,0.43201725420219456,0.0014998917650270811
4.0,0.36,1.194039784365071,0.003418837156417191,0.4263514931140845,0.0018056595847281214
4.2,0.36,1.1986383142567556,0.0033251718856081697,0.4208442651333299,0.0021492325237353325
4.4,0.36,1.203082065130812,0.0032370998307933215,0.41546312893579024,0.0025318186136514924
4.6000000000000005,0.36,1.2073762436738387,0.0031541986942746356,0.41021303166695966,0.0029543752292439476
4.800000000000001,0.36,1.2115287771441945,0.0030756816400496897,0.4050770683344867,0.0034176071592901596
5.0,0.36,1.2155448277046204,0.003001170750832172,0.4000537447698743,0.003921983954193388
5.2,0.36,1.219430451406082,0.0029301639036671827,0.39513308919695933,0.004467748905975459
5.4,0.36,1.2231904374437144,0.0028623534255619526,0.39031164239678645,0.005054938069964672
5.6000000000000005,0.36,1.2268297953269234,0.002797399707181586,0.38558276376531914,0.0056833948701928046
5.800000000000001,0.36,1.2303529053942321,0.00273506127298202,0.38094267597973785,0.006352789449579524
6.0,0.36,1.2337641309229945,0.0026750976142529874,0.3763865030426117,0.007062635370331806
6.2,0.36,1.237067486309127,0.0026173214356736366,0.371910708127529,0.007812308117552033
6.4,0.36,1.240266892916353,0.0025615562313007147,0.36751145958450826,0.008601061705381661
6.6000000000000005,0.36,1.2433660512835971,0.0025076566504858354,0.363185610465973,0.009428045520661475
6.800000000000001,0.36,1.2463685502313486,0.0024554894776348812,0.35893001586258294,0.010292319599512758
7.0,0.36,1.2492778190766742,0.002404941101214353,0.35474192210381233,0.011192869363496347
7.2,0.36,1.2520971755022328,0.002355908643354283,0.35061867574127464,0.01212861896911441
7.4,0.36,1.2548298088556689,0.0023083023300773347,0.3465578741337988,0.013098443780406152
7.6000000000000005,0.36,1.2574788020995444,0.002262041121009958,0.3425572372656568,0.014101181595809725
7.800000000000001,0.36,1.2600471270160893,0.002217053152255943,0.3386146624747533,0.01513564290231616
8.0,0.36,1.2625376550290812,0.002173273428322285,0.33472816496592217,0.016200620021880652
8.200000000000001,0.36,1.264953156878561,0.00213064360415074,0.3308958946172263,0.017294895315188404
8.4,0.36,1.2672963086032898,0.0020891106671807034,0.3271161061447521,0.018417248419210098
8.6,0.36,1.2695696928507625,0.002048626546884513,0.3233871614180323,0.019566462633055726
8.8,0.36,1.2717758027336812,0.0020091473017682516,0.31970751290109517,0.020741330478872923
9.0,0.36,1.273917043717809,0.0019706327314961375,0.3160757008649339,0.021940658526244293
9.200000000000001,0.36,1.2759957365364545,0.0019330458400667366,0.3124903431200373,0.02316327152656233
9.4,0.36,1.2780141192701828,0.001896352503154383,0.30895013080871614,0.024408015929767216
9.600000000000001,0.36,1.279974349837454,0.0018605210938138497,0.3054538213698404,0.02567376283443027
9.8,0.36,1.2818785081261517,0.001825522212662079,0.3020002342897985,0.02695941043145794
10.0,0.36,1.2837285982845343,0.0017913284162482496,0.2985882459025108,0.028263885989594423
10.200000000000001,0.36,1.2855265508513865,0.0017579140033520916,0.29521678555981223,0.029586147432731368
10.4,0.36,1.2872742249408804,0.001725254812585184,0.29188483158776296,0.030925184551371363
10.600000000000001,0.36,1.2889734103478785,0.0016933280551793648,0.2885914079817713,0.032280019889370314
10.8,0.36,1.2906258296627235,0.0016621121620432272,0.2853355811598002,0.03364970934181176
11.0,0.36,1.2922331403384504,0.001631586654194609,0.28211645715838735,0.03503334249769241
11.200000000000001,0.36,1.2937969367466626,0.0016017320268172952,0.2789331789724017,0.03643004275732221
11.4,0.36,1.2953187521972007,0.0015725296500136753,0.2757849241882791,0.0378389672521387
11.600000000000001,0.36,1.2968000609358503,0.001543961681398664,0.2726709027743662,0.03925930659188142
11.8,0.36,1.2982422801087274,0.0015160109911770924,0.26959035508187623,0.04069028446214933
12.0,0.36,1.2996467716984177,0.0014886610970244935,0.26654254999052074,0.04213115709330123
12.200000000000001,0.36,1.3010148444262508,0.0014618961084740239,0.2635267832137602,0.043581212620038404
12.4,0.36,1.3023477556220076,0.0014357006791364663,0.2605423757290507,0.04503977034937858
12.600000000000001,0.36,1.3036467130579277,0.0014100599661336522,0.2575886723333282,0.04650617995332922
12.8,0.36,1.3049128767468543,0.0013849595955835456,0.2546650403036723,0.04797982060118563
13.0,0.36,1.3061473607025025,0.0013603856334635338,0.25177086815840155,0.049460100045112435
13.200000000000001,0.36,1.3073512346611966,0.001336324560990238,0.2489055645058046,0.05094645367142174
13.4,0.36,1.3085255257636759,0.0013127632539022096,0.24606855697464386,0.0524383435287807
13.600000000000001,0.36,1.3096712201962362,0.0012896889649919828,0.24325929121759146,0.053935257343426496
13.8,0.36,1.3107892647901762,0.0012670893093749017,0.24047722998205145,0.055436707530359355
14.0,0.36,1.311880568578926,0.0012449522519975317,0.23772185224190037,0.05694223020841589
14.200000000000001,0.36,1.31294600431214,0.0012232660969811611,0.23499265238538028,0.058451384226101834
14.4,0.36,1.3139864099262557,0.0012020194784252453,0.23228913945422897,0.05996375020408983
14.600000000000001,0.36,1.3150025899710742,0.0011812013523607647,0.22961083643010446,0.06147892959936748
14.8,0.36,1.3159953169920577,0.0011608009895748895,0.22695727956449466,0.06299654379515424
15.0,0.36,1.3169653328681135,0.0011408079690715391,0.22432801774889924,0.06451623321989662
15.200000000000001,0.36,1.3179133501047575,0.001121212171968001,0.22172261192229034,0.0660376564979009
15.4,0.36,1.3188400530826632,0.001102003775655881,0.2191406345132405,0.06756048963346672
15.600000000000001,0.36,1.3197460992616759,0.0010831732480799004,0.21658166891434258,0.06908442522975074
15.8,0.36,1.320632120340525,0.0010647113420206673,0.21404530898679128,0.07060917174300874
16.0,0.36,1.321498723372547,0.0010466090892856798,0.21153115859321833,0.07213445277234326
16.2,0.36,1.3223464918378414,0.001028857794736002,0.20903883115702743,0.07366000638461587
16.400000000000002,0.36,1.3231759866724349,0.0010114490300964457,0.206567949246657,0.07518558447377349
16.6,0.36,1.323987747255073,0.0009943746275169363,0.20411814418332938,0.07671095215348427
16.8,0.36,1.3247822923524204,0.000977626672869667,0.20168905567095421,0.07823588718167764
17.0,0.36,1.3255601210235353,0.0009611974987795761,0.19928033144695792,0.0797601794153424
17.2,0.36,1.3263217134845657,0.000945079677404571,0.19689162695290907,0.08128363029374673
17.400000000000002,0.36,1.3270675319347178,0.0009292660129862513,0.19452260502387533,0.08280605234810941
17.6,0.36,1.327798021344637,0.0009137495342081651,0.19217293559549778,0.08432726873566948
17.8,0.36,1.3285136102083674,0.0008985234864011121,0.1898422954278521,0.0858471127960677
18.0,0.36,1.3292147112601687,0.0008835813236419042,0.18753036784518773,0.08736542762796544
18.2,0.36,1.3299017221574607,0.0008689167007948084,0.18523684249069042,0.08888206568388222
18.400000000000002,0.36,1.3305750261312517,0.0008545234655465472,0.1829614150954453,0.09039688838132408
18.6,0.36,1.3312349926053741,0.000840395650483974,0.18070378726081537,0.0919097657283997
18.8,0.36,1.3318819777859139,0.0008265274652642766,0.1784636662534801,0.09342057596227227
19.0,0.36,1.3325163252221839,0.0008129132889212257,0.17624076481238715,0.09492920519896411
19.200000000000003,0.36,1.3331383663405973,0.0007995476623509322,0.1740348009669448,0.09643554709322025
19.400000000000002,0.36,1.3337484209527892,0.0007864252810149859,0.1718454978657522,0.09793950250732819
19.6,0.36,1.3343467977392829,0.0007735409878937901,0.1696725836152299,0.09944097918799082
19.8,0.36,1.3349337947099957,0.0007608897667170585,0.16751579112753104,0.10093989145054552
20.0,0.36,1.3355096996428155,0.0007484667354968562,0.16537485797711352,0.10243615987000906
20.200000000000003,0.36,1.3360747905014667,0.0007362671403805618,0.163249526265429,0.10392971097860892
20.400000000000002,0.36,1.3366293358337906,0.0007242863498376331,0.16113954249315643,0.10542047696962435
20.6,0.36,1.3371735951515786,0.0007125198491910083,0.15904465743946977,0.10690839540750778
20.8,0.36,1.3377078192929717,0.0007009632354954664,0.15696462604783631,0.10839340894438569
21.0,0.36,1.3382322507684592,0.0006896122127660282,0.15489920731787563,0.10987546504314595
21.200000000000003,0.36,1.3387471240913975,0.0006784625875526931,0.15284816420285216,0.11135451570740677
21.400000000000002,0.36,1.3392526660939272,0.0006675102648561453,0.15081126351234872,0.11283051721872679
21.6,0.36,1.3397490962291443,0.0006567512443743833,0.14878827581974702,0.11430342988146353
21.8,0.36,1.3402366268602712,0.0006461816170666377,0.1467789753741464,0.11577321777571173
22.0,0.36,1.3407154635375667,0.000635797562021819,0.14478314001636713,0.11723984851876196
22.200000000000003,0.36,1.341185805263631,0.0006255953436141676,0.14280055109871811,0.11870329303550936
22.400000000000002,0.36,1.3416478447477316,0.0006155713089254398,0.14083099340823638,0.12016352533821877
22.6,0.36,1.34210176864971,0.0006057218854139906,0.13887425509312476,0.12162052231601349
22.8,0.36,1.3425477578139973,0.0005960435788104222,0.13693012759212814,0.12307426353440709
23.0,0.36,1.3429859874942123,0.000586532971216449,0.13499840556662257,0.12452473104513805
23.200000000000003,0.36,1.3434166275688,0.0005771867193840184,0.13307888683520377,0.12597190920650272
23.400000000000002,0.36,1.3438398427480873,0.0005680015531524453,0.13117137231058906,0.12741578451430868
23.6,0.36,1.3442557927731484,0.0005589742740212557,0.12927566593865467,0.1288563454434993
23.8,0.36,1.3446646326068097,0.0005501017538374967,0.12739157463946857,0.13029358230042118
24.0,0.36,1.3450665126171155,0.0005413809335757894,0.12551890825014986,0.13172748708563237
24.200000000000003,0.36,1.3454615787535276,0.0005328088221920844,0.12365747946946033,0.1331580533670736
24.400000000000002,0.36,1.3458499727161468,0.000524382495531846,0.12180710380401458,0.1345852761633533
24.6,0.36,1.3462318321181828,0.0005160990952766239,0.11996759951599853,0.1360091518368319
24.8,0.36,1.34660729064193,0.0005079558279145215,0.11813878757231988,0.1374296779961261
25.0,0.36,1.3469764781884432,0.0004999499637187326,0.11632049159511798,0.1388468534076022
25.200000000000003,0.36,1.3473395210211419,0.0004920788357245461,0.11451253781356396,0.1402606779153759
25.400000000000002,0.36,1.347696541903525,0.000484339838693583,0.1127147550168986,0.1416711523692984
25.6,0.36,1.3480476602311908,0.0004767304280572764,0.11092697450864986,0.14307827856037503
25.8,0.36,1.3483929921583568,0.00046924811883368445,0.10914903006198652,0.14448205916303722
26.0,0.36,1.348732650719031,0.0004618904845125329,0.1073807578761822,0.1458824976836771
26.200000000000003,0.36,1.3490667459430348,0.000454655155904328,0.10562199653413931,0.14727959841484178
26.400000000000002,0.36,1.3493953849670342,0.0004475398199532224,0.10387258696094166,0.14867336639448778
26.6,0.36,1.3497186721407484,0.0004405422185127936,0.10213237238341813,0.15006380736970443
26.8,0.36,1.3500367091285086,0.0004336601470853147,0.10040119829067472,0.15145092776432723
27.0,0.36,1.3503495950063193,0.00042689145352836774,0.09867891239558114,0.15283473464988662
27.200000000000003,0.36,1.350657426354603,0.000420234036728795,0.09696536459717472,0.15421523571936224
27.400000000000002,0.36,1.3509602973467765,0.00041368584525121874,0.09526040694396623,0.15559243926324445
27.6,0.36,1.351258299833825,0.00040724487596578777,0.09356389359810391,0.15696635414744048
27.8,0.36,1.3515515234250455,0.0004009091726579432,0.09187568080039674,0.15833698979260089
28.0,0.36,1.3518400555650998,0.0003946768246279292,0.09019562683613844,0.15970435615448095
28.200000000000003,0.36,1.3521239816075583,0.00038854596528750283,0.0885235920017164,0.16106846370499683
28.400000000000002,0.36,1.3524033848850765,0.0003825147707580456,0.08685943857197943,0.1624293234136744
28.6,0.36,1.3526783467763643,0.0003765814584780185,0.0852030307683322,0.16378694672923372
28.8,0.36,1.3529489467701081,0.00037074428582416403,0.08355423472749669,0.16514134556109425
29.0,0.36,1.3532152625259908,0.0003650015487554571,0.08191291847096308,0.1664925322606243
29.200000000000003,0.36,1.3534773699329508,0.00035935158048425273,0.08027895187500939,0.16784051960199886
29.400000000000002,0.36,1.353735343164848,0.00035379275018041856,0.07865220664136775,0.1691853207625666
29.6,0.36,1.353989254733651,0.0003483234617110963,0.0770325562683451,0.1705269493026585
29.8,0.36,1.3542391755403067,0.0003429421524274707,0.07541987602257771,0.17186541914480774
30.0,0.36,1.3544851749233917,0.0003376472919914649,0.07381404291105614,0.173200744552373
30.200000000000003,0.36,1.3547273207057315,0.0003324373812603403,0.07221493565387413,0.1745329401075871
30.400000000000002,0.36,1.354965679239015,0.0003273109512125579,0.07062243465693581,0.17586202068907372
30.6,0.36,1.3552003154466667,0.0003222665619447228,0.06903642198563316,0.17718800144889824
30.8,0.36,1.3554312928648584,0.0003173028016981339,0.06745678133794514,0.17851089778922485
31.0,0.36,1.3556586736821241,0.00031241828597979704,0.06588339801910985,0.17983072533868208
31.200000000000003,0.36,1.3558825187771455,0.00030761165668582253,0.06431615891465228,0.181147499928528
31.400000000000002,0.36,1.3561028877555612,0.00030288158135775606,0.06275495246636546,0.18246123756873978
31.6,0.36,1.3563198389847984,0.0002982267523812983,0.06119966864449866,0.1837719544241202
31.8,0.36,1.3565334296285791,0.000293645886401168,0.05965019892583266,0.18507966679057078
32.0,0.36,1.356743715678903,0.0002891377235503009,0.05810643626357118,0.18638439107159968
32.2,0.36,1.3569507519888604,0.0002847010270698171,0.056568275069344094,0.1876861437552452
32.4,0.36,1.3571545923015842,0.00028033458247737816,0.05503561117789862,0.1889849413914288
32.6,0.36,1.3573552892822895,0.0002760371974975923,0.053508341836990124,0.19028080056997865
32.800000000000004,0.36,1.3575528945434596,0.0002718077009896089,0.05198636566092447,0.19157373789921897
33.0,0.36,1.357747458677697,0.0002676449434160647,0.0504695826367504,0.19286376998550148
33.2,0.36,1.357939031277353,0.00026354779516240303,0.04895789405432201,0.19415091341333784
33.4,0.36,1.3581276609712212,0.0002595151480430947,0.04745120254648001,0.19543518472680704
33.6,0.36,1.3583133954346125,0.00025554591225777543,0.045949411969941394,0.19671660041141417
33.800000000000004,0.36,1.3584962814360326,0.0002516390199860582,0.04445242751653336,0.19799517687771842
34.0,0.36,1.358676364829134,0.00024779341942225333,0.0429601554912309,0.1992709304449261
34.2,0.36,1.3588536906220325,0.00024400808268254377,0.041472503572028724,0.2005438773271287
34.4,0.36,1.3590283029330845,0.00024028199366708566,0.03998938037288616,0.20181403361835668
34.6,0.36,1.3592002451091783,0.0002366141649480533,0.038510696014579654,0.20308141528200876
34.800000000000004,0.36,1.3593695596074422,0.0002330036126770447,0.0370363612377156,0.20434603813660773
35.0,0.36,1.3595362882174793,0.00022944939224025666,0.035566288624311805,0.20560791784949822
35.2,0.36,1.3597004717896581,0.00022595054602377528,0.034100390769412604,0.20686706992163287
35.4,0.36,1.3598621506762156,0.00022250617834164205,0.032638582864500096,0.20812350968775042
35.6,0.36,1.3600213641400012,0.00021911534636752443,0.031180778898835425,0.2093772522967029
35.800000000000004,0.36,1.3601781512549171,0.00021577721727166618,0.029726897093621144,0.2106283127227883
36.0,0.36,1.3603325496472654,0.00021249084015250705,0.028276851978484202,0.21187670573441097
36.2,0.36,1.360484597358966,0.00020925547523461594,0.026830565794746877,0.21312244592645652
36.4,0.36,1.3606343301928185,0.0002060701166429302,0.025387951933831025,0.21436554766236682
36.6,0.36,1.3607817855931295,0.00020293418116375283,0.0239489388432177,0.21560602514829344
36.800000000000004,0.36,1.3609269970663531,0.0001998465099958931,0.022513435369374356,0.21684389231761234
37.0,0.36,1.3610700022921394,0.00019680680322871748,0.021081380864079416,0.218079162989211
37.2,0.36,1.3612108313970133,0.00019381354109578193,0.019652672599787483,0.21931185063058473
37.4,0.36,1.3613495239726907,0.0001908669113157886,0.018227270848909138,0.22054196867793746
37.6,0.36,1.3614861042647626,0.00018796459266185266,0.016805046667224256,0.2217695300553386
37.800000000000004,0.36,1.3616206173213838,0.00018510715967683193,0.015386002867872449,0.22299454771899735
38.0,0.36,1.361753074789522,0.00018229075624823511,0.01396995331292213,0.22421703381319114
38.2,0.36,1.3618835360062358,0.00017951152587054802,0.012556993347178927,0.2254369996522256
38.400000000000006,0.36,1.362011973237999,0.00017676618770960626,0.011146809426364906,0.22665445583486551
38.6,0.36,1.3621384967913917,0.00017399520058288364,0.009739735545479493,0.2278694014668792
38.800000000000004,0.36,1.362262868338398,0.00017124916629131335,0.008335119444131817,0.22908184512824412
39.0,0.36,1.3623855341145994,0.00016792313282720678,0.0069342183769791396,0.2302916799071745
39.2,0.36,1.3625046333217357,0.00016480846357424516,0.005534887416711861,0.23149894862343315
39.400000000000006,0.36,1.3626237891594206,0.00015589694066576602,0.004144236875896996,0.2327025527957787
39.6,0.36,1.362726992770851,0.00015072611378942705,0.0027488644766793654,0.23390317538201255
39.800000000000004,0.36,1.3628486956757029,8.266122292511946e-05,0.0014039719169592064,0.23508466381488322
40.0,0.36,1.3628486956757029,0.0,0.0,0.23508466381488322
0.0,0.38,1.0,0.0,0.6308107012736573,0.0
0.2,0.38,1.022875815763656,0.013271687946567884,0.6308107012736573,2.826533170849774e-08
0.4,0.38,1.0461723891801862,0.010803065033969354,0.5844166076553111,1.674751845168651e-07
0.6000000000000001,0.38,1.0621282270210686,0.01037112501681725,0.5826608213156774,6.345966430804444e-07
0.8,0.38,1.0794013967796168,0.00815208670982932,0.5512143997711282,1.7065584289491153e-06
1.0,0.38,1.090396225961667,0.007053670925556041,0.5459504946399794,3.85030002625243e-06
1.2000000000000002,0.38,1.1020756023785563,0.0060386955355024256,0.5278556327923929,7.64329100820454e-06
1.4000000000000001,0.38,1.110926759667961,0.005445383312274528,0.5207736269954771,1.3901286619230838e-05
1.6,0.38,1.1198966782506983,0.004949005033958453,0.5087812202262909,2.3588515677062895e-05
1.8,0.38,1.1275887443085484,0.0046110702483513006,0.5012606827293362,3.7910913154185196e-05
2.0,0.38,1.1351450557671974,0.004318058094791042,0.4920271757273909,5.821796302989746e-05
2.2,0.38,1.1420432908967977,0.004093225898705321,0.48469638562024897,8.606312313080177e-05
2.4000000000000004,0.38,1.148729986421204,0.0038925380594985884,0.4768682316823808,0.0001231053497248134
2.6,0.38,1.155019012169729,0.0037261249461133694,0.46992856093229235,0.0001711407931215637
2.8000000000000003,0.38,1.161092260516716,0.0035754449987582784,0.46293298350445455,0.00023201376843818387
3.0,0.38,1.1668886489725376,0.003444371677845032,0.45640977204443905,0.0003076267930061488
3.2,0.38,1.1724870151854614,0.003324560618752251,0.44997911336536306,0.00039986768823687335
3.4000000000000004,0.38,1.1778713904038765,0.0032171132195123963,0.44383926424695197,0.0005106069221677108
3.6,0.38,1.1830789585126538,0.0031180247677736425,0.4378324948385292,0.0006416432294344948
3.8000000000000003,0.38,1.1881091941549813,0.0030273182057350564,0.43203016668233424,0.0007946963083944687
4.0,0.38,1.1929816156494844,0.0029429316160401032,0.4263634824182132,0.0009713700882585353
4.2,0.38,1.1977003798958579,0.0028645443499284427,0.42085537204246337,0.00117314625340381
4.4,0.38,1.202277048619794,0.0027910101101629144,0.41547350266583577,0.0014013624964081869
4.6000000000000005,0.38,1.2067167246728632,0.0027219511783817007,0.4102227219538689,0.0016572096131126563
4.800000000000001,0.38,1.2110271173279679,0.0026566790945206182,0.4050861664206588,0.0019417214348132349
5.0,0.38,1.2152130995520676,0.002594855628681408,0.4000622964764932,0.002255776178409214
5.2,0.38,1.2192803577841493,0.002536037389791241,0.3951411547976121,0.0026000948148356398
5.4,0.38,1.223233256646469,0.0024799482041232943,0.3903192604884814,0.0029752461467642084
5.6000000000000005,0.38,1.2270763277153005,0.0024262857252363088,0.3855899768289355,0.003381650800527392
5.800000000000001,0.38,1.2308134365324723,0.0023748326252623084,0.3809495154930833,0.00381958898423787
6.0,0.38,1.2344483999910265,0.002325373562295077,0.3763930004937833,0.004289207858888565
6.2,0.38,1.2379846658488156,0.0022777398236211326,0.3719168889696047,0.004790530855882918
6.4,0.38,1.241425574372247,0.00223177303420703,0.3675173480544031,0.005323466752740235
6.6000000000000005,0.38,1.2447742385148044,0.002187342522077765,0.3631912271950116,0.005887819584589593
6.800000000000001,0.38,1.2480336580622706,0.0021443290040951187,0.35893538003766084,0.00648329824932787
7.0,0.38,1.2512066774203794,0.002102630909413565,0.35474705057323064,0.007109526285068663
7.2,0.38,1.2542960373708147,0.0020621567282798994,0.35062358402169946,0.007766051231290073
7.4,0.38,1.2573043621498015,0.00202282696890113,0.3465625761159083,0.008452353780889677
7.6000000000000005,0.38,1.260234184129785,0.001984570349609549,0.34256174571015063,0.009167856427434628
7.800000000000001,0.38,1.2630879414450367,0.0019473241075282385,0.3386189889498578,0.009911931699841075
8.0,0.38,1.2658679905451444,0.0019110319563192045,0.3347323201104424,0.010683909844452479
8.200000000000001,0.38,1.2685766072702895,0.0018756438341955282,0.3308998881609371,0.01148308600280701
8.4,0.38,1.2712159937665575,0.0018411147143688352,0.3271199470605115,0.012308726828296033
8.6,0.38,1.2737882804455956,0.0018074042125920376,0.32339085796635614,0.013160076576048512
8.8,0.38,1.2762955301711467,0.0017744758372085564,0.31971107272617033,0.014036362653679567
9.0,0.38,1.2787397402591676,0.0017422966069990929,0.31607913104145174,0.014936800664325574
9.200000000000001,0.38,1.281122845288809,0.0017108365456637946,0.3124936502186232,0.015860598952719077
9.4,0.38,1.2834467189229726,0.0016800683549902063,0.308953320937761,0.016806962685607295
9.600000000000001,0.38,1.28571317599827,0.0016499670562236826,0.30545690022280814,0.017775097488302492
9.8,0.38,1.2879239741519133,0.0016205097244915165,0.30200320718041973,0.01876421266819518
10.0,0.38,1.2900808155197105,0.0015916752251017732,0.2985911178004472,0.019773524051119637
10.200000000000001,0.38,1.2921853482093586,0.0015634440026271853,0.2952195611195549,0.02080225645981503
10.4,0.38,1.29423916777804,0.0015357978826391443,0.29188751517628647,0.021849645860633236
10.600000000000001,0.38,1.29624381859633,0.001508719906322367,0.2885940037020458,0.022914941205284724
10.8,0.38,1.2982007951979648,0.0014821941798527393,0.2853380928726405,0.023997405992153886
11.0,0.38,1.3001115435693698,0.0014562057461414005,0.28211888850154004,0.025096319571186628
11.200000000000001,0.38,1.301977462422982,0.0014307404704116838,0.27893553337803123,0.02621097821458097
11.4,0.38,1.3037999044369144,0.0014057849420671513,0.2757872048984854,0.02734069597458692
11.600000000000001,0.38,1.3055801774807196,0.0013813263885310045,0.27267311285531287,0.02848480534830236
11.8,0.38,1.3073195458208833,0.0013573526014550694,0.26959249743645186,0.029642657768367275
12.0,0.38,1.309019231314889,0.0013338518728568884,0.2665446273698468,0.030813623937292766
12.200000000000001,0.38,1.310680414591466,0.0013108129407933616,0.2635287982275757,0.03199709402221815
12.4,0.38,1.3123042362207338,0.0012882249430059029,0.26054433085516066,0.03319247772588
12.600000000000001,0.38,1.3138917978730729,0.0012660773778819644,0.2575905699261788,0.034399204248672786
12.8,0.38,1.3154441634679093,0.0012443600716185194,0.25466688260217263,0.03561672215574739
13.0,0.38,1.3169623603114355,0.001223063150900096,0.2517726572930615,0.0368444991622012
13.200000000000001,0.38,1.3184473802231897,0.001202177020248451,0.24890730250527407,0.03808202184850817
13.4,0.38,1.3199001806504012,0.0011816923434202094,0.2460702457717056,0.03932879531744543
13.600000000000001,0.38,1.3213216857693784,0.0011616000282043816,0.24326093265468351,0.04058434280287917
13.8,0.38,1.3227127875727498,0.0011418912140984281,0.24047882581635313,0.041848205239892584
14.0,0.38,1.3240743469415015,0.001122557262361445,0.23772340415004203,0.04311994080486837
14.200000000000001,0.38,1.3254071947005945,0.0011035897480308715,0.23499416196780848,0.04439912443329015
14.4,0.38,1.3267121326570002,0.0010849804535218663,0.23229060823926564,0.045685347322203
14.600000000000001,0.38,1.3279899346189439,0.0010667213634864398,0.22961226587773176,0.04697821642348136
14.8,0.38,1.3292413473952356,0.0010488046606456092,0.2269586710698929,0.04827735393329317
15.0,0.38,1.3304670917735528,0.001031222722349178,0.22432937264576067,0.04958239678242944
15.200000000000001,0.38,1.3316678634766508,0.0010139681176495861,0.221723931485933,0.050892996131487366
15.4,0.38,1.3328443340955156,0.0009970336047090305,0.21914191996353632,0.05220881687425485
15.600000000000001,0.38,1.3339971519985718,0.0009804121283800643,0.21658292141847924,0.053529537152045156
15.8,0.38,1.3351269432161588,0.0009640968178331083,0.21404652966188217,0.054854847881172654
16.0,0.38,1.3362343122995668,0.000948080984123394,0.21153234850876976,0.05618445229524353
16.2,0.38,1.3373198431540645,0.0009323581176099752,0.20903999133727585,0.057518065503459954
16.400000000000002,0.38,1.3383840998454524,0.000916921885163401,0.2065690806727857,0.05885541406570135
16.6,0.38,1.3394276273797883,0.0009017661271159534,0.20411924779557172,0.06019623558475442
16.8,0.38,1.3404509524560695,0.0008868848539248427,0.20169013237058933,0.06154027831571384
17.0,0.38,1.341454584191785,0.0008722722425357965,0.19928138209820906,0.0628873007922682
17.2,0.38,1.3424390148213485,0.0008579226324495744,0.1968926523847439,0.06423707146932393
17.400000000000002,0.38,1.34340472036758,0.0008438305215021476,0.19452360603171756,0.06558936838120101
17.6,0.38,1.3443521612864782,0.0008299905613845911,0.19217391294285346,0.06694397881445996
17.8,0.38,1.3452817830856751,0.0008163975529337031,0.18984324984785297,0.06830069899428977
18.0,0.38,1.3461940169170357,0.0008030464412307423,0.18753130004205545,0.06965933378329675
18.2,0.38,1.3470892801439553,0.0007899323105515956,0.18523775314112698,0.07101969639148825
18.400000000000002,0.38,1.3479679768840207,0.0007770503792119401,0.18296230484995055,0.07238160809623286
18.6,0.38,1.3488304985277182,0.0007643959943537853,0.18070465674493527,0.07374489797100468
18.8,0.38,1.3496772242339903,0.0007519646267177845,0.17846451606898914,0.07510940262177228
19.0,0.38,1.3505085214034267,0.0007397518654444082,0.17624159553840682,0.07647496592997441
19.200000000000003,0.38,1.3513247461299736,0.000727753412944755,0.17403561316100297,0.07784143880112623
19.400000000000002,0.38,1.3521262436320176,0.0007159650798786464,0.17184629206478189,0.07920867891821795
19.6,0.38,1.352913348663767,0.0007043827802741551,0.1696733603365165,0.08057655049919808
19.8,0.38,1.3536863859078176,0.0006930025268161364,0.16751655086960354,0.08194492405797148
20.0,0.38,1.3544456703498176,0.0006818204263311909,0.1653756012205883,0.08331367616848011
20.200000000000003,0.38,1.3551915076361398,0.0006708326754890012,0.16325025347380495,0.0846826892315745
20.400000000000002,0.38,1.3559241944154263,0.0006600355567377994,0.1611402541135672,0.0860518512445165
20.6,0.38,1.3566440186648892,0.0006494254344868313,0.15904535390339075,0.0874210555730778
20.8,0.38,1.3573512600022095,0.0006389987515441907,0.15696530777175557,0.08879020072631395
21.0,0.38,1.3580461899838239,0.0006287520258148241,0.1548998747039245,0.09015919013419514
21.200000000000003,0.38,1.358729072390411,0.0006186818472621167,0.1528488176394025,0.0915279319283608
21.400000000000002,0.38,1.3594001635002957,0.0006087848751300865,0.15081190337457595,0.09289633872634022
21.6,0.38,1.360059712351482,0.0005990578354218619,0.14878890247016444,0.09426432741963497
21.8,0.38,1.3607079609929955,0.0005894975186262221,0.14677958916310813,0.09563181896610334
22.0,0.38,1.3613451447261384,0.0005801007776824888,0.14478374128254728,0.0969987381871114
22.200000000000003,0.38,1.361971492336252,0.0005708645261722142,0.1428011401695635,0.09836501356992812
22.400000000000002,0.38,1.3625872263155383,0.0005617857367218881,0.14083157060039564,0.09973057707584061
22.6,0.38,1.3631925630774175,0.0005528614396003146,0.1388748207128578,0.10109536395444943
22.8,0.38,1.3637877131629097,0.000544088721495397,0.13693068193569502,0.1024593125645812
23.0,0.38,1.36437288143944,0.0005354647244506203,0.13499894892065387,0.10382236420221796
23.200000000000003,0.38,1.3649482672924727,0.0005269866449414512,0.13307941947705446,0.10518446293579979
23.400000000000002,0.38,1.3655140648103086,0.0005186517330748988,0.13117189450867603,0.10654555544920528
23.6,0.38,1.3660704629623732,0.0005104572918906788,0.1292761779527801,0.10790559089265685
23.8,0.38,1.366617645771274,0.0005024006767461541,0.12739207672113131,0.10926452074173751
24.0,0.38,1.3671557924788986,0.0004944792947681204,0.12551940064284148,0.11062229866464042
24.200000000000003,0.38,1.3676850777067662,0.0004866906043518822,0.12365796240895177,0.1119788803977054
24.400000000000002,0.38,1.3682056716108668,0.0004790321146921909,0.12180757751863114,0.11333422362923143
24.6,0.38,1.3687177400311545,0.0004715013853315122,0.11996806422688518,0.11468828789148822
24.8,0.38,1.3692214446358772,0.00046409602571211955,0.11813924349369696,0.11604103446078523
25.0,0.38,1.3697169430609044,0.00045681369471862516,0.11632093893452795,0.11739242626539856
25.200000000000003,0.38,1.3702043890441766,0.0004496521002011596,0.1145129767721095,0.11874242780109731
25.400000000000002,0.38,1.370683932555428,0.0004426089984703729,0.11271518578947315,0.12009100505396204
25.6,0.38,1.3711557199212874,0.0004356821937557835,0.11092739728416103,0.12143812543014103
25.8,0.38,1.3716198939458817,0.0004288695376228222,0.10914944502357109,0.12278375769215263
26.0,0.38,1.3720765940270492,0.0004221689283437965,0.10738116520141462,0.12412787190130768
26.200000000000003,0.38,1.3725259562682652,0.00041557831021902196,0.10562239639523367,0.12547043936580154
26.400000000000002,0.38,1.3729681135863827,0.0004090956728480755,0.10387297952494756,0.126811432594007
26.6,0.38,1.3734031958152881,0.00040271905034969084,0.10213275781240853,0.12815082525248736
26.8,0.38,1.3738313298055784,0.000396446520532682,0.10040157674192991,0.12948859212824285
27.0,0.38,1.3742526395203534,0.0003902762040200361,0.09867928402176447,0.13082470909470909
27.200000000000003,0.38,1.3746672461272196,0.00038420626332651326,0.09696572954650295,0.1321591530810284
27.400000000000002,0.38,1.375075268086632,0.0003782349018985588,0.09526076536037537,0.13349190204413183
27.6,0.38,1.3754768212366415,0.00037236036311798725,0.09356424562140753,0.13482293494318634
27.8,0.38,1.3758720188742073,0.00036658092927513485,0.09187602656643849,0.13615223171598317
28.0,0.38,1.3762609718331225,0.0003608949205181039,0.0901959664769406,0.1374797732568689
28.200000000000003,0.38,1.3766437885587188,0.0003553006937840359,0.08852392564562146,0.13880554139585047
28.400000000000002,0.38,1.3770205751794407,0.0003497966417197967,0.086859766343786,0.14012951887853659
28.6,0.38,1.3773914355753967,0.00034438119159635005,0.08520335278942655,0.14145168934660612
28.8,0.38,1.3777564714440367,0.0003390528042240647,0.08355455111597793,0.14277203731853477
29.0,0.38,1.3781157823630392,0.0003338099728771889,0.08191322934176376,0.14409054817033962
29.200000000000003,0.38,1.3784694658505516,0.0003286512222311706,0.08027925734001048,0.14540720811613841
29.400000000000002,0.38,1.3788176174229079,0.0003235751073198878,0.07865250680950865,0.14672200418835304
29.6,0.38,1.3791603306499154,0.00031858021251561676,0.07703285124572896,0.14803492421742007
29.8,0.38,1.3794976972078745,0.0003136651505426696,0.07542016591257163,0.1493459568109046
30.0,0.38,1.3798298069303958,0.00030882856151872077,0.07381432781438699,0.15065509133194008
30.200000000000003,0.38,1.3801567478572063,0.00030406911204138655,0.07221521566871902,0.15196231787695275
30.400000000000002,0.38,1.3804786062809375,0.00029938549430542287,0.07062270987901027,0.15326762725264573
30.6,0.38,1.3807954667922002,0.00029477642527751753,0.06903669250827152,0.15457101095225587
30.8,0.38,1.3811074123227713,0.0002902406458930425,0.06745704725218173,0.15587246113110387
31.0,0.38,1.3814145241873876,0.00028577692033196104,0.0658836594137502,0.15717197058149412
31.200000000000003,0.38,1.3817168821237047,0.00028138403529539955,0.06431641587634843,0.15846953270702027
31.400000000000002,0.38,1.382014564331281,0.0002770607993939319,0.06275520507967759,0.1597651414963704
31.6,0.38,1.3823076475085836,0.00027280604248639114,0.061199916991967425,0.1610587914967079
31.8,0.38,1.3825962068896662,0.0002686186152035743,0.05965044308802841,0.16235047778675524
32.0,0.38,1.3828803162783476,0.00026449738831162096,0.05810667631916981,0.16364019594965803
32.2,0.38,1.3831600480832134,0.0002604412524115506,0.05656851109515608,0.16492794204579356
32.4,0.38,1.3834354733488152,0.0002564491172506301,0.05503584324896022,0.16621371258557355
32.6,0.38,1.383706661789911,0.0002525199116888346,0.053508570026559156,0.16749750450246273
32.800000000000004,0.38,1.3839736818190016,0.0002486525828037162,0.051986590040606954,0.16877931512618402
33.0,0.38,1.3842366005813898,0.0002448460963200321,0.05046980327643429,0.17005914215644014
33.2,0.38,1.384495483977308,0.00024109943519242525,0.04895811102238454,0.1713369836369563
33.4,0.38,1.3847503967008017,0.00023741160092671305,0.04745141590959428,0.172612837930392
33.6,0.38,1.3850014022525445,0.00023378161099171584,0.04594962179345994,0.17388670369358006
33.800000000000004,0.38,1.3852485629885671,0.00023020850193503022,0.04445263386403274,0.1751585798541114
34.0,0.38,1.385491940115382,0.00022669132428417493,0.04296035842526683,0.17642846558700478
34.2,0.38,1.385731593760988,0.00022322914936815925,0.04147270315313626,0.17769636029347416
34.4,0.38,1.3859675829345894,0.00021982105891295018,0.03998957666111674,0.17896226357904793
34.6,0.38,1.3861999656456965,0.00021646615957943968,0.03851088906736463,0.1802261752351538
34.800000000000004,0.38,1.3864287987912998,0.000213163561425696,0.037036551113044165,0.18148809521833137
35.0,0.38,1.3866541383769402,0.00020991240857021808,0.035566475376213776,0.18274802363560844
35.2,0.38,1.3868760392535457,0.00020671183432733033,0.034100574454577814,0.184005960723751
35.4,0.38,1.3870945555531222,0.00020356102561760756,0.032638763532777774,0.18526190684020216
35.6,0.38,1.3873097401123866,0.00020045912926072707,0.03118095660706299,0.1865158624399506
35.800000000000004,0.38,1.3875216453587629,0.00019740538702916707,0.029727071885685453,0.18776782807556824
36.0,0.38,1.3877303220798463,0.0001943989396729007,0.028277023914260457,0.18901780436650875
36.2,0.38,1.3879358212531323,0.00019143910983065982,0.02683073490829841,0.1902657920155621
36.4,0.38,1.3881381914470203,0.00018852499192878016,0.025388118294012194,0.19151179175970276
36.6,0.38,1.3883374826279054,0.00018565604406404053,0.023949102466158723,0.1927558044181794
36.800000000000004,0.38,1.3885337406942275,0.000182831230115708,0.022513596345349433,0.19399783080221167
37.0,0.38,1.388727015429851,0.00018005025228439686,0.02108153917514542,0.1952378718256991
37.2,0.38,1.3889173490099882,0.00017731176451341748,0.01965282838413637,0.1964759283268719
37.4,0.38,1.3891047926858768,0.00017461588631321039,0.018227424028793668,0.19771200129810693
37.6,0.38,1.389289382436243,0.00017196057882178456,0.01680519748504528,0.19894609152939058
37.800000000000004,0.38,1.3894711744276163,0.0001693462734982483,0.015386151201864639,0.20017819999942685
38.0,0.38,1.3896501915882533,0.00016676957966810306,0.013970099603610026,0.20140832725292776
38.2,0.38,1.3898265034673485,0.00016422695136348236,0.012557138068775696,0.20263647334633955
38.400000000000006,0.38,1.3900000913696335,0.00016171527511210315,0.011146952941793437,0.20386263793778983
38.6,0.38,1.3901710734850454,0.00015918172640371614,0.009739885692225489,0.2050868120389409
38.800000000000004,0.38,1.3903392015696954,0.00015666812372822067,0.008335269563225174,0.206308993600771
39.0,0.38,1.3905049238727125,0.00015363929145595717,0.0069344483963969025,0.2075290924962493
39.2,0.38,1.3906661890224195,0.00015076600360717412,0.005535093877276908,0.20874712834362216
39.400000000000006,0.38,1.3908266517314225,0.00014269946664605872,0.004145218068573736,0.2099622435196873
39.6,0.38,1.3909680147074606,0.0001376900635177072,0.002749359206574245,0.2111749069870304
39.800000000000004,0.38,1.3911265118805949,7.530953961573394e-05,0.0014129221477383195,0.2123715069418475
40.0,0.38,1.3911265118805949,0.0,0.0,0.2123715069418475
0.0,0.4,1.0,0.0,0.6295993794025276,0.0
0.2,0.4,1.022137734424555,0.010944397081411778,0.6295993794025276,8.79322473168572e-09
0.4,0.4,1.044804230253616,0.00895360665883955,0.5846693999757634,5.4943354195533484e-08
0.6000000000000001,0.4,1.060738240851852,0.008633658375108863,0.5827160112204385,2.1790434535529588e-07
0.8,0.4,1.0779635246329864,0.006792877873448104,0.5514438789379166,6.117588963456293e-07
1.0,0.4,1.0889924484353797,0.005880900644588778,0.5460674999231464,1.4344643916034355e-06
1.2000000000000002,0.4,1.1006805948018585,0.005033720312052653,0.527963911524943,2.949265917153297e-06
1.4000000000000001,0.4,1.1095413447339522,0.004538311926441161,0.5208386400658378,5.538392537366616e-06
1.6,0.4,1.118512758535093,0.004123956583073925,0.5088360196836279,9.679406131441935e-06
1.8,0.4,1.126205905169675,0.0038420042293854516,0.5012989014336191,1.5988496361595574e-05
2.0,0.4,1.1337629589859812,0.003597822181626264,0.492060537500867,2.5189715180735504e-05
2.2,0.4,1.1406644642775996,0.0034106178967512717,0.48472246621957715,3.81443318504102e-05
2.4000000000000004,0.4,1.1473574772657082,0.0032437149272804135,0.47689163595291945,5.581454547380634e-05
2.6,0.4,1.1536573460951722,0.0031054773170405836,0.4699482205093137,7.927807831933201e-05
2.8000000000000003,0.4,1.159746509697768,0.0029804723362374056,0.46295085824903415,0.0001096901439479445
3.0,0.4,1.1655648595713457,0.002871898022872712,0.4564254475846325,0.00014828533924661765
3.2,0.4,1.171191773332446,0.0027728090805547645,0.4499934799805409,0.00019634169907740338
3.4000000000000004,0.4,1.1766119878424797,0.0026841095736785158,0.44385220172126183,0.00025517405484649995
3.6,0.4,1.1818631569894562,0.0026024627398453077,0.43784443413817864,0.00032610293090594775
3.8000000000000003,0.4,1.1869452572278454,0.0025278782293654805,0.4320411042045939,0.00041044394206018304
4.0,0.4,1.1918781573429407,0.002458633444124931,0.4263736421403773,0.0005094829922974388
4.2,0.4,1.1966663337882169,0.0023944523459638,0.4208647887593229,0.0006244654056917923
4.4,0.4,1.2013215563760686,0.002334372669329304,0.4154823024423271,0.0007565777883087064
4.6000000000000005,0.4,1.2058490807920184,0.002278070674076116,0.4102309469373753,0.0009069392225889371
4.800000000000001,0.4,1.2102566810714663,0.002224964396358061,0.4050938936794036,0.001076589372020586
5.0,0.4,1.2145492353357579,0.0021747630273681183,0.4000695647386686,0.0012664827959861864
5.2,0.4,1.218732364685799,0.002127088593430609,0.395148014935012,0.0014774824119965645
5.4,0.4,1.2228103143075528,0.0020817024230930796,0.39032574506122303,0.001710357063356
5.6000000000000005,0.4,1.2267874411547082,0.0020383445153096804,0.3855961216456607,0.001965779251919848
5.800000000000001,0.4,1.2306673918448696,0.0019968260273683027,0.3809553470596092,0.002244325546941678
6.0,0.4,1.2344537230092358,0.0019569603194196203,0.37639854530745337,0.002546477489935551
6.2,0.4,1.2381495888514125,0.0019186001025752694,0.3719221684219823,0.00287262419350114
6.4,0.4,1.2417580070845133,0.0018816072980767462,0.3675223825005726,0.0032230654263311212
6.6000000000000005,0.4,1.245281745389673,0.0018458674848111818,0.3631960339391187,0.00359801571181189
6.800000000000001,0.4,1.2487234399157672,0.0018112763375567695,0.35893997515940657,0.003997608765044683
7.0,0.4,1.252085558035983,0.001777744874522253,0.3547514481745131,0.004421902472159921
7.2,0.4,1.2553704539661645,0.0017451930785765818,0.350627797078501,0.0048708840296200805
7.4,0.4,1.258580359733625,0.001713551500262307,0.34656661623080987,0.005344475302865402
7.6000000000000005,0.4,1.2617174130319413,0.0016827580627646005,0.3425656235324321,0.005842538185603765
7.800000000000001,0.4,1.2647836578201501,0.0016527582862237173,0.3386227141234745,0.006364879962520549
8.0,0.4,1.267781059339348,0.0016235035548008282,0.3347359014970498,0.006911258550547828
8.200000000000001,0.4,1.2707115073867792,0.0015949508712116364,0.3309033338576326,0.0074813876054766575
8.4,0.4,1.2735768250462594,0.0015670618310709634,0.3271232645288803,0.00807494142464626
8.6,0.4,1.2763787722047448,0.0015398022603964603,0.323394054070458,0.0086915596334142
8.8,0.4,1.279119051001019,0.0015131415565237305,0.3197141538139778,0.009330851620055997
9.0,0.4,1.2817993088634223,0.0014870523361142367,0.3160821029846043,0.009992400713274603
9.200000000000001,0.4,1.2844211421315406,0.001461509982000148,0.3124965184678651,0.010675768087936981
9.4,0.4,1.2869860985039754,0.0014364923403360618,0.30895609055836104,0.011380496400132362
9.600000000000001,0.4,1.2894956795822503,0.001411979393082976,0.30545957593457135,0.012106113149952313
9.8,0.4,1.2919513428075722,0.0013879530097692004,0.3020057933874121,0.012852133778456424
10.0,0.4,1.2943545033381532,0.0013643967026921858,0.29859361862109324,0.013618064504639937
10.200000000000001,0.4,1.2967065355921277,0.0013412954279137677,0.29522198041097697,0.014403404912276327
10.4,0.4,1.2990087746981545,0.001318635398621351,0.2918898565575833,0.015207650296376007
10.600000000000001,0.4,1.3012625177511692,0.001296403927642533,0.288596270574036,0.016030293780891287
10.8,0.4,1.3034690249842176,0.001274589283978063,0.28534028843619746,0.01687082821918642
11.0,0.4,1.305629520822031,0.0012531805696117616,0.28212101577357007,0.017728747889546877
11.200000000000001,0.4,1.3077451948698033,0.00123216760942497,0.278937595206097,0.0186035499978211
11.4,0.4,1.3098172028287922,0.001211540856185756,0.2757892039737515,0.019494735999485945
11.600000000000001,0.4,1.3118466673661369,0.0011912913069383323,0.2726750517243161,0.020401812753195525
11.8,0.4,1.3138346789395567,0.0011714104310426158,0.26959437851162377,0.021324293517807253
12.0,0.4,1.3157822965918438,0.001151890107749504,0.26654645293906293,0.022261698804611325
12.200000000000001,0.4,1.317690548718171,0.0011327225729014236,0.26353057046275147,0.023213557096284695
12.4,0.4,1.3195604338146787,0.0011139003733700178,0.26054605182005824,0.024179405443776822
12.600000000000001,0.4,1.3213929212112618,0.001095416328600407,0.2575922415834733,0.025158789952027485
12.8,0.4,1.3231889517933562,0.0010772634982517473,0.25466850681988973,0.026151266165038604
13.0,0.4,1.3249494387147749,0.001059435155278058,0.2517742358504349,0.027156399360422287
13.200000000000001,0.4,1.3266752681041383,0.001041924763668885,0.24890883709809958,0.02817376476309472
13.4,0.4,1.3283672997660103,0.0010247259602550098,0.24607173801724483,0.029202947687304602
13.600000000000001,0.4,1.3300263678778215,0.001007832539967273,0.2432623840961645,0.03024354361566767
13.8,0.4,1.3316532816828925,0.0009912384440477113,0.24048023792711704,0.031295158223339066
14.0,0.4,1.3332488261797075,0.0009749377507319598,0.23772477833736988,0.032357407354897914
14.200000000000001,0.4,1.3348137628071601,0.0009589246680013558,0.23499549957646587,0.033429916960951385
14.4,0.4,1.336348830125321,0.0009431935280338732,0.2322919105547951,0.03451232300089701
14.600000000000001,0.4,1.3378547444910707,0.0009277387830361663,0.22961353412951796,0.035604271317718005
14.8,0.4,1.3393322007277846,0.0009125550021732982,0.22695990643402586,0.036705417490133556
15.0,0.4,1.340781872788183,0.0008976368693497846,0.22433057624771655,0.037815426666887135
15.200000000000001,0.4,1.3422044144093552,0.0008829791816273301,0.22172510440309143,0.038933973387436385
15.4,0.4,1.3436004597589497,0.0008685768480939456,0.21914306322754726,0.04006074139280849
15.600000000000001,0.4,1.3449706240714945,0.0008544248890189859,0.2165840360174969,0.04119542342990605
15.8,0.4,1.3463155042738166,0.0008405184351607297,0.2140476165426745,0.04233772105209438
16.0,0.4,1.347635679598572,0.0008268527271096065,0.21153340857871503,0.04348734441846742
16.2,0.4,1.3489317121849178,0.0008134231145713897,0.20904102546625647,0.044644012093781923
16.400000000000002,0.4,1.3502041476654456,0.0008002250555147399,0.20657008969498275,0.0458074508506642
16.6,0.4,1.3514535157385568,0.00078725411512702,0.20412023251117203,0.046977395475335824
16.8,0.4,1.3526803307255415,0.0007745059645362786,0.20169109354740722,0.04815358857777155
17.0,0.4,1.353885092111744,0.0007619763792734,0.1992823204732283,0.04933578040689947
17.2,0.4,1.3550682850712894,0.0007496612374663201,0.19689356866558533,0.05052372867117893
17.400000000000002,0.4,1.3562303809749408,0.0007375565177633514,0.19452450089803436,0.051717198364648866
17.6,0.4,1.3573718378808048,0.0007256582970001402,0.19217478704765933,0.05291596159832968
17.8,0.4,1.3584931010076833,0.0007139627476291864,0.18984410381878397,0.05411979743668508
18.0,0.4,1.3595946031909933,0.0007024661349391033,0.18753213448257075,0.055328491738708546
18.2,0.4,1.3606767653212863,0.0006911648140957377,0.18523856863164795,0.05654183700309106
18.400000000000002,0.4,1.3617399967654924,0.0006800552270411331,0.1829631019489441,0.05775963221685197
18.6,0.4,1.3627846957711054,0.0006691338992864199,0.1807054359899401,0.05898168270677216
18.8,0.4,1.3638112498536172,0.0006583974366379542,0.17846527797759007,0.06020779999295501
19.0,0.4,1.3648200361675698,0.0006478425218922459,0.17624234060915817,0.06143780164385407
19.200000000000003,0.4,1.3658114218616932,0.0006374659115362728,0.17403634187430111,0.0626715111321439
19.400000000000002,0.4,1.3667857644185912,0.0006272644324860533,0.1718470048836944,0.06390875769086689
19.6,0.4,1.3677434119795626,0.0006172349788952575,0.16967405770756233,0.06514937616936327
19.8,0.4,1.3686847036551044,0.0006073745090594188,0.16751723322349463,0.06639320688857639
20.0,0.4,1.3696099698217334,0.0005976800424403969,0.1653762689729268,0.06764009549541983
20.200000000000003,0.4,1.3705195324057493,0.0005881486568332401,0.16325090702574477,0.06888989281599336
20.400000000000002,0.4,1.3714137051545645,0.0005787774856911032,0.16114089385243643,0.07014245470753423
20.6,0.4,1.372292793896277,0.0005695637156226828,0.15904598020328206,0.07139764190909037
20.8,0.4,1.3731570967881053,0.0005605045840724756,0.15696592099408005,0.07265531989099774
21.0,0.4,1.374006904554339,0.0005515973771902537,0.15490047519793945,0.07391535870333352
21.200000000000003,0.4,1.3748425007144154,0.0005428394278952785,0.1528494057427055,0.07517763282359642
21.400000000000002,0.4,1.3756641618017336,0.0005342281141360483,0.15081247941357537,0.07644202100393879
21.6,0.4,1.3764721575737893,0.0005257608573429243,0.14878946676052168,0.07770840611833565
21.8,0.4,1.3772667512141852,0.0005174351210696603,0.14678014201015813,0.07897667501012645
22.0,0.4,1.3780481995270495,0.0005092484098179013,0.1447842829816956,0.08024671834040367
22.200000000000003,0.4,1.3788167531243494,0.0005011982680358106,0.14280167100666294,0.08151843043775073
22.400000000000002,0.4,1.3795726566065836,0.0004932822792791901,0.1408320908521046,0.08279170914984754
22.6,0.4,1.3803161487372666,0.0004854980655226584,0.13887533064697946,0.08406645569746833
22.8,0.4,1.3810474626116098,0.0004778432866093017,0.13693118181150102,0.0853425745313901
23.0,0.4,1.3817668258197662,0.0004703156398223237,0.13499943898919214,0.0866199731927181
23.200000000000003,0.4,1.382474460604953,0.000462912859562712,0.13307989998144462,0.08789856217710865
23.400000000000002,0.4,1.3831705840167623,0.00045563271711928207,0.13117236568438864,0.08917825480333999
23.6,0.4,1.3838554080599166,0.00044847302051326195,0.12927664002790684,0.09045896708664232
23.8,0.4,1.3845291398386856,0.0004414316144022399,0.12739252991664324,0.09174061761715382
24.0,0.4,1.3851919816971934,0.00043450638002858567,0.12551984517283646,0.09302312744381774
24.200000000000003,0.4,1.385844131355772,0.00042769523519670913,0.12365839848089233,0.09430641996398385
24.400000000000002,0.4,1.3864857820435192,0.00042099613426472795,0.12180800533357432,0.09559042081891674
24.6,0.4,1.3871171226271803,0.00041440706813946336,0.11996848397970424,0.09687505779535646
24.8,0.4,1.3877383377364716,0.0004079260642610158,0.11813965537329406,0.0981602607332163
25.0,0.4,1.388349607885936,0.0004015511865668646,0.11632134312404109,0.09944596143944044
25.200000000000003,0.4,1.388951109593394,0.00039528053542680085,0.11451337344911208,0.10073209360798796
25.400000000000002,0.4,1.3895430154950603,0.000389112247539834,0.11271557512616708,0.1020185927458514
25.6,0.4,1.3901254944573807,0.00038304449578648194,0.11092777944756387,0.10330539610496435
25.8,0.4,1.3906987116856224,0.00037707548903232764,0.10914982017569792,0.10459244261980537
26.0,0.4,1.3912628288292597,0.0003712034718783048,0.10738153349945331,0.10587967285045667
26.200000000000003,0.4,1.3918180040841883,0.0003654267243543958,0.10562275799171567,0.10716702893084068
26.400000000000002,0.4,1.392364392291798,0.0003597435615569614,0.10387333456791256,0.10845445452181994
26.6,0.4,1.3929021450349253,0.0003541523332285856,0.10213310644556513,0.10974189476882001
26.8,0.4,1.393431410730722,0.000348651423281539,0.10040191910481101,0.11102929626361094
27.0,0.4,1.3939523347204703,0.00034323924926841554,0.09867962024987696,0.11231660700986797
27.200000000000003,0.4,1.3944650593563772,0.0003379142617993778,0.0969660597714735,0.11360377639212063
27.400000000000002,0.4,1.3949697240853758,0.0003326749439139699,0.09526108971009102,0.11489075514769542
27.6,0.4,1.3954664655299942,0.00032751981040912947,0.09356456422015187,0.1161774953412572
27.8,0.4,1.3959554175663258,0.0003224474071289138,0.09187633953502315,0.11746395034155946
28.0,0.4,1.396436711399156,0.00031745631022225606,0.09019627393283151,0.11875007480002546
28.200000000000003,0.4,1.3969104756342987,0.00031254512537293367,0.08852422770306181,0.1200358246307936
28.400000000000002,0.4,1.3973768363482195,0.0003077124870104059,0.086860063113913,0.12132115699188045
28.6,0.4,1.3978359171550059,0.0003029570575045781,0.08520364438038476,0.12260603026713364
28.8,0.4,1.3982878392707554,0.00029827752635175087,0.08355483763302841,0.12389040404867077
29.0,0.4,1.398732721575476,0.00029367260935938926,0.0819135108873876,0.12517423911952716
29.200000000000003,0.4,1.3991706806725595,0.00028914104783272376,0.08027953401400936,0.1264574974362603
29.400000000000002,0.4,1.3996018309459568,0.00028468160777136476,0.07865277870909994,0.1277401421112877
29.6,0.4,1.4000262846150895,0.0002802930790776493,0.07703311846563707,0.12902213739476553
29.8,0.4,1.4004441517876682,0.0002759742747869098,0.07542042854511563,0.13030344865584256
30.0,0.4,1.400855540510424,0.0002717240303161753,0.07381458594956394,0.13158404236315618
30.200000000000003,0.4,1.4012605568179557,0.00026754120274551904,0.07221546939428324,0.1328638860644627
30.400000000000002,0.4,1.4016593047796708,0.00026342467012063065,0.07062295928054896,0.13414294836532878
30.6,0.4,1.4020518865450875,0.00025937333080073373,0.06903693766927632,0.135421198906831
30.8,0.4,1.4024384023873429,0.0002553861028219327,0.0674572882541183,0.1366986083422441
31.0,0.4,1.4028189507453712,0.00025146192332361556,0.06588389633612156,0.1379751483127189
31.200000000000003,0.4,1.4031936282643376,0.00024759974797398026,0.06431664879675962,0.13925079142197397
31.400000000000002,0.4,1.4035625298351329,0.00024379855048711681,0.06275543407388975,0.14052551121005383
31.6,0.4,1.4039257486319887,0.00024005732209801523,0.06120014213396139,0.1417992821262099
31.8,0.4,1.4042833761498001,0.00023637507119058534,0.05965066445004664,0.1430720795010026
32.0,0.4,1.4046355022390462,0.00023275082279121737,0.058106893971782786,0.14434387951770147
32.2,0.4,1.4049822151415654,0.0002291836183432179,0.056568725107288526,0.1456146591831251
32.4,0.4,1.4053236015226374,0.0002256725151562059,0.055036053687968475,0.14688439629799616
32.6,0.4,1.405659746506126,0.00022221658640255543,0.05350877695822922,0.1481530694270078
32.800000000000004,0.4,1.4059907337030773,0.00021881492039469843,0.05198679352926333,0.1494206578686362
33.0,0.4,1.4063166452477867,0.0002154666209681514,0.05047000338488339,0.150687141624982
33.2,0.4,1.4066375618212028,0.0002121708063224618,0.048958307812093586,0.151952501371568
33.4,0.4,1.4069535626908993,0.00020892661014882706,0.0474516094405249,0.1532167184275367
33.6,0.4,1.4072647257254516,0.00020573317949390034,0.04594981212439843,0.15447977472594113
33.800000000000004,0.4,1.407571127444245,0.0002025896773849133,0.04445282105219794,0.15574165278489788
34.0,0.4,1.4078728430145904,0.00019949527859650828,0.04296054252696188,0.15700233567880265
34.2,0.4,1.4081699463235888,0.00019644917537018773,0.041472884222885295,0.15826180701106551
34.4,0.4,1.408462509940575,0.00019345056875017127,0.03998975475299205,0.15952005088653293
34.6,0.4,1.4087506052364325,0.00019049868074441452,0.03851106423314262,0.16077705188650798
34.800000000000004,0.4,1.4090343022748146,0.00018759273636394306,0.03703672340494813,0.16203279504238546
35.0,0.4,1.409313670031913,0.0001847319892461022,0.035566644843015346,0.16328726581387207
35.2,0.4,1.409588776139913,0.0001819156842150525,0.03410074114731116,0.1645404500633297
35.4,0.4,1.4098596873179965,0.00017914311108088835,0.03263892749653754,0.16579233403863203
35.6,0.4,1.4101264688078448,0.00017641352641681524,0.031181117892943856,0.16704290434672694
35.800000000000004,0.4,1.4103891852476647,0.0001737262663396762,0.029727230533567465,0.16829214794374886
36.0,0.4,1.4106478994643403,0.00017108058289377255,0.02827717997779613,0.16954005210434636
36.2,0.4,1.4109026742757673,0.00016847588028319312,0.02683088841882041,0.17078660442424748
36.4,0.4,1.4111535699370765,0.0001659113724608837,0.02538826931286454,0.17203179277789743
36.6,0.4,1.411400647887813,0.00016338657732467844,0.023949251009128564,0.17327560534410325
36.800000000000004,0.4,1.4116439653781527,0.0001609006003904549,0.022513742492230367,0.17451803053626655
37.0,0.4,1.4118835832939247,0.00015845316377857325,0.021081682912278785,0.17575905707259495
37.2,0.4,1.4121195548513021,0.00015604311435186464,0.01965296983273128,0.17699867384634083
37.4,0.4,1.4123519420098785,0.0001536705213466423,0.018227563123815623,0.17823687007944714
37.6,0.4,1.4125807914990327,0.00015133365013405355,0.016805334438273957,0.17947363507005284
37.800000000000004,0.4,1.4128061697180174,0.00014903281545548672,0.015386285912800092,0.1807089584560816
38.0,0.4,1.4130281099282265,0.00014676512985435801,0.013970232459259397,0.1819428297792053
38.2,0.4,1.4132466911148982,0.0001445274634513446,0.012557269504103788,0.18317523841339936
38.400000000000006,0.4,1.413461902907673,0.00014231699974374663,0.011147083303710698,0.18440617363854914
38.6,0.4,1.413673870816569,0.0001400884217280769,0.009740021949947766,0.18563561863790892
38.800000000000004,0.4,1.4138823381348542,0.00013787539827439472,0.00833540617018144,0.1868635615516307
39.0,0.4,1.4140877542586185,0.00013521983967410792,0.0069346562721263084,0.18808992682714717
39.2,0.4,1.4142878984019946,0.00013267463250836613,0.0055352848253415,0.1893147157587543
39.400000000000006,0.4,1.4144864410282458,0.00012563666427101915,0.004146104705037236,0.19053729027780875
39.6,0.4,1.4146630205379753,0.00012103232913247894,0.0027498449450033117,0.19175795152436292
39.800000000000004,0.4,1.414855395662563,6.605680634427196e-05,0.0014211280899870523,0.19296550560580647
40.0,0.4,1.414855395662563,0.0,0.0,0.19296550560580647
0.0,0.42,1.0,0.0,0.628617702960052,0.0
0.2,0.42,1.0215416010171707,0.008680525186645404,0.628617702960052,2.6621898630715843e-09
0.4,0.42,1.0436983729721139,0.007130910975347328,0.5848700653418822,1.7536917907094704e-08
0.6000000000000001,0.42,1.0596124001570815,0.006900895185340235,0.5827576376739771,7.271454465035621e-08
0.8,0.42,1.076796945982442,0.005433869538627388,0.5516306706243674,2.1319852858415e-07
1.0,0.42,1.0878531437211254,0.004706552816051763,0.5461628251479931,5.197660774211249e-07
1.2000000000000002,0.42,1.0995477204538102,0.0040279246631292915,0.5280525240166101,1.1073467590353802e-06
1.4000000000000001,0.42,1.1084153527519407,0.0036309401922393954,0.5208918598491071,2.1479485306245736e-06
1.6,0.42,1.1173864337772577,0.0032989559763754285,0.508880872150446,3.8677497573900055e-06
1.8,0.42,1.125078174206351,0.0030731215127261474,0.5013301756786606,6.568011907279882e-06
2.0,0.42,1.132632639552114,0.0028777104173298043,0.4920878190770963,1.0618831912456224e-05
2.2,0.42,1.1395325629393773,0.002727976368721884,0.4847437904159824,1.6474849345732612e-05
2.4000000000000004,0.42,1.1462252880099373,0.002594591392397257,0.4769107649067599,2.4665037310007153e-05
2.6,0.42,1.1525272401529498,0.002484196503479183,0.4699642887372544,3.5801355057305204e-05
2.8000000000000003,0.42,1.1586212055830776,0.0023844586546285713,0.4629654660811127,5.056527565360664e-05
3.0,0.42,1.1644477893983858,0.0022979181454621717,0.4564382593374144,6.970928947832454e-05
3.2,0.42,1.170086763838485,0.00221902588079336,0.4500052225058829,9.40415621959711e-05
3.4000000000000004,0.42,1.1755234195727502,0.0021484979695955454,0.4438627779398031,0.0001244217469755439
3.6,0.42,1.1807958056916628,0.002083667325580074,0.43785419595323816,0.00016174531719531624
3.8000000000000003,0.42,1.1859043444684723,0.002024537463967713,0.4320500491549063,0.0002069358965151709
4.0,0.42,1.1908692552405387,0.0019697294296531034,0.4263819531631368,0.000260930617499254
4.2,0.42,1.1956953607225325,0.0019190184325676878,0.4208724944953651,0.0003246711518455553
4.4,0.42,1.2003947068413672,0.0018716317367471539,0.415489505880259,0.0003990910719030518
4.6000000000000005,0.42,1.2049727951719564,0.001827305929321492,0.4102376826016332,0.0004851072758688286
4.800000000000001,0.42,1.2094375867103933,0.0017855712801468015,0.405100224530123,0.0005836099015218687
5.0,0.42,1.2137941060729964,0.0017461902788201216,0.4000755224417093,0.0006954552099308855
5.2,0.42,1.2180480690451172,0.001708855759316203,0.3951536410337542,0.0008214582123610094
5.4,0.42,1.2222037734022866,0.0016733717333037347,0.39033106614297863,0.0009623875047032216
5.6000000000000005,0.42,1.2262655834194638,0.0016395252501069887,0.38560116692936836,0.0011189604724220741
5.800000000000001,0.42,1.2302371139975505,0.0016071602871401826,0.3809601381602482,0.0012918401452145143
6.0,0.42,1.2341218516537955,0.0015761227662188303,0.3764031038203864,0.0014816326566199156
6.2,0.42,1.2379228468808974,0.0015462902560187035,0.37192651176600033,0.0016888859251916626
6.4,0.42,1.2416429824051338,0.0015175479512578832,0.3675265272400164,0.0019140889539984846
6.6000000000000005,0.42,1.245284863740703,0.001489800236699444,0.36319999414132076,0.0021576720128273726
6.800000000000001,0.42,1.2488509406116823,0.00146295988245795,0.3589437638867595,0.002420007344383068
7.0,0.42,1.252343473309962,0.0014369522474490621,0.3547550768705976,0.0027014104823927004
7.2,0.42,1.2557645912823274,0.0014117101937469957,0.3506312762645994,0.00300214196003943
7.4,0.42,1.2591162872427482,0.0013871753673616607,0.34656995530467705,0.003322409415462399
7.6000000000000005,0.42,1.2624004477634347,0.0013632956429329853,0.3425688311121533,0.0036623699522340763
7.800000000000001,0.42,1.2656188565579458,0.0013400252942890678,0.3386257980056225,0.004022132729744325
8.0,0.42,1.2687732118749508,0.0013173235987104857,0.33473886883945825,0.004401761689907134
8.200000000000001,0.42,1.2718651320030498,0.0012951546262780873,0.3309061911943719,0.004801278387470276
8.4,0.42,1.2748961659789633,0.0012734864042067671,0.32712601787612566,0.005220664861773082
8.6,0.42,1.2778677989060068,0.001252290609380666,0.3233967089578759,0.00565986652035687
8.8,0.42,1.2807814589890514,0.0012315420231519283,0.31971671535158,0.006118794993734791
9.0,0.42,1.2836385219842714,0.0012112182309584206,0.3160845758954705,0.006597330938721305
9.200000000000001,0.42,1.286440316048602,0.0011912992410518118,0.31249890713365575,0.007095326764729085
9.4,0.42,1.2891881252566049,0.0011717672234728212,0.3089583990484085,0.007612609267888814
9.600000000000001,0.42,1.2918831930575592,0.0011526062297398602,0.3054618080387063,0.008148982158046771
9.8,0.42,1.2945267249875303,0.0011338019764532321,0.3020079526403369,0.00870422846989505
10.0,0.42,1.297119891191819,0.0011153416323676985,0.29859570832703675,0.009278112850643654
10.200000000000001,0.42,1.2996638284968076,0.0010972136428656126,0.2952240036636191,0.009870383720368345
10.4,0.42,1.302159642282358,0.0010794075651930001,0.2918918162590827,0.010480775302371619
10.600000000000001,0.42,1.3046084080636515,0.001061913927919819,0.28859816945116046,0.011109009523143497
10.8,0.42,1.3070111729023541,0.0010447241025580692,0.2853421290552767,0.011754797782485893
11.0,0.42,1.309368956622388,0.0010278301923551593,0.2821228005535141,0.012417842595741104
11.200000000000001,0.42,1.3116827528919546,0.001011224932531257,0.2789393264302904,0.013097839110798445
11.4,0.42,1.3139535301716274,0.0009949016035271084,0.27579088380056976,0.013794476503423306
11.600000000000001,0.42,1.3161822325631984,0.0009788539543080287,0.27267668219666935,0.014507439254992966
11.8,0.42,1.3183697805668937,0.0009630761358980747,0.2695959615654768,0.015236408317293532
12.0,0.42,1.320517071768162,0.0009475626434223395,0.2665479904111502,0.015981062169419774
12.200000000000001,0.42,1.3226249814629787,0.0009323082662920566,0.2635320640975104,0.016741077772188105
12.4,0.42,1.3246943632354222,0.0009173080453788874,0.2605475032759129,0.0175161314257234
12.600000000000001,0.42,1.326726049495367,0.0009025572366292719,0.25759365243851245,0.0183058995360856
12.8,0.42,1.328720851985479,0.0008880512802620961,0.2546698785770245,0.01911005929691725
13.0,0.42,1.3306795622635776,0.0008737857749754692,0.2517755699420853,0.019928289292151357
13.200000000000001,0.42,1.3326029521664504,0.0008597564564880325,0.2489101348904696,0.020760270025802385
13.4,0.42,1.3344917742594142,0.0008459591798895218,0.24607300081422565,0.021605684384790616
13.600000000000001,0.42,1.3363467622755105,0.0008323899052624229,0.24326361314291586,0.022464218040618163
13.8,0.42,1.3381686315471328,0.0008190446861279053,0.24048143441335262,0.02333555979553544
14.0,0.42,1.3399580794323804,0.0008059196602870821,0.23772594340039072,0.02421940187861696
14.200000000000001,0.42,1.3417157857377338,0.0007930110426933627,0.23499663430396142,0.025115440196911427
14.4,0.42,1.3434424131382525,0.0007803151200212863,0.2322930159874408,0.026023374546553495
14.600000000000001,0.42,1.3451386075959835,0.000767828246639669,0.2296146112633915,0.02694290878842882
14.8,0.42,1.3468049987769795,0.0007555468417290146,0.22696095622286086,0.027873750992677762
15.0,0.42,1.3484422004669951,0.0007434673873135674,0.22433159960501017,0.0288156135560098
15.200000000000001,0.42,1.3500508109856901,0.0007315864270074572,0.221726102204082,0.029768213295487032
15.4,0.42,1.3516314135989946,0.0007199005652978467,0.21914403631107282,0.030731271522120743
15.600000000000001,0.42,1.3531845769290964,0.0007084064672089581,0.21658498518774785,0.03170451409731503
15.8,0.42,1.3547108553614056,0.0006971008582146188,0.21404854257084915,0.03268767147488473
16.0,0.42,1.3562107894477726,0.0006859805242857705,0.21153431220458668,0.03368047873107497
16.2,0.42,1.357684906305159,0.000675042311975018,0.2090419073996589,0.03468267558471469
16.400000000000002,0.42,1.3591337200089355,0.000664283128459923,0.20657095061722017,0.03569400640935027
16.6,0.42,1.3605577319799687,0.0006536999414845934,0.20412107307635968,0.03671422023892757
16.8,0.42,1.3619574313646983,0.0006432897791490575,0.20169191438374526,0.03774307076832343
17.0,0.42,1.3633332954074064,0.0006330497295144949,0.1992831221842174,0.03878031634977365
17.2,0.42,1.3646857898139646,0.0006229769400052738,0.1968943518311806,0.0398257199860048
17.400000000000002,0.42,1.3660153691064068,0.0006130686165970937,0.1945252660757449,0.0408790493206553
17.6,0.42,1.367322476967734,0.0006033220227926433,0.1921755347735982,0.041940076626369484
17.8,0.42,1.3686075465764933,0.0005937344783953164,0.18984483460866394,0.04300857879076806
18.0,0.42,1.3698710009307087,0.0005843033580964559,0.1875328488326526,0.04408433730034261
18.2,0.42,1.3711132531608892,0.0005750260898972619,0.18523926701964527,0.0451671382221906
18.400000000000002,0.42,1.3723347068319072,0.000565900153392142,0.1829637848348796,0.04625677218340335
18.6,0.42,1.3735357562336485,0.0005569230779397386,0.18070610381696137,0.04735303434784049
18.8,0.42,1.3747167866604109,0.0005480924407522455,0.17846593117274273,0.04845572438997104
19.0,0.42,1.3758781746791395,0.000539405864930039,0.1762429795841196,0.049564646465433744
19.200000000000003,0.42,1.3770202883866314,0.0005308610174719822,0.1740369670260772,0.05067960917796211
19.400000000000002,0.42,1.3781434876559404,0.0005224556072879057,0.17184761659527656,0.051800425542334265
19.6,0.42,1.37924812437226,0.0005141873832388206,0.16967465634855355,0.05292691294304016
19.8,0.42,1.3803345426586198,0.0005060541322275631,0.16751781915069708,0.0540588930884043
20.0,0.42,1.3814030790917837,0.0004980536773596062,0.16537684253090143,0.055196191959961484
20.200000000000003,0.42,1.3824540629087536,0.0004901838761949434,0.1632514685473379,0.056338639756949825
20.400000000000002,0.42,1.3834878162043374,0.0004824426191038416,0.1611414436592794,0.05748607083585858
20.6,0.42,1.3845046541202424,0.0004748278277395138,0.15904651860625968,0.05863832364504478
20.8,0.42,1.3855048850261908,0.0004673374536385874,0.15696644829377757,0.05979524065450972
21.0,0.42,1.3864888106935205,0.0004599694769557625,0.15490099168506163,0.06095666828100167
21.200000000000003,0.42,1.3874567264617945,0.0004527219053383459,0.1528499116984741,0.0621224568086846
21.400000000000002,0.42,1.3884089213988768,0.0004455927729425676,0.1508129751101031,0.06329246030567924
21.6,0.42,1.3893456784549798,0.0004385801395919994,0.14878995246116888,0.06446653653684567
21.8,0.42,1.3902672746111222,0.00043168209007488084,0.14678061796986663,0.06564454687322978
22.0,0.42,1.3911739810224506,0.0004248967335777045,0.1447847494473082,0.06682635619864462
22.200000000000003,0.42,1.3920660631568522,0.00041822220324813316,0.14280212821722413,0.06801183281389529
22.400000000000002,0.42,1.3929437809292544,0.0004116566558795804,0.14083253903914586,0.06920084833918562
22.6,0.42,1.3938073888319635,0.00040519827170787983,0.13887577003479207,0.07039327761526781
22.8,0.42,1.3946571360614066,0.0003988452543104202,0.13693161261739414,0.07158899860390681
23.0,0.42,1.3954932666415658,0.0003925958305964768,0.134999861423739,0.07278789228823694
23.200000000000003,0.42,1.3963160195443893,0.00038644825087521216,0.13308031424871777,0.07398984257358128
23.400000000000002,0.42,1.3971256288074205,0.00038040078898999257,0.13117277198218447,0.07519473618929245
23.6,0.42,1.3979223236488565,0.00037445174250622185,0.1292770385479606,0.07640246259215294
23.8,0.42,1.3987063285802235,0.0003685994329391158,0.1273929208448361,0.07761291387184319
24.0,0.42,1.3994778635168101,0.0003628422060098052,0.1255202286893924,0.07882598465895146
24.200000000000003,0.42,1.4002371438859857,0.0003571784319166389,0.12365877476056991,0.08004157203595906
24.400000000000002,0.42,1.4009843807335043,0.00035160650561061606,0.12180837454584975,0.08125957545158558
24.6,0.42,1.401719780827858,0.00034612484706492505,0.11996884628894879,0.08247989663883114
24.8,0.42,1.4024435467627316,0.0003407319015270068,0.11814001093894527,0.08370243953699671
25.0,0.42,1.4031558770575896,0.0003354261397459675,0.11632169210076883,0.08492711021790682
25.200000000000003,0.42,1.403856966256406,0.0003302060581668066,0.11451371598697871,0.08615381681650255
25.400000000000002,0.42,1.4045470050245341,0.00032507017908451317,0.1127159113707826,0.08738246946591338
25.6,0.42,1.4052261802437025,0.00032001705075235216,0.11092810954023781,0.08861298023705953
25.8,0.42,1.4058946751051036,0.00031504524744143433,0.1091501442535847,0.08984526308278169
26.0,0.42,1.4065526692005617,0.0003101533694468081,0.10738185169569488,0.09107923378643878
26.200000000000003,0.42,1.4072003386117176,0.0003053400430373306,0.10562307043557959,0.09231480991486875
26.400000000000002,0.42,1.4078378559972122,0.00030060392035059617,0.10387364138492595,0.09355191077555802
26.6,0.42,1.4084653906778115,0.0002959436792305365,0.10213340775764412,0.09479045737782572
26.8,0.42,1.409083108719448,0.0002913580230097594,0.1004022150303887,0.09603037239779082
27.0,0.42,1.4096911730141124,0.0002868456802387151,0.09867991090402482,0.09727158014686095
27.200000000000003,0.42,1.4102897433586117,0.00028240540436195034,0.09696634526602009,0.09851400654345333
27.400000000000002,0.42,1.4108789765311025,0.0002780359733480801,0.09526137015373815,0.0997575790876399
27.6,0.42,1.4114590263654343,0.00027373618927458283,0.09356483971858565,0.10100222683839204
27.8,0.42,1.4120300438232556,0.0002695048778725182,0.0918766101910217,0.102247880393091
28.0,0.42,1.4125921770638876,0.000265340888036714,0.09019653984636976,0.10349447186896471
28.200000000000003,0.42,1.413145571511963,0.0002612430913052297,0.08852448897141223,0.10474193488611268
28.400000000000002,0.42,1.4136903699228498,0.0002572103813145644,0.08686031983174225,0.10599020455178369
28.6,0.42,1.4142267124458754,0.00025324167323471843,0.08520389663984772,0.10723921744557981
28.8,0.42,1.4147547366853754,0.00024933590318983255,0.083555085523858,0.10848891160527277
29.0,0.42,1.4152745777596176,0.0002454920276715586,0.08191375449698116,0.10973922651293515
29.200000000000003,0.42,1.4157863683576288,0.00024170902294711114,0.08027977342751183,0.11099010308110539
29.400000000000002,0.42,1.4162902387940024,0.00023798588446993977,0.078653014009483,0.11224148363872945
29.6,0.42,1.4167863170617214,0.0002343216262944563,0.07703334973377546,0.11349331191664329
29.8,0.42,1.4172747288830905,0.00023071528050386914,0.07542065585985981,0.11474553303238759
30.0,0.42,1.417755597758819,0.00022716589664892144,0.07381480938780978,0.11599809347417178
30.200000000000003,0.42,1.4182290450153807,0.00022367254120852074,0.0722156890310374,0.11725094108383276
30.400000000000002,0.42,1.4186951898506428,0.00022023429706437227,0.07062317518899346,0.11850402503866182
30.6,0.42,1.419154149378004,0.00021685026300962052,0.06903714992082684,0.11975729583200355
30.8,0.42,1.4196060386688791,0.00021351955326717522,0.06745749691848339,0.12101070525255558
31.0,0.42,1.4200509707939795,0.00021024129705599984,0.06588410148135465,0.12226420636233191
31.200000000000003,0.42,1.4204890568629636,0.00020701463815620702,0.0643168504893134,0.1235177534732725
31.400000000000002,0.42,1.420920406063268,0.00020383873454551255,0.06275563237866175,0.12477130212251693
31.6,0.42,1.4213451256971616,0.0002007127580006906,0.061200337114345915,0.12602480904637334
31.8,0.42,1.4217633212186098,0.00019763589382128547,0.059650856167970695,0.12727823215305134
32.0,0.42,1.4221750962678463,0.0001946073404445382,0.05810708248776166,0.1285315304942282
32.2,0.42,1.4225805527068827,0.0001916263092851996,0.05656891048044634,0.1297846642355681
32.4,0.42,1.4229797906514645,0.00018869202431448303,0.055036235976103895,0.13103759462628004
32.6,0.42,1.4233729085061244,0.000185803722076806,0.05350895621781343,0.13229028396789214
32.800000000000004,0.42,1.423760002992877,0.00018296065113051859,0.05198696981553052,0.1335426955823177
33.0,0.42,1.424141169187375,0.00018016207237420685,0.0504701767517833,0.13479479377946002
33.2,0.42,1.4245165005426632,0.00017740725813758588,0.04895847831244095,0.1360465438243783
33.4,0.42,1.4248860889293653,0.00017469549310389015,0.047451777125860246,0.1372979119043727
33.6,0.42,1.4252500246507256,0.0001720260726176874,0.045949977045263365,0.1385488650958709
33.800000000000004,0.42,1.4256083964926998,0.0001693983048070328,0.044452983257808554,0.13979937133168777
34.0,0.42,1.4259612917221396,0.00016681150721080761,0.042960702065750755,0.14104939936823024
34.2,0.42,1.426308796158854,0.0001642650113789839,0.04147304114178353,0.1422989187536572
34.4,0.42,1.426650994139756,0.00016175815594962015,0.039989909098532964,0.14354789979590796
34.6,0.42,1.4269879686379436,0.00015929029640941663,0.03851121604992771,0.144796313532535
34.800000000000004,0.42,1.427319801156736,0.0001568607907214322,0.03703687273792882,0.14604413169987415
35.0,0.42,1.4276465719480655,0.0001544690198699644,0.035566791734249995,0.14729132670543782
35.2,0.42,1.4279683597608612,0.00015211435788191718,0.03410088564071752,0.14853787159819096
35.4,0.42,1.428285242268054,0.0001497962149426494,0.03263906963107123,0.14978374004469136
35.6,0.42,1.4285972955112118,0.00014751397474262737,0.03118125771252915,0.1510289062997663
35.800000000000004,0.42,1.4289045947648749,0.0001452670848447546,0.029727368072778475,0.15227334518829952
36.0,0.42,1.4292072133464602,0.00014305492561505047,0.0282773152826412,0.1535170320742947
36.2,0.42,1.4295052243967385,0.0001408769994918961,0.02683102151671984,0.1547599428518041
36.4,0.42,1.429798698361707,0.00013873265666853644,0.025388400256183746,0.15600205390774735
36.6,0.42,1.430087706692199,0.00013662149101962564,0.023949379812316266,0.15724334212889068
36.800000000000004,0.42,1.4303723165429714,0.00013454276620022265,0.02251386922296794,0.15848378484843545
37.0,0.42,1.4306525984959788,0.00013249623993046998,0.021081807560505896,0.15972335988282513
37.2,0.42,1.4309286154043412,0.00013048096869453137,0.019653092500610987,0.16096204544123716
37.4,0.42,1.4312004385902237,0.00012849698738036684,0.018227683758738605,0.16219982021683263
37.6,0.42,1.4314681241668612,0.00012654288452546318,0.016805453218170025,0.16343666321893074
37.800000000000004,0.42,1.4317317474948008,0.00012461888160443727,0.015386402757357101,0.1646725539333229
38.0,0.42,1.4319913508537225,0.0001227226271468451,0.013970347695178938,0.16590747203915798
38.2,0.42,1.4322470215167502,0.00012085149971291597,0.01255738351122943,0.16714139733296057
38.400000000000006,0.42,1.4324987564117742,0.00011900309485514563,0.011147196395114162,0.16837430979216303
38.6,0.42,1.4327466874959554,0.00011714029048988297,0.009740140065683805,0.1696061854925446
38.800000000000004,0.42,1.432990551095105,0.00011528919628125136,0.008335524848322815,0.17083700395658818
39.0,0.42,1.4332307970807507,0.00011307520407018223,0.006934835860545773,0.17206670190513432
39.2,0.42,1.4334650602585388,0.00011093613929645711,0.005535452850916103,0.17329526658782543
39.400000000000006,0.42,1.433697015551277,0.00010509099253636057,0.004146870644903968,0.174522251856422
39.6,0.42,1.433904521226508,0.00010111249198432427,0.0027502918047691027,0.17574783086842707
39.800000000000004,0.42,1.434126590039629,5.509263991912887e-05,0.0014282996177280719,0.17696299330720636
40.0,0.42,1.434126590039629,0.0,0.0,0.17696299330720636
0.0,0.44,1.0,0.0,0.6278599634104274,0.0
0.2,0.44,1.0210825954474485,0.006466877498910766,0.6278599634104274,7.840113871216435e-10
0.4,0.44,1.04284632400004,0.005329570641496156,0.5850223121628031,5.4449762138555035e-09
0.6000000000000001,0.44,1.0587433635251964,0.005172082184305816,0.5827878216187864,2.3581839056865974e-08
0.8,0.44,1.0758952233110695,0.00407511093251762,0.5517753487848115,7.225875409708962e-08
1.0,0.44,1.0869723036199836,0.0035309624205474054,0.5462367233896345,1.8329151381662945e-07
1.2000000000000002,0.44,1.0986715829010145,0.0030214769504084502,0.5281214746193289,4.0496562118041283e-07
1.4000000000000001,0.44,1.1075442476922233,0.0027233498266891307,0.520933288032787,8.119582194331224e-07
1.6,0.44,1.1165145096159297,0.0024740587722797257,0.5089157844183086,1.507353865793579e-06
1.8,0.44,1.124204280786245,0.002304508639394846,0.5013545169483835,2.6330195037982453e-06
2.0,0.44,1.1317554450256033,0.002157891919116099,0.49210904084344737,4.370720879718067e-06
2.2,0.44,1.1386523495979304,0.002045583340227181,0.4847603765545166,6.9510669262129914e-06
2.4000000000000004,0.44,1.1453424765025122,0.0019455944096879547,0.47692563856229797,1.0652830186112298e-05
2.6,0.44,1.1516430036425933,0.0018628767791379899,0.46997678243487817,1.5808949089778714e-05
2.8000000000000003,0.44,1.1577369137483593,0.0017881886352176229,0.4629768227829712,2.2803676003100812e-05
3.0,0.44,1.1635652996360217,0.0017234251257187364,0.45644822021369874,3.207492093039754e-05
3.2,0.44,1.1692081892589643,0.0016644292256237263,0.4500143520443541,4.4109349007697106e-05
3.4000000000000004,0.44,1.1746512645859464,0.0016117345859322201,0.44387100153233433,5.944123728987454e-05
3.6,0.44,1.1799328603380221,0.0015633430694526472,0.4378617869396364,7.86460145424704e-05
3.8000000000000003,0.44,1.185053738075083,0.0015192557195761141,0.4320570059925085,0.00010233642915252606
4.0,0.44,1.1900343993029467,0.0014784386920042615,0.42638841799322386,0.00013115522235511415
4.2,0.44,1.1948799595990165,0.0014407219455459196,0.42087848975403286,0.00016576966378478416
4.4,0.44,1.1996027176984523,0.0014055250494624237,0.4154951116167317,0.00020686407509281244
4.6000000000000005,0.44,1.204208416278421,0.0013726486243851959,0.41024292573671106,0.0002551337498907992
4.800000000000001,0.44,1.2087052225825834,0.0013417386305268908,0.40510515401108177,0.00031127793951219736
5.0,0.44,1.213098344509615,0.0013126146880953606,0.4000801629219149,0.0003759939637810953
5.2,0.44,1.2173936479244596,0.001285044124454806,0.3951580248090849,0.00044997109523593504
5.4,0.44,1.2215955528667761,0.0012588773936624406,0.3903352138921515,0.0005338854002354324
5.6000000000000005,0.44,1.2257085140625068,0.0012339521883544013,0.3856051013587001,0.0006283947685095694
5.800000000000001,0.44,1.2297362081005043,0.001210148800822357,0.3809638760651212,0.0007341347748814733
6.0,0.44,1.2336821535539169,0.0011873489982422154,0.37640666197063016,0.0008517149354876437
6.2,0.44,1.2375494056868928,0.0011654582967340784,0.37192990368193496,0.0009817156842757769
6.4,0.44,1.2413408254445735,0.0011443880089240157,0.3675297657712604,0.0011246858132808947
6.6000000000000005,0.44,1.2450589722100902,0.0011240639292893165,0.3632030901931727,0.0012811405230640184
6.800000000000001,0.44,1.2487062267549687,0.0011044182667302557,0.35894672757901475,0.001451559924358171
7.0,0.44,1.2522847597776798,0.00108539280952945,0.3547579170618987,0.0016363880408326438
7.2,0.44,1.2557965923622165,0.0010669351305425383,0.35063400109379655,0.0018360322070217227
7.4,0.44,1.2592435922173606,0.0010489995552202384,0.34657257203526387,0.0020508628627403797
7.6000000000000005,0.44,1.2626275062149206,0.0010315452534540351,0.34257134639981407,0.0022812136682267142
7.800000000000001,0.44,1.2659499656780253,0.001014536369280387,0.33862821786626474,0.0025273819195194705
8.0,0.44,1.269212505639604,0.0009979409748578957,0.3347411987916156,0.002789629207132611
8.200000000000001,0.44,1.2724165721711713,0.0009817309095115398,0.3309084362712472,0.003068182290178293
8.4,0.44,1.275563534784223,0.000965881148759603,0.32712818270819255,0.0033632341421372283
8.6,0.44,1.278654693353923,0.0009503695673426577,0.3233987977975798,0.003674945140480207
8.8,0.44,1.2816912866319052,0.0009351765229951559,0.3197187321255605,0.004003444366418415
9.0,0.44,1.2846744980665827,0.0009202846226689064,0.3160865242302293,0.004348830990445988
9.200000000000001,0.44,1.2876054619005823,0.0009056784275447644,0.31250079039112827,0.004711175718064007
9.4,0.44,1.2904852678244323,0.0008913442477076448,0.3089602203487543,0.005090522275964698
9.600000000000001,0.44,1.2933149654555482,0.0008772699221717725,0.30546357028596555,0.005486888919619422
9.8,0.44,1.2960955679655908,0.0008634446467396398,0.3020096585414982,0.005900269947114383
10.0,0.44,1.2988280554133003,0.0008498588045513074,0.29859736041130264,0.006330637205368603
10.200000000000001,0.44,1.3015133775289949,0.0008365038248517272,0.295225604297968,0.006777941577546379
10.4,0.44,1.304152456206157,0.0008233720501116578,0.2918933676631286,0.007242114441818846
10.600000000000001,0.44,1.3067461876156803,0.0008104566216559069,0.2885996737097276,0.007723069093523066
10.8,0.44,1.3092954440679856,0.0007977513748157463,0.28534358813005883,0.008220702123963586
11.0,0.44,1.3118010756046334,0.0007852507474065374,0.2821242162932081,0.008734894750492782
11.200000000000001,0.44,1.3142639113867445,0.0007729496972678397,0.2789407005798502,0.009265514093527431
11.4,0.44,1.3166847608860555,0.0007608436300590713,0.27579221800937426,0.009812414397230684
11.600000000000001,0.44,1.3190644149188357,0.0007489283351093078,0.27267797802592864,0.010375438191456195
11.8,0.44,1.3214036465358914,0.0007371999294559803,0.2695972204948337,0.010954417393410007
12.0,0.44,1.3237032117951024,0.0007256548087769473,0.26654921384464947,0.011549174348218795
12.200000000000001,0.44,1.3259638504304918,0.0007142896049331867,0.2635332533689536,0.012159522808288048
12.4,0.44,1.3281862864363747,0.0007031011492438518,0.26054865965370505,0.01278526885193483
12.600000000000001,0.44,1.3303712285789198,0.0006920864410607471,0.25759477713003054,0.013426211742325063
12.8,0.44,1.332519370848512,0.0006812426209798903,0.25467097273258293,0.014082144728208165
13.0,0.44,1.3346313928628675,0.000670566948233493,0.25177663465852873,0.014752855788339406
13.200000000000001,0.44,1.3367079602305858,0.0006600567817301952,0.24891117121444334,0.015438128321801997
13.4,0.44,1.338749724882718,0.0006497095643238755,0.2460740097451601,0.01613774178669676
13.600000000000001,0.44,1.3407573253792393,0.0006395228098782885,0.24326459563575276,0.016851472289855902
13.8,0.44,1.3427313871959186,0.0006294940927656402,0.24048239138104893,0.01757909313036774
14.0,0.44,1.344672522996368,0.000619621039452279,0.2377268757162187,0.01832037529977543
14.200000000000001,0.44,1.346581332893028,0.000609901321870777,0.2349975428036336,0.019075087941842515
14.4,0.44,1.3484584047002746,0.000600332652304445,0.23229390147107512,0.019842998774768694
14.600000000000001,0.44,1.350304314182067,0.0005909127795414297,0.229615474497337,0.020623874478696163
14.8,0.44,1.3521196252960872,0.000581639486081249,0.22696179794139704,0.021417481051277894
15.0,0.44,1.3539048904357935,0.0005725105862016293,0.22433242051193578,0.022223584133987444
15.200000000000001,0.44,1.3556606506713829,0.0005635239247145525,0.22172690297420306,0.02304194931174134
15.4,0.44,1.3573874359903513,0.0005546773762616239,0.21914481759159987,0.02387234238828107
15.600000000000001,0.44,1.359085765537971,0.0005459688450134398,0.2165857475996133,0.024714529639626077
15.8,0.44,1.3607561478577777,0.0005373962646588555,0.2140492867099495,0.025568278047762325
16.0,0.44,1.36239908113194,0.0005289575985823052,0.21153503864295942,0.026433355516574907
16.2,0.44,1.3640150534212074,0.0005206508401434844,0.20904261668659724,0.027309531071869064
16.400000000000002,0.44,1.3656045429039798,0.0005124740129876695,0.20657164328033148,0.0281965750471522
16.6,0.44,1.3671680181139603,0.0005044251713285644,0.2041217496225709,0.02909425925667284
16.8,0.44,1.3687059381757845,0.000496502400156012,0.20169257530026088,0.030002357157031884
17.0,0.44,1.3702187530379415,0.0004887038153361455,0.19928376793943026,0.0309206439985
17.2,0.44,1.3717069037023566,0.00048102756357937775,0.1968949828755413,0.03184889696699449
17.400000000000002,0.44,1.3731708224499386,0.00047347182226219143,0.1945258828425878,0.03278689531749392
17.6,0.44,1.3746109330615082,0.0004660347990977576,0.19217613767993064,0.03373442049949985
17.8,0.44,1.376027651033502,0.00045871473165729333,0.1898454240559169,0.03469125627499877
18.0,0.44,1.3774213837879585,0.00045150988674976243,0.18753342520739655,0.03565718882923298
18.2,0.44,1.3787925308763396,0.0004444185596723362,0.18523983069426989,0.036632006874461484
18.400000000000002,0.44,1.380141484176841,0.000437439073348502,0.18296433616824223,0.03761550174678292
18.6,0.44,1.381468628084896,0.00043056977737247044,0.1807066431550026,0.03860746749600203
18.8,0.44,1.3827743396966992,0.0004238090469798188,0.1784664588490701,0.03960770096845137
19.0,0.44,1.3840589889856354,0.00041715528196449694,0.17624349592056449,0.0406160018826301
19.200000000000003,0.44,1.3853229389715656,0.00041060690556496816,0.1740374723332199,0.04163217289749237
19.400000000000002,0.44,1.3865665458830378,0.0004041623633372155,0.17184811117294685,0.04265601967320499
19.6,0.44,1.3877901593125117,0.0003978201220359945,0.1696751404863016,0.04368735092420121
19.8,0.44,1.388994122364775,0.00039157866851973703,0.1675182931282428,0.04472597846437685
20.0,0.44,1.3901787717987741,0.0003854365086954508,0.16537730661855612,0.04577171724430888
20.200000000000003,0.44,1.3913444381631273,0.0003793921665196554,0.1632519230064064,0.04682438538042056
20.400000000000002,0.44,1.392491445925633,0.00037344418306544584,0.16114188874243646,0.04788380417606926
20.6,0.44,1.393620113597107,0.00036759111566588216,0.15904695455790954,0.04894979813459229
20.8,0.44,1.394730753849919,0.00036183153714361394,0.1569668753503897,0.05002219496440666
21.0,0.44,1.3958236736316083,0.00035616403513110854,0.15490141007549219,0.051100825576324435
21.200000000000003,0.44,1.396899174273967,0.0003505872114873583,0.15285032164426526,0.052185524073308516
21.400000000000002,0.44,1.397957551598001,0.0003450996818131687,0.15081337682577015,0.05327612773295725
21.6,0.44,1.3989990960151555,0.0003397000750653848,0.1487903461544681,0.05437247698306641
21.8,0.44,1.400024092625195,0.00033438703326956116,0.14678100384205173,0.05547441537067348
22.0,0.44,1.4010328213111205,0.0003291592113278722,0.1447851276933707,0.056581789525041205
22.200000000000003,0.44,1.402025556831496,0.0003240152769194197,0.14280249902612238,0.05769444911508357
22.400000000000002,0.44,1.4030025689105032,0.0003189539104866755,0.1408329025940232,0.058812246801776984
22.6,0.44,1.4039641223260684,0.00031397380530083166,0.1388761265131818,0.05993503818613294
22.8,0.44,1.4049104769963403,0.00030907366760038495,0.13693196219141615,0.06106268175333453
23.0,0.44,1.4058418880647932,0.00030425221679373745,0.13500020426028703,0.0621950388136568
23.200000000000003,0.44,1.4067586059841786,0.00029950818571545704,0.13308065050963763,0.06333197344080205
23.400000000000002,0.44,1.40766087659954,0.00029484032092914355,0.13117310182444417,0.06447335240828277
23.6,0.44,1.4085489412304557,0.0002902473830656163,0.12927736212381372,0.06561904512448044
23.8,0.44,1.409423036752651,0.00028572814718695366,0.12739323830197877,0.06676892356699325
24.0,0.44,1.4102833956790883,0.0002812814031676623,0.1255205401711137,0.06792286221686569
24.200000000000003,0.44,1.411130246240622,0.0002769059560829114,0.1236590804058957,0.0690807379932647
24.400000000000002,0.44,1.4119638124662515,0.000272600626594223,0.12180867448968342,0.07024243018912978
24.6,0.44,1.4127843142630172,0.0002683642513266499,0.1199691406622056,0.07140782040828539
24.8,0.44,1.4135919674955237,0.0002641956832273813,0.11814029986868262,0.07257679250445619
25.0,0.44,1.4143869840650736,0.000260093791899671,0.11632197571031247,0.07374923252257402
25.200000000000003,0.44,1.4151695719883806,0.00025605746390706794,0.11451399439604541,0.07492502864271189
25.400000000000002,0.44,1.4159399354757805,0.00025208560304099467,0.11271618469559844,0.07610407112692301
25.6,0.44,1.4166982750088948,0.0002481771305482437,0.11092837789365366,0.0772862522692042
25.8,0.44,1.4174447874176377,0.000244330985315159,0.10915040774518872,0.07847146634874433
26.0,0.44,1.4181796659564998,0.00024054612400544435,0.10738211043192063,0.07965960958656079
26.200000000000003,0.44,1.418903100379989,0.00023682152114945618,0.10562332451981271,0.08085058010556945
26.400000000000002,0.44,1.4196152770171382,0.00023315616918519685,0.10387389091760665,0.08204427789408107
26.6,0.44,1.420316378844979,0.00022954907845004118,0.10213365283636788,0.083240604772664
26.8,0.44,1.4210065855608662,0.00022599927712416756,0.1004024557500037,0.0844394643642674
27.0,0.44,1.421686073653576,0.00022250581112767735,0.09868014735672628,0.08564076206745547
27.200000000000003,0.44,1.4223550164730656,0.00021906774397110397,0.09696657754144279,0.08684440503256519
27.400000000000002,0.44,1.4230135842988139,0.0002156841565657137,0.09526159833904518,0.08805030214056637
27.6,0.44,1.423661944406671,0.00021235414699252259,0.09356506389855537,0.08925836398437545
27.8,0.44,1.4243002611341389,0.00020907683023600957,0.09187683044813198,0.09046850285234997
28.0,0.44,1.4249286959440253,0.00020585133788640557,0.09019675626087868,0.0916806327136755
28.200000000000003,0.44,1.4255474074864236,0.00020267681781224075,0.08852470162143697,0.09289466920534128
28.400000000000002,0.44,1.426156551658987,0.00019955243381042422,0.08686052879333468,0.09411052962039583
28.6,0.44,1.4267562816654697,0.00019647736523621722,0.0852041019870678,0.09532813289717018
28.8,0.44,1.427346748072505,0.00019345080661697697,0.08355528732884472,0.09654739960915724
29.0,0.44,1.4279280988646466,0.00019047196725665514,0.08191395283001938,0.09776825195524544
29.200000000000003,0.44,1.4285004794976637,0.00018754007083229075,0.08027996835709782,0.09899061375001139
29.400000000000002,0.44,1.429064032950122,0.00018465435498849414,0.07865320560238707,0.10021441041379352
29.6,0.44,1.429618899773258,0.0001818140709319468,0.07703353805510159,0.10143956896228425
29.8,0.44,1.430165218139226,0.00017901848303208666,0.0754208409731031,0.10266601799540048
30.0,0.44,1.430703123887715,0.0001762668684277695,0.0738149913549108,0.10389368768521452
30.200000000000003,0.44,1.4312327505710616,0.0001735585166481586,0.07221586791243473,0.10512250976275259
30.400000000000002,0.44,1.431754229497812,0.00017089272924107537,0.07062335104367343,0.10635241750349714
30.6,0.44,1.43226768977496,0.00016826881942577716,0.06903732280637057,0.10758334571145566
30.8,0.44,1.4327732583487158,0.00016568611175114112,0.0674576668911123,0.10881523070168873
31.0,0.44,1.4332710600441816,0.0001631439417884504,0.06588426859597278,0.11004801028122166
31.200000000000003,0.44,1.433761217603561,0.0001606416558222885,0.06431701479954965,0.11128162372829078
31.400000000000002,0.44,1.4342438517236675,0.00015817861059361083,0.0627557939369056,0.11251601176990855
31.6,0.44,1.434719081091782,0.00015575417301634778,0.0612004959717894,0.11375111655775494
31.8,0.44,1.4351870224214307,0.00015336771998483232,0.05965101237463571,0.11498688164243909
32.0,0.44,1.4356477904860026,0.00015101863809896933,0.05810723609254372,0.11622325194618613
32.2,0.44,1.4361014981533917,0.00014870632355799918,0.05656906153113199,0.11746017373405018
32.4,0.44,1.436548256417222,0.00014643018185820928,0.055036384519421166,0.11869759458374433
32.6,0.44,1.436988174431247,0.00014418962781889352,0.053509102299430907,0.11993546335424267
32.800000000000004,0.44,1.437421359537544,0.00014198408517571536,0.051987113480128126,0.12117373015326391
33.0,0.44,1.437847917302209,0.0001398129868388624,0.05047031804301559,0.12241234630384902
33.2,0.44,1.438267951538855,0.00013767577422360826,0.04895861727305397,0.12365126431012852
33.4,0.44,1.4386815643485051,0.00013557189795550912,0.047451913797582464,0.12489043782256944
33.6,0.44,1.4390888561346662,0.00013350081661300388,0.04595011146902201,0.1261298216027307
33.800000000000004,0.44,1.4394899256532223,0.00013146199833324418,0.044453115473472526,0.12736937148794508
34.0,0.44,1.4398848700110227,0.0001294549182921555,0.0429608321125572,0.1286090443557859
34.2,0.44,1.4402737847377316,0.00012747906217082543,0.04147316905777257,0.12984879808898928
34.4,0.44,1.4406567637509062,0.00012553392096989097,0.03999003492141673,0.1310885915403189
34.6,0.44,1.4410338994745846,0.00012361899834879134,0.038511339815882346,0.13232838449855902
34.800000000000004,0.44,1.4414052827351578,0.00012173379984754374,0.037036994483390824,0.13356813765434714
35.0,0.44,1.441771002978436,0.00011987784832177028,0.035566911493363135,0.13480781256811467
35.2,0.44,1.4421311480215229,0.00011805066144658351,0.03410100344907477,0.13604737163723057
35.4,0.44,1.4424858044765592,0.00011625178409641529,0.0326391855203427,0.13728677806689585
35.6,0.44,1.4428350572020663,0.00011448074131725693,0.031181371718283234,0.13852599583851868
35.800000000000004,0.44,1.443178990159756,0.00011273710617925255,0.029727480223205153,0.1397649896849173
36.0,0.44,1.4435176852377039,0.00011102040138416628,0.028277425614921022,0.14100372505905515
36.2,0.44,1.4438512240141426,0.00010933024136754017,0.026831130053378883,0.14224216811573467
36.4,0.44,1.4441796852661815,0.00010766612635822169,0.025388507039381086,0.14348028567828422
36.6,0.44,1.4445031486333026,0.00010602773962279838,0.023949484854334492,0.14471804523076884
36.800000000000004,0.44,1.444821689371478,0.00010441451659932467,0.022513972578007944,0.14595541487713923
37.0,0.44,1.4451353859993774,0.0001028262636794215,0.021081909221535862,0.14719236335173447
37.2,0.44,1.44544430925511,0.00010126226077467926,0.019653192549008054,0.14842885995922472
37.4,0.44,1.445748538131169,9.97225217885264e-05,0.0182277821540819,0.1496648746169626
37.6,0.44,1.4460481364193318,9.820597403722829e-05,0.016805550101783757,0.15090037775320272
37.800000000000004,0.44,1.4463431868308116,9.671276544414008e-05,0.015386498068180604,0.15213534038722312
38.0,0.44,1.4466337390243016,9.524110759548296e-05,0.013970441693650438,0.15336973396614115
38.2,0.44,1.4469198870848585,9.378896428850922e-05,0.01255747650837375,0.15460353029155444
38.400000000000006,0.44,1.447201633931764,9.23544398694932e-05,0.011147288653362949,0.15583670157745888
38.6,0.44,1.4474791168197751,9.090917646675281e-05,0.009740236357318641,0.15706921792549156
38.800000000000004,0.44,1.4477520666277233,8.947223803039429e-05,0.008335621757477924,0.15830105177451492
39.0,0.44,1.4480209331721547,8.775782414584217e-05,0.006934981810143033,0.15953214974320057
39.2,0.44,1.4482832352182962,8.60913388584579e-05,0.005535591340877961,0.16076248877449947
39.400000000000006,0.44,1.4485426444837297,8.15781380091011e-05,0.004147492720132734,0.16199178127493022
39.6,0.44,1.4487755763382164,7.841411025133328e-05,0.0027506720253519207,0.1632201064884452
39.800000000000004,0.44,1.4490220099462774,4.267057477402464e-05,0.0014341757566676226,0.16444030166964016
40.0,0.44,1.4490220099462774,0.0,0.0,0.16444030166964016
0.0,0.46,1.0,0.0,0.6273218164240199,0.0
0.2,0.46,1.0207570201978,0.004290588256582571,0.6273218164240199,2.2531615919357768e-10
0.4,0.46,1.0422415733996397,0.0035441698013055885,0.5851290444234022,1.6516145562741511e-09
0.6000000000000001,0.46,1.0581255224192483,0.0034463007900451103,0.582808226349249,7.470859131742716e-09
0.8,0.46,1.0752534222952217,0.0027165821278896636,0.5518783645372685,2.3968323709690082e-08
1.0,0.46,1.0863452352301306,0.0023544720250970584,0.5462893682269935,6.337617915855591e-08
1.2000000000000002,0.46,1.0980477719222876,0.0020145778292013088,0.5281707291535658,1.4549435180069246e-07
1.4000000000000001,0.46,1.1069239675540847,0.0018156426611888768,0.5209628863792036,3.0207989783832287e-07
1.6,0.46,1.1158935009766198,0.0016493012405847985,0.5089407255251545,5.791571921922656e-07
1.8,0.46,1.1235816023796106,0.001536179287821289,0.501371903396343,1.0423177555397053e-06
2.0,0.46,1.1311299781159243,0.001438399635546421,0.4921241929479355,1.779211977457639e-06
2.2,0.46,1.1380240850379966,0.0013635145562067032,0.4847722175066979,2.904871577722997e-06
2.4000000000000004,0.46,1.1447114612793996,0.0012968686309475133,0.4769362544828072,4.56377409954353e-06
2.6,0.46,1.1510097778564292,0.0012417490960195839,0.4699856993790274,6.9342484356745746e-06
2.8000000000000003,0.46,1.1571021171603042,0.0011919985458060337,0.4629849274873191,1.0229579415173428e-05
3.0,0.46,1.1629298809880306,0.0011488756778551543,0.45645532888979856,1.470079437095828e-05
3.2,0.46,1.1685732465675562,0.0011096115507709774,0.4500208673577234,2.063647482897618e-05
3.4000000000000004,0.46,1.1740181465286015,0.0010745604752465238,0.4438768706085842,2.8363620611729863e-05
3.6,0.46,1.1793030983880235,0.001042391622138664,0.4378672047764221,3.8246090620795535e-05
3.8000000000000003,0.46,1.1844290914264148,0.001013105184327728,0.432061971650781,5.0683626258216925e-05
4.0,0.46,1.1894168222945256,0.0009860123896746162,0.42639303289579344,6.610907775217412e-05
4.2,0.46,1.1942716166628882,0.0009609994751331142,0.4208827699911447,8.498593765655823e-05
4.4,0.46,1.1990059625832474,0.0009376793570766381,0.4154991143203391,0.00010780466942602855
4.6000000000000005,0.46,1.2036257905543926,0.0009159185260492881,0.41024667016049227,0.0001350792298829249
4.800000000000001,0.46,1.2081394374035093,0.0008954803856173538,0.405108675095884,0.00016734288572177436
5.0,0.46,1.2125522698377371,0.0008762438468887523,0.40008347828398355,0.0002051442149429192
5.2,0.46,1.2168702938221214,0.0008580529065375656,0.3951611575037242,0.00024904278753129977
5.4,0.46,1.2210980536068272,0.0008408068244432096,0.39033817868710485,0.00029960507164563955
5.6000000000000005,0.46,1.2252401085967215,0.0008243963010599356,0.3856079144607378,0.00035740029406448507
5.800000000000001,0.46,1.2293002217544442,0.0008087403568610523,0.3809665494619887,0.00042299657720290155
6.0,0.46,1.233281978317715,0.000793758970984284,0.3764092076269539,0.0004969572108667552
6.2,0.46,1.2371884813685223,0.0007793879305965197,0.3719323312414368,0.0005798372400712123
6.4,0.46,1.2410226206661703,0.0007655668952665287,0.3675320843956568,0.00067218029325448
6.6000000000000005,0.46,1.244786966334598,0.0007522451956540609,0.36320530765456066,0.0007745157455799062
6.800000000000001,0.46,1.2484838923758657,0.0007393764755811507,0.3589488510864662,0.0008873561726498485
7.0,0.46,1.2521155463020335,0.000726920810978454,0.3547599529226584,0.0010111951372093315
7.2,0.46,1.2556839105634148,0.0007148421925058645,0.3506359550996371,0.0011465052772129086
7.4,0.46,1.2591908000093741,0.0007031091774962307,0.34657444935184917,0.0012937367072624992
7.6000000000000005,0.46,1.262637895599646,0.0006916936247857704,0.3425731517577863,0.001453315706680614
7.800000000000001,0.46,1.266026750969652,0.000680570784741684,0.33862995553870096,0.0016256436890227492
8.0,0.46,1.269358812928505,0.0006697186047822105,0.3347428726958348,0.001811096428163665
8.200000000000001,0.46,1.272635430048783,0.0006591176228707961,0.33091004997761764,0.002010023526851958
8.4,0.46,1.275857866282202,0.0006487505468106571,0.3271297394992517,0.002222748104143215
8.6,0.46,1.2790273090721558,0.0006386020949052615,0.3234003006858342,0.002449566683820494
8.8,0.46,1.2821448789968155,0.0006286587164053362,0.3197201838909024,0.002690749261815853
9.0,0.46,1.285211636668379,0.0006189084327887907,0.3160879274383908,0.002946539534033882
9.200000000000001,0.46,1.28822858984232,0.0006093406377484123,0.3125021474191928,0.003217155264670509
9.4,0.46,1.291196699018544,0.0005999459564991718,0.3089615334015223,0.0035027887774360745
9.600000000000001,0.46,1.2941168827967167,0.0005907160950467425,0.3054648414143638,0.0038036075521509995
9.8,0.46,1.2969900223107615,0.0005816437211309955,0.3020108896562675,0.004119754910948685
10.0,0.46,1.299816965297744,0.0005727223468640357,0.2985985532968164,0.004451350778983163
10.200000000000001,0.46,1.3025985295495608,0.0005639462301366606,0.2952267606234016,0.0047984925059746004
10.4,0.46,1.3053355060036818,0.0005553102816226282,0.29189448899310577,0.005161255735807299
10.600000000000001,0.46,1.3080286613913341,0.0005468099841968322,0.2886007615133428,0.0055396953126093
10.8,0.46,1.3106787405706601,0.0005384413188243765,0.28534464378922464,0.005933846212673219
11.0,0.46,1.3132864685298056,0.0005302006994874121,0.28212524110991466,0.006343724492643907
11.200000000000001,0.46,1.3158525521303934,0.000522084914336692,0.27894169578278344,0.006769328245316855
11.4,0.46,1.3183776816008583,0.00051409107388395,0.27579318475975956,0.007210638555358133
11.600000000000001,0.46,1.3208625318234066,0.0005062165647839123,0.2726789174228204,0.00766762044814165
11.8,0.46,1.3233077634315882,0.000498459009305074,0.26959813357982726,0.008140223825790688
12.0,0.46,1.3257140237485536,0.0004908162296317468,0.2665501016061377,0.008628384385345026
12.200000000000001,0.46,1.3280819475837,0.0004832862168105479,0.26353411674594107,0.00913202451478848
12.4,0.46,1.3304121579097692,0.00047586710375346056,0.26054949953925444,0.009651054163431443
12.600000000000001,0.46,1.3327052664361922,0.00046855714200456347,0.2575955943743695,0.01018537168386128
12.8,0.46,1.3349618740953482,0.0004613546818202749,0.25467176814591475,0.010734864643332
13.0,0.46,1.3371825714548224,0.00045425815525109163,0.25177740901357826,0.011299410603067873
13.200000000000001,0.46,1.3393679390682667,0.0004472660618579051,0.24891192524877265,0.011878877864493985
13.4,0.46,1.3415185477752083,0.0004403769567719101,0.2460747441632739,0.012473126181883709
13.600000000000001,0.46,1.3436349589592327,0.0004335894407978546,0.24326531111102387,0.013082007441326
13.8,0.46,1.3457177247723864,0.00042690215230598765,0.24048308855747813,0.013705366306268625
14.0,0.46,1.3477673883327448,0.0004203137606696753,0.2377275552100552,0.01434304083019021
14.200000000000001,0.46,1.3497844839008868,0.000413822961036068,0.23499820520486467,0.014994863037198306
14.4,0.46,1.3517695370402278,0.0004074284702348213,0.23229454734480448,0.015660659471549297
14.600000000000001,0.46,1.3537230647652994,0.0004011290236511826,0.2296161043850623,0.0163402517172426
14.8,0.46,1.3556455756813508,0.0003949233729085486,0.22696241236219852,0.01703345688896256
15.0,0.46,1.357537570118023,0.0003888102842217989,0.2243330199635854,0.017740088095730935
15.200000000000001,0.46,1.3593995402592685,0.00038278853729671163,0.22172748793420197,0.018459954878692935
15.4,0.46,1.3612319702712221,0.000376856924665444,0.21914538851815235,0.019192863624496626
15.600000000000001,0.46,1.363035336429258,0.00037101425136181794,0.21658630493254413,0.019938617955737318
15.8,0.46,1.364810107245112,0.00036525933484856944,0.21404983087156831,0.020697019099929857
16.0,0.46,1.3665567435946278,0.00035959100512215295,0.21153557003887893,0.021467866238442598
16.2,0.46,1.368275698846374,0.0003540081049312721,0.20904313570650848,0.022250956836778083
16.400000000000002,0.46,1.3699674189911923,0.00034850949005307694,0.2065721502987389,0.023046086957518825
16.6,0.46,1.3716323427725017,0.000343094029582811,0.20412224499949178,0.023853051557173658
16.8,0.46,1.3732709018170715,0.0003377606061997502,0.20169305938189047,0.02467164476806254
17.0,0.46,1.374883520765829,0.00033250811638111695,0.19928424105877554,0.025501660166267932
17.2,0.46,1.3764706174042503,0.0003273354705445086,0.19689544535302472,0.02634289102656213
17.400000000000002,0.46,1.37803260279175,0.00032224159310532475,0.1945263349866218,0.02719513056509588
17.6,0.46,1.379569881389571,0.00031722542244056075,0.19217657978746705,0.028058172170505876
17.8,0.46,1.3810828511865985,0.0003122859107594443,0.1898458564129697,0.02893180962397438
18.0,0.46,1.3825719038226179,0.00030742202388242925,0.18753384808953844,0.029815837308652865
18.2,0.46,1.3840374247085236,0.00030263274093405944,0.185240244367108,0.03071005040875
18.400000000000002,0.46,1.3854797931430922,0.00029791705396080704,0.1829647408878689,0.03161424509848264
18.6,0.46,1.386899382425959,0.0002932739674833221,0.18070703916842487,0.032528218721000715
18.8,0.46,1.3882965599665524,0.00028870249799622407,0.17846684639461707,0.03345176995732425
19.0,0.46,1.389671687388757,0.00028420167342862833,0.17624387522827512,0.03438469898527354
19.200000000000003,0.46,1.3910251206311979,0.0002797705325782758,0.1740378436252115,0.0353268076283333
19.400000000000002,0.46,1.3923572100430892,0.00027540812453242104,0.17184847466376194,0.03627789949436751
19.6,0.46,1.393668300475651,0.00027111350808889584,0.1696754963832405,0.03723778010409242
19.8,0.46,1.3949587313691774,0.00026688575118741394,0.16751864163167407,0.038206257009221166
20.0,0.46,1.3962288368358762,0.00026272393036224425,0.16537764792221468,0.039183139900211335
20.200000000000003,0.46,1.3974789457386592,0.00025862713022707797,0.1632522572976716,0.040168240703576226
20.400000000000002,0.46,1.3987093817661143,0.0002545944429989177,0.1611422162025987,0.04116137366875946
20.6,0.46,1.3999204635039115,0.0002506249680684979,0.1590472753624185,0.04216235544461845
20.8,0.46,1.401112504502933,0.0002467178116229148,0.15696718966909226,0.04317100514561362
21.0,0.46,1.4022858133444365,0.0002428720863256968,0.1549017180728543,0.04418714440785706
21.200000000000003,0.46,1.40344069370258,0.00023908691105614243,0.1528506234795847,0.04521059743523121
21.400000000000002,0.46,1.4045774444046606,0.00023536141071140614,0.1508136726533737,0.04624119103584777
21.6,0.46,1.4056963594893868,0.00023169471607177843,0.14879063612390217,0.04727875464917634
21.8,0.46,1.4067977282635438,0.00022808596372779746,0.1467812880982592,0.04832312036422791
22.0,0.46,1.4078818353573854,0.00022453429606849942,0.14478540637686024,0.04937412292923491
22.200000000000003,0.46,1.408948960779061,0.00022103886132888247,0.1428027722731288,0.05043159975331921
22.400000000000002,0.46,1.409999379968404,0.00021759881369290515,0.14083317053665792,0.05149539090068636
22.6,0.46,1.4110333638503485,0.00021421331344596825,0.13887638927957827,0.05256533907792666
22.8,0.46,1.4120511788882502,0.00021088152717506782,0.1369322199058663,0.053641289615037974
23.0,0.46,1.4130530871373341,0.0002076026280095293,0.1350004570433709,0.05472309044081471
23.200000000000003,0.46,1.4140393462984873,0.00020437579589523917,0.13308089847834975,0.055810592053269284
23.400000000000002,0.46,1.415010209772557,0.00020120021789848936,0.1311733450923104,0.056903647485765534
23.6,0.46,1.4159659267153077,0.00019807508853123638,0.1292776008010062,0.05800211226955112
23.8,0.46,1.4169067420931463,0.0001949996100915778,0.12739347249542568,0.05910584439337237
24.0,0.46,1.4178328967396774,0.00019197299301363706,0.1255207699846031,0.06021470426084593
24.200000000000003,0.46,1.418744627413175,0.00018899445621967619,0.123659305940177,0.06132855464624283
24.400000000000002,0.46,1.419642166854938,0.0001860632274688597,0.12180889584256509,0.06244726064931452
24.6,0.46,1.4205257438485592,0.00018317854369732397,0.11996935792864911,0.06357068964975743
24.8,0.46,1.4213955832800522,0.00018033965134344967,0.11814051314089342,0.06469871126187203
25.0,0.46,1.4222519061987802,0.00017754580665396474,0.11632218507782856,0.06583119728992769
25.200000000000003,0.46,1.4230949298791014,0.00017479627596761726,0.11451419994582256,0.06696802168469188
25.400000000000002,0.46,1.4239248678826417,0.0001720903359714601,0.11271638651209351,0.06810906050152973
25.6,0.46,1.4247419301210609,0.00016942727392683688,0.11092857605890587,0.06925419186041987
25.8,0.46,1.4255463229192096,0.00016680638786415093,0.10915060233889749,0.07040329590817462
26.0,0.46,1.4263382490785097,0.00016422698674314285,0.1073823015315228,0.07155625478308991
26.200000000000003,0.46,1.4271179079404404,0.00016168839057737285,0.10562351220055692,0.07271295258219265
26.400000000000002,0.46,1.427885495449964,0.0001591899305233663,0.1038740752526258,0.07387327533119024
26.6,0.46,1.4286412042187477,0.0001567309489337,0.10213383389674957,0.07503711095717307
26.8,0.46,1.4293852235880313,0.00015431079937450458,0.10040263360485989,0.07620434926406412
27.0,0.46,1.430117739690996,0.0001519288466084541,0.09868032207325966,0.07737488191075878
27.200000000000003,0.46,1.4308389355144937,0.0001495844665440541,0.0969667491850119,0.0785486023918522
27.400000000000002,0.46,1.4315489909599977,0.000147277046154246,0.0952617669732281,0.07972540602080716
27.6,0.46,1.4322480829036695,0.00014500598336471157,0.09356522958521105,0.0809051899153791
27.8,0.46,1.4329363852554033,0.00014277068691561558,0.09187699324745997,0.08208785298508124
28.0,0.46,1.433614069016766,0.00014057057619937068,0.09019691623147684,0.08327329592044612
28.200000000000003,0.46,1.434281302337738,0.0001384050810757375,0.08852485882035739,0.08446142118381726
28.400000000000002,0.46,1.4349382505721717,0.00013627364166885966,0.08686068327613855,0.08565213300138848
28.6,0.46,1.4355850763319251,0.00013417570814919144,0.08520425380787688,0.08684533735619608
28.8,0.46,1.4362219395396014,0.00013211074050195598,0.08355543654039187,0.0880409419817642
29.0,0.46,1.4368489974798664,0.00013007820828665038,0.08191409948369738,0.08923885635610193
29.200000000000003,0.46,1.4374664048493382,0.0001280775903894086,0.08028011250300603,0.09043899169575366
29.400000000000002,0.46,1.4380743138050218,0.0001261083747725048,0.07865334728937584,0.0916412609496137
29.6,0.46,1.4386728740113035,0.0001241700582217143,0.0770336773308153,0.09284557879222778
29.8,0.46,1.4392622326855289,0.00012226214609637368,0.07542097788402166,0.09405186161632001
30.0,0.46,1.439842534642157,0.00012038415208194662,0.0738151259463889,0.09526002752430579
30.200000000000003,0.46,1.4404139223356067,0.00011853559795053306,0.07221600022873854,0.09646999631857082
30.400000000000002,0.46,1.440976535901716,0.00011671601332590472,0.07062348112801756,0.09768168949032478
30.6,0.46,1.4415305131980354,0.00011492493546309228,0.06903745070095114,0.09889503020686564
30.8,0.46,1.4420759898427946,0.00011316190903128332,0.06745779263714073,0.1001099432971175
31.0,0.46,1.442613099252911,0.0001114264859188645,0.06588439223370472,0.10132635523533948
31.200000000000003,0.46,1.4431419726806596,0.00010971822503616911,0.06431713636831626,0.10254419412293098
31.400000000000002,0.46,1.4436627392497552,0.00010803669215326841,0.06275591347513951,0.10376338966829267
31.6,0.46,1.4441755259898936,0.00010638145971924723,0.061200613517053734,0.10498387316473093
31.8,0.46,1.4446804578713273,0.00010475210674155855,0.05965112796364519,0.10620557746642832
32.0,0.46,1.4451776578373778,0.00010314821861031786,0.058107349761195616,0.10742843696252481
32.2,0.46,1.4456672468380651,0.0001015693870352077,0.056569173314517725,0.10865238754939248
32.4,0.46,1.446149343860441,0.00010001520985103521,0.0550364944518638,0.10987736660119705
32.6,0.46,1.446624065962155,9.848529104210471e-05,0.053509210414483574,0.11110331293888384
32.800000000000004,0.46,1.4470915282989631,9.697924047792878e-05,0.05198721981062567,0.11233016679771796
33.0,0.46,1.4475518441597526,9.549667409277403e-05,0.05047042262104739,0.11355786979356608
33.2,0.46,1.4480051249895691,9.403721344551927e-05,0.04895872013004823,0.11478636488806734
33.4,0.46,1.4484514804289927,9.260048619680604e-05,0.04745201496422753,0.11601559635293188
33.6,0.46,1.4488910183289627,9.118612527738279e-05,0.045950210975422554,0.11724550973350122
33.800000000000004,0.46,1.4493238448002717,8.979376996582891e-05,0.04445321334896332,0.11847605181187618
34.0,0.46,1.449750064212194,8.842306421375395e-05,0.04296092838601125,0.11970717056968119
34.2,0.46,1.4501697792639363,8.707365896483276e-05,0.04147326375719332,0.12093881515088332
34.4,0.46,1.4505830909501793,8.574520870192183e-05,0.03999012807456415,0.12217093582457642
34.6,0.46,1.4509900986791016,8.44373763487821e-05,0.03851143144940233,0.12340348394836725
34.800000000000004,0.46,1.4513909001693492,8.314982608647777e-05,0.03703708462411011,0.12463641193193524
35.0,0.46,1.451785591666019,8.188223365543659e-05,0.03556700016644826,0.12586967320185843
35.2,0.46,1.4521742676947924,8.063427135376436e-05,0.034101090680730084,0.12710322216657066
35.4,0.46,1.452557021483273,7.940562964365506e-05,0.03263927133393706,0.1283370141835089
35.6,0.46,1.4529339444168738,7.819598578395946e-05,0.031181456139989197,0.12957100552585102
35.800000000000004,0.46,1.4533051268902621,7.700504909921544e-05,0.02972756327386758,0.13080515335294862
36.0,0.46,1.4536706571396791,7.583249534670376e-05,0.028277507321860726,0.13203941567881247
36.2,0.46,1.4540306229950104,7.467806151607189e-05,0.02683121043334206,0.1332737513470693
36.4,0.46,1.4543851094071214,7.354140845047256e-05,0.025388586123265333,0.13450812000041204
36.6,0.46,1.4547342020861374,7.242231913722731e-05,0.02394956265148579,0.13574248206201667
36.800000000000004,0.46,1.4550779822938111,7.132041127510737e-05,0.022514049127997263,0.13697679870375082
37.0,0.46,1.4554165344359955,7.023555003624121e-05,0.021081984519776796,0.13821103183747432
37.2,0.46,1.4557499350978274,6.916724936350085e-05,0.0196532666546815,0.13944514407704361
37.4,0.46,1.4560782689650973,6.811551257204261e-05,0.018227855038592252,0.14067909874505344
37.6,0.46,1.4564016055238709,6.707961774670105e-05,0.016805621867703242,0.14191285981906024
37.800000000000004,0.46,1.456720032946149,6.605965464858236e-05,0.01538656867267466,0.14314639195367537
38.0,0.46,1.4570336063622433,6.505441890924286e-05,0.013970511326341084,0.14437966040488237
38.2,0.46,1.4573424249228528,6.406251904836592e-05,0.012557545400006824,0.14561263096198437
38.400000000000006,0.46,1.4576464959986184,6.308264525595567e-05,0.011147357002754026,0.14684527000274847
38.6,0.46,1.4579459607620828,6.209564280792511e-05,0.009740307656805555,0.14807754313346796
38.800000000000004,0.46,1.4582405461804266,6.111395534820907e-05,0.008335693605933791,0.14930941752881396
39.0,0.46,1.4585307015838567,5.994470824706296e-05,0.006935089610646139,0.15054084725977768
39.2,0.46,1.45881386083162,5.880324428935246e-05,0.005535694750667756,0.15177180223277928
39.400000000000006,0.46,1.459093687579158,5.573127818121214e-05,0.004147951838558511,0.15300211511182538
39.6,0.46,1.4593455355414535,5.3532445448916124e-05,0.002750962768940846,0.15423180034814643
39.800000000000004,0.46,1.459610046744591,2.910445345608143e-05,0.0014385392686191987,0.15545511939353737
40.0,0.46,1.459610046744591,0.0,0.0,0.15545511939353737
0.0,0.48,1.0,0.0,0.6270001464897434,0.0
0.2,0.48,1.0205623161033788,0.0021390822764474743,0.6270001464897434,6.667977691109314e-11
0.4,0.48,1.041879676933825,0.0017694027698302837,0.5851922676072057,5.188008496025465e-10
0.6000000000000001,0.48,1.0577551909176721,0.0017226124769253114,0.5828200017549793,2.4591711527236504e-09
0.8,0.48,1.074868421989454,0.0013582435185489948,0.5519400422239665,8.308770143687851e-09
1.0,0.48,1.0859690234789836,0.0011773891163750546,0.546320902820467,2.3024910449639106e-08
1.2000000000000002,0.48,1.0976735375759126,0.0010073709121617995,0.5282002895084419,5.520470148574991e-08
1.4000000000000001,0.48,1.1065519008075975,0.000907846934470393,0.5209806546311423,1.1922862811679567e-07
1.6,0.48,1.1155210215813531,0.0008246305411952356,0.5089556977899791,2.370395360625533e-07
1.8,0.48,1.1232081013044979,0.0007680415650913872,0.5013823404536852,4.4113566159797824e-07
2.0,0.48,1.1307547242660758,0.0007191397383656206,0.4921332861191175,7.76883406810469e-07
2.2,0.48,1.1376469975809134,0.0006816917953772139,0.4847793232715432,1.306001079596905e-06
2.4000000000000004,0.48,1.1443324790459832,0.0006483710356309051,0.4769426239262203,2.1090756530178617e-06
2.6,0.48,1.1506291193287352,0.0006208168547067957,0.4699910493833737,3.2890010237048493e-06
2.8000000000000003,0.48,1.1567200455471236,0.0005959516793742721,0.46298978975450067,4.9732649502654665e-06
3.0,0.48,1.1625468292126024,0.0005744034307700892,0.4564595936520019,7.31679340003585e-06
3.2,0.48,1.168189723199941,0.0005547883802574412,0.4500247760510324,1.0503586578947088e-05
3.4000000000000004,0.48,1.1736347976236385,0.0005372832707820371,0.44388039171382476,1.4748550657715605e-05
3.6,0.48,1.1789206692376928,0.0005212231063907466,0.4378704552244013,2.029817897575822e-05
3.8000000000000003,0.48,1.184048455640549,0.0005066078771081752,0.432064950966965,2.7431155044811386e-05
4.0,0.48,1.1890389651925943,0.0004930933866019374,0.4263958019106431,3.645794774151972e-05
4.2,0.48,1.1938976469378897,0.00048062268703329315,0.4208853384008956,4.772017611468763e-05
4.4,0.48,1.198637102871182,0.0004690022545085102,0.4155015163995877,6.158916015660375e-05
4.6000000000000005,0.48,1.2032633793057963,0.00045816521279426687,0.4102489174833871,7.846420224392468e-05
4.800000000000001,0.48,1.2077849207258429,0.00044799314637760084,0.4051107886289134,9.877026842318174e-05
5.0,0.48,1.2122071974932425,0.00043842530962740666,0.4000854686090538,0.0001229554435603576
5.2,0.48,1.216536310282035,0.0004293834792999415,0.39516303845714884,0.00015148799557295492
5.4,0.48,1.220776890436475,0.00042081701147546433,0.39033995913602065,0.00018485330260767998
5.6000000000000005,0.48,1.2249335743704128,0.0004126709608632663,0.385609604131178,0.0002235505766005969
5.800000000000001,0.48,1.2290101923419665,0.00040490451167438194,0.38096815554914426,0.00026808955384718047
6.0,0.48,1.2330103860154265,0.0003974773136220469,0.37641073730953284,0.0003189871372537802
6.2,0.48,1.236937304212495,0.0003903569066795192,0.37193379030510837,0.0003767641031023378
6.4,0.48,1.240793871359092,0.00038351276347274165,0.3675334783351489,0.0004419418788031247
6.6000000000000005,0.48,1.244582681447266,0.00037691919157200097,0.36320664112999856,0.0005150394638262381
6.800000000000001,0.48,1.2483061216431575,0.00037055266120778195,0.35895012841889107,0.0005965705054602976
7.0,0.48,1.2519663423546292,0.00036439286800578677,0.354761177891169,0.0006870405726316666
7.2,0.48,1.2555653190582803,0.00035842147867684874,0.35063713117308937,0.0007869446364291177
7.4,0.48,1.259104850337964,0.000352622459575721,0.3465755796227039,0.0008967647798465219
7.6000000000000005,0.48,1.2625865921776669,0.00034698144680413563,0.34257423905677725,0.0010169681393430332
7.800000000000001,0.48,1.2660120651976583,0.00034148579285857186,0.338631002421456,0.0011480050860877748
8.0,0.48,1.2693826758283542,0.00033612422078409883,0.3347438815040252,0.0012903076432530462
8.200000000000001,0.48,1.2726997256119,0.0003308867716412332,0.33091102284435053,0.001444288137227168
8.4,0.48,1.2759644255233236,0.0003257645945698454,0.3271306783846184,0.0016103380740594255
8.6,0.48,1.279177904791445,0.00032074986708964927,0.32340120738767686,0.0017888272326136
8.8,0.48,1.2823412212312486,0.000315835655030847,0.31972106006733647,0.0019801029623328294
9.0,0.48,1.2854553688147101,0.0003110158325892622,0.3160887746189507,0.0021844896734295885
9.200000000000001,0.48,1.2885212854223762,0.0003062849815430111,0.3125029670201969,0.002402288505564555
9.4,0.48,1.291539859056844,0.00030163831994683076,0.30896232673595786,0.0026337771611363776
9.600000000000001,0.48,1.2945119337745365,0.00029707162568634447,0.3054656097029781,0.0028792098886555144
9.8,0.48,1.2974383146600288,0.000292581175767861,0.30201163403583003,0.003138817601960147
10.0,0.48,1.3003197723955033,0.0002881636863941459,0.29859927482845133,0.0034128081210289245
10.200000000000001,0.48,1.3031570471737546,0.0002838162623832513,0.29522746029931973,0.003701366520620719
10.4,0.48,1.30595085221026,0.0002795363493705437,0.2918951677430308,0.004004655573337707
10.600000000000001,0.48,1.3087018767734808,0.0002753216922198941,0.28860142020994306,0.00432281627432107
10.8,0.48,1.3114107888614706,0.0002711702966893084,0.28534528325314745,0.004655968435368812
11.0,0.48,1.3140782375110915,0.00026708039564816765,0.2821258621141562,0.005004211336976605
11.200000000000001,0.48,1.316704854811672,0.000263050418450051,0.2789422990566769,0.005367624427512575
11.4,0.48,1.3192912576343265,0.0002590789638789073,0.27579377099248764,0.005746268059518355
11.600000000000001,0.48,1.3218380491225614,0.00025516477594872655,0.2726794872665985,0.006140184253915645
11.8,0.48,1.324345819963176,0.00025130672261271996,0.26959868765273426,0.0065493974837187
12.0,0.48,1.3268151494696092,0.00024750377695569866,0.2665506404946722,0.0069739154696715575
12.200000000000001,0.48,1.3292466064975539,0.0002437550007775596,0.2635346410073082,0.007413729981051343
12.4,0.48,1.331640750217034,0.00024005953027642985,0.260550009703434,0.007868817635682422
12.600000000000001,0.48,1.3339981307588535,0.00023641656368206953,0.2575960909459719,0.008339140693987418
12.8,0.48,1.3363192897541027,0.0002328253506154189,0.2546722516058649,0.008824647842645174
13.0,0.48,1.3386047607818117,0.00022928518301420307,0.251777879820636,0.00932527496412755
13.200000000000001,0.48,1.3408550697392272,0.0002257953874394839,0.24891238384091172,0.009840945889037844
13.4,0.48,1.3430707351468498,0.00022235531861379722,0.24607519095893918,0.01037157312877055
13.600000000000001,0.48,1.3452522683993362,0.00021896435403839345,0.24326574651027413,0.010917058586552052
13.8,0.48,1.3474001739716919,0.00021562188955734276,0.24048351294303508,0.011477294245405298
14.0,0.48,1.3495149495891388,0.00021232733574415974,0.237727968948261,0.012052162832009427
14.200000000000001,0.48,1.3515970863677664,0.00020908011500114318,0.23499860864656827,0.012641538455801002
14.4,0.48,1.3536470689321516,0.00020587965926942726,0.23229494082617502,0.013245287222990601
14.600000000000001,0.48,1.3556653755151538,0.00020272540826015963,0.22961648822834538,0.013863267825451026
14.8,0.48,1.3576524780443076,0.00019961680812612134,0.22696278687641752,0.014495332104675358
15.0,0.48,1.359608842218486,0.00019655331050011588,0.22433338544519554,0.01514132559120852
15.200000000000001,0.48,1.3615349275778679,0.00019353437183562206,0.2217278446677012,0.01580108802012755
15.4,0.48,1.363431187569627,0.00019055945299183293,0.2191457367766558,0.016474453823286193
15.600000000000001,0.48,1.3652980696112866,0.00018762801901106924,0.21658664497832286,0.017161252599150797
15.8,0.48,1.3671360151531995,0.00018473953904283102,0.2140501629565573,0.01786130956113745
16.0,0.48,1.368945459741201,0.00018189348637464802,0.21153589440515821,0.018574445965416728
16.2,0.48,1.3707268330801687,0.00017908933853495886,0.20904345258675783,0.019300479519182873
16.400000000000002,0.48,1.3724805590988922,0.00017632657743829998,0.20657245991667006,0.020039224770390034
16.6,0.48,1.3742070560164206,0.00017360468954833477,0.20412254757025872,0.020790493479939987
16.8,0.48,1.375906736409858,0.00017092316603853615,0.20169335511247974,0.02155409497726777
17.0,0.48,1.3775800072834046,0.0001682815029341585,0.19928453014837777,0.022329836500213012
17.2,0.48,1.3792272701383101,0.00016567920122485236,0.19689572799338972,0.023117523519991353
17.400000000000002,0.48,1.380848921043374,0.00016311576693930593,0.19452661136239557,0.023916960051994746
17.6,0.48,1.3824453507054986,0.00016059071117705288,0.19217685007651422,0.02472794895305366
17.8,0.48,1.3840169445398498,0.00015810355009546933,0.18984612078668012,0.025550292205696185
18.0,0.48,1.3855640827391482,0.0001556538048532359,0.18753410671312065,0.026383791189837417
18.2,0.48,1.3870871403416423,0.00015324100151170721,0.18524049739986628,0.027228246942236786
18.400000000000002,0.48,1.3885864872973512,0.0001508646708985688,0.18296498848347015,0.028083460403968617
18.6,0.48,1.3900624885322403,0.00014852434843899196,0.1807072814751503,0.02894923265607065
18.8,0.48,1.3915155040100062,0.00014621957395978427,0.17846708355560167,0.02982536514346381
19.0,0.48,1.392945888791269,0.00014394989147321316,0.17624410738173713,0.030711659887179832
19.200000000000003,0.48,1.3943539930899844,0.00014171484894644817,0.17403807090466714,0.03160791968488938
19.400000000000002,0.48,1.3957401623269887,0.00013951399806334374,0.1718486971982322,0.032513948299694194
19.6,0.48,1.3971047371806378,0.0001373468939845816,0.1696757142974441,0.03342955063713139
19.8,0.48,1.3984480536345703,0.00013521309511198027,0.16751885504621317,0.03435453291033717
20.0,0.48,1.3997704430226712,0.00013311216286187246,0.16537785695374818,0.03528870279332607
20.200000000000003,0.48,1.4010722320713738,0.0001310436614535333,0.16325246205908103,0.03623186956236524
20.400000000000002,0.48,1.4023537429394703,0.0001290071577150982,0.16114241680314303,0.03718384422545351
20.6,0.48,1.4036152932556616,0.0001270022209118285,0.15904747190788304,0.03814443963995453
20.8,0.48,1.4048571961540695,0.00012502842259946986,0.1569673822619266,0.03911347061847854
21.0,0.48,1.4060797603080128,0.0001230853365049404,0.15490190681230526,0.04009075402315976
21.200000000000003,0.48,1.4072832899623189,0.0001211725384354183,0.15285080846181914,0.0410761088485285
21.400000000000002,0.48,1.4084680849644846,0.00011928960621792777,0.15081385397159802,0.04206935629323535
21.6,0.48,1.4096344407950028,0.00011743611966982307,0.14879081386847134,0.04307031982094208
21.8,0.48,1.4107826485971655,0.000115611660599041,0.14678146235678363,0.044078825210751085
22.0,0.48,1.4119129952066503,0.00011381581283415103,0.14478557723430432,0.045094700597601005
22.200000000000003,0.48,1.4130257631811947,0.0001120481622835956,0.14280293981190506,0.04611777650311129
22.400000000000002,0.48,1.4141212308306388,0.00011030829702184676,0.14083333483671726,0.04714788585740729
22.6,0.48,1.4151996722476154,0.00010859580739942016,0.13887655041849412,0.04818486401250535
22.8,0.48,1.4162613573390983,0.0001069102861766839,0.13693237795891527,0.04922854874787764
23.0,0.48,1.417306551859073,0.00010525132867708487,0.13500061208361055,0.05027878026885227
23.200000000000003,0.48,1.4183355174424745,0.000103618532956443,0.13308105057669073,0.0513354011985324
23.400000000000002,0.48,1.4193485116405744,0.00010201149998673815,0.13117349431758757,0.05239825656394018
23.6,0.48,1.4203457879579364,0.00010042983384976961,0.12927774722004526,0.05346719377710394
23.8,0.48,1.4213275958910327,9.88731419382846e-05,0.1273936161731074,0.05454206261181316
24.0,0.48,1.4222941809685765,9.73410351604681e-05,0.12552091098392587,0.055622715176762025
24.200000000000003,0.48,1.423245784793611,9.583312814540567e-05,0.12365944432231567,0.0567090058857913
24.400000000000002,0.48,1.4241826450873412,9.434903944625143e-05,0.12180903166692908,0.05780079142591785
24.6,0.48,1.4251049957346813,9.288839173787498e-05,0.11996949125293739,0.0588979307238137
24.8,0.48,1.426013066831456,9.1450812006551e-05,0.11814064402114888,0.06000028491136091
25.0,0.48,1.4269070847331768,9.003593172932428e-05,0.11632231356849007,0.0611077172908667
25.200000000000003,0.48,1.4277872721052776,8.864338704117436e-05,0.11451432609977526,0.062220093300475114
25.400000000000002,0.48,1.4286538479746975,8.727281888752105e-05,0.11271651038071806,0.06333728048025836
25.6,0.48,1.4295070277826532,8.592387316095403e-05,0.11092869769212689,0.06445914843941429
25.8,0.48,1.4303470234384468,8.459620082090445e-05,0.10915072178522996,0.06558556882493648
26.0,0.48,1.4311740433741655,8.328945799544204e-05,0.10738241883811687,0.06671641529206095
26.200000000000003,0.48,1.431988292600065,8.200330606410672e-05,0.10562362741324316,0.06785156347673256
26.400000000000002,0.48,1.4327899727604758,8.073741172201413e-05,0.10387418841595764,0.06899089097027084
26.6,0.48,1.4335792821900604,7.949144702478926e-05,0.1021339450540457,0.07013427729635356
26.8,0.48,1.4343564159702193,7.826508941468525e-05,0.10040274279824513,0.07128160389037949
27.0,0.48,1.4351215659854968,7.705802172873983e-05,0.09868042934370498,0.07243275408121357
27.200000000000003,0.48,1.4358749209797903,7.586993218880644e-05,0.09696685457237358,0.07358761307526676
27.400000000000002,0.48,1.4366166666122182,7.470051437501343e-05,0.09526187051628512,0.07474606794281477
27.6,0.48,1.4373469855124958,7.35494671835193e-05,0.09356533132170193,0.07590800760641463
27.8,0.48,1.438066057335656,7.241649476981195e-05,0.09187709321411913,0.07707332283124112
28.0,0.48,1.4387740588160194,7.130130647899034e-05,0.09019701446406841,0.0782419062171308
28.200000000000003,0.48,1.4394711638202689,7.020361676433456e-05,0.08852495535370922,0.07941365219209398
28.400000000000002,0.48,1.4401575433995395,6.9123145095517e-05,0.0868607781441746,0.08058845700703043
28.6,0.48,1.4408333658404489,6.80596158582105e-05,0.08520434704364885,0.08176621873137126
28.8,0.48,1.4414987967149755,6.701275824701094e-05,0.08355552817610958,0.0829468372493544
29.0,0.48,1.4421539989291547,6.598230615278028e-05,0.08191418955075738,0.08413021425663647
29.200000000000003,0.48,1.442799132770527,6.496799804544532e-05,0.08028020103202017,0.08531625325694406
29.400000000000002,0.48,1.4434343559543392,6.39695768551872e-05,0.0786534343101981,0.0865048595584695
29.6,0.48,1.4440598236684605,6.298678985186231e-05,0.07703376287256766,0.08769594026972655
29.8,0.48,1.4446756886170449,6.201938852544451e-05,0.0754210619751192,0.08888940429459485
30.0,0.48,1.445282101062912,6.106712846684068e-05,0.073815208614563,0.09008516232629828
30.200000000000003,0.48,1.4458792088687416,6.012976925265438e-05,0.07221608150105996,0.09128312684008522
30.400000000000002,0.48,1.4464671575370025,5.920707433184043e-05,0.07062356103091769,0.09248321208440118
30.6,0.48,1.4470460902488285,5.8298810918940365e-05,0.06903752926024305,0.09368533407037301
30.8,0.48,1.4476161479016563,5.740474988926608e-05,0.06745786987803848,0.09488941055945121
31.0,0.48,1.4481774691460125,5.652466568446271e-05,0.06588446818084166,0.09609536104909014
31.200000000000003,0.48,1.4487301904210375,5.565833621670163e-05,0.06431721104576384,0.09730310675637521
31.400000000000002,0.48,1.4492744459895006,5.480554279083321e-05,0.06275598690642238,0.09851257059954135
31.6,0.48,1.4498103679713696,5.396607001635542e-05,0.06120068572516829,0.09972367717735732
31.8,0.48,1.450338086377465,5.313970574963286e-05,0.05965119897107139,0.1009363527463847
32.0,0.48,1.4508577291411398,5.2326241008957224e-05,0.05810741958991578,0.10215052519614912
32.2,0.48,1.4513694221511286,5.152546994483577e-05,0.05656924198602437,0.10336612402229456
32.4,0.48,1.4518732892811865,5.0737189745405496e-05,0.0550365619871813,0.10458308029781475
32.6,0.48,1.4523694524230066,4.996120065087278e-05,0.053509276834168,0.10580132664248681
32.800000000000004,0.48,1.4528580315131598,4.9197305823562414e-05,0.051987285134795176,0.10702079719065043
33.0,0.48,1.4533391445675963,4.8445311439989345e-05,0.05047048686936637,0.10824142755750187
33.2,0.48,1.4538129077042463,4.770502647276366e-05,0.04895878332177824,0.10946315480408211
33.4,0.48,1.454279435181963,4.6976262931686086e-05,0.047452077118179496,0.11068591740116585
33.6,0.48,1.454738839415087,4.6258835449694034e-05,0.04595027211005111,0.11190965519224931
33.800000000000004,0.48,1.4551912310225805,4.555256182400516e-05,0.04445327348225478,0.11313430935587249
34.0,0.48,1.455636718826575,4.485726218075297e-05,0.0429609875356688,0.11435982236747598
34.2,0.48,1.4560754099234963,4.4172760136652336e-05,0.04147332194039143,0.11558613796105104
34.4,0.48,1.4565074096497672,4.34988810739982e-05,0.03999018530832675,0.11681320109075986
34.6,0.48,1.4569328216994262,4.283545459458292e-05,0.038511487750076595,0.11804095789281731
34.800000000000004,0.48,1.4573517480216578,4.2182310928490166e-05,0.03703714000814832,0.11926935564774535
35.0,0.48,1.4577642890360643,4.153928608825701e-05,0.03556705464929701,0.1204983427433548
35.2,0.48,1.4581705433880572,4.090621436797938e-05,0.034101144278458125,0.12172786863843123
35.4,0.48,1.4585706083687253,4.0282939151231174e-05,0.03263932406089811,0.12295788382761955
35.6,0.48,1.4589645793733244,3.9669297224414855e-05,0.03118150801222472,0.12418833980721572
35.800000000000004,0.48,1.4593525507495422,3.9065141419123996e-05,0.029727614304200106,0.12541918904267232
36.0,0.48,1.4597346146351051,3.847030778793872e-05,0.028277557527016783,0.12665038493699246
36.2,0.48,1.4601108627029824,3.7884663019006734e-05,0.026831259823663373,0.12788188180150162
36.4,0.48,1.4604813836995343,3.730803572772194e-05,0.025388634717628894,0.12911363482708565
36.6,0.48,1.460846267068083,3.6740315630355596e-05,0.023949610455760238,0.13034560005884993
36.800000000000004,0.48,1.4612055977635159,3.6181309786257374e-05,0.022514096166287727,0.13157773437006592
37.0,0.48,1.461559463813456,3.563094902877e-05,0.02108203078954092,0.13280999544140296
37.2,0.48,1.4619079453990609,3.508898851937013e-05,0.019653312191860766,0.13404234173685162
37.4,0.48,1.4622511307101904,3.455542808996382e-05,0.018227899826183874,0.13527473248805802
37.6,0.48,1.4625890927348455,3.4029904721327595e-05,0.01680566596789272,0.13650712767081874
37.800000000000004,0.48,1.462921923007772,3.351246055586869e-05,0.015386612060138529,0.13773948799074273
38.0,0.48,1.4632496800232087,3.300248957905432e-05,0.013970554116230273,0.13897177486280385
38.2,0.48,1.4635724660503027,3.249928561078894e-05,0.012557587734319095,0.14020395034777136
38.400000000000006,0.48,1.4638902911971172,3.200217805366747e-05,0.011147399005058163,0.14143597720591347
38.6,0.48,1.4642032990090532,3.150151400056858e-05,0.009740351456258867,0.14266781828176553
38.800000000000004,0.48,1.4645112140925545,3.1003418201679925e-05,0.008335737775894459,0.14389943751295553
39.0,0.48,1.464814484994795,3.041075022277979e-05,0.006935155721994404,0.14513079387159492
39.2,0.48,1.4651104939038384,2.983053153430209e-05,0.005535758591397662,0.14636185309267558
39.400000000000006,0.48,1.4654028942285078,2.8275077094375574e-05,0.004148233265949811,0.14759252555450414
39.6,0.48,1.465666392125491,2.714628482878948e-05,0.0027511448074745482,0.14882278598161425
39.800000000000004,0.48,1.4659419806659182,1.4749859460038024e-05,0.0014412249715731857,0.15004782452358859
40.0,0.48,1.4659419806659182,0.0,0.0,0.15004782452358859
0.0,0.5,1.0,0.0,0.6268931393325972,0.0
0.2,0.5,1.0204972062323567,4.107657051678001e-17,0.6268931393325972,3.351107082482247e-11
0.4,0.5,1.0417585954215396,2.793916728892889e-17,0.585213215797954,2.732109710209028e-10
0.6000000000000001,0.5,1.0576310788704635,5.248819191732549e-17,0.5828238514150712,1.3411085797331691e-09
0.8,0.5,1.0747394034871018,8.406588347750321e-18,0.5519605768303081,4.712262223386641e-09
1.0,0.5,1.0858429938591174,3.1215140299221886e-17,0.5463314012424271,1.351753395785013e-08
1.2000000000000002,0.5,1.0975482472242575,3.058400215707874e-17,0.5282101392896804,3.343924167430757e-08
1.4000000000000001,0.5,1.1064274021652707,1.291709355689169e-17,0.5209865742902396,7.424737167702451e-08
1.6,0.5,1.1153964396559544,1.7688286911331258e-17,0.5089606857283603,1.513326994040001e-07
1.8,0.5,1.1230832143835683,3.6911080740142675e-17,0.5013858168994456,2.8803049192540446e-07
2.0,0.5,1.1306292725953122,3.146241013551294e-18,0.49213631461459867,5.177577669345803e-07
2.2,0.5,1.1375209368314794,-4.046921703166837e-17,0.48478168964869406,8.869241662055384e-07
2.4000000000000004,0.5,1.1442057717805343,2.4799861352618904e-17,0.4769447450045336,1.4574458247305475e-06
2.6,0.5,1.1505018193582395,-2.866972826376971e-17,0.46999283092149735,2.3098455237617257e-06
2.8000000000000003,0.5,1.156592220271425,-5.325972452239901e-17,0.4629914088617394,3.5457676946549554e-06
3.0,0.5,1.1624186003178267,-5.4848830105191484e-17,0.4564610137788841,5.2907912633416384e-06
3.2,0.5,1.168061235739015,-1.9989066290300242e-17,0.4500260776120075,7.696523927388886e-06
3.4000000000000004,0.5,1.1735062404004106,-6.314430182927675e-17,0.4438815642116272,1.0942698202014597e-05
3.6,0.5,1.1787922624950102,2.811830788174115e-17,0.43787153760340736,1.5238487376081434e-05
3.8000000000000003,0.5,1.1839204609179361,1.854637948515504e-17,0.4320659430683453,2.0823592827734182e-05
4.0,0.5,1.1889116802701143,-1.1140769309419066e-17,0.426396723993978,2.796856469608396e-05
4.2,0.5,1.1937714100835553,-3.0355016426527755e-17,0.42088619369492164,3.6974763860521855e-05
4.4,0.5,1.198512290194793,3.995307735260128e-17,0.4155023163193758,4.8173636175438895e-05
4.6000000000000005,0.5,1.2031404058101274,2.6134166599550878e-17,0.4102496658833496,6.192559782580804e-05
4.800000000000001,0.5,1.2076642380561833,-4.7281715222114566e-18,0.40511149249186046,7.861835894174461e-05
5.0,0.5,1.2120892930128764,-4.608158971619458e-17,0.40008613145907657,9.866490575967034e-05
5.2,0.5,1.2164217044881174,1.6392015277374055e-17,0.3951636649023617,0.0001225010722095078
5.4,0.5,1.2206661347596655,2.173078012181824e-17,0.39034055212948277,0.00015058286496482051
5.6000000000000005,0.5,1.2248272481123323,3.861940619697623e-17,0.38561016691207317,0.0001833835335664281
5.800000000000001,0.5,1.2289088996762634,5.742064545528705e-17,0.38096869051371807,0.00022139050813813982
6.0,0.5,1.2329147525545399,7.84418670769644e-17,0.3764112468485723,0.00026510222602513033
6.2,0.5,1.2368479735783453,8.387856841111515e-17,0.37193427634542253,0.0003150249377547901
6.4,0.5,1.2407115015760082,7.375324112023176e-17,0.36753394270665984,0.00037166952331494453
6.6000000000000005,0.5,1.244507941377027,7.620005489439015e-17,0.36320708538464747,0.00043554838330051303
6.800000000000001,0.5,1.2482396874088142,1.5404965297142318e-17,0.3589505539956883,0.0005071724340557399
7.0,0.5,1.2519088938699485,-4.6059784519007186e-17,0.3547615860486185,0.0005870482501970658
7.2,0.5,1.255517536656649,-9.084132269245203e-17,0.35063752306636586,0.0006756753762107421
7.4,0.5,1.2590674115648535,-7.513262209842662e-17,0.34657595628161314,0.0007735438333054995
7.6000000000000005,0.5,1.2625601687535097,-6.454751922383338e-17,0.3425746014239518,0.0008811318340451983
7.800000000000001,0.5,1.265997320185477,-1.238653385189706e-17,0.3386313513478948,0.0009989037173521304
8.0,0.5,1.2693802610126115,1.1555971681965884e-17,0.33474421776946034,0.0011273081077344605
8.200000000000001,0.5,1.2727102791046416,4.3027963497061146e-17,0.33091134715904263,0.0012667763010866888
8.4,0.5,1.2759885695993878,3.215842266132799e-17,0.3271309914011941,0.0014177208738588732
8.6,0.5,1.2792162439570165,6.045041091748856e-17,0.3234015097047145,0.0015805345107108605
8.8,0.5,1.282394340522348,6.493291552110993e-17,0.3197213522368658,0.001755589042369526
9.0,0.5,1.285523832322201,4.104905073741928e-17,0.3160890571501632,0.0019432346841275654
9.200000000000001,0.5,1.288605635035831,1.947757536800606e-17,0.3125032403845651,0.002143799463503728
9.4,0.5,1.2916406134189535,-3.222038518686513e-17,0.3089625913705218,0.0023575888248450016
9.600000000000001,0.5,1.2946295874354596,-9.471974724091917e-17,0.30546586601404296,0.002584885397732401
9.8,0.5,1.2975733374204985,-3.608050741964451e-17,0.3020118824017144,0.00282594891579535
10.0,0.5,1.3004726088263545,-7.876837323953467e-17,0.29859951560226194,0.0030810162722761697
10.200000000000001,0.5,1.3033281162992425,-7.532279645657722e-17,0.2952276938111963,0.0033503016987972683
10.4,0.5,1.3061405473421606,-5.3244645119716223e-17,0.2918953943022808,0.0036339970539413444
10.600000000000001,0.5,1.3089105654829492,-2.906375680952557e-17,0.2886016401068563,0.003932272208629468
10.8,0.5,1.3116388130757253,-5.242048661822685e-18,0.2853454967606695,0.004245275515713329
11.0,0.5,1.3143259137222727,4.357203962688565e-18,0.2821260694893465,0.0045731343517605725
11.200000000000001,0.5,1.3169724743855908,3.296666211429917e-17,0.27894250054203523,0.004915955719626774
11.4,0.5,1.3195790872073287,4.3260024648221803e-17,0.27579396681712803,0.005273826901103406
11.600000000000001,0.5,1.3221463310752777,5.568643520599789e-17,0.2726796776473082,0.005646816149665796
11.8,0.5,1.3246747729605572,3.0885130859416584e-17,0.26959887279491856,0.006034973414125134
12.0,0.5,1.3271649690573162,2.817169407874285e-17,0.2665508205932064,0.006438331084787501
12.200000000000001,0.5,1.3296174657454551,-1.718833198848377e-17,0.2635348162473019,0.0068569047545359585
12.4,0.5,1.3320328004012745,-2.0624503588925825e-17,0.26055018026091836,0.007290693988059808
12.600000000000001,0.5,1.3344115020746405,-3.74707846899599e-17,0.2575962569885236,0.007739683093249249
12.8,0.5,1.3367540920520777,-7.760387029128135e-17,0.25467241329316503,0.008203841889539631
13.0,0.5,1.3390610843215218,-5.993414538628591e-17,0.2517780373049784,0.008683126468719413
13.200000000000001,0.5,1.341332985953879,-2.94638676942886e-17,0.24891253726766494,0.009177479944400213
13.4,0.5,1.3435702974141288,-4.7435774456868955e-17,0.2460753404669649,0.009686833186981958
13.600000000000001,0.5,1.3457735128136699,1.6200038746100382e-17,0.24326589223231096,0.010211105541526197
13.8,0.5,1.347943120113895,5.156153128462541e-17,0.2404836550060462,0.010750205526476675
14.0,0.5,1.3500796012898668,4.767127393031274e-17,0.23772810747375803,0.011304031511637452
14.200000000000001,0.5,1.3521834324617041,8.717478643373934e-18,0.234998743750904,0.011872472374238384
14.4,0.5,1.354255084000291,8.804487113354318e-18,0.23229507262081717,0.012455408132288286
14.600000000000001,0.5,1.3562950206129232,7.68257104447068e-18,0.22961661682012918,0.013052710554741363
14.8,0.5,1.3583037014136874,3.4827308957690653e-17,0.22696291236777963,0.013664243748285917
15.0,0.5,1.3602815799825796,3.315282638145283e-17,0.22433350793439288,0.014289864720809875
15.200000000000001,0.5,1.36222910441669,4.6710603216196494e-17,0.22172796424901534,0.014929423921807366
15.4,0.5,1.3641467173761757,4.630436170994659e-17,0.21914585354058375,0.015582765760167783
15.600000000000001,0.5,1.36603485612718,2.3147076732191866e-17,0.216586759011758,0.01624972909993414
15.8,0.5,1.3678939525833842,1.6092468612422685e-17,0.21405027434295884,0.016930147734733267
16.0,0.5,1.3697244333474408,-4.1326108995085367e-17,0.21153600322471125,0.01762385084166675
16.2,0.5,1.3715267197531738,8.277965804897202e-19,0.20904355891652598,0.0183306634155101
16.400000000000002,0.5,1.3733012279090973,1.3979767204501083e-17,0.20657256383073863,0.01905040668409893
16.6,0.5,1.3750483687435557,-2.5477322192341506e-17,0.20412264913987205,0.019782898505786625
16.8,0.5,1.376768548051527,7.183995499286164e-18,0.2016934544061714,0.02052795374984043
17.0,0.5,1.3784621665430032,3.982145402699887e-17,0.19928462723209453,0.021285384660603528
17.2,0.5,1.3801296198926678,4.926276742420877e-17,0.1968958229306094,0.022055001206193636
17.400000000000002,0.5,1.3817712987905537,-4.0778282344926963e-17,0.19452670421424015,0.02283661141243684
17.6,0.5,1.3833875889932414,-1.457186564146214e-17,0.19217694090185666,0.023630021682652262
17.8,0.5,1.3849788713751738,-6.381995911904501e-18,0.1898462096422471,0.024435037103814436
18.0,0.5,1.386545521979632,-1.5248800529801377e-17,0.18753419365358923,0.025251461739526814
18.2,0.5,1.3880879120689373,-2.71244665927967e-17,0.18524058247795802,0.026079098910150082
18.400000000000002,0.5,1.3896064081734745,-5.372698855472048e-17,0.18296507175003837,0.026917751460340974
18.6,0.5,1.391101372139197,-4.312946786147891e-17,0.1807073629792647,0.027767222014179384
18.8,0.5,1.3925731611732923,-3.3100090662470955e-17,0.17846716334462853,0.028627313217992147
19.0,0.5,1.3940221278877876,1.071202567593715e-17,0.17624418550141435,0.029497827970925185
19.200000000000003,0.5,1.3954486203409096,3.657984147026786e-17,0.17403814739917778,0.030378569643271312
19.400000000000002,0.5,1.3968529820760986,3.108599978761042e-17,0.17184877211027091,0.031269342282531074
19.6,0.5,1.3982355521586156,-1.0947111738178815e-17,0.169675787668284,0.03216995080716674
19.8,0.5,1.3995966652097698,-7.876332096415754e-18,0.16751892691576536,0.03308020118800584
20.0,0.5,1.4009366514388208,-2.0474960925621878e-17,0.16537792736062146,0.03399990061725896
20.200000000000003,0.5,1.4022558366726898,-4.764464358766628e-17,0.1632525310406353,0.03492885766513541
20.400000000000002,0.5,1.4035545423836269,-4.772551188804545e-17,0.16114248439554255,0.03586688242406999
20.6,0.5,1.4048330857150462,-1.758091161548326e-17,0.15904753814614409,0.03681378664061051
20.8,0.5,1.4060917795057633,-1.8883586387772304e-17,0.15696744717996539,0.037769383835059636
21.0,0.5,1.4073309323128926,-9.731567876541094e-18,0.15490197044297999,0.038733489409014873
21.200000000000003,0.5,1.408550848433697,-5.8047169911641676e-18,0.15285087083697324,0.039705920741002106
21.400000000000002,0.5,1.4097518279266623,-2.2845508899522134e-17,0.150813915122097,0.04068649727045486
21.6,0.5,1.4109341666321298,-2.3151747634509814e-17,0.14879087382424178,0.041675040570348945
21.8,0.5,1.4120981561927701,1.1433787124403568e-17,0.14678152114684642,0.04267137440885871
22.0,0.5,1.4132440840742133,2.941186004208975e-17,0.1447856348868085,0.04367532480045843
22.200000000000003,0.5,1.4143722335861082,1.8174045622537793e-17,0.14280299635415902,0.044686720046947
22.400000000000002,0.5,1.4154828839039215,3.90742058183591e-17,0.14083339029521766,0.045705390768925665
22.6,0.5,1.4165763100917041,7.341148932103792e-17,0.1388766048189548,0.0467311699283068
22.8,0.5,1.417652783126076,4.555234835098643e-17,0.13693243132629343,0.047763892842474884
23.0,0.5,1.4187125699216463,-6.4949297983446454e-18,0.1350006644421319,0.04880339719075801
23.200000000000003,0.5,1.4197559333580372,-2.3945141030309876e-17,0.13308110194987466,0.0498495230138996
23.400000000000002,0.5,1.4207831323086773,-4.436800824979376e-18,0.13117354472826873,0.05090211270724338
23.6,0.5,1.4217944216714715,1.3446405448509156e-17,0.12927779669039685,0.051961011008361625
23.8,0.5,1.4227900524014465,2.429968473285904e-17,0.12739366472466226,0.053026064979862876
24.0,0.5,1.4237702715454172,3.457300190104008e-17,0.12552095863759602,0.054097123988116634
24.200000000000003,0.5,1.4247353222786971,2.5968445774664345e-17,0.12365949109841255,0.05517403967862152
24.400000000000002,0.5,1.425685443943847,6.135152207025443e-18,0.12180907758518238,0.05625666594872677
24.6,0.5,1.4266208720914186,6.036418541481162e-18,0.119969536332513,0.05734485891839048
24.8,0.5,1.4275418385226337,-9.640615466788206e-18,0.11814068828066678,0.05843847689962437
25.0,0.5,1.428448571333895,-2.565999771210435e-17,0.11632235702604132,0.05953738036523431
25.200000000000003,0.5,1.4293412949630186,-1.996553705423132e-17,0.11451436877293841,0.06064143191741887
25.400000000000002,0.5,1.4302202302370624,6.9112437288509254e-18,0.11271655228657582,0.06175049625673545
25.6,0.5,1.4310855944215828,1.2463127949669221e-17,0.11092873884728133,0.06286444015188748
25.8,0.5,1.431937601271168,3.3847637088803515e-17,0.10915076220581763,0.06398313241072597
26.0,0.5,1.4327764610810603,2.765873181706956e-17,0.10738245853982442,0.06510644385279676
26.200000000000003,0.5,1.4336023807396931,2.208394655874376e-17,0.10562366641132132,0.06623424728370159
26.400000000000002,0.5,1.4344155637819476,1.918619608287729e-17,0.10387422672523555,0.0673664174714789
26.6,0.5,1.43521621044294,1.7528244345902974e-17,0.10213398268894437,0.06850283112514632
26.8,0.5,1.4360045177121523,3.635243520859883e-17,0.10040277977279162,0.0696433668754889
27.0,0.5,1.436780679387712,7.850876065211892e-18,0.09868046567154493,0.0707879052581177
27.200000000000003,0.5,1.4375448861306601,-2.894616214454623e-17,0.09696689026678411,0.07193632869877048
27.400000000000002,0.5,1.4382973255190046,-2.1490362624133437e-17,0.09526190559018757,0.07308852150077491
27.6,0.5,1.4390381821014295,9.745136798816789e-18,0.09356536578767351,0.0742443698345512
27.8,0.5,1.4397676374504833,2.191228380779458e-17,0.09187712708440485,0.07540376172898697
28.0,0.5,1.4404858702151229,-3.758353242120159e-18,0.09019704775059277,0.07656658706448548
28.200000000000003,0.5,1.4411930561724824,-9.805630818456036e-18,0.08852498806808701,0.07773273756745544
28.400000000000002,0.5,1.4418893682787655,-1.577075456695791e-17,0.08686081029772175,0.0789021068059874
28.6,0.5,1.4425749767191585,-2.595859449112699e-20,0.08520437864739268,0.08007459018644224
28.8,0.5,1.443250048956683,-1.3516888982705433e-17,0.08355555924079879,0.08125008495066528
29.0,0.5,1.4439147497799516,-1.8893690871734532e-17,0.08191422008687173,0.08242849017352857
29.200000000000003,0.5,1.4445692413497395,-1.7897466161990008e-17,0.08028023104977984,0.08360970676050629
29.400000000000002,0.5,1.4452136832443783,-2.0461638800610608e-17,0.07865346381957262,0.08479363744498626
29.6,0.5,1.4458482325039224,-2.8301517895217954e-17,0.07703379188328431,0.0859801867850316
29.8,0.5,1.4464730436731241,1.080793698343106e-18,0.07542109049667117,0.08716926115931695
30.0,0.5,1.4470882688431692,1.3593273964053636e-18,0.07381523665621774,0.08836076876198144
30.200000000000003,0.5,1.4476940576922723,2.1918822506605493e-17,0.07221610907186571,0.0895546195961605
30.400000000000002,0.5,1.448290557525056,4.859575373120099e-17,0.07062358813971158,0.09075072546598219
30.6,0.5,1.448877913310908,-1.453917072647323e-17,0.06903755591565726,0.09194899996684136
30.8,0.5,1.449456267721136,-3.803412754148e-17,0.06745789608850739,0.09314935847379262
31.0,0.5,1.4500257611653125,-2.7167035814876044e-17,0.06588449395460719,0.09435171812793548
31.200000000000003,0.5,1.4505865318263762,-7.12286114881617e-18,0.06431723639088174,0.09555599782069689
31.400000000000002,0.5,1.4511387156952649,-1.3091693432325537e-17,0.06275601183076786,0.09676211817594761
31.6,0.5,1.451682446604123,3.0523638329526442e-18,0.06120071023644123,0.09797000152992501
31.8,0.5,1.4522178562596175,1.615230133530216e-17,0.05965122307680085,0.09917957190896458
32.0,0.5,1.4527450742743133,-7.883382513766961e-19,0.05810744329746625,0.10039075500507688
32.2,0.5,1.4532642281992412,5.216995825471168e-19,0.0565692653025977,0.10160347814943425
32.4,0.5,1.4537754435532675,1.7840714534664386e-17,0.05503658491982455,0.10281767028386388
32.6,0.5,1.4542788438557783,8.780893908440316e-18,0.05350929938977289,0.1040332619304665
32.800000000000004,0.5,1.454774550653406,-2.987806434982951e-17,0.051987307320108485,0.1052501851595087
33.0,0.5,1.45526268355433,-2.444891322067266e-17,0.05047050869098431,0.10646837355575191
33.2,0.5,1.4557433602507173,-1.7305960992850115e-17,0.04895880478616342,0.10768776218340911
33.4,0.5,1.4562166965575052,-2.6270002703629728e-17,0.04745209823164499,0.10890828754992218
33.6,0.5,1.4566828064268493,-2.9753655710679185e-17,0.04595029287879203,0.11012988756878356
33.800000000000004,0.5,1.457141801997134,-1.4462201931671804e-17,0.04445329391231033,0.11135250152160901
34.0,0.5,1.457593793591466,2.435187683708788e-18,0.04296100763298455,0.11257607001971219
34.2,0.5,1.458038889788681,1.80146878896909e-17,0.041473341710737015,0.11380053496537706
34.4,0.5,1.4584771973890795,1.6828292180446372e-17,0.03999020475742229,0.115025839513108
34.6,0.5,1.4589088215319057,5.0857209012021084e-18,0.03851150688341652,0.11625192803101267
34.800000000000004,0.5,1.459333865593039,8.759357840662376e-18,0.03703715883126288,0.11747874606263956
35.0,0.5,1.4597524314000376,3.321450389915018e-17,0.03556707316738073,0.11870624028933492
35.2,0.5,1.4601646189879045,2.1443482768279457e-17,0.03410116249691406,0.11993435849353054
35.4,0.5,1.4605705270185065,-1.149948000678627e-17,0.03263934198455637,0.12116304952284171
35.6,0.5,1.4609702522398498,-1.9209260872013974e-18,0.031181525646480274,0.12239226325559066
35.800000000000004,0.5,1.4613638903333739,1.0457897244325555e-17,0.029727631653371684,0.12362195056726445
36.0,0.5,1.4617515347531789,4.868496673213722e-18,0.02827757459672923,0.12485206329897389
36.2,0.5,1.4621332784691226,9.269965156780231e-18,0.026831276617406166,0.12608255422667963
36.4,0.5,1.4625092115083027,1.9420521042719754e-17,0.02538865124174703,0.12731337703322926
36.6,0.5,1.4628794245740842,1.6254877712290394e-17,0.02394962671224771,0.128544486280453
36.800000000000004,0.5,1.4632440038675865,-7.68713420165662e-18,0.022514112163238943,0.12977583738545337
37.0,0.5,1.46360303863917,1.3347817544301797e-18,0.02108204652613824,0.13100738659517608
37.2,0.5,1.463956610283319,2.7450592040591185e-17,0.019653327680161713,0.13223909096788075
37.4,0.5,1.464304808173299,-8.244150693839128e-18,0.01822791506054227,0.13347090834872927
37.6,0.5,1.4646477064782149,-1.8308609807774494e-17,0.016805680969172208,0.13470279735823243
37.800000000000004,0.5,1.4649853978686966,-7.178476525559159e-18,0.015386626819969888,0.1359347173635607
38.0,0.5,1.4653179419722657,-4.393069974331719e-18,0.013970568673399738,0.13716662847977334
38.2,0.5,1.465645442107587,-3.276922195310873e-17,0.012557602136860205,0.13839849150734437
38.400000000000006,0.5,1.465967909302549,-3.1337395133672944e-17,0.011147413296156813,0.13963026798483527
38.6,0.5,1.4662854878554539,-6.863446542752816e-18,0.00974036635191273,0.14086191986079433
38.800000000000004,0.5,1.4665979015878639,-1.4826836106435017e-17,0.008335752813629443,0.14209340997737302
39.0,0.5,1.466905598298155,-4.3449837279566704e-18,0.006935178149430723,0.14332469935326178
39.2,0.5,1.467205943065808,-5.23745584873565e-18,0.005535780438529651,0.14455575214291186
39.400000000000006,0.5,1.4675025809124325,6.125754018467879e-18,0.004148328439375151,0.14578650895074993
39.6,0.5,1.4677700043326343,1.3472316948351743e-17,0.0027512083248743473,0.14701692795386337
39.800000000000004,0.5,1.468049269818166,-4.617168515881022e-19,0.0014421327468706329,0.14824256099938954
40.0,0.5,1.468049269818166,0.0,0.0,0.14824256099938954
0.0,0.52,1.0,0.0,0.6270001464897434,0.0
0.2,0.52,1.0205623161033788,-0.002139082276447341,0.6270001464897434,6.667977691109287e-11
0.4,0.52,1.041879676933825,-0.0017694027698302306,0.5851922676072056,5.188008496025458e-10
0.6000000000000001,0.52,1.0577551909176721,-0.0017226124769252674,0.5828200017549791,2.4591711527236455e-09
0.8,0.52,1.074868421989454,-0.0013582435185490074,0.5519400422239662,8.308770143687846e-09
1.0,0.52,1.0859690234789834,-0.001177389116374983,0.546320902820467,2.3024910449639112e-08
1.2000000000000002,0.52,1.0976735375759128,-0.001007370912161738,0.528200289508442,5.520470148574998e-08
1.4000000000000001,0.52,1.1065519008075975,-0.0009078469344704174,0.5209806546311421,1.1922862811679593e-07
1.6,0.52,1.1155210215813531,-0.0008246305411951763,0.5089556977899792,2.3703953606255407e-07
1.8,0.52,1.1232081013044977,-0.0007680415650913829,0.501382340453685,4.4113566159798004e-07
2.0,0.52,1.1307547242660758,-0.0007191397383656252,0.4921332861191173,7.768834068104729e-07
2.2,0.52,1.1376469975809134,-0.0006816917953772596,0.48477932327154305,1.3060010795969108e-06
2.4000000000000004,0.52,1.144332479045983,-0.0006483710356308277,0.4769426239262203,2.109075653017872e-06
2.6,0.52,1.1506291193287352,-0.0006208168547068428,0.4699910493833739,3.2890010237048654e-06
2.8000000000000003,0.52,1.1567200455471234,-0.0005959516793744064,0.4629897897545005,4.973264950265496e-06
3.0,0.52,1.1625468292126024,-0.0005744034307701464,0.45645959365200195,7.316793400035898e-06
3.2,0.52,1.168189723199941,-0.0005547883802575302,0.45002477605103236,1.0503586578947147e-05
3.4000000000000004,0.52,1.1736347976236388,-0.0005372832707820844,0.44388039171382493,1.4748550657715667e-05
3.6,0.52,1.1789206692376928,-0.0005212231063906939,0.4378704552244013,2.029817897575827e-05
3.8000000000000003,0.52,1.184048455640549,-0.0005066078771081406,0.43206495096696484,2.7431155044811414e-05
4.0,0.52,1.1890389651925943,-0.0004930933866019562,0.426395801910643,3.6457947741519724e-05
4.2,0.52,1.1938976469378897,-0.0004806226870333651,0.4208853384008957,4.7720176114687555e-05
4.4,0.52,1.1986371028711817,-0.00046900225450840203,0.4155015163995879,6.15891601566036e-05
4.6000000000000005,0.52,1.2032633793057963,-0.00045816521279421987,0.4102489174833871,7.846420224392445e-05
4.800000000000001,0.52,1.2077849207258426,-0.000447993146377598,0.4051107886289134,9.877026842318154e-05
5.0,0.52,1.2122071974932422,-0.0004384253096273901,0.40008546860905364,0.00012295544356035742
5.2,0.52,1.2165363102820348,-0.0004293834792999919,0.39516303845714873,0.00015148799557295473
5.4,0.52,1.2207768904364749,-0.0004208170114753634,0.39033995913602065,0.00018485330260767979
5.6000000000000005,0.52,1.2249335743704128,-0.00041267096086322456,0.38560960413117806,0.00022355057660059665
5.800000000000001,0.52,1.2290101923419665,-0.00040490451167426815,0.38096815554914426,0.0002680895538471799
6.0,0.52,1.2330103860154262,-0.00039747731362191476,0.3764107373095329,0.00031898713725377964
6.2,0.52,1.236937304212495,-0.00039035690667932576,0.37193379030510837,0.00037676410310233724
6.4,0.52,1.2407938713590918,-0.0003835127634725677,0.36753347833514893,0.0004419418788031241
6.6000000000000005,0.52,1.2445826814472658,-0.0003769191915718861,0.3632066411299985,0.000515039463826238
6.800000000000001,0.52,1.2483061216431577,-0.0003705526612077349,0.35895012841889107,0.0005965705054602975
7.0,0.52,1.2519663423546292,-0.0003643928680058324,0.35476117789116907,0.0006870405726316667
7.2,0.52,1.2555653190582803,-0.000358421478677033,0.3506371311730893,0.000786944636429118
7.4,0.52,1.259104850337964,-0.0003526224595758741,0.3465755796227039,0.0008967647798465211
7.6000000000000005,0.52,1.2625865921776669,-0.00034698144680423126,0.3425742390567774,0.0010169681393430313
7.800000000000001,0.52,1.2660120651976583,-0.00034148579285858,0.33863100242145605,0.0011480050860877722
8.0,0.52,1.2693826758283542,-0.000336124220784089,0.33474388150402506,0.0012903076432530427
8.200000000000001,0.52,1.2726997256119,-0.00033088677164118304,0.33091102284435053,0.0014442881372271636
8.4,0.52,1.2759644255233236,-0.0003257645945697767,0.3271306783846184,0.0016103380740594205
8.6,0.52,1.2791779047914453,-0.0003207498670895841,0.32340120738767675,0.0017888272326135955
8.8,0.52,1.2823412212312488,-0.0003158356550307173,0.3197210600673365,0.0019801029623328246
9.0,0.52,1.2854553688147103,-0.00031101583258914253,0.31608877461895063,0.002184489673429584
9.200000000000001,0.52,1.2885212854223764,-0.00030628498154298094,0.3125029670201969,0.0024022885055645523
9.4,0.52,1.2915398590568443,-0.000301638319946941,0.30896232673595786,0.0026337771611363776
9.600000000000001,0.52,1.2945119337745365,-0.0002970716256865279,0.3054656097029782,0.0028792098886555183
9.8,0.52,1.297438314660029,-0.0002925811757679398,0.30201163403582987,0.0031388176019601535
10.0,0.52,1.3003197723955036,-0.0002881636863942784,0.2985992748284515,0.003412808121028933
10.200000000000001,0.52,1.3031570471737548,-0.00028381626238339447,0.2952274602993197,0.003701366520620727
10.4,0.52,1.30595085221026,-0.0002795363493706771,0.29189516774303076,0.004004655573337715
10.600000000000001,0.52,1.3087018767734808,-0.0002753216922199443,0.28860142020994306,0.00432281627432108
10.8,0.52,1.3114107888614706,-0.0002711702966893157,0.28534528325314756,0.004655968435368819
11.0,0.52,1.3140782375110915,-0.0002670803956482134,0.28212586211415636,0.00500421133697661
11.200000000000001,0.52,1.316704854811672,-0.0002630504184500848,0.27894229905667683,0.005367624427512579
11.4,0.52,1.3192912576343265,-0.000259078963878841,0.27579377099248764,0.005746268059518356
11.600000000000001,0.52,1.3218380491225614,-0.0002551647759486043,0.27267948726659846,0.0061401842539156445
11.8,0.52,1.324345819963176,-0.00025130672261264607,0.2695986876527342,0.006549397483718696
12.0,0.52,1.3268151494696092,-0.0002475037769556006,0.2665506404946723,0.006973915469671554
12.200000000000001,0.52,1.3292466064975537,-0.0002437550007775355,0.26353464100730845,0.00741372998105134
12.4,0.52,1.3316407502170338,-0.000240059530276483,0.260550009703434,0.00786881763568242
12.600000000000001,0.52,1.3339981307588535,-0.00023641656368217674,0.2575960909459719,0.00833914069398742
12.8,0.52,1.3363192897541027,-0.000232825350615557,0.2546722516058649,0.008824647842645176
13.0,0.52,1.3386047607818117,-0.00022928518301432803,0.25177787982063604,0.009325274964127554
13.200000000000001,0.52,1.3408550697392272,-0.0002257953874395673,0.24891238384091158,0.009840945889037845
13.4,0.52,1.3430707351468498,-0.0002223553186138747,0.24607519095893926,0.01037157312877055
13.600000000000001,0.52,1.345252268399336,-0.00021896435403833862,0.24326574651027416,0.010917058586552052
13.8,0.52,1.3474001739716914,-0.00021562188955723507,0.24048351294303522,0.0114772942454053
14.0,0.52,1.3495149495891388,-0.00021232733574407268,0.23772796894826104,0.012052162832009427
14.200000000000001,0.52,1.3515970863677667,-0.00020908011500111852,0.23499860864656835,0.012641538455801002
14.4,0.52,1.3536470689321514,-0.00020587965926937386,0.23229494082617486,0.013245287222990601
14.600000000000001,0.52,1.3556653755151535,-0.00020272540826015806,0.2296164882283453,0.013863267825451026
14.8,0.52,1.3576524780443073,-0.00019961680812608678,0.2269627868764174,0.014495332104675357
15.0,0.52,1.3596088422184858,-0.00019655331050005479,0.2243333854451957,0.015141325591208513
15.200000000000001,0.52,1.3615349275778679,-0.00019353437183552925,0.2217278446677013,0.015801088020127543
15.4,0.52,1.363431187569627,-0.0001905594529917312,0.2191457367766558,0.016474453823286186
15.600000000000001,0.52,1.3652980696112866,-0.00018762801901103042,0.21658664497832283,0.01716125259915079
15.8,0.52,1.3671360151531995,-0.00018473953904280755,0.21405016295655727,0.017861309561137455
16.0,0.52,1.368945459741201,-0.0001818934863747063,0.21153589440515813,0.018574445965416735
16.2,0.52,1.3707268330801687,-0.00017908933853496076,0.20904345258675774,0.019300479519182876
16.400000000000002,0.52,1.3724805590988922,-0.00017632657743827708,0.20657245991666998,0.020039224770390038
16.6,0.52,1.3742070560164206,-0.00017360468954834645,0.20412254757025866,0.020790493479939994
16.8,0.52,1.375906736409858,-0.00017092316603852686,0.2016933551124798,0.021554094977267773
17.0,0.52,1.3775800072834046,-0.00016828150293409728,0.19928453014837783,0.02232983650021301
17.2,0.52,1.3792272701383101,-0.000165679201224747,0.19689572799338964,0.023117523519991346
17.400000000000002,0.52,1.380848921043374,-0.0001631157669393844,0.1945266113623956,0.023916960051994746
17.6,0.52,1.3824453507054986,-0.0001605907111770998,0.19217685007651417,0.02472794895305366
17.8,0.52,1.38401694453985,-0.0001581035500954584,0.18984612078668006,0.025550292205696188
18.0,0.52,1.3855640827391482,-0.00015565380485329933,0.18753410671312057,0.02638379118983742
18.2,0.52,1.3870871403416425,-0.0001532410015117681,0.18524049739986628,0.02722824694223679
18.400000000000002,0.52,1.3885864872973515,-0.0001508646708986544,0.1829649884834703,0.02808346040396863
18.6,0.52,1.3900624885322403,-0.00014852434843905154,0.18070728147515033,0.028949232656070665
18.8,0.52,1.3915155040100062,-0.00014621957395982997,0.17846708355560165,0.029825365143463817
19.0,0.52,1.392945888791269,-0.00014394989147318738,0.17624410738173704,0.03071165988717984
19.200000000000003,0.52,1.3943539930899844,-0.00014171484894637065,0.1740380709046671,0.031607919684889386
19.400000000000002,0.52,1.3957401623269887,-0.00013951399806328812,0.1718486971982322,0.032513948299694194
19.6,0.52,1.3971047371806378,-0.00013734689398462021,0.16967571429744407,0.03342955063713139
19.8,0.52,1.3984480536345703,-0.00013521309511198987,0.1675188550462131,0.034354532910337174
20.0,0.52,1.3997704430226712,-0.00013311216286190146,0.16537785695374813,0.03528870279332607
20.200000000000003,0.52,1.4010722320713738,-0.00013104366145362504,0.16325246205908106,0.03623186956236524
20.400000000000002,0.52,1.4023537429394703,-0.0001290071577151792,0.16114241680314303,0.03718384422545351
20.6,0.52,1.4036152932556616,-0.00012700222091188937,0.15904747190788304,0.03814443963995453
20.8,0.52,1.4048571961540695,-0.00012502842259950791,0.15696738226192664,0.03911347061847854
21.0,0.52,1.4060797603080128,-0.00012308533650496847,0.15490190681230528,0.040090754023159765
21.200000000000003,0.52,1.4072832899623189,-0.00012117253843541561,0.15285080846181906,0.041076108848528504
21.400000000000002,0.52,1.4084680849644844,-0.00011928960621796452,0.15081385397159794,0.042069356293235355
21.6,0.52,1.4096344407950026,-0.00011743611966986694,0.14879081386847132,0.043070319820942095
21.8,0.52,1.4107826485971653,-0.00011561166059899487,0.1467814623567836,0.0440788252107511
22.0,0.52,1.41191299520665,-0.00011381581283411465,0.14478557723430432,0.045094700597601005
22.200000000000003,0.52,1.4130257631811947,-0.00011204816228356852,0.14280293981190506,0.04611777650311128
22.400000000000002,0.52,1.4141212308306388,-0.00011030829702173058,0.14083333483671723,0.04714788585740728
22.6,0.52,1.4151996722476154,-0.00010859580739924776,0.13887655041849414,0.048184864012505324
22.8,0.52,1.4162613573390983,-0.00010691028617660905,0.13693237795891527,0.04922854874787761
23.0,0.52,1.417306551859073,-0.00010525132867709953,0.1350006120836106,0.05027878026885224
23.200000000000003,0.52,1.4183355174424745,-0.00010361853295649966,0.13308105057669087,0.05133540119853238
23.400000000000002,0.52,1.4193485116405744,-0.00010201149998675662,0.1311734943175876,0.05239825656394017
23.6,0.52,1.4203457879579366,-0.00010042983384974734,0.12927774722004526,0.053467193777103926
23.8,0.52,1.4213275958910327,-9.887314193821093e-05,0.12739361617310738,0.05454206261181315
24.0,0.52,1.4222941809685765,-9.734103516039157e-05,0.12552091098392587,0.05562271517676202
24.200000000000003,0.52,1.423245784793611,-9.583312814535838e-05,0.12365944432231564,0.0567090058857913
24.400000000000002,0.52,1.424182645087341,-9.434903944623969e-05,0.1218090316669291,0.05780079142591785
24.6,0.52,1.4251049957346813,-9.288839173787363e-05,0.11996949125293734,0.058897930723813705
24.8,0.52,1.426013066831456,-9.14508120065646e-05,0.11814064402114884,0.060000284911360925
25.0,0.52,1.4269070847331768,-9.003593172940867e-05,0.1163223135684901,0.06110771729086672
25.200000000000003,0.52,1.4277872721052778,-8.864338704121011e-05,0.11451432609977527,0.062220093300475135
25.400000000000002,0.52,1.4286538479746975,-8.727281888751375e-05,0.11271651038071802,0.06333728048025838
25.6,0.52,1.429507027782653,-8.592387316091743e-05,0.11092869769212686,0.06445914843941432
25.8,0.52,1.4303470234384466,-8.459620082083331e-05,0.10915072178522991,0.06558556882493649
26.0,0.52,1.4311740433741653,-8.328945799539696e-05,0.10738241883811682,0.06671641529206096
26.200000000000003,0.52,1.4319882926000649,-8.200330606406834e-05,0.10562362741324323,0.06785156347673256
26.400000000000002,0.52,1.4327899727604758,-8.073741172195421e-05,0.10387418841595769,0.06899089097027084
26.6,0.52,1.4335792821900604,-7.949144702474283e-05,0.1021339450540457,0.07013427729635356
26.8,0.52,1.4343564159702193,-7.826508941459953e-05,0.1004027427982451,0.07128160389037949
27.0,0.52,1.4351215659854968,-7.705802172871497e-05,0.09868042934370491,0.07243275408121357
27.200000000000003,0.52,1.4358749209797903,-7.58699321888531e-05,0.09696685457237367,0.07358761307526676
27.400000000000002,0.52,1.4366166666122182,-7.470051437505428e-05,0.09526187051628515,0.07474606794281477
27.6,0.52,1.4373469855124956,-7.354946718350163e-05,0.09356533132170192,0.07590800760641463
27.8,0.52,1.438066057335656,-7.241649476976478e-05,0.09187709321411915,0.0770733228312411
28.0,0.52,1.4387740588160194,-7.130130647898747e-05,0.09019701446406846,0.07824190621713079
28.200000000000003,0.52,1.4394711638202689,-7.020361676436353e-05,0.08852495535370919,0.07941365219209397
28.400000000000002,0.52,1.4401575433995395,-6.91231450955453e-05,0.0868607781441746,0.08058845700703042
28.6,0.52,1.4408333658404489,-6.805961585820812e-05,0.0852043470436488,0.08176621873137126
28.8,0.52,1.4414987967149755,-6.701275824703168e-05,0.0835555281761095,0.08294683724935438
29.0,0.52,1.4421539989291545,-6.598230615282428e-05,0.08191418955075734,0.08413021425663647
29.200000000000003,0.52,1.442799132770527,-6.496799804548792e-05,0.08028020103202015,0.08531625325694407
29.400000000000002,0.52,1.4434343559543392,-6.39695768552293e-05,0.0786534343101981,0.0865048595584695
29.6,0.52,1.4440598236684605,-6.298678985190667e-05,0.07703376287256768,0.08769594026972656
29.8,0.52,1.4446756886170447,-6.201938852543848e-05,0.0754210619751192,0.08888940429459484
30.0,0.52,1.445282101062912,-6.106712846682712e-05,0.07381520861456302,0.09008516232629826
30.200000000000003,0.52,1.4458792088687413,-6.0129769252610693e-05,0.07221608150105999,0.0912831268400852
30.400000000000002,0.52,1.4464671575370025,-5.920707433177303e-05,0.07062356103091764,0.09248321208440115
30.6,0.52,1.4470460902488285,-5.8298810918970966e-05,0.06903752926024308,0.093685334070373
30.8,0.52,1.4476161479016563,-5.7404749889332895e-05,0.06745786987803849,0.09488941055945121
31.0,0.52,1.4481774691460123,-5.6524665684508625e-05,0.06588446818084166,0.09609536104909018
31.200000000000003,0.52,1.4487301904210372,-5.565833621671897e-05,0.06431721104576382,0.09730310675637524
31.400000000000002,0.52,1.4492744459895006,-5.4805542790860836e-05,0.06275598690642241,0.09851257059954138
31.6,0.52,1.4498103679713696,-5.396607001635252e-05,0.06120068572516836,0.09972367717735735
31.8,0.52,1.450338086377465,-5.3139705749612106e-05,0.05965119897107139,0.10093635274638471
32.0,0.52,1.4508577291411398,-5.2326241008955685e-05,0.05810741958991576,0.10215052519614913
32.2,0.52,1.4513694221511286,-5.1525469944830465e-05,0.05656924198602437,0.10336612402229456
32.4,0.52,1.4518732892811865,-5.073718974536927e-05,0.055036561987181244,0.10458308029781475
32.6,0.52,1.4523694524230066,-4.9961200650858584e-05,0.05350927683416802,0.10580132664248681
32.800000000000004,0.52,1.4528580315131598,-4.919730582362506e-05,0.05198728513479522,0.10702079719065043
33.0,0.52,1.4533391445675963,-4.8445311440037396e-05,0.05047048686936639,0.10824142755750187
33.2,0.52,1.4538129077042465,-4.770502647280171e-05,0.048958783321778276,0.10946315480408211
33.4,0.52,1.454279435181963,-4.6976262931725456e-05,0.04745207711817952,0.11068591740116585
33.6,0.52,1.454738839415087,-4.625883544974569e-05,0.04595027211005111,0.11190965519224931
33.800000000000004,0.52,1.4551912310225803,-4.555256182403588e-05,0.04445327348225478,0.11313430935587249
34.0,0.52,1.455636718826575,-4.48572621807538e-05,0.0429609875356688,0.11435982236747598
34.2,0.52,1.4560754099234963,-4.41727601366252e-05,0.041473321940391335,0.11558613796105104
34.4,0.52,1.4565074096497672,-4.349888107397242e-05,0.039990185308326764,0.11681320109075986
34.6,0.52,1.4569328216994262,-4.283545459457883e-05,0.03851148775007664,0.11804095789281731
34.800000000000004,0.52,1.4573517480216578,-4.2182310928462194e-05,0.037037140008148284,0.11926935564774534
35.0,0.52,1.4577642890360643,-4.153928608818382e-05,0.03556705464929699,0.12049834274335479
35.2,0.52,1.4581705433880572,-4.090621436794598e-05,0.03410114427845809,0.12172786863843121
35.4,0.52,1.4585706083687253,-4.02829391512586e-05,0.032639324060898124,0.12295788382761955
35.6,0.52,1.4589645793733244,-3.966929722440342e-05,0.031181508012224798,0.12418833980721572
35.800000000000004,0.52,1.459352550749542,-3.90651414191103e-05,0.02972761430420011,0.12541918904267232
36.0,0.52,1.4597346146351051,-3.847030778793599e-05,0.02827755752701674,0.12665038493699246
36.2,0.52,1.4601108627029824,-3.788466301897838e-05,0.026831259823663377,0.12788188180150162
36.4,0.52,1.4604813836995343,-3.7308035727679213e-05,0.025388634717628936,0.12911363482708563
36.6,0.52,1.460846267068083,-3.6740315630332137e-05,0.023949610455760228,0.1303456000588499
36.800000000000004,0.52,1.461205597763516,-3.618130978627177e-05,0.022514096166287738,0.1315777343700659
37.0,0.52,1.4615594638134557,-3.563094902876704e-05,0.021082030789540924,0.13280999544140293
37.2,0.52,1.4619079453990609,-3.508898851933134e-05,0.019653312191860752,0.13404234173685162
37.4,0.52,1.4622511307101906,-3.455542808996903e-05,0.018227899826183863,0.13527473248805805
37.6,0.52,1.4625890927348455,-3.402990472134725e-05,0.01680566596789271,0.13650712767081874
37.800000000000004,0.52,1.462921923007772,-3.351246055588224e-05,0.015386612060138532,0.13773948799074273
38.0,0.52,1.4632496800232087,-3.300248957906814e-05,0.013970554116230303,0.13897177486280385
38.2,0.52,1.4635724660503027,-3.249928561084487e-05,0.0125575877343191,0.14020395034777136
38.400000000000006,0.52,1.463890291197117,-3.2002178053717674e-05,0.011147399005058137,0.14143597720591347
38.6,0.52,1.464203299009053,-3.15015140005831e-05,0.009740351456258877,0.14266781828176553
38.800000000000004,0.52,1.4645112140925542,-3.100341820171331e-05,0.00833573777589446,0.1438994375129555
39.0,0.52,1.4648144849947948,-3.0410750222784536e-05,0.006935155721994369,0.14513079387159492
39.2,0.52,1.4651104939038382,-2.983053153432051e-05,0.00553575859139766,0.14636185309267555
39.400000000000006,0.52,1.4654028942285078,-2.8275077094391044e-05,0.004148233265949825,0.14759252555450414
39.6,0.52,1.4656663921254913,-2.7146284828782725e-05,0.0027511448074745604,0.14882278598161422
39.800000000000004,0.52,1.4659419806659184,-1.4749859460044072e-05,0.0014412249715731913,0.15004782452358859
40.0,0.52,1.4659419806659184,0.0,0.0,0.15004782452358859
0.0,0.54,1.0,0.0,0.6273218164240199,0.0
0.2,0.54,1.0207570201978,-0.0042905882565824815,0.6273218164240199,2.253161591935768e-10
0.4,0.54,1.04224157339964,-0.003544169801305497,0.5851290444234016,1.651614556274149e-09
0.6000000000000001,0.54,1.0581255224192483,-0.0034463007900450765,0.5828082263492484,7.470859131742701e-09
0.8,0.54,1.0752534222952217,-0.0027165821278895773,0.551878364537268,2.3968323709690056e-08
1.0,0.54,1.0863452352301304,-0.002354472025097053,0.5462893682269935,6.337617915855596e-08
1.2000000000000002,0.54,1.098047771922288,-0.0020145778292013066,0.528170729153566,1.4549435180069272e-07
1.4000000000000001,0.54,1.1069239675540847,-0.0018156426611888523,0.5209628863792036,3.0207989783832366e-07
1.6,0.54,1.11589350097662,-0.0016493012405848027,0.5089407255251545,5.79157192192268e-07
1.8,0.54,1.1235816023796108,-0.0015361792878212475,0.5013719033963427,1.0423177555397098e-06
2.0,0.54,1.1311299781159245,-0.0014383996355464379,0.4921241929479349,1.7792119774576487e-06
2.2,0.54,1.1380240850379968,-0.001363514556206751,0.48477221750669763,2.9048715777230125e-06
2.4000000000000004,0.54,1.1447114612793996,-0.0012968686309474948,0.4769362544828069,4.563774099543553e-06
2.6,0.54,1.1510097778564294,-0.0012417490960196145,0.46998569937902773,6.934248435674618e-06
2.8000000000000003,0.54,1.1571021171603042,-0.0011919985458061241,0.46298492748731884,1.0229579415173496e-05
3.0,0.54,1.1629298809880306,-0.0011488756778552426,0.4564553288897986,1.4700794370958396e-05
3.2,0.54,1.1685732465675562,-0.0011096115507710086,0.4500208673577234,2.063647482897633e-05
3.4000000000000004,0.54,1.1740181465286017,-0.0010745604752466144,0.4438768706085844,2.836362061173003e-05
3.6,0.54,1.1793030983880235,-0.00104239162213855,0.43786720477642227,3.824609062079565e-05
3.8000000000000003,0.54,1.1844290914264148,-0.0010131051843276849,0.4320619716507807,5.0683626258217006e-05
4.0,0.54,1.1894168222945256,-0.0009860123896746167,0.42639303289579317,6.610907775217411e-05
4.2,0.54,1.1942716166628882,-0.0009609994751330873,0.4208827699911447,8.4985937656558e-05
4.4,0.54,1.1990059625832474,-0.0009376793570765741,0.41549911432033926,0.00010780466942602815
4.6000000000000005,0.54,1.2036257905543923,-0.0009159185260492147,0.41024667016049243,0.0001350792298829244
4.800000000000001,0.54,1.208139437403509,-0.0008954803856173279,0.4051086750958841,0.0001673428857217739
5.0,0.54,1.212552269837737,-0.0008762438468887495,0.4000834782839829,0.00020514421494291876
5.2,0.54,1.2168702938221212,-0.000858052906537574,0.3951611575037242,0.0002490427875312994
5.4,0.54,1.2210980536068272,-0.000840806824443169,0.3903381786871045,0.0002996050716456391
5.6000000000000005,0.54,1.2252401085967215,-0.0008243963010598749,0.38560791446073794,0.0003574002940644845
5.800000000000001,0.54,1.2293002217544444,-0.0008087403568609366,0.3809665494619887,0.00042299657720290063
6.0,0.54,1.233281978317715,-0.0007937589709841597,0.3764092076269538,0.0004969572108667544
6.2,0.54,1.2371884813685223,-0.0007793879305963457,0.3719323312414368,0.0005798372400712111
6.4,0.54,1.2410226206661705,-0.000765566895266401,0.367532084395657,0.0006721802932544787
6.6000000000000005,0.54,1.2447869663345983,-0.0007522451956539723,0.36320530765456044,0.0007745157455799055
6.800000000000001,0.54,1.2484838923758659,-0.000739376475581115,0.35894885108646607,0.0008873561726498483
7.0,0.54,1.2521155463020337,-0.0007269208109785375,0.35475995292265844,0.0010111951372093315
7.2,0.54,1.255683910563415,-0.0007148421925060373,0.35063595509963713,0.001146505277212909
7.4,0.54,1.2591908000093741,-0.0007031091774963639,0.34657444935184917,0.001293736707262498
7.6000000000000005,0.54,1.262637895599646,-0.0006916936247858454,0.3425731517577868,0.0014533157066806105
7.800000000000001,0.54,1.266026750969652,-0.0006805707847416605,0.33862995553870107,0.0016256436890227431
8.0,0.54,1.2693588129285047,-0.00066971860478221,0.3347428726958347,0.0018110964281636565
8.200000000000001,0.54,1.272635430048783,-0.0006591176228707232,0.3309100499776175,0.0020100235268519493
8.4,0.54,1.2758578662822022,-0.0006487505468105991,0.32712973949925167,0.0022227481041432054
8.6,0.54,1.279027309072156,-0.0006386020949052028,0.3234003006858342,0.0024495666838204844
8.8,0.54,1.2821448789968157,-0.0006286587164052143,0.31972018389090245,0.0026907492618158434
9.0,0.54,1.2852116366683792,-0.0006189084327886795,0.3160879274383909,0.002946539534033876
9.200000000000001,0.54,1.2882285898423202,-0.0006093406377483766,0.31250214741919274,0.0032171552646705058
9.4,0.54,1.2911966990185442,-0.0005999459564992371,0.30896153340152255,0.0035027887774360753
9.600000000000001,0.54,1.2941168827967169,-0.0005907160950469274,0.305464841414364,0.0038036075521510056
9.8,0.54,1.2969900223107618,-0.0005816437211311326,0.30201088965626727,0.004119754910948698
10.0,0.54,1.2998169652977443,-0.0005727223468641909,0.29859855329681645,0.0044513507789831815
10.200000000000001,0.54,1.3025985295495608,-0.0005639462301368229,0.2952267606234016,0.004798492505974616
10.4,0.54,1.3053355060036818,-0.0005553102816227255,0.2918944889931056,0.005161255735807315
10.600000000000001,0.54,1.308028661391334,-0.0005468099841968814,0.28860076151334285,0.005539695312609317
10.8,0.54,1.3106787405706601,-0.0005384413188243716,0.28534464378922464,0.005933846212673233
11.0,0.54,1.3132864685298056,-0.0005302006994873982,0.2821252411099147,0.006343724492643918
11.200000000000001,0.54,1.3158525521303934,-0.0005220849143366698,0.27894169578278344,0.006769328245316862
11.4,0.54,1.318377681600858,-0.0005140910738838782,0.27579318475975967,0.007210638555358135
11.600000000000001,0.54,1.3208625318234068,-0.0005062165647837757,0.27267891742282035,0.007667620448141648
11.8,0.54,1.3233077634315884,-0.0004984590093050072,0.2695981335798271,0.008140223825790681
12.0,0.54,1.3257140237485538,-0.0004908162296316563,0.2665501016061378,0.00862838438534502
12.200000000000001,0.54,1.3280819475837,-0.00048328621681054725,0.2635341167459412,0.009132024514788475
12.4,0.54,1.3304121579097692,-0.0004758671037535419,0.2605494995392545,0.009651054163431443
12.600000000000001,0.54,1.3327052664361922,-0.0004685571420046685,0.2575955943743695,0.01018537168386128
12.8,0.54,1.3349618740953482,-0.0004613546818204224,0.2546717681459145,0.010734864643332002
13.0,0.54,1.3371825714548224,-0.000454258155251204,0.25177740901357826,0.011299410603067876
13.200000000000001,0.54,1.3393679390682667,-0.00044726606185799153,0.24891192524877254,0.011878877864493988
13.4,0.54,1.3415185477752083,-0.0004403769567719704,0.24607474416327405,0.012473126181883709
13.600000000000001,0.54,1.3436349589592325,-0.0004335894407977914,0.24326531111102395,0.013082007441326001
13.8,0.54,1.3457177247723862,-0.0004269021523058927,0.2404830885574783,0.013705366306268629
14.0,0.54,1.3477673883327448,-0.00042031376066962604,0.23772755521005523,0.014343040830190211
14.200000000000001,0.54,1.3497844839008868,-0.0004138229610360302,0.2349982052048648,0.014994863037198311
14.4,0.54,1.351769537040228,-0.00040742847023477434,0.23229454734480418,0.015660659471549303
14.600000000000001,0.54,1.3537230647652991,-0.0004011290236511758,0.22961610438506214,0.016340251717242602
14.8,0.54,1.3556455756813508,-0.00039492337290847194,0.22696241236219852,0.01703345688896256
15.0,0.54,1.3575375701180228,-0.0003888102842217526,0.2243330199635857,0.017740088095730917
15.200000000000001,0.54,1.3593995402592685,-0.00038278853729663504,0.2217274879342021,0.018459954878692914
15.4,0.54,1.3612319702712221,-0.00037685692466536946,0.21914538851815224,0.01919286362449661
15.600000000000001,0.54,1.363035336429258,-0.0003710142513617691,0.2165863049325441,0.01993861795573731
15.8,0.54,1.364810107245112,-0.00036525933484854586,0.21404983087156831,0.02069701909992986
16.0,0.54,1.3665567435946278,-0.00035959100512223345,0.2115355700388787,0.0214678662384426
16.2,0.54,1.368275698846374,-0.00035400810493127526,0.2090431357065084,0.02225095683677809
16.400000000000002,0.54,1.3699674189911923,-0.00034850949005306767,0.20657215029873882,0.023046086957518832
16.6,0.54,1.371632342772502,-0.0003430940295828503,0.20412224499949164,0.02385305155717366
16.8,0.54,1.3732709018170715,-0.0003377606061997555,0.20169305938189053,0.024671644768062544
17.0,0.54,1.3748835207658292,-0.000332508116381043,0.19928424105877568,0.025501660166267922
17.2,0.54,1.3764706174042505,-0.0003273354705444381,0.19689544535302464,0.026342891026562124
17.400000000000002,0.54,1.3780326027917504,-0.0003222415931053859,0.1945263349866219,0.027195130565095878
17.6,0.54,1.379569881389571,-0.00031722542244059767,0.19217657978746697,0.028058172170505876
17.8,0.54,1.3810828511865987,-0.000312285910759467,0.1898458564129695,0.028931809623974382
18.0,0.54,1.3825719038226183,-0.00030742202388246985,0.1875338480895384,0.02981583730865287
18.2,0.54,1.3840374247085239,-0.00030263274093414417,0.185240244367108,0.030710050408750012
18.400000000000002,0.54,1.3854797931430924,-0.000297917053960875,0.18296474088786913,0.03161424509848266
18.6,0.54,1.386899382425959,-0.0002932739674833827,0.18070703916842484,0.032528218721000736
18.8,0.54,1.3882965599665524,-0.0002887024979962812,0.178466846394617,0.033451769957324275
19.0,0.54,1.389671687388757,-0.00028420167342860854,0.17624387522827503,0.03438469898527355
19.200000000000003,0.54,1.3910251206311979,-0.00027977053257819664,0.1740378436252114,0.035326807628333304
19.400000000000002,0.54,1.3923572100430892,-0.0002754081245323491,0.17184847466376188,0.03627789949436751
19.6,0.54,1.393668300475651,-0.0002711135080889041,0.16967549638324053,0.03723778010409242
19.8,0.54,1.3949587313691774,-0.0002668857511874342,0.16751864163167388,0.03820625700922117
20.0,0.54,1.3962288368358762,-0.0002627239303622909,0.16537764792221457,0.03918313990021134
20.200000000000003,0.54,1.3974789457386592,-0.0002586271302271705,0.16325225729767154,0.04016824070357623
20.400000000000002,0.54,1.3987093817661143,-0.00025459444299901477,0.16114221620259866,0.04116137366875947
20.6,0.54,1.3999204635039115,-0.0002506249680685373,0.1590472753624185,0.04216235544461846
20.8,0.54,1.4011125045029327,-0.00024671781162296196,0.15696718966909234,0.043171005145613624
21.0,0.54,1.4022858133444362,-0.00024287208632571,0.15490171807285433,0.044187144407857065
21.200000000000003,0.54,1.4034406937025798,-0.00023908691105615034,0.15285062347958445,0.045210597435231224
21.400000000000002,0.54,1.4045774444046606,-0.0002353614107114496,0.15081367265337356,0.04624119103584779
21.6,0.54,1.4056963594893865,-0.00023169471607182744,0.14879063612390217,0.047278754649176365
21.8,0.54,1.4067977282635438,-0.00022808596372778233,0.14678128809825916,0.04832312036422794
22.0,0.54,1.4078818353573854,-0.00022453429606844908,0.14478540637686027,0.049374122929234925
22.200000000000003,0.54,1.4089489607790608,-0.0002210388613288383,0.14280277227312876,0.05043159975331921
22.400000000000002,0.54,1.4099993799684039,-0.00021759881369280942,0.14083317053665795,0.05149539090068635
22.6,0.54,1.4110333638503483,-0.00021421331344580516,0.13887638927957838,0.05256533907792661
22.8,0.54,1.4120511788882502,-0.00021088152717499284,0.13693221990586624,0.053641289615037925
23.0,0.54,1.4130530871373341,-0.00020760262800954368,0.13500045704337102,0.05472309044081467
23.200000000000003,0.54,1.414039346298487,-0.00020437579589527324,0.13308089847834992,0.055810592053269256
23.400000000000002,0.54,1.4150102097725568,-0.000201200217898519,0.1311733450923104,0.056903647485765506
23.6,0.54,1.4159659267153075,-0.00019807508853121985,0.12927760080100617,0.05800211226955109
23.8,0.54,1.4169067420931463,-0.00019499961009153416,0.12739347249542557,0.05910584439337235
24.0,0.54,1.4178328967396774,-0.00019197299301354598,0.12552076998460318,0.06021470426084592
24.200000000000003,0.54,1.4187446274131745,-0.00018899445621960433,0.12365930594017699,0.06132855464624283
24.400000000000002,0.54,1.4196421668549377,-0.00018606322746885596,0.12180889584256514,0.06244726064931454
24.6,0.54,1.420525743848559,-0.00018317854369734576,0.119969357928649,0.06357068964975744
24.8,0.54,1.4213955832800524,-0.0001803396513434808,0.11814051314089338,0.06469871126187207
25.0,0.54,1.4222519061987804,-0.0001775458066540329,0.1163221850778286,0.06583119728992773
25.200000000000003,0.54,1.4230949298791014,-0.00017479627596765727,0.11451419994582256,0.06696802168469192
25.400000000000002,0.54,1.4239248678826417,-0.0001720903359714149,0.11271638651209348,0.06810906050152978
25.6,0.54,1.4247419301210607,-0.00016942727392678638,0.11092857605890585,0.0692541918604199
25.8,0.54,1.4255463229192094,-0.00016680638786407146,0.10915060233889749,0.07040329590817465
26.0,0.54,1.4263382490785095,-0.00016422698674308924,0.10738230153152273,0.07155625478308994
26.200000000000003,0.54,1.4271179079404401,-0.00016168839057734258,0.10562351220055702,0.07271295258219267
26.400000000000002,0.54,1.4278854954499638,-0.00015918993052333662,0.10387407525262582,0.07387327533119024
26.6,0.54,1.4286412042187477,-0.0001567309489336501,0.10213383389674952,0.07503711095717307
26.8,0.54,1.4293852235880313,-0.00015431079937442088,0.10040263360485985,0.07620434926406412
27.0,0.54,1.430117739690996,-0.00015192884660844352,0.09868032207325961,0.07737488191075877
27.200000000000003,0.54,1.4308389355144937,-0.00014958446654410738,0.09696674918501198,0.07854860239185218
27.400000000000002,0.54,1.4315489909599977,-0.0001472770461542661,0.09526176697322816,0.07972540602080713
27.6,0.54,1.4322480829036692,-0.00014500598336468593,0.09356522958521103,0.08090518991537907
27.8,0.54,1.4329363852554033,-0.00014277068691558693,0.09187699324745997,0.08208785298508121
28.0,0.54,1.433614069016766,-0.00014057057619937008,0.09019691623147687,0.08327329592044609
28.200000000000003,0.54,1.434281302337738,-0.0001384050810757546,0.08852485882035742,0.08446142118381725
28.400000000000002,0.54,1.4349382505721717,-0.0001362736416688872,0.08686068327613855,0.08565213300138848
28.6,0.54,1.4355850763319251,-0.0001341757081491857,0.0852042538078768,0.08684533735619608
28.8,0.54,1.4362219395396014,-0.00013211074050197515,0.08355543654039183,0.08804094198176418
29.0,0.54,1.4368489974798664,-0.00013007820828669998,0.08191409948369732,0.08923885635610194
29.200000000000003,0.54,1.4374664048493382,-0.00012807759038945752,0.080280112503006,0.09043899169575367
29.400000000000002,0.54,1.4380743138050218,-0.0001261083747725436,0.07865334728937587,0.0916412609496137
29.6,0.54,1.4386728740113035,-0.0001241700582217479,0.0770336773308153,0.09284557879222777
29.8,0.54,1.4392622326855287,-0.0001222621460963729,0.07542097788402168,0.09405186161631998
30.0,0.54,1.439842534642157,-0.00012038415208194202,0.07381512594638893,0.09526002752430576
30.200000000000003,0.54,1.4404139223356065,-0.00011853559795048228,0.07221600022873854,0.09646999631857078
30.400000000000002,0.54,1.440976535901716,-0.00011671601332583098,0.07062348112801754,0.09768168949032476
30.6,0.54,1.4415305131980354,-0.00011492493546312249,0.06903745070095117,0.09889503020686564
30.8,0.54,1.4420759898427944,-0.00011316190903133757,0.06745779263714068,0.1001099432971175
31.0,0.54,1.4426130992529107,-0.00011142648591892317,0.0658843922337047,0.10132635523533949
31.200000000000003,0.54,1.4431419726806596,-0.00010971822503619994,0.06431713636831625,0.102544194122931
31.400000000000002,0.54,1.4436627392497552,-0.0001080366921532996,0.06275591347513948,0.10376338966829271
31.6,0.54,1.4441755259898938,-0.00010638145971925372,0.06120061351705385,0.10498387316473097
31.8,0.54,1.4446804578713275,-0.00010475210674152481,0.059651127963645204,0.10620557746642836
32.0,0.54,1.4451776578373778,-0.00010314821861030531,0.05810734976119559,0.10742843696252484
32.2,0.54,1.4456672468380651,-0.0001015693870352015,0.05656917331451772,0.10865238754939248
32.4,0.54,1.446149343860441,-0.00010001520985099884,0.05503649445186369,0.10987736660119705
32.6,0.54,1.4466240659621552,-9.848529104209218e-05,0.05350921041448361,0.11110331293888384
32.800000000000004,0.54,1.4470915282989634,-9.697924047799e-05,0.05198721981062577,0.11233016679771796
33.0,0.54,1.4475518441597526,-9.549667409283164e-05,0.05047042262104741,0.1135578697935661
33.2,0.54,1.4480051249895691,-9.403721344555417e-05,0.048958720130048296,0.11478636488806736
33.4,0.54,1.4484514804289927,-9.260048619683544e-05,0.04745201496422755,0.11601559635293189
33.6,0.54,1.4488910183289627,-9.11861252774192e-05,0.04595021097542256,0.11724550973350122
33.800000000000004,0.54,1.4493238448002714,-8.979376996585514e-05,0.04445321334896334,0.11847605181187618
34.0,0.54,1.4497500642121939,-8.842306421376747e-05,0.042960928386011246,0.11970717056968119
34.2,0.54,1.4501697792639363,-8.707365896479814e-05,0.041473263757193186,0.12093881515088332
34.4,0.54,1.4505830909501793,-8.574520870188337e-05,0.039990128074564195,0.1221709358245764
34.6,0.54,1.4509900986791013,-8.443737634877528e-05,0.03851143144940238,0.12340348394836725
34.800000000000004,0.54,1.451390900169349,-8.314982608646201e-05,0.03703708462411002,0.12463641193193521
35.0,0.54,1.451785591666019,-8.188223365537452e-05,0.035567000166448204,0.1258696732018584
35.2,0.54,1.4521742676947924,-8.063427135371967e-05,0.03410109068073005,0.12710322216657066
35.4,0.54,1.4525570214832728,-7.940562964367364e-05,0.032639271333937105,0.1283370141835089
35.6,0.54,1.4529339444168736,-7.819598578394421e-05,0.031181456139989346,0.12957100552585102
35.800000000000004,0.54,1.453305126890262,-7.700504909920648e-05,0.0297275632738676,0.13080515335294862
36.0,0.54,1.453670657139679,-7.583249534670808e-05,0.028277507321860684,0.13203941567881247
36.2,0.54,1.4540306229950104,-7.467806151604227e-05,0.026831210433342058,0.13327375134706926
36.4,0.54,1.4543851094071214,-7.354140845043899e-05,0.02538858612326536,0.13450812000041198
36.6,0.54,1.4547342020861374,-7.242231913721457e-05,0.023949562651485765,0.13574248206201664
36.800000000000004,0.54,1.4550779822938111,-7.132041127510532e-05,0.022514049127997274,0.13697679870375085
37.0,0.54,1.4554165344359953,-7.023555003621366e-05,0.0210819845197768,0.13821103183747432
37.2,0.54,1.4557499350978271,-6.916724936347867e-05,0.01965326665468149,0.13944514407704364
37.4,0.54,1.4560782689650973,-6.811551257206596e-05,0.018227855038592235,0.14067909874505347
37.6,0.54,1.4564016055238709,-6.707961774672259e-05,0.01680562186770321,0.14191285981906027
37.800000000000004,0.54,1.456720032946149,-6.605965464859633e-05,0.01538656867267467,0.14314639195367537
38.0,0.54,1.4570336063622433,-6.505441890924883e-05,0.013970511326341138,0.14437966040488237
38.2,0.54,1.4573424249228528,-6.406251904841036e-05,0.012557545400006821,0.14561263096198437
38.400000000000006,0.54,1.4576464959986182,-6.308264525599809e-05,0.01114735700275397,0.14684527000274844
38.6,0.54,1.4579459607620826,-6.209564280793723e-05,0.009740307656805584,0.14807754313346796
38.800000000000004,0.54,1.4582405461804264,-6.111395534823864e-05,0.008335693605933803,0.14930941752881396
39.0,0.54,1.4585307015838564,-5.994470824707459e-05,0.006935089610646066,0.15054084725977768
39.2,0.54,1.45881386083162,-5.880324428938342e-05,0.005535694750667759,0.15177180223277925
39.400000000000006,0.54,1.459093687579158,-5.5731278181236244e-05,0.004147951838558553,0.15300211511182532
39.6,0.54,1.4593455355414535,-5.3532445448909904e-05,0.002750962768940873,0.1542318003481464
39.800000000000004,0.54,1.459610046744591,-2.9104453456084715e-05,0.0014385392686192052,0.15545511939353737
40.0,0.54,1.459610046744591,0.0,0.0,0.15545511939353737
0.0,0.56,1.0,0.0,0.6278599634104273,0.0
0.2,0.56,1.0210825954474485,-0.006466877498910697,0.6278599634104273,7.84011387121641e-10
0.4,0.56,1.04284632400004,-0.005329570641496102,0.5850223121628029,5.4449762138554986e-09
0.6000000000000001,0.56,1.0587433635251964,-0.005172082184305725,0.5827878216187857,2.358183905686593e-08
0.8,0.56,1.0758952233110695,-0.004075110932517614,0.5517753487848106,7.225875409708957e-08
1.0,0.56,1.0869723036199834,-0.003530962420547338,0.5462367233896342,1.8329151381662966e-07
1.2000000000000002,0.56,1.0986715829010143,-0.0030214769504084095,0.5281214746193293,4.049656211804136e-07
1.4000000000000001,0.56,1.107544247692223,-0.0027233498266891303,0.5209332880327867,8.119582194331251e-07
1.6,0.56,1.1165145096159297,-0.0024740587722797327,0.508915784418309,1.5073538657935841e-06
1.8,0.56,1.1242042807862451,-0.0023045086393948407,0.5013545169483831,2.6330195037982567e-06
2.0,0.56,1.1317554450256033,-0.002157891919116134,0.4921090408434466,4.370720879718091e-06
2.2,0.56,1.1386523495979306,-0.0020455833402272467,0.48476037655451626,6.951066926213023e-06
2.4000000000000004,0.56,1.1453424765025124,-0.0019455944096879111,0.4769256385622979,1.0652830186112349e-05
2.6,0.56,1.1516430036425933,-0.0018628767791380012,0.4699767824348784,1.5808949089778795e-05
2.8000000000000003,0.56,1.1577369137483593,-0.0017881886352177194,0.46297682278297086,2.2803676003100968e-05
3.0,0.56,1.163565299636022,-0.0017234251257187759,0.4564482202136987,3.2074920930397776e-05
3.2,0.56,1.1692081892589645,-0.0016644292256238204,0.45001435204435414,4.4109349007697444e-05
3.4000000000000004,0.56,1.1746512645859466,-0.0016117345859322136,0.4438710015323344,5.944123728987488e-05
3.6,0.56,1.1799328603380221,-0.0015633430694525492,0.4378617869396364,7.864601454247067e-05
3.8000000000000003,0.56,1.1850537380750832,-0.0015192557195760723,0.432057005992508,0.00010233642915252622
4.0,0.56,1.1900343993029465,-0.0014784386920042947,0.4263884179932234,0.00013115522235511418
4.2,0.56,1.1948799595990163,-0.0014407219455459437,0.4208784897540329,0.00016576966378478367
4.4,0.56,1.1996027176984523,-0.0014055250494623733,0.4154951116167322,0.0002068640750928115
4.6000000000000005,0.56,1.2042084162784208,-0.001372648624385072,0.41024292573671106,0.00025513374989079816
4.800000000000001,0.56,1.2087052225825832,-0.0013417386305268754,0.4051051540110816,0.0003112779395121965
5.0,0.56,1.213098344509615,-0.001312614688095344,0.4000801629219142,0.0003759939637810946
5.2,0.56,1.2173936479244594,-0.0012850441244548327,0.39515802480908485,0.0004499710952359343
5.4,0.56,1.2215955528667761,-0.0012588773936623794,0.3903352138921515,0.0005338854002354314
5.6000000000000005,0.56,1.2257085140625068,-0.0012339521883543553,0.38560510135870013,0.0006283947685095683
5.800000000000001,0.56,1.2297362081005043,-0.0012101488008222396,0.3809638760651213,0.0007341347748814721
6.0,0.56,1.2336821535539169,-0.0011873489982420972,0.37640666197063016,0.0008517149354876425
6.2,0.56,1.2375494056868928,-0.001165458296733922,0.37192990368193496,0.0009817156842757745
6.4,0.56,1.2413408254445737,-0.001144388008923863,0.3675297657712605,0.0011246858132808926
6.6000000000000005,0.56,1.2450589722100904,-0.0011240639292892187,0.36320309019317265,0.0012811405230640177
6.800000000000001,0.56,1.248706226754969,-0.0011044182667302035,0.35894672757901464,0.0014515599243581708
7.0,0.56,1.25228475977768,-0.0010853928095294698,0.3547579170618987,0.0016363880408326436
7.2,0.56,1.2557965923622165,-0.0010669351305427066,0.3506340010937964,0.0018360322070217225
7.4,0.56,1.2592435922173606,-0.0010489995552203668,0.34657257203526387,0.0020508628627403766
7.6000000000000005,0.56,1.2626275062149206,-0.0010315452534541143,0.34257134639981446,0.002281213668226708
7.800000000000001,0.56,1.2659499656780253,-0.001014536369280377,0.3386282178662648,0.00252738191951946
8.0,0.56,1.269212505639604,-0.0009979409748578645,0.33474119879161557,0.002789629207132598
8.200000000000001,0.56,1.2724165721711713,-0.000981730909511525,0.33090843627124705,0.0030681822901782773
8.4,0.56,1.2755635347842234,-0.0009658811487595814,0.32712818270819255,0.003363234142137213
8.6,0.56,1.2786546933539233,-0.0009503695673426004,0.3233987977975798,0.003674945140480191
8.8,0.56,1.2816912866319057,-0.0009351765229950176,0.3197187321255607,0.004003444366418399
9.0,0.56,1.2846744980665832,-0.0009202846226687739,0.31608652423022926,0.004348830990445975
9.200000000000001,0.56,1.2876054619005828,-0.0009056784275447385,0.31250079039112827,0.004711175718064
9.4,0.56,1.2904852678244327,-0.0008913442477077318,0.30896022034875464,0.005090522275964702
9.600000000000001,0.56,1.2933149654555485,-0.0008772699221719396,0.30546357028596577,0.005486888919619433
9.8,0.56,1.296095567965591,-0.000863444646739758,0.3020096585414979,0.005900269947114404
10.0,0.56,1.2988280554133003,-0.0008498588045514555,0.29859736041130275,0.006330637205368627
10.200000000000001,0.56,1.3015133775289949,-0.0008365038248518688,0.295225604297968,0.006777941577546402
10.4,0.56,1.304152456206157,-0.0008233720501117595,0.2918933676631286,0.007242114441818872
10.600000000000001,0.56,1.3067461876156805,-0.000810456621655968,0.28859967370972756,0.007723069093523092
10.8,0.56,1.3092954440679856,-0.0007977513748157332,0.28534358813005883,0.008220702123963607
11.0,0.56,1.3118010756046334,-0.0007852507474065465,0.2821242162932082,0.008734894750492798
11.200000000000001,0.56,1.3142639113867445,-0.0007729496972678486,0.2789407005798502,0.00926551409352744
11.4,0.56,1.3166847608860552,-0.0007608436300590064,0.27579221800937437,0.009812414397230686
11.600000000000001,0.56,1.3190644149188357,-0.0007489283351092066,0.27267797802592847,0.01037543819145619
11.8,0.56,1.3214036465358914,-0.00073719992945587,0.2695972204948334,0.010954417393409995
12.0,0.56,1.3237032117951024,-0.0007256548087768686,0.26654921384464947,0.01154917434821878
12.200000000000001,0.56,1.3259638504304918,-0.0007142896049331819,0.26353325336895383,0.012159522808288036
12.4,0.56,1.3281862864363745,-0.0007031011492439004,0.2605486596537052,0.012785268851934824
12.600000000000001,0.56,1.3303712285789198,-0.000692086441060844,0.25759477713003054,0.013426211742325061
12.8,0.56,1.3325193708485117,-0.0006812426209800495,0.2546709727325828,0.014082144728208165
13.0,0.56,1.3346313928628672,-0.000670566948233584,0.2517766346585287,0.01475285578833941
13.200000000000001,0.56,1.3367079602305856,-0.000660056781730234,0.2489111712144431,0.015438128321802002
13.4,0.56,1.3387497248827178,-0.0006497095643239217,0.24607400974516033,0.016137741786696767
13.600000000000001,0.56,1.3407573253792389,-0.000639522809878218,0.24326459563575292,0.01685147228985591
13.8,0.56,1.3427313871959186,-0.0006294940927655717,0.2404823913810493,0.017579093130367745
14.0,0.56,1.3446725229963679,-0.0006196210394522248,0.2377268757162187,0.018320375299775433
14.200000000000001,0.56,1.346581332893028,-0.0006099013218707465,0.2349975428036337,0.01907508794184252
14.4,0.56,1.3484584047002746,-0.0006003326523044156,0.23229390147107482,0.0198429987747687
14.600000000000001,0.56,1.350304314182067,-0.00059091277954142,0.22961547449733685,0.020623874478696166
14.8,0.56,1.3521196252960874,-0.000581639486081235,0.2269617979413969,0.02141748105127789
15.0,0.56,1.3539048904357935,-0.000572510586201539,0.2243324205119362,0.02222358413398743
15.200000000000001,0.56,1.3556606506713829,-0.0005635239247144627,0.22172690297420328,0.023041949311741323
15.4,0.56,1.3573874359903513,-0.0005546773762615171,0.21914481759159976,0.02387234238828105
15.600000000000001,0.56,1.3590857655379711,-0.0005459688450134021,0.21658574759961327,0.024714529639626063
15.8,0.56,1.3607561478577779,-0.0005373962646588505,0.2140492867099495,0.025568278047762332
16.0,0.56,1.3623990811319402,-0.0005289575985823716,0.21153503864295928,0.026433355516574917
16.2,0.56,1.3640150534212074,-0.0005206508401435115,0.20904261668659704,0.027309531071869078
16.400000000000002,0.56,1.3656045429039803,-0.0005124740129876896,0.2065716432803313,0.028196575047152214
16.6,0.56,1.3671680181139605,-0.0005044251713285801,0.20412174962257082,0.029094259256672843
16.8,0.56,1.3687059381757847,-0.0004965024001560001,0.2016925753002611,0.03000235715703188
17.0,0.56,1.3702187530379417,-0.0004887038153361085,0.1992837679394304,0.030920643998499992
17.2,0.56,1.371706903702357,-0.00048102756357930706,0.1968949828755413,0.031848896966994486
17.400000000000002,0.56,1.3731708224499388,-0.00047347182226222526,0.19452588284258787,0.032786895317493917
17.6,0.56,1.3746109330615084,-0.0004660347990977917,0.19217613767993044,0.033734420499499845
17.8,0.56,1.3760276510335023,-0.000458714731657327,0.1898454240559167,0.03469125627499877
18.0,0.56,1.3774213837879588,-0.00045150988674981036,0.18753342520739646,0.035657188829232994
18.2,0.56,1.3787925308763398,-0.0004444185596723887,0.18523983069426997,0.0366320068744615
18.400000000000002,0.56,1.3801414841768411,-0.0004374390733485555,0.18296433616824248,0.03761550174678295
18.6,0.56,1.381468628084896,-0.0004305697773725126,0.18070664315500265,0.038607467496002065
18.8,0.56,1.3827743396966992,-0.00042380904697986036,0.1784664588490701,0.039607700968451405
19.0,0.56,1.3840589889856356,-0.00041715528196449266,0.17624349592056435,0.04061600188263012
19.200000000000003,0.56,1.3853229389715656,-0.00041060690556487514,0.17403747233321978,0.04163217289749238
19.400000000000002,0.56,1.3865665458830378,-0.0004041623633371435,0.1718481111729467,0.04265601967320499
19.6,0.56,1.3877901593125117,-0.00039782012203602236,0.16967514048630153,0.0436873509242012
19.8,0.56,1.388994122364775,-0.00039157866851977086,0.16751829312824268,0.044725978464376856
20.0,0.56,1.3901787717987744,-0.0003854365086954756,0.16537730661855612,0.04577171724430889
20.200000000000003,0.56,1.3913444381631273,-0.0003793921665197418,0.16325192300640637,0.04682438538042055
20.400000000000002,0.56,1.3924914459256326,-0.00037344418306551556,0.16114188874243646,0.04788380417606925
20.6,0.56,1.3936201135971067,-0.00036759111566593577,0.15904695455790954,0.04894979813459229
20.8,0.56,1.3947307538499185,-0.0003618315371436526,0.15696687535038983,0.050022194964406665
21.0,0.56,1.395823673631608,-0.00035616403513113803,0.15490141007549224,0.051100825576324456
21.200000000000003,0.56,1.3968991742739667,-0.00035058721148738286,0.1528503216442651,0.05218552407330855
21.400000000000002,0.56,1.397957551598001,-0.0003450996818131918,0.15081337682576992,0.05327612773295728
21.6,0.56,1.3989990960151553,-0.00033970007506541863,0.14879034615446804,0.05437247698306645
21.8,0.56,1.4000240926251946,-0.00033438703326953476,0.14678100384205175,0.05547441537067351
22.0,0.56,1.4010328213111203,-0.0003291592113278276,0.14478512769337068,0.05658178952504121
22.200000000000003,0.56,1.4020255568314959,-0.0003240152769193589,0.14280249902612238,0.05769444911508357
22.400000000000002,0.56,1.403002568910503,-0.0003189539104865652,0.14083290259402312,0.058812246801776956
22.6,0.56,1.4039641223260682,-0.0003139738053006954,0.13887612651318187,0.05993503818613288
22.8,0.56,1.4049104769963403,-0.0003090736676003402,0.13693196219141626,0.06106268175333446
23.0,0.56,1.405841888064793,-0.00030425221679371994,0.13500020426028725,0.06219503881365674
23.200000000000003,0.56,1.4067586059841781,-0.00029950818571548507,0.13308065050963785,0.06333197344080199
23.400000000000002,0.56,1.4076608765995395,-0.0002948403209291628,0.13117310182444417,0.06447335240828274
23.6,0.56,1.4085489412304555,-0.0002902473830655981,0.12927736212381374,0.06561904512448041
23.8,0.56,1.4094230367526508,-0.0002857281471868937,0.12739323830197868,0.06676892356699322
24.0,0.56,1.4102833956790881,-0.000281281403167566,0.1255205401711137,0.06792286221686569
24.200000000000003,0.56,1.4111302462406219,-0.000276905956082838,0.12365908040589563,0.06908073799326471
24.400000000000002,0.56,1.4119638124662515,-0.00027260062659422476,0.12180867448968351,0.07024243018912979
24.6,0.56,1.4127843142630172,-0.00026836425132669453,0.1199691406622055,0.07140782040828542
24.8,0.56,1.4135919674955237,-0.0002641956832274369,0.11814029986868253,0.07257679250445624
25.0,0.56,1.4143869840650736,-0.0002600937918997359,0.11632197571031251,0.07374923252257409
25.200000000000003,0.56,1.4151695719883806,-0.00025605746390708665,0.1145139943960455,0.07492502864271196
25.400000000000002,0.56,1.4159399354757805,-0.0002520856030409578,0.11271618469559837,0.07610407112692305
25.6,0.56,1.4166982750088948,-0.0002481771305481881,0.11092837789365363,0.07728625226920424
25.8,0.56,1.4174447874176377,-0.00024433098531507856,0.10915040774518861,0.07847146634874436
26.0,0.56,1.4181796659564998,-0.0002405461240054075,0.10738211043192054,0.0796596095865608
26.200000000000003,0.56,1.418903100379989,-0.00023682152114941452,0.10562332451981288,0.08085058010556946
26.400000000000002,0.56,1.4196152770171382,-0.00023315616918516004,0.10387389091760665,0.08204427789408109
26.6,0.56,1.4203163788449789,-0.00022954907845001296,0.1021336528363678,0.08324060477266401
26.8,0.56,1.4210065855608662,-0.00022599927712409651,0.10040245575000364,0.0844394643642674
27.0,0.56,1.421686073653576,-0.0002225058111276461,0.09868014735672624,0.08564076206745545
27.200000000000003,0.56,1.4223550164730656,-0.00021906774397114948,0.09696657754144292,0.08684440503256516
27.400000000000002,0.56,1.4230135842988136,-0.00021568415656573713,0.09526159833904528,0.08805030214056635
27.6,0.56,1.423661944406671,-0.00021235414699251725,0.09356506389855536,0.08925836398437541
27.8,0.56,1.4243002611341389,-0.00020907683023598376,0.09187683044813202,0.09046850285234995
28.0,0.56,1.4249286959440253,-0.00020585133788640937,0.09019675626087874,0.09168063271367546
28.200000000000003,0.56,1.4255474074864236,-0.0002026768178122685,0.0885247016214369,0.09289466920534126
28.400000000000002,0.56,1.426156551658987,-0.0001995524338104487,0.08686052879333468,0.09411052962039582
28.6,0.56,1.4267562816654697,-0.00019647736523621288,0.08520410198706772,0.09532813289717017
28.8,0.56,1.427346748072505,-0.00019345080661699955,0.08355528732884464,0.09654739960915723
29.0,0.56,1.4279280988646466,-0.00019047196725670678,0.08191395283001932,0.09776825195524544
29.200000000000003,0.56,1.4285004794976637,-0.00018754007083233754,0.08027996835709775,0.0989906137500114
29.400000000000002,0.56,1.429064032950122,-0.0001846543549885334,0.07865320560238709,0.1002144104137935
29.6,0.56,1.429618899773258,-0.00018181407093197352,0.07703353805510159,0.10143956896228422
29.8,0.56,1.430165218139226,-0.00017901848303207826,0.07542084097310314,0.10266601799540043
30.0,0.56,1.430703123887715,-0.0001762668684277554,0.0738149913549109,0.10389368768521445
30.200000000000003,0.56,1.4312327505710614,-0.00017355851664811227,0.07221586791243474,0.10512250976275253
30.400000000000002,0.56,1.4317542294978118,-0.00017089272924102262,0.07062335104367334,0.10635241750349708
30.6,0.56,1.43226768977496,-0.0001682688194258049,0.06903732280637061,0.10758334571145563
30.8,0.56,1.4327732583487156,-0.00016568611175117763,0.06745766689111225,0.10881523070168872
31.0,0.56,1.4332710600441814,-0.0001631439417885118,0.06588426859597278,0.1100480102812217
31.200000000000003,0.56,1.433761217603561,-0.00016064165582234442,0.06431701479954965,0.11128162372829084
31.400000000000002,0.56,1.4342438517236675,-0.0001581786105936618,0.06275579393690567,0.11251601176990862
31.6,0.56,1.434719081091782,-0.00015575417301635702,0.06120049597178952,0.113751116557755
31.8,0.56,1.4351870224214307,-0.0001533677199847918,0.05965101237463569,0.11498688164243911
32.0,0.56,1.4356477904860023,-0.0001510186380989518,0.05810723609254368,0.11622325194618614
32.2,0.56,1.4361014981533915,-0.00014870632355799794,0.05656906153113195,0.1174601737340502
32.4,0.56,1.436548256417222,-0.00014643018185819988,0.05503638451942103,0.11869759458374435
32.6,0.56,1.4369881744312474,-0.00014418962781889035,0.05350910229943097,0.11993546335424267
32.800000000000004,0.56,1.4374213595375442,-0.00014198408517575008,0.05198711348012826,0.12117373015326392
33.0,0.56,1.437847917302209,-0.00013981298683889842,0.050470318043015626,0.12241234630384903
33.2,0.56,1.438267951538855,-0.00013767577422364442,0.04895861727305407,0.12365126431012852
33.4,0.56,1.4386815643485051,-0.00013557189795553956,0.04745191379758249,0.12489043782256945
33.6,0.56,1.4390888561346662,-0.0001335008166130374,0.04595011146902202,0.1261298216027307
33.800000000000004,0.56,1.4394899256532223,-0.000131461998333264,0.044453115473472526,0.12736937148794508
34.0,0.56,1.4398848700110227,-0.00012945491829217327,0.042960832112557176,0.1286090443557859
34.2,0.56,1.4402737847377316,-0.00012747906217080396,0.041473169057772444,0.12984879808898928
34.4,0.56,1.4406567637509065,-0.00012553392096984264,0.0399900349214168,0.1310885915403189
34.6,0.56,1.4410338994745844,-0.00012361899834876716,0.03851133981588236,0.13232838449855902
34.800000000000004,0.56,1.4414052827351576,-0.00012173379984753613,0.037036994483390685,0.13356813765434714
35.0,0.56,1.441771002978436,-0.00011987784832171629,0.03556691149336307,0.13480781256811467
35.2,0.56,1.4421311480215229,-0.00011805066144653162,0.0341010034490747,0.13604737163723057
35.4,0.56,1.4424858044765592,-0.00011625178409642828,0.03263918552034274,0.13728677806689585
35.6,0.56,1.4428350572020663,-0.00011448074131725052,0.031181371718283432,0.13852599583851868
35.800000000000004,0.56,1.443178990159756,-0.00011273710617924842,0.029727480223205184,0.1397649896849173
36.0,0.56,1.4435176852377039,-0.00011102040138417158,0.028277425614920998,0.14100372505905515
36.2,0.56,1.4438512240141423,-0.00010933024136752475,0.02683113005337889,0.14224216811573465
36.4,0.56,1.4441796852661812,-0.00010766612635817509,0.025388507039381097,0.1434802856782842
36.6,0.56,1.4445031486333024,-0.00010602773962277869,0.023949484854334457,0.14471804523076884
36.800000000000004,0.56,1.444821689371478,-0.00010441451659931706,0.022513972578007944,0.14595541487713926
37.0,0.56,1.4451353859993772,-0.00010282626367940182,0.021081909221535862,0.1471923633517345
37.2,0.56,1.44544430925511,-0.00010126226077466947,0.01965319254900804,0.14842885995922475
37.4,0.56,1.445748538131169,-9.972252178854075e-05,0.01822778215408188,0.14966487461696262
37.6,0.56,1.4460481364193316,-9.820597403723933e-05,0.016805550101783723,0.15090037775320275
37.800000000000004,0.56,1.4463431868308114,-9.671276544415529e-05,0.015386498068180612,0.15213534038722312
38.0,0.56,1.4466337390243014,-9.524110759549564e-05,0.01397044169365052,0.15336973396614118
38.2,0.56,1.4469198870848583,-9.378896428854294e-05,0.012557476508373758,0.15460353029155444
38.400000000000006,0.56,1.4472016339317635,-9.235443986952319e-05,0.011147288653362862,0.15583670157745885
38.6,0.56,1.4474791168197747,-9.090917646676621e-05,0.009740236357318688,0.15706921792549153
38.800000000000004,0.56,1.4477520666277228,-8.947223803042943e-05,0.00833562175747793,0.15830105177451492
39.0,0.56,1.4480209331721545,-8.775782414586883e-05,0.006934981810142934,0.15953214974320054
39.2,0.56,1.448283235218296,-8.609133885849857e-05,0.005535591340877969,0.16076248877449942
39.400000000000006,0.56,1.4485426444837295,-8.157813800912523e-05,0.004147492720132783,0.16199178127493016
39.6,0.56,1.4487755763382164,-7.84141102513305e-05,0.0027506720253519562,0.16322010648844518
39.800000000000004,0.56,1.4490220099462774,-4.2670574774028445e-05,0.001434175756667635,0.16444030166964013
40.0,0.56,1.4490220099462774,0.0,0.0,0.16444030166964013
0.0,0.58,1.0,0.0,0.6286177029600525,0.0
0.2,0.58,1.0215416010171707,-0.008680525186645355,0.6286177029600525,2.662189863071579e-09
0.4,0.58,1.0436983729721139,-0.007130910975347224,0.5848700653418817,1.753691790709469e-08
0.6000000000000001,0.58,1.0596124001570815,-0.0069008951853401735,0.5827576376739765,7.271454465035615e-08
0.8,0.58,1.076796945982442,-0.005433869538627342,0.5516306706243668,2.1319852858414996e-07
1.0,0.58,1.0878531437211254,-0.004706552816051712,0.5461628251479926,5.197660774211256e-07
1.2000000000000002,0.58,1.0995477204538102,-0.004027924663129243,0.5280525240166102,1.1073467590353825e-06
1.4000000000000001,0.58,1.1084153527519407,-0.0036309401922394254,0.520891859849107,2.1479485306245812e-06
1.6,0.58,1.117386433777258,-0.003298955976375447,0.508880872150446,3.867749757390022e-06
1.8,0.58,1.1250781742063514,-0.0030731215127261153,0.5013301756786598,6.568011907279904e-06
2.0,0.58,1.1326326395521147,-0.0028777104173298056,0.49208781907709515,1.0618831912456263e-05
2.2,0.58,1.1395325629393778,-0.002727976368721907,0.484743790415982,1.647484934573266e-05
2.4000000000000004,0.58,1.1462252880099375,-0.002594591392397231,0.4769107649067595,2.4665037310007248e-05
2.6,0.58,1.15252724015295,-0.0024841965034791726,0.4699642887372548,3.580135505730538e-05
2.8000000000000003,0.58,1.1586212055830776,-0.002384458654628687,0.4629654660811122,5.056527565360692e-05
3.0,0.58,1.1644477893983858,-0.0022979181454622554,0.45643825933741405,6.9709289478325e-05
3.2,0.58,1.1700867638384849,-0.002219025880793452,0.45000522250588293,9.404156219597179e-05
3.4000000000000004,0.58,1.1755234195727502,-0.002148497969595599,0.4438627779398031,0.0001244217469755445
3.6,0.58,1.1807958056916628,-0.0020836673255799822,0.43785419595323816,0.00016174531719531686
3.8000000000000003,0.58,1.1859043444684727,-0.0020245374639676784,0.4320500491549057,0.0002069358965151712
4.0,0.58,1.1908692552405389,-0.001969729429653068,0.42638195316313643,0.0002609306174992538
4.2,0.58,1.1956953607225327,-0.0019190184325677008,0.4208724944953648,0.0003246711518455542
4.4,0.58,1.2003947068413667,-0.0018716317367470847,0.4154895058802595,0.0003990910719030501
4.6000000000000005,0.58,1.204972795171956,-0.0018273059293214056,0.4102376826016334,0.0004851072758688268
4.800000000000001,0.58,1.209437586710393,-0.0017855712801467783,0.4051002245301228,0.0005836099015218672
5.0,0.58,1.2137941060729964,-0.001746190278820187,0.40007552244170813,0.0006954552099308843
5.2,0.58,1.2180480690451172,-0.001708855759316237,0.39515364103375417,0.0008214582123610083
5.4,0.58,1.2222037734022866,-0.0016733717333036525,0.39033106614297813,0.0009623875047032202
5.6000000000000005,0.58,1.2262655834194636,-0.0016395252501069067,0.38560116692936847,0.001118960472422073
5.800000000000001,0.58,1.2302371139975503,-0.001607160287140096,0.38096013816024815,0.0012918401452145132
6.0,0.58,1.2341218516537953,-0.0015761227662187385,0.37640310382038633,0.001481632656619914
6.2,0.58,1.2379228468808974,-0.0015462902560185719,0.37192651176600056,0.0016888859251916598
6.4,0.58,1.241642982405134,-0.0015175479512577622,0.3675265272400165,0.0019140889539984826
6.6000000000000005,0.58,1.2452848637407032,-0.0014898002366993417,0.36319999414132054,0.0021576720128273705
6.800000000000001,0.58,1.2488509406116826,-0.001462959882457933,0.3589437638867594,0.0024200073443830664
7.0,0.58,1.2523434733099623,-0.0014369522474491114,0.3547550768705975,0.002701410482392701
7.2,0.58,1.255764591282328,-0.0014117101937471223,0.35063127626459933,0.0030021419600394293
7.4,0.58,1.2591162872427482,-0.0013871753673617654,0.34656995530467705,0.003322409415462393
7.6000000000000005,0.58,1.2624004477634345,-0.0013632956429330567,0.3425688311121537,0.0036623699522340654
7.800000000000001,0.58,1.2656188565579458,-0.0013400252942890576,0.33862579800562254,0.0040221327297443096
8.0,0.58,1.2687732118749508,-0.0013173235987104677,0.334738868839458,0.0044017616899071155
8.200000000000001,0.58,1.2718651320030498,-0.001295154626278068,0.3309061911943718,0.0048012783874702555
8.4,0.58,1.2748961659789635,-0.0012734864042067654,0.3271260178761256,0.00522066486177306
8.6,0.58,1.277867798906007,-0.0012522906093806077,0.32339670895787603,0.0056598665203568465
8.8,0.58,1.2807814589890516,-0.0012315420231518324,0.31971671535158,0.0061187949937347675
9.0,0.58,1.2836385219842719,-0.0012112182309583024,0.31608457589547057,0.006597330938721283
9.200000000000001,0.58,1.2864403160486024,-0.0011912992410517875,0.31249890713365575,0.0070953267647290725
9.4,0.58,1.2891881252566053,-0.0011717672234728472,0.3089583990484088,0.007612609267888816
9.600000000000001,0.58,1.2918831930575594,-0.0011526062297400213,0.3054618080387065,0.008148982158046788
9.8,0.58,1.2945267249875303,-0.0011338019764533412,0.30200795264033664,0.008704228469895072
10.0,0.58,1.297119891191819,-0.0011153416323678247,0.29859570832703675,0.009278112850643684
10.200000000000001,0.58,1.2996638284968078,-0.0010972136428657844,0.2952240036636191,0.009870383720368378
10.4,0.58,1.3021596422823585,-0.0010794075651930867,0.2918918162590826,0.010480775302371655
10.600000000000001,0.58,1.3046084080636515,-0.001061913927919875,0.28859816945116046,0.011109009523143533
10.8,0.58,1.3070111729023541,-0.0010447241025580954,0.28534212905527667,0.011754797782485922
11.0,0.58,1.3093689566223885,-0.001027830192355158,0.2821228005535142,0.012417842595741121
11.200000000000001,0.58,1.3116827528919548,-0.0010112249325312129,0.2789393264302905,0.013097839110798452
11.4,0.58,1.3139535301716274,-0.0009949016035270656,0.2757908838005701,0.013794476503423303
11.600000000000001,0.58,1.3161822325631987,-0.0009788539543079135,0.2726766821966693,0.01450743925499296
11.8,0.58,1.318369780566894,-0.0009630761358979641,0.2695959615654764,0.01523640831729352
12.0,0.58,1.320517071768162,-0.0009475626434222165,0.2665479904111502,0.015981062169419757
12.200000000000001,0.58,1.3226249814629787,-0.0009323082662920276,0.2635320640975105,0.016741077772188084
12.4,0.58,1.3246943632354224,-0.0009173080453789256,0.260547503275913,0.017516131425723384
12.600000000000001,0.58,1.3267260494953672,-0.000902557236629354,0.2575936524385124,0.01830589953608559
12.8,0.58,1.3287208519854787,-0.000888051280262218,0.2546698785770241,0.019110059296917243
13.0,0.58,1.3306795622635774,-0.0008737857749755913,0.25177556994208516,0.01992828929215136
13.200000000000001,0.58,1.3326029521664502,-0.0008597564564881215,0.2489101348904693,0.020760270025802392
13.4,0.58,1.3344917742594138,-0.00084595917988957,0.24607300081422587,0.021605684384790626
13.600000000000001,0.58,1.33634676227551,-0.0008323899052623463,0.24326361314291592,0.022464218040618166
13.8,0.58,1.3381686315471328,-0.0008190446861278224,0.2404814344133529,0.02333555979553544
14.0,0.58,1.3399580794323804,-0.0008059196602870416,0.23772594340039077,0.024219401878616976
14.200000000000001,0.58,1.3417157857377338,-0.0007930110426933405,0.23499663430396153,0.02511544019691144
14.4,0.58,1.3434424131382523,-0.0007803151200212403,0.23229301598744057,0.026023374546553506
14.600000000000001,0.58,1.3451386075959832,-0.0007678282466396676,0.2296146112633914,0.02694290878842882
14.8,0.58,1.3468049987769792,-0.0007555468417289598,0.226960956222861,0.027873750992677755
15.0,0.58,1.348442200466995,-0.0007434673873134782,0.22433159960501045,0.02881561355600978
15.200000000000001,0.58,1.35005081098569,-0.000731586427007369,0.2217261022040822,0.02976821329548701
15.4,0.58,1.3516314135989946,-0.0007199005652977779,0.21914403631107252,0.030731271522120726
15.600000000000001,0.58,1.3531845769290967,-0.0007084064672089376,0.21658498518774794,0.03170451409731502
15.8,0.58,1.3547108553614058,-0.0006971008582146364,0.21404854257084924,0.03268767147488473
16.0,0.58,1.3562107894477726,-0.0006859805242858268,0.21153431220458638,0.03368047873107498
16.2,0.58,1.357684906305159,-0.0006750423119750387,0.20904190739965864,0.03468267558471469
16.400000000000002,0.58,1.3591337200089357,-0.0006642831284599386,0.2065709506172201,0.03569400640935028
16.6,0.58,1.3605577319799687,-0.0006536999414846054,0.20412107307635954,0.03671422023892758
16.8,0.58,1.3619574313646985,-0.0006432897791490707,0.2016919143837454,0.03774307076832343
17.0,0.58,1.3633332954074064,-0.0006330497295144787,0.19928312218421748,0.03878031634977365
17.2,0.58,1.364685789813965,-0.0006229769400052158,0.1968943518311805,0.03982571998600478
17.400000000000002,0.58,1.3660153691064072,-0.0006130686165971104,0.19452526607574513,0.04087904932065529
17.6,0.58,1.3673224769677343,-0.0006033220227926764,0.19217553477359803,0.04194007662636947
17.8,0.58,1.3686075465764935,-0.0005937344783953492,0.18984483460866364,0.043008578790768054
18.0,0.58,1.369871000930709,-0.0005843033580965173,0.18753284883265253,0.04408433730034263
18.2,0.58,1.3711132531608894,-0.0005750260898973386,0.1852392670196453,0.04516713822219062
18.400000000000002,0.58,1.3723347068319072,-0.0005659001533921667,0.18296378483487993,0.04625677218340339
18.6,0.58,1.3735357562336485,-0.0005569230779397643,0.1807061038169614,0.047353034347840536
18.8,0.58,1.3747167866604109,-0.000548092440752304,0.17846593117274268,0.04845572438997109
19.0,0.58,1.3758781746791395,-0.0005394058649300206,0.17624297958411947,0.04956464646543378
19.200000000000003,0.58,1.3770202883866316,-0.0005308610174719104,0.17403696702607702,0.05067960917796212
19.400000000000002,0.58,1.3781434876559404,-0.0005224556072878233,0.17184761659527636,0.051800425542334265
19.6,0.58,1.37924812437226,-0.0005141873832388321,0.1696746563485536,0.05292691294304015
19.8,0.58,1.3803345426586195,-0.00050605413222761,0.1675178191506969,0.05405889308840431
20.0,0.58,1.3814030790917837,-0.0004980536773596392,0.16537684253090137,0.055196191959961484
20.200000000000003,0.58,1.3824540629087536,-0.0004901838761949721,0.16325146854733782,0.05633863975694982
20.400000000000002,0.58,1.383487816204337,-0.00048244261910389865,0.16114144365927935,0.05748607083585856
20.6,0.58,1.384504654120242,-0.0004748278277395588,0.15904651860625976,0.05863832364504479
20.8,0.58,1.3855048850261904,-0.000467337453638649,0.1569664482937777,0.05979524065450974
21.0,0.58,1.3864888106935203,-0.000459969476955817,0.15490099168506172,0.0609566682810017
21.200000000000003,0.58,1.3874567264617943,-0.00045272190533838635,0.1528499116984739,0.06212245680868463
21.400000000000002,0.58,1.3884089213988768,-0.0004455927729426042,0.15081297511010283,0.06329246030567928
21.6,0.58,1.3893456784549796,-0.00043858013959202424,0.14878995246116886,0.06446653653684571
21.8,0.58,1.3902672746111222,-0.00043168209007486675,0.14678061796986658,0.06564454687322982
22.0,0.58,1.3911739810224504,-0.0004248967335776698,0.1447847494473082,0.06682635619864465
22.200000000000003,0.58,1.392066063156852,-0.00041822220324808074,0.14280212821722402,0.06801183281389528
22.400000000000002,0.58,1.3929437809292542,-0.0004116566558794824,0.14083253903914578,0.06920084833918559
22.6,0.58,1.393807388831963,-0.0004051982717077335,0.13887577003479218,0.07039327761526776
22.8,0.58,1.3946571360614064,-0.00039884525431033467,0.1369316126173943,0.07158899860390673
23.0,0.58,1.3954932666415654,-0.0003925958305964613,0.1349998614237391,0.07278789228823687
23.200000000000003,0.58,1.3963160195443889,-0.00038644825087523114,0.13308031424871802,0.07398984257358121
23.400000000000002,0.58,1.39712562880742,-0.0003804007889900371,0.13117277198218455,0.07519473618929241
23.6,0.58,1.397922323648856,-0.0003744517425062176,0.12927703854796052,0.0764024625921529
23.8,0.58,1.3987063285802233,-0.0003685994329390675,0.1273929208448359,0.07761291387184316
24.0,0.58,1.3994778635168097,-0.0003628422060097203,0.1255202286893925,0.07882598465895145
24.200000000000003,0.58,1.4002371438859855,-0.00035717843191660566,0.12365877476056984,0.08004157203595906
24.400000000000002,0.58,1.400984380733504,-0.0003516065056106226,0.12180837454584985,0.08125957545158559
24.6,0.58,1.4017197808278579,-0.0003461248470649507,0.11996884628894866,0.08247989663883118
24.8,0.58,1.4024435467627312,-0.0003407319015270427,0.11814001093894527,0.08370243953699677
25.0,0.58,1.4031558770575894,-0.00033542613974603646,0.11632169210076884,0.08492711021790689
25.200000000000003,0.58,1.4038569662564058,-0.0003302060581668429,0.11451371598697875,0.08615381681650262
25.400000000000002,0.58,1.404547005024534,-0.0003250701790844609,0.11271591137078261,0.08738246946591344
25.6,0.58,1.4052261802437023,-0.00032001705075230104,0.11092810954023777,0.08861298023705959
25.8,0.58,1.4058946751051036,-0.0003150452474413702,0.10915014425358463,0.08984526308278175
26.0,0.58,1.4065526692005617,-0.0003101533694467593,0.10738185169569484,0.09107923378643883
26.200000000000003,0.58,1.4072003386117176,-0.00030534004303729663,0.10562307043557974,0.09231480991486876
26.400000000000002,0.58,1.407837855997212,-0.00030060392035055925,0.10387364138492597,0.09355191077555804
26.6,0.58,1.4084653906778115,-0.0002959436792305054,0.10213340775764397,0.09479045737782572
26.8,0.58,1.409083108719448,-0.0002913580230097026,0.1004022150303886,0.09603037239779082
27.0,0.58,1.4096911730141124,-0.0002868456802386971,0.09867991090402474,0.09727158014686091
27.200000000000003,0.58,1.4102897433586117,-0.0002824054043619801,0.09696634526602024,0.0985140065434533
27.400000000000002,0.58,1.4108789765311025,-0.0002780359733481027,0.09526137015373828,0.09975757908763987
27.6,0.58,1.4114590263654343,-0.00027373618927458354,0.09356483971858567,0.10100222683839201
27.8,0.58,1.4120300438232556,-0.0002695048778724886,0.09187661019102171,0.10224788039309096
28.0,0.58,1.4125921770638876,-0.00026534088803671136,0.09019653984636977,0.10349447186896467
28.200000000000003,0.58,1.413145571511963,-0.0002612430913052573,0.08852448897141223,0.10474193488611265
28.400000000000002,0.58,1.4136903699228498,-0.0002572103813145988,0.08686031983174222,0.10599020455178366
28.6,0.58,1.4142267124458756,-0.00025324167323471995,0.08520389663984758,0.1072392174455798
28.8,0.58,1.4147547366853757,-0.00024933590318984756,0.08355508552385797,0.10848891160527276
29.0,0.58,1.4152745777596176,-0.0002454920276716018,0.08191375449698106,0.10973922651293515
29.200000000000003,0.58,1.415786368357629,-0.0002417090229471567,0.08027977342751175,0.1109901030811054
29.400000000000002,0.58,1.4162902387940026,-0.0002379858844699796,0.07865301400948303,0.11224148363872945
29.6,0.58,1.4167863170617214,-0.00023432162629448481,0.07703334973377544,0.11349331191664326
29.8,0.58,1.4172747288830905,-0.00023071528050387408,0.07542065585985983,0.11474553303238753
30.0,0.58,1.417755597758819,-0.0002271658966488863,0.07381480938780983,0.11599809347417168
30.200000000000003,0.58,1.4182290450153805,-0.00022367254120844512,0.07221568903103738,0.11725094108383267
30.400000000000002,0.58,1.4186951898506428,-0.00022023429706433424,0.07062317518899347,0.11850402503866175
30.6,0.58,1.419154149378004,-0.00021685026300964074,0.06903714992082695,0.11975729583200351
30.8,0.58,1.419606038668879,-0.00021351955326720924,0.06745749691848328,0.12101070525255561
31.0,0.58,1.4200509707939795,-0.00021024129705606972,0.06588410148135458,0.12226420636233197
31.200000000000003,0.58,1.4204890568629636,-0.00020701463815625572,0.06431685048931339,0.12351775347327258
31.400000000000002,0.58,1.420920406063268,-0.00020383873454554738,0.0627556323786618,0.12477130212251702
31.6,0.58,1.4213451256971614,-0.00020071275800070392,0.061200337114346096,0.12602480904637342
31.8,0.58,1.4217633212186096,-0.00019763589382123698,0.05965085616797071,0.1272782321530514
32.0,0.58,1.422175096267846,-0.00019460734044451176,0.05810708248776157,0.12853153049422825
32.2,0.58,1.4225805527068824,-0.0001916263092852052,0.05656891048044633,0.12978466423556811
32.4,0.58,1.4229797906514643,-0.00018869202431449846,0.055036235976103756,0.13103759462628006
32.6,0.58,1.4233729085061244,-0.00018580372207682556,0.05350895621781349,0.13229028396789216
32.800000000000004,0.58,1.4237600029928772,-0.00018296065113054705,0.05198696981553068,0.13354269558231774
33.0,0.58,1.4241411691873753,-0.00018016207237423328,0.0504701767517833,0.13479479377946002
33.2,0.58,1.4245165005426632,-0.00017740725813761437,0.048958478312441045,0.1360465438243783
33.4,0.58,1.4248860889293653,-0.0001746954931039244,0.047451777125860246,0.1372979119043727
33.6,0.58,1.4252500246507256,-0.00017202607261772323,0.045949977045263365,0.1385488650958709
33.800000000000004,0.58,1.4256083964926998,-0.0001693983048070507,0.04445298325780853,0.13979937133168777
34.0,0.58,1.4259612917221396,-0.0001668115072108255,0.04296070206575074,0.14104939936823022
34.2,0.58,1.426308796158854,-0.00016426501137897486,0.041473041141783434,0.1422989187536572
34.4,0.58,1.426650994139756,-0.00016175815594956117,0.039989909098533005,0.14354789979590796
34.6,0.58,1.4269879686379434,-0.00015929029640936757,0.03851121604992773,0.144796313532535
34.800000000000004,0.58,1.427319801156736,-0.0001568607907214375,0.03703687273792869,0.14604413169987415
35.0,0.58,1.4276465719480655,-0.00015446901986992647,0.035566791734249904,0.14729132670543782
35.2,0.58,1.4279683597608614,-0.00015211435788187573,0.034100885640717435,0.14853787159819096
35.4,0.58,1.428285242268054,-0.000149796214942655,0.03263906963107128,0.14978374004469136
35.6,0.58,1.428597295511212,-0.00014751397474262946,0.031181257712529355,0.15102890629976634
35.800000000000004,0.58,1.428904594764875,-0.0001452670848447383,0.029727368072778537,0.15227334518829955
36.0,0.58,1.42920721334646,-0.0001430549256150226,0.02827731528264121,0.15351703207429473
36.2,0.58,1.4295052243967383,-0.0001408769994918782,0.02683102151671988,0.15475994285180414
36.4,0.58,1.429798698361707,-0.00013873265666850232,0.025388400256183708,0.15600205390774738
36.6,0.58,1.430087706692199,-0.0001366214910196086,0.023949379812316218,0.15724334212889068
36.800000000000004,0.58,1.4303723165429714,-0.00013454276620019295,0.022513869222967955,0.15848378484843548
37.0,0.58,1.4306525984959784,-0.00013249623993043743,0.021081807560505917,0.15972335988282516
37.2,0.58,1.4309286154043408,-0.0001304809686945524,0.019653092500610973,0.16096204544123716
37.4,0.58,1.4312004385902237,-0.000128496987380388,0.01822768375873856,0.16219982021683266
37.6,0.58,1.4314681241668612,-0.00012654288452547066,0.016805453218169966,0.16343666321893077
37.800000000000004,0.58,1.431731747494801,-0.00012461888160444958,0.015386402757357117,0.1646725539333229
38.0,0.58,1.4319913508537225,-0.0001227226271468573,0.013970347695179002,0.16590747203915795
38.2,0.58,1.4322470215167502,-0.00012085149971294303,0.012557383511229422,0.16714139733296055
38.400000000000006,0.58,1.432498756411774,-0.00011900309485515555,0.011147196395114094,0.168374309792163
38.6,0.58,1.4327466874959551,-0.00011714029048989555,0.009740140065683836,0.16960618549254458
38.800000000000004,0.58,1.4329905510951049,-0.00011528919628130333,0.008335524848322826,0.17083700395658816
39.0,0.58,1.4332307970807507,-0.00011307520407020938,0.006934835860545679,0.17206670190513432
39.2,0.58,1.4334650602585386,-0.00011093613929648722,0.005535452850916114,0.1732952665878254
39.400000000000006,0.58,1.4336970155512767,-0.00010509099253640247,0.004146870644904033,0.17452225185642198
39.6,0.58,1.433904521226508,-0.0001011124919843373,0.002750291804769152,0.17574783086842705
39.800000000000004,0.58,1.434126590039629,-5.50926399191343e-05,0.0014282996177280847,0.17696299330720633
40.0,0.58,1.434126590039629,0.0,0.0,0.17696299330720633
0.0,0.6,1.0,0.0,0.6295993794025279,0.0
0.2,0.6,1.022137734424555,-0.010944397081411684,0.6295993794025279,8.793224731685708e-09
0.4,0.6,1.044804230253616,-0.008953606658839477,0.5846693999757631,5.494335419553347e-08
0.6000000000000001,0.6,1.0607382408518524,-0.008633658375108785,0.5827160112204377,2.179043453552956e-07
0.8,0.6,1.0779635246329864,-0.00679287787344809,0.5514438789379151,6.117588963456293e-07
1.0,0.6,1.08899244843538,-0.005880900644588654,0.546067499923146,1.4344643916034363e-06
1.2000000000000002,0.6,1.1006805948018583,-0.005033720312052663,0.5279639115249434,2.949265917153307e-06
1.4000000000000001,0.6,1.1095413447339522,-0.004538311926441249,0.5208386400658375,5.538392537366635e-06
1.6,0.6,1.1185127585350934,-0.00412395658307395,0.5088360196836279,9.679406131441965e-06
1.8,0.6,1.126205905169675,-0.0038420042293854633,0.5012989014336185,1.5988496361595628e-05
2.0,0.6,1.1337629589859817,-0.0035978221816263187,0.49206053750086587,2.5189715180735585e-05
2.2,0.6,1.1406644642776,-0.0034106178967513003,0.48472246621957665,3.814433185041031e-05
2.4000000000000004,0.6,1.1473574772657082,-0.0032437149272803627,0.4768916359529192,5.5814545473806496e-05
2.6,0.6,1.1536573460951725,-0.003105477317040548,0.4699482205093138,7.927807831933232e-05
2.8000000000000003,0.6,1.1597465096977684,-0.0029804723362374737,0.46295085824903387,0.0001096901439479451
3.0,0.6,1.165564859571346,-0.00287189802287275,0.4564254475846322,0.00014828533924661854
3.2,0.6,1.1711917733324462,-0.002772809080554868,0.4499934799805411,0.00019634169907740463
3.4000000000000004,0.6,1.1766119878424797,-0.0026841095736785323,0.44385220172126194,0.00025517405484650125
3.6,0.6,1.1818631569894567,-0.0026024627398452595,0.43784443413817853,0.00032610293090594905
3.8000000000000003,0.6,1.1869452572278456,-0.0025278782293654666,0.43204110420459324,0.0004104439420601839
4.0,0.6,1.1918781573429413,-0.002458633444124941,0.42637364214037665,0.0005094829922974383
4.2,0.6,1.196666333788217,-0.0023944523459637937,0.4208647887593229,0.0006244654056917901
4.4,0.6,1.201321556376068,-0.0023343726693291866,0.4154823024423279,0.0007565777883087034
4.6000000000000005,0.6,1.205849080792018,-0.002278070674076019,0.4102309469373754,0.0009069392225889341
4.800000000000001,0.6,1.2102566810714657,-0.002224964396358096,0.40509389367940335,0.001076589372020584
5.0,0.6,1.2145492353357574,-0.002174763027368138,0.4000695647386676,0.0012664827959861847
5.2,0.6,1.2187323646857986,-0.0021270885934306285,0.3951480149350118,0.0014774824119965627
5.4,0.6,1.2228103143075526,-0.0020817024230930328,0.3903257450612229,0.001710357063355998
5.6000000000000005,0.6,1.226787441154708,-0.002038344515309601,0.38559612164566065,0.0019657792519198465
5.800000000000001,0.6,1.2306673918448696,-0.00199682602736819,0.38095534705960904,0.002244325546941677
6.0,0.6,1.2344537230092358,-0.0019569603194195292,0.37639854530745354,0.0025464774899355497
6.2,0.6,1.2381495888514127,-0.0019186001025751531,0.3719221684219824,0.002872624193501138
6.4,0.6,1.2417580070845136,-0.0018816072980766241,0.3675223825005728,0.0032230654263311178
6.6000000000000005,0.6,1.2452817453896734,-0.001845867484811098,0.3631960339391186,0.0035980157118118868
6.800000000000001,0.6,1.2487234399157676,-0.0018112763375567379,0.3589399751594066,0.003997608765044681
7.0,0.6,1.2520855580359833,-0.0017777448745223067,0.354751448174513,0.004421902472159923
7.2,0.6,1.2553704539661648,-0.0017451930785767219,0.3506277970785008,0.0048708840296200805
7.4,0.6,1.2585803597336251,-0.0017135515002623793,0.34656661623080987,0.005344475302865394
7.6000000000000005,0.6,1.2617174130319413,-0.0016827580627646857,0.34256562353243264,0.0058425381856037515
7.800000000000001,0.6,1.2647836578201501,-0.0016527582862237219,0.33862271412347456,0.006364879962520528
8.0,0.6,1.267781059339348,-0.001623503554800817,0.3347359014970497,0.0069112585505478035
8.200000000000001,0.6,1.2707115073867794,-0.0015949508712116386,0.33090333385763243,0.00748138760547663
8.4,0.6,1.2735768250462596,-0.0015670618310709317,0.32712326452888024,0.008074941424646232
8.6,0.6,1.2763787722047448,-0.0015398022603963911,0.3233940540704582,0.008691559633414165
8.8,0.6,1.279119051001019,-0.0015131415565236186,0.3197141538139779,0.009330851620055966
9.0,0.6,1.2817993088634225,-0.0014870523361141424,0.3160821029846041,0.009992400713274579
9.200000000000001,0.6,1.284421142131541,-0.0014615099820001155,0.3124965184678652,0.010675768087936964
9.4,0.6,1.2869860985039758,-0.001436492340336085,0.30895609055836143,0.011380496400132358
9.600000000000001,0.6,1.2894956795822508,-0.0014119793930831197,0.30545957593457174,0.012106113149952332
9.8,0.6,1.2919513428075726,-0.0013879530097693318,0.3020057933874118,0.012852133778456449
10.0,0.6,1.2943545033381536,-0.0013643967026923387,0.2985936186210933,0.013618064504639973
10.200000000000001,0.6,1.296706535592128,-0.0013412954279139232,0.2952219804109771,0.014403404912276372
10.4,0.6,1.2990087746981547,-0.001318635398621401,0.2918898565575833,0.015207650296376052
10.600000000000001,0.6,1.3012625177511692,-0.0012964039276426068,0.28859627057403603,0.01603029378089134
10.8,0.6,1.3034690249842174,-0.0012745892839780835,0.2853402884361975,0.016870828219186458
11.0,0.6,1.3056295208220308,-0.001253180569611778,0.28212101577357007,0.017728747889546898
11.200000000000001,0.6,1.3077451948698033,-0.0012321676094249466,0.2789375952060972,0.018603549997821107
11.4,0.6,1.3098172028287922,-0.001211540856185685,0.27578920397375195,0.01949473599948594
11.600000000000001,0.6,1.3118466673661369,-0.0011912913069382677,0.272675051724316,0.02040181275319552
11.8,0.6,1.313834678939557,-0.0011714104310425217,0.2695943785116233,0.02132429351780723
12.0,0.6,1.315782296591844,-0.0011518901077494034,0.26654645293906276,0.022261698804611294
12.200000000000001,0.6,1.3176905487181714,-0.0011327225729014427,0.26353057046275163,0.023213557096284667
12.4,0.6,1.319560433814679,-0.001113900373370092,0.26054605182005824,0.024179405443776805
12.600000000000001,0.6,1.3213929212112616,-0.0010954163286004508,0.2575922415834731,0.02515878995202747
12.8,0.6,1.323188951793356,-0.001077263498251854,0.25466850681988945,0.0261512661650386
13.0,0.6,1.3249494387147749,-0.0010594351552781784,0.25177423585043474,0.027156399360422294
13.200000000000001,0.6,1.3266752681041383,-0.0010419247636689326,0.24890883709809924,0.028173764763094727
13.4,0.6,1.32836729976601,-0.001024725960255051,0.24607173801724505,0.029202947687304612
13.600000000000001,0.6,1.330026367877821,-0.0010078325399672447,0.24326238409616452,0.03024354361566768
13.8,0.6,1.3316532816828923,-0.0009912384440476402,0.24048023792711729,0.03129515822333907
14.0,0.6,1.3332488261797073,-0.0009749377507319264,0.23772477833736985,0.03235740735489793
14.200000000000001,0.6,1.33481376280716,-0.0009589246680013066,0.23499549957646598,0.033429916960951406
14.4,0.6,1.336348830125321,-0.0009431935280338217,0.23229191055479487,0.034512323000897016
14.600000000000001,0.6,1.3378547444910704,-0.0009277387830361513,0.22961353412951788,0.03560427131771799
14.8,0.6,1.3393322007277844,-0.0009125550021732602,0.22695990643402578,0.03670541749013355
15.0,0.6,1.340781872788183,-0.0008976368693496954,0.22433057624771682,0.03781542666688712
15.200000000000001,0.6,1.3422044144093552,-0.0008829791816272537,0.22172510440309162,0.03893397338743636
15.4,0.6,1.34360045975895,-0.0008685768480938872,0.219143063227547,0.04006074139280847
15.600000000000001,0.6,1.3449706240714945,-0.0008544248890189729,0.21658403601749693,0.04119542342990604
15.8,0.6,1.3463155042738166,-0.0008405184351607522,0.2140476165426747,0.042337721052094386
16.0,0.6,1.347635679598572,-0.0008268527271096699,0.21153340857871492,0.04348734441846743
16.2,0.6,1.3489317121849178,-0.0008134231145714463,0.20904102546625622,0.044644012093781944
16.400000000000002,0.6,1.3502041476654456,-0.0008002250555147541,0.20657008969498272,0.045807450850664226
16.6,0.6,1.351453515738557,-0.0007872541151270557,0.20412023251117203,0.04697739547533584
16.8,0.6,1.3526803307255415,-0.0007745059645362543,0.20169109354740755,0.04815358857777156
17.0,0.6,1.353885092111744,-0.0007619763792733971,0.19928232047322839,0.04933578040689947
17.2,0.6,1.3550682850712894,-0.0007496612374662792,0.1968935686655854,0.050523728671178915
17.400000000000002,0.6,1.356230380974941,-0.0007375565177633679,0.19452450089803447,0.05171719836464885
17.6,0.6,1.3573718378808048,-0.0007256582970001629,0.19217478704765906,0.05291596159832966
17.8,0.6,1.3584931010076833,-0.0007139627476292296,0.18984410381878367,0.05411979743668507
18.0,0.6,1.3595946031909933,-0.000702466134939133,0.18753213448257058,0.05532849173870856
18.2,0.6,1.3606767653212863,-0.0006911648140957764,0.1852385686316481,0.05654183700309109
18.400000000000002,0.6,1.3617399967654922,-0.000680055227041167,0.18296310194894438,0.05775963221685202
18.6,0.6,1.3627846957711056,-0.0006691338992864636,0.18070543598994027,0.05898168270677221
18.8,0.6,1.3638112498536172,-0.0006583974366380001,0.17846527797759007,0.060207799992955065
19.0,0.6,1.3648200361675698,-0.0006478425218922563,0.17624234060915797,0.06143780164385411
19.200000000000003,0.6,1.3658114218616932,-0.0006374659115361818,0.17403634187430092,0.0626715111321439
19.400000000000002,0.6,1.3667857644185912,-0.0006272644324859823,0.1718470048836942,0.06390875769086687
19.6,0.6,1.3677434119795626,-0.0006172349788952653,0.16967405770756228,0.06514937616936325
19.8,0.6,1.3686847036551042,-0.0006073745090594536,0.1675172332234946,0.06639320688857638
20.0,0.6,1.3696099698217332,-0.0005976800424404542,0.1653762689729267,0.06764009549541983
20.200000000000003,0.6,1.370519532405749,-0.0005881486568332782,0.16325090702574457,0.06888989281599336
20.400000000000002,0.6,1.3714137051545643,-0.0005787774856911345,0.16114089385243643,0.07014245470753422
20.6,0.6,1.3722927938962768,-0.0005695637156227323,0.15904598020328206,0.07139764190909037
20.8,0.6,1.373157096788105,-0.0005605045840725154,0.15696592099408016,0.07265531989099777
21.0,0.6,1.3740069045543388,-0.0005515973771903073,0.1549004751979396,0.07391535870333356
21.200000000000003,0.6,1.3748425007144152,-0.000542839427895318,0.15284940574270553,0.07517763282359646
21.400000000000002,0.6,1.3756641618017333,-0.000534228114136076,0.150812479413575,0.07644202100393885
21.6,0.6,1.376472157573789,-0.0005257608573429626,0.1487894667605216,0.07770840611833571
21.8,0.6,1.3772667512141852,-0.0005174351210696375,0.14678014201015804,0.07897667501012649
22.0,0.6,1.3780481995270495,-0.0005092484098178463,0.14478428298169554,0.0802467183404037
22.200000000000003,0.6,1.3788167531243494,-0.0005011982680357676,0.14280167100666288,0.08151843043775074
22.400000000000002,0.6,1.3795726566065833,-0.0004932822792790949,0.1408320908521045,0.0827917091498475
22.6,0.6,1.3803161487372664,-0.00048549806552251326,0.1388753306469795,0.08406645569746828
22.8,0.6,1.3810474626116098,-0.0004778432866092324,0.13693118181150113,0.08534257453139
23.0,0.6,1.3817668258197662,-0.0004703156398222932,0.1349994389891925,0.08661997319271798
23.200000000000003,0.6,1.382474460604953,-0.0004629128595627281,0.13307989998144493,0.08789856217710858
23.400000000000002,0.6,1.3831705840167623,-0.0004556327171193068,0.1311723656843888,0.08917825480333995
23.6,0.6,1.3838554080599166,-0.0004484730205132822,0.12927664002790687,0.09045896708664228
23.8,0.6,1.3845291398386856,-0.00044143161440217567,0.12739252991664302,0.0917406176171538
24.0,0.6,1.385191981697193,-0.0004345063800284849,0.1255198451728364,0.09302312744381773
24.200000000000003,0.6,1.3858441313557717,-0.00042769523519666376,0.12365839848089225,0.09430641996398388
24.400000000000002,0.6,1.3864857820435192,-0.00042099613426473126,0.12180800533357451,0.09559042081891676
24.6,0.6,1.3871171226271801,-0.00041440706813947523,0.11996848397970412,0.0968750577953565
24.8,0.6,1.3877383377364714,-0.00040792606426105435,0.11813965537329399,0.09816026073321638
25.0,0.6,1.3883496078859359,-0.0004015511865669363,0.11632134312404112,0.09944596143944053
25.200000000000003,0.6,1.3889511095933935,-0.00039528053542682096,0.11451337344911222,0.10073209360798804
25.400000000000002,0.6,1.3895430154950599,-0.00038911224753980945,0.11271557512616696,0.10201859274585147
25.6,0.6,1.3901254944573807,-0.00038304449578644285,0.11092777944756378,0.10330539610496442
25.8,0.6,1.3906987116856224,-0.00037707548903226856,0.10914982017569781,0.1045924426198054
26.0,0.6,1.3912628288292597,-0.0003712034718782567,0.10738153349945323,0.10587967285045671
26.200000000000003,0.6,1.3918180040841883,-0.0003654267243543431,0.10562275799171586,0.1071670289308407
26.400000000000002,0.6,1.392364392291798,-0.00035974356155692367,0.10387333456791262,0.10845445452181995
26.6,0.6,1.3929021450349253,-0.00035415233322857434,0.10213310644556498,0.10974189476882001
26.8,0.6,1.393431410730722,-0.00034865142328148203,0.1004019191048109,0.11102929626361092
27.0,0.6,1.3939523347204703,-0.00034323924926838833,0.09867962024987693,0.11231660700986791
27.200000000000003,0.6,1.3944650593563772,-0.00033791426179940765,0.09696605977147366,0.11360377639212058
27.400000000000002,0.6,1.3949697240853758,-0.00033267494391398526,0.09526108971009117,0.1148907551476954
27.6,0.6,1.3954664655299942,-0.0003275198104091144,0.09356456422015191,0.11617749534125717
27.8,0.6,1.3959554175663258,-0.00032244740712888156,0.09187633953502315,0.1174639503415594
28.0,0.6,1.396436711399156,-0.0003174563102222597,0.09019627393283156,0.1187500748000254
28.200000000000003,0.6,1.3969104756342987,-0.00031254512537295877,0.08852422770306174,0.12003582463079357
28.400000000000002,0.6,1.3973768363482195,-0.0003077124870104397,0.08686006311391296,0.12132115699188045
28.6,0.6,1.3978359171550059,-0.0003029570575045909,0.08520364438038465,0.12260603026713363
28.8,0.6,1.3982878392707556,-0.00029827752635176415,0.08355483763302836,0.12389040404867076
29.0,0.6,1.398732721575476,-0.000293672609359445,0.0819135108873875,0.12517423911952713
29.200000000000003,0.6,1.3991706806725595,-0.0002891410478327869,0.08027953401400927,0.1264574974362603
29.400000000000002,0.6,1.3996018309459568,-0.00028468160777139973,0.07865277870909997,0.12774014211128767
29.6,0.6,1.4000262846150895,-0.0002802930790776505,0.07703311846563703,0.12902213739476548
29.8,0.6,1.400444151787668,-0.0002759742747868955,0.07542042854511569,0.13030344865584248
30.0,0.6,1.4008555405104237,-0.0002717240303161475,0.07381458594956405,0.1315840423631561
30.200000000000003,0.6,1.4012605568179552,-0.0002675412027454745,0.0722154693942832,0.1328638860644626
30.400000000000002,0.6,1.4016593047796708,-0.00026342467012059205,0.07062295928054893,0.1341429483653287
30.6,0.6,1.4020518865450873,-0.00025937333080074354,0.06903693766927643,0.13542119890683094
30.8,0.6,1.402438402387343,-0.0002553861028219744,0.06745728825411819,0.13669860834224407
31.0,0.6,1.4028189507453712,-0.00025146192332370165,0.06588389633612153,0.13797514831271893
31.200000000000003,0.6,1.4031936282643376,-0.00024759974797402786,0.06431664879675959,0.13925079142197408
31.400000000000002,0.6,1.4035625298351326,-0.00024379855048713554,0.06275543407388985,0.14052551121005397
31.6,0.6,1.4039257486319885,-0.0002400573220980095,0.06120014213396152,0.14179928212621
31.8,0.6,1.4042833761498,-0.0002363750711905444,0.05965066445004659,0.14307207950100267
32.0,0.6,1.4046355022390462,-0.00023275082279118774,0.058106893971782675,0.14434387951770156
32.2,0.6,1.4049822151415654,-0.00022918361834322245,0.05656872510728851,0.14561465918312516
32.4,0.6,1.4053236015226374,-0.0002256725151562251,0.05503605368796836,0.1468843962979962
32.6,0.6,1.405659746506126,-0.00022221658640258387,0.0535087769582293,0.1481530694270078
32.800000000000004,0.6,1.4059907337030773,-0.00021881492039474385,0.051986793529263504,0.14942065786863623
33.0,0.6,1.4063166452477867,-0.00021546662096816842,0.05047000338488341,0.15068714162498204
33.2,0.6,1.4066375618212028,-0.00021217080632247772,0.04895830781209372,0.151952501371568
33.4,0.6,1.4069535626908993,-0.00020892661014885146,0.04745160944052492,0.15321671842753673
33.6,0.6,1.4072647257254514,-0.00020573317949393725,0.04594981212439845,0.1544797747259411
33.800000000000004,0.6,1.407571127444245,-0.00020258967738494247,0.0444528210521979,0.15574165278489788
34.0,0.6,1.4078728430145904,-0.0001994952785965268,0.04296054252696187,0.15700233567880265
34.2,0.6,1.4081699463235888,-0.00019644917537016125,0.04147288422288521,0.15826180701106551
34.4,0.6,1.4084625099405748,-0.00019345056875010494,0.03998975475299209,0.15952005088653293
34.6,0.6,1.4087506052364325,-0.0001904986807443919,0.03851106423314256,0.16077705188650798
34.800000000000004,0.6,1.4090343022748149,-0.00018759273636395933,0.03703672340494801,0.16203279504238546
35.0,0.6,1.409313670031913,-0.00018473198924607624,0.03556664484301524,0.16328726581387207
35.2,0.6,1.409588776139913,-0.00018191568421500618,0.03410074114731106,0.1645404500633297
35.4,0.6,1.4098596873179965,-0.00017914311108088542,0.03263892749653758,0.16579233403863203
35.6,0.6,1.4101264688078448,-0.0001764135264168183,0.03118111789294408,0.16704290434672697
35.800000000000004,0.6,1.4103891852476647,-0.000173726266339635,0.02972723053356752,0.1682921479437489
36.0,0.6,1.4106478994643403,-0.00017108058289373512,0.028277179977796163,0.1695400521043464
36.2,0.6,1.4109026742757673,-0.00016847588028319287,0.026830888418820493,0.1707866044242475
36.4,0.6,1.4111535699370765,-0.0001659113724608566,0.02538826931286447,0.17203179277789746
36.6,0.6,1.411400647887813,-0.00016338657732466123,0.023949251009128494,0.17327560534410327
36.800000000000004,0.6,1.4116439653781527,-0.00016090060039041025,0.022513742492230347,0.17451803053626658
37.0,0.6,1.4118835832939247,-0.0001584531637785211,0.021081682912278805,0.17575905707259495
37.2,0.6,1.4121195548513021,-0.00015604311435189042,0.01965296983273128,0.17699867384634085
37.4,0.6,1.4123519420098782,-0.0001536705213466863,0.018227563123815564,0.17823687007944714
37.6,0.6,1.4125807914990327,-0.00015133365013408158,0.016805334438273888,0.17947363507005284
37.800000000000004,0.6,1.4128061697180174,-0.00014903281545549748,0.015386285912800118,0.1807089584560816
38.0,0.6,1.4130281099282265,-0.0001467651298543458,0.013970232459259461,0.1819428297792053
38.2,0.6,1.413246691114898,-0.00014452746345135429,0.012557269504103784,0.18317523841339933
38.400000000000006,0.6,1.4134619029076727,-0.00014231699974376173,0.011147083303710618,0.1844061736385491
38.6,0.6,1.4136738708165688,-0.000140088421728094,0.009740021949947775,0.1856356186379089
38.800000000000004,0.6,1.413882338134854,-0.0001378753982744494,0.008335406170181452,0.18686356155163067
39.0,0.6,1.4140877542586183,-0.00013521983967413616,0.006934656272126226,0.18808992682714715
39.2,0.6,1.4142878984019946,-0.00013267463250838762,0.005535284825341515,0.18931471575875428
39.400000000000006,0.6,1.4144864410282456,-0.00012563666427106354,0.004146104705037325,0.19053729027780872
39.6,0.6,1.414663020537975,-0.00012103232913250061,0.002749844945003371,0.1917579515243629
39.800000000000004,0.6,1.4148553956625627,-6.605680634427827e-05,0.0014211280899870612,0.19296550560580644
40.0,0.6,1.4148553956625627,0.0,0.0,0.19296550560580644
0.0,0.62,1.0,0.0,0.6308107012736579,0.0
0.2,0.62,1.022875815763656,-0.013271687946567795,0.6308107012736579,2.8265331708497716e-08
0.4,0.62,1.0461723891801864,-0.010803065033969265,0.5844166076553103,1.6747518451686508e-07
0.6000000000000001,0.62,1.0621282270210688,-0.010371125016817277,0.5826608213156766,6.345966430804439e-07
0.8,0.62,1.079401396779617,-0.008152086709829313,0.5512143997711274,1.7065584289491153e-06
1.0,0.62,1.0903962259616675,-0.0070536709255559285,0.5459504946399785,3.850300026252434e-06
1.2000000000000002,0.62,1.1020756023785565,-0.0060386955355024,0.5278556327923926,7.643291008204563e-06
1.4000000000000001,0.62,1.1109267596679615,-0.0054453833122746105,0.5207736269954771,1.3901286619230889e-05
1.6,0.62,1.1198966782506987,-0.0049490050339584596,0.5087812202262902,2.3588515677062956e-05
1.8,0.62,1.1275887443085488,-0.0046110702483512424,0.5012606827293354,3.791091315418531e-05
2.0,0.62,1.1351450557671978,-0.0043180580947910704,0.4920271757273897,5.8217963029897616e-05
2.2,0.62,1.142043290896798,-0.004093225898705298,0.48469638562024847,8.606312313080193e-05
2.4000000000000004,0.62,1.1487299864212042,-0.003892538059498556,0.4768682316823802,0.00012310534972481362
2.6,0.62,1.1550190121697292,-0.003726124946113363,0.4699285609322925,0.00017114079312156432
2.8000000000000003,0.62,1.1610922605167164,-0.003575444998758418,0.4629329835044541,0.0002320137684381851
3.0,0.62,1.166888648972538,-0.0034443716778451033,0.4564097720444388,0.0003076267930061503
3.2,0.62,1.1724870151854616,-0.0033245606187523057,0.44997911336536334,0.00039986768823687557
3.4000000000000004,0.62,1.1778713904038765,-0.0032171132195124327,0.4438392642469518,0.0005106069221677135
3.6,0.62,1.183078958512654,-0.0031180247677735865,0.43783249483852915,0.0006416432294344975
3.8000000000000003,0.62,1.1881091941549815,-0.0030273182057350225,0.43203016668233346,0.00079469630839447
4.0,0.62,1.1929816156494844,-0.002942931616040069,0.4263634824182126,0.0009713700882585344
4.2,0.62,1.1977003798958576,-0.002864544349928381,0.4208553720424631,0.001173146253403806
4.4,0.62,1.2022770486197936,-0.002791010110162736,0.41547350266583644,0.0014013624964081817
4.6000000000000005,0.62,1.206716724672863,-0.002721951178381594,0.4102227219538692,0.0016572096131126513
4.800000000000001,0.62,1.2110271173279674,-0.00265667909452063,0.40508616642065864,0.0019417214348132318
5.0,0.62,1.2152130995520671,-0.0025948556286815223,0.40006229647649194,0.002255776178409212
5.2,0.62,1.219280357784149,-0.002536037389791283,0.3951411547976118,0.0026000948148356367
5.4,0.62,1.2232332566464683,-0.002479948204123221,0.3903192604884808,0.0029752461467642067
5.6000000000000005,0.62,1.2270763277153005,-0.002426285725236234,0.38558997682893553,0.003381650800527391
5.800000000000001,0.62,1.2308134365324723,-0.0023748326252622325,0.38094951549308304,0.0038195889842378705
6.0,0.62,1.2344483999910267,-0.002325373562294993,0.37639300049378355,0.004289207858888565
6.2,0.62,1.237984665848816,-0.002277739823621002,0.37191688896960506,0.004790530855882915
6.4,0.62,1.2414255743722478,-0.002231773034206924,0.36751734805440317,0.005323466752740231
6.6000000000000005,0.62,1.244774238514805,-0.002187342522077704,0.3631912271950115,0.005887819584589588
6.800000000000001,0.62,1.248033658062271,-0.0021443290040950606,0.35893538003766084,0.006483298249327868
7.0,0.62,1.2512066774203796,-0.002102630909413602,0.35474705057323036,0.007109526285068662
7.2,0.62,1.254296037370815,-0.0020621567282800212,0.35062358402169946,0.00776605123129007
7.4,0.62,1.2573043621498017,-0.0020228269689012016,0.34656257611590835,0.008452353780889663
7.6000000000000005,0.62,1.260234184129785,-0.001984570349609572,0.342561745710151,0.009167856427434605
7.800000000000001,0.62,1.2630879414450364,-0.0019473241075282277,0.33861898894985787,0.009911931699841047
8.0,0.62,1.2658679905451442,-0.0019110319563192175,0.3347323201104423,0.010683909844452447
8.200000000000001,0.62,1.2685766072702895,-0.0018756438341955253,0.3308998881609371,0.011483086002806972
8.4,0.62,1.2712159937665577,-0.0018411147143688115,0.3271199470605113,0.012308726828295995
8.6,0.62,1.2737882804455958,-0.0018074042125919812,0.32339085796635625,0.013160076576048469
8.8,0.62,1.276295530171147,-0.0017744758372084544,0.3197110727261703,0.014036362653679524
9.0,0.62,1.278739740259168,-0.001742296606998992,0.31607913104145163,0.014936800664325536
9.200000000000001,0.62,1.2811228452888097,-0.001710836545663787,0.3124936502186233,0.015860598952719043
9.4,0.62,1.2834467189229728,-0.0016800683549902053,0.3089533209377613,0.016806962685607284
9.600000000000001,0.62,1.2857131759982705,-0.0016499670562238294,0.3054569002228085,0.017775097488302506
9.8,0.62,1.2879239741519135,-0.001620509724491641,0.30200320718041956,0.018764212668195213
10.0,0.62,1.2900808155197112,-0.001591675225101887,0.29859111780044717,0.01977352405111968
10.200000000000001,0.62,1.2921853482093588,-0.0015634440026272972,0.29521956111955505,0.020802256459815087
10.4,0.62,1.2942391677780403,-0.001535797882639181,0.29188751517628636,0.021849645860633295
10.600000000000001,0.62,1.2962438185963299,-0.0015087199063224057,0.2885940037020458,0.02291494120528478
10.8,0.62,1.2982007951979646,-0.0014821941798527593,0.2853380928726406,0.023997405992153924
11.0,0.62,1.3001115435693695,-0.001456205746141422,0.28211888850154015,0.025096319571186652
11.200000000000001,0.62,1.3019774624229818,-0.0014307404704116714,0.27893553337803145,0.02621097821458098
11.4,0.62,1.3037999044369146,-0.0014057849420671246,0.2757872048984858,0.02734069597458692
11.600000000000001,0.62,1.3055801774807196,-0.0013813263885309442,0.27267311285531276,0.028484805348302347
11.8,0.62,1.3073195458208835,-0.0013573526014549996,0.2695924974364513,0.029642657768367244
12.0,0.62,1.3090192313148892,-0.00133385187285678,0.2665446273698466,0.030813623937292724
12.200000000000001,0.62,1.310680414591466,-0.001310812940793303,0.2635287982275758,0.031997094022218106
12.4,0.62,1.3123042362207338,-0.001288224943005905,0.26054433085516066,0.033192477725879965
12.600000000000001,0.62,1.3138917978730724,-0.0012660773778820423,0.2575905699261785,0.03439920424867277
12.8,0.62,1.3154441634679088,-0.0012443600716186673,0.2546668826021722,0.03561672215574739
13.0,0.62,1.3169623603114353,-0.0012230631509002146,0.2517726572930615,0.036844499162201214
13.200000000000001,0.62,1.3184473802231897,-0.0012021770202485056,0.24890730250527368,0.038082021848508174
13.4,0.62,1.3199001806504007,-0.0011816923434201936,0.24607024577170586,0.039328795317445445
13.600000000000001,0.62,1.3213216857693781,-0.0011616000282043278,0.2432609326546836,0.04058434280287919
13.8,0.62,1.3227127875727496,-0.0011418912140983806,0.24047882581635335,0.0418482052398926
14.0,0.62,1.3240743469415013,-0.0011225572623614311,0.2377234041500422,0.04311994080486839
14.200000000000001,0.62,1.3254071947005943,-0.0011035897480308314,0.23499416196780865,0.04439912443329017
14.4,0.62,1.3267121326570002,-0.0010849804535218342,0.23229060823926553,0.04568534732220302
14.600000000000001,0.62,1.3279899346189439,-0.0010667213634864203,0.22961226587773165,0.046978216423481364
14.8,0.62,1.3292413473952356,-0.0010488046606455836,0.22695867106989304,0.04827735393329317
15.0,0.62,1.3304670917735526,-0.0010312227223490942,0.22432937264576072,0.049582396782429414
15.200000000000001,0.62,1.3316678634766508,-0.0010139681176495189,0.22172393148593322,0.050892996131487345
15.4,0.62,1.3328443340955158,-0.000997033604708975,0.21914191996353585,0.05220881687425483
15.600000000000001,0.62,1.333997151998572,-0.000980412128380006,0.21658292141847935,0.05352953715204515
15.8,0.62,1.3351269432161588,-0.0009640968178331037,0.21404652966188256,0.05485484788117267
16.0,0.62,1.3362343122995668,-0.0009480809841234547,0.2115323485087695,0.05618445229524356
16.2,0.62,1.3373198431540645,-0.0009323581176100107,0.20903999133727566,0.057518065503459996
16.400000000000002,0.62,1.3383840998454526,-0.0009169218851634028,0.2065690806727857,0.058855414065701384
16.6,0.62,1.3394276273797883,-0.0009017661271159678,0.20411924779557172,0.06019623558475445
16.8,0.62,1.3404509524560695,-0.0008868848539248345,0.20169013237058955,0.06154027831571385
17.0,0.62,1.3414545841917849,-0.0008722722425357836,0.19928138209820923,0.06288730079226819
17.2,0.62,1.3424390148213485,-0.0008579226324495177,0.19689265238474388,0.06423707146932389
17.400000000000002,0.62,1.34340472036758,-0.0008438305215021511,0.19452360603171764,0.06558936838120098
17.6,0.62,1.3443521612864782,-0.0008299905613846104,0.19217391294285324,0.06694397881445993
17.8,0.62,1.345281783085675,-0.0008163975529337371,0.18984324984785264,0.06830069899428975
18.0,0.62,1.3461940169170357,-0.0008030464412308172,0.18753130004205523,0.06965933378329675
18.2,0.62,1.3470892801439556,-0.0007899323105516252,0.1852377531411271,0.07101969639148827
18.400000000000002,0.62,1.3479679768840205,-0.0007770503792119931,0.1829623048499509,0.0723816080962329
18.6,0.62,1.3488304985277182,-0.0007643959943538225,0.18070465674493538,0.07374489797100475
18.8,0.62,1.3496772242339903,-0.0007519646267178242,0.17846451606898908,0.07510940262177235
19.0,0.62,1.3505085214034267,-0.000739751865444404,0.17624159553840665,0.07647496592997446
19.200000000000003,0.62,1.3513247461299736,-0.000727753412944675,0.1740356131610027,0.0778414388011262
19.400000000000002,0.62,1.3521262436320178,-0.0007159650798785561,0.1718462920647817,0.07920867891821792
19.6,0.62,1.352913348663767,-0.0007043827802741242,0.16967336033651662,0.08057655049919805
19.8,0.62,1.3536863859078174,-0.0006930025268161637,0.16751655086960343,0.08194492405797148
20.0,0.62,1.3544456703498173,-0.0006818204263312285,0.16537560122058828,0.08331367616848008
20.200000000000003,0.62,1.3551915076361394,-0.0006708326754890214,0.16325025347380476,0.08468268923157447
20.400000000000002,0.62,1.3559241944154259,-0.0006600355567378407,0.16114025411356708,0.0860518512445165
20.6,0.62,1.3566440186648887,-0.0006494254344868723,0.15904535390339083,0.08742105557307782
20.8,0.62,1.3573512600022093,-0.0006389987515442607,0.15696530777175574,0.08879020072631401
21.0,0.62,1.3580461899838236,-0.0006287520258148913,0.1548998747039247,0.0901591901341952
21.200000000000003,0.62,1.3587290723904109,-0.0006186818472621654,0.15284881763940236,0.09152793192836087
21.400000000000002,0.62,1.3594001635002955,-0.0006087848751301065,0.15081190337457556,0.09289633872634029
21.6,0.62,1.3600597123514817,-0.0005990578354218842,0.14878890247016446,0.09426432741963506
21.8,0.62,1.360707960992995,-0.0005894975186262302,0.14677958916310802,0.09563181896610341
22.0,0.62,1.3613451447261384,-0.0005801007776824447,0.14478374128254728,0.09699873818711142
22.200000000000003,0.62,1.3619714923362516,-0.0005708645261721366,0.14280114016956338,0.09836501356992812
22.400000000000002,0.62,1.362587226315538,-0.0005617857367217895,0.14083157060039553,0.09973057707584058
22.6,0.62,1.3631925630774173,-0.0005528614396001877,0.13887482071285787,0.10109536395444935
22.8,0.62,1.3637877131629097,-0.000544088721495341,0.13693068193569527,0.1024593125645811
23.0,0.62,1.3643728814394398,-0.0005354647244505736,0.13499894892065395,0.10382236420221784
23.200000000000003,0.62,1.3649482672924724,-0.0005269866449414675,0.1330794194770548,0.1051844629357997
23.400000000000002,0.62,1.3655140648103083,-0.0005186517330749504,0.13117189450867625,0.10654555544920523
23.6,0.62,1.366070462962373,-0.0005104572918906903,0.1292761779527801,0.10790559089265682
23.8,0.62,1.366617645771274,-0.0005024006767460883,0.127392076721131,0.10926452074173748
24.0,0.62,1.3671557924788986,-0.0004944792947680212,0.12551940064284142,0.11062229866464039
24.200000000000003,0.62,1.3676850777067664,-0.00048669060435187645,0.12365796240895165,0.1119788803977054
24.400000000000002,0.62,1.368205671610867,-0.00047903211469218614,0.12180757751863128,0.11333422362923144
24.6,0.62,1.3687177400311545,-0.0004715013853315183,0.11996806422688508,0.11468828789148824
24.8,0.62,1.3692214446358772,-0.0004640960257121582,0.11813924349369694,0.1160410344607853
25.0,0.62,1.369716943060904,-0.00045681369471869076,0.116320938934528,0.11739242626539866
25.200000000000003,0.62,1.3702043890441762,-0.0004496521002011625,0.11451297677210953,0.11874242780109742
25.400000000000002,0.62,1.3706839325554276,-0.0004426089984703669,0.11271518578947315,0.12009100505396214
25.6,0.62,1.3711557199212872,-0.00043568219375577933,0.11092739728416093,0.1214381254301411
25.8,0.62,1.3716198939458815,-0.00042886953762277704,0.10914944502357105,0.12278375769215268
26.0,0.62,1.372076594027049,-0.00042216892834375555,0.10738116520141454,0.12412787190130771
26.200000000000003,0.62,1.3725259562682652,-0.00041557831021898407,0.10562239639523385,0.12547043936580154
26.400000000000002,0.62,1.3729681135863827,-0.0004090956728480353,0.10387297952494762,0.126811432594007
26.6,0.62,1.3734031958152881,-0.0004027190503496712,0.10213275781240838,0.12815082525248736
26.8,0.62,1.3738313298055784,-0.00039644652053262097,0.10040157674192976,0.12948859212824282
27.0,0.62,1.3742526395203534,-0.0003902762040200071,0.09867928402176437,0.13082470909470906
27.200000000000003,0.62,1.3746672461272196,-0.00038420626332654834,0.09696572954650315,0.13215915308102838
27.400000000000002,0.62,1.375075268086632,-0.00037823490189858107,0.09526076536037557,0.13349190204413178
27.6,0.62,1.3754768212366415,-0.00037236036311798026,0.09356424562140755,0.13482293494318628
27.8,0.62,1.3758720188742073,-0.00036658092927510747,0.09187602656643849,0.13615223171598312
28.0,0.62,1.3762609718331225,-0.0003608949205181096,0.0901959664769406,0.1374797732568688
28.200000000000003,0.62,1.3766437885587188,-0.00035530069378406326,0.08852392564562143,0.13880554139585047
28.400000000000002,0.62,1.3770205751794407,-0.00034979664171984017,0.08685976634378595,0.14012951887853659
28.6,0.62,1.3773914355753967,-0.0003443811915963749,0.08520335278942642,0.1414516893466061
28.8,0.62,1.377756471444037,-0.0003390528042240742,0.08355455111597788,0.14277203731853474
29.0,0.62,1.3781157823630392,-0.000333809972877223,0.08191322934176365,0.14409054817033964
29.200000000000003,0.62,1.3784694658505514,-0.0003286512222312376,0.0802792573400104,0.14540720811613847
29.400000000000002,0.62,1.3788176174229079,-0.00032357510731991976,0.0786525068095087,0.146722004188353
29.6,0.62,1.3791603306499154,-0.0003185802125156143,0.07703285124572892,0.14803492421741998
29.8,0.62,1.3794976972078745,-0.0003136651505426502,0.07542016591257168,0.1493459568109045
30.0,0.62,1.3798298069303958,-0.0003088285615186687,0.0738143278143871,0.15065509133193997
30.200000000000003,0.62,1.380156747857206,-0.00030406911204133136,0.07221521566871901,0.15196231787695266
30.400000000000002,0.62,1.3804786062809373,-0.00029938549430540536,0.0706227098790103,0.15326762725264567
30.6,0.62,1.3807954667922002,-0.0002947764252775439,0.06903669250827162,0.15457101095225584
30.8,0.62,1.3811074123227713,-0.000290240645893079,0.06745704725218157,0.15587246113110387
31.0,0.62,1.3814145241873876,-0.00028577692033203385,0.06588365941375013,0.15717197058149415
31.200000000000003,0.62,1.3817168821237045,-0.00028138403529545664,0.06431641587634843,0.1584695327070204
31.400000000000002,0.62,1.382014564331281,-0.0002770607993939584,0.06275520507967768,0.15976514149637053
31.6,0.62,1.3823076475085836,-0.00027280604248637315,0.06119991699196755,0.16105879149670807
31.8,0.62,1.3825962068896662,-0.00026861861520353426,0.059650443088028395,0.16235047778675532
32.0,0.62,1.3828803162783476,-0.0002644973883116134,0.05810667631916968,0.16364019594965812
32.2,0.62,1.3831600480832134,-0.0002604412524115629,0.056568511095156065,0.16492794204579359
32.4,0.62,1.3834354733488152,-0.0002564491172506498,0.05503584324896016,0.16621371258557358
32.6,0.62,1.383706661789911,-0.00025251991168885634,0.05350857002655924,0.16749750450246276
32.800000000000004,0.62,1.3839736818190016,-0.00024865258280374686,0.05198659004060717,0.16877931512618405
33.0,0.62,1.3842366005813898,-0.0002448460963200486,0.05046980327643427,0.17005914215644014
33.2,0.62,1.384495483977308,-0.000241099435192442,0.04895811102238464,0.17133698363695632
33.4,0.62,1.3847503967008017,-0.00023741160092673365,0.047451415909594265,0.17261283793039206
33.6,0.62,1.3850014022525445,-0.00023378161099175162,0.045949621793459974,0.17388670369358006
33.800000000000004,0.62,1.3852485629885671,-0.00023020850193506234,0.04445263386403272,0.1751585798541114
34.0,0.62,1.385491940115382,-0.0002266913242841955,0.04296035842526683,0.17642846558700476
34.2,0.62,1.385731593760988,-0.0002232291493681342,0.04147270315313621,0.17769636029347416
34.4,0.62,1.3859675829345894,-0.0002198210589128883,0.039989576661116695,0.1789622635790479
34.6,0.62,1.3861999656456965,-0.00021646615957942477,0.0385108890673646,0.18022617523515377
34.800000000000004,0.62,1.3864287987912995,-0.0002131635614256942,0.03703655111304405,0.18148809521833134
35.0,0.62,1.38665413837694,-0.00020991240857016563,0.03556647537621365,0.1827480236356084
35.2,0.62,1.3868760392535455,-0.00020671183432728317,0.034100574454577696,0.18400596072375103
35.4,0.62,1.387094555553122,-0.00020356102561761003,0.032638763532777816,0.1852619068402022
35.6,0.62,1.3873097401123864,-0.00020045912926073677,0.031180956607063208,0.18651586243995064
35.800000000000004,0.62,1.3875216453587629,-0.00019740538702914799,0.029727071885685498,0.18776782807556827
36.0,0.62,1.3877303220798465,-0.00019439893967287305,0.028277023914260475,0.18901780436650875
36.2,0.62,1.3879358212531323,-0.00019143910983064513,0.026830734908298532,0.19026579201556212
36.4,0.62,1.3881381914470203,-0.0001885249919287427,0.02538811829401211,0.1915117917597028
36.6,0.62,1.3883374826279054,-0.00018565604406402115,0.023949102466158632,0.19275580441817947
36.800000000000004,0.62,1.3885337406942275,-0.00018283123011567467,0.022513596345349416,0.1939978308022117
37.0,0.62,1.388727015429851,-0.00018005025228435604,0.02108153917514546,0.1952378718256991
37.2,0.62,1.3889173490099882,-0.00017731176451342214,0.019652828384136376,0.1964759283268719
37.4,0.62,1.3891047926858766,-0.00017461588631323714,0.018227424028793616,0.19771200129810693
37.6,0.62,1.3892893824362427,-0.00017196057882181887,0.016805197485045192,0.19894609152939058
37.800000000000004,0.62,1.3894711744276163,-0.0001693462734982713,0.015386151201864645,0.20017819999942685
38.0,0.62,1.3896501915882533,-0.00016676957966809864,0.013970099603610066,0.20140832725292776
38.2,0.62,1.3898265034673485,-0.0001642269513634899,0.012557138068775698,0.20263647334633952
38.400000000000006,0.62,1.3900000913696335,-0.00016171527511210076,0.011146952941793383,0.2038626379377898
38.6,0.62,1.3901710734850452,-0.00015918172640371896,0.0097398856922255,0.20508681203894089
38.800000000000004,0.62,1.3903392015696951,-0.0001566681237282777,0.00833526956322519,0.20630899360077098
39.0,0.62,1.3905049238727123,-0.00015363929145600835,0.006934448396396822,0.20752909249624926
39.2,0.62,1.3906661890224195,-0.00015076600360720363,0.0055350938772769235,0.20874712834362213
39.400000000000006,0.62,1.3908266517314223,-0.0001426994666460822,0.00414521806857384,0.20996224351968729
39.6,0.62,1.3909680147074603,-0.00013769006351771728,0.002749359206574319,0.21117490698703034
39.800000000000004,0.62,1.3911265118805944,-7.530953961573622e-05,0.001412922147738333,0.21237150694184745
40.0,0.62,1.3911265118805944,0.0,0.0,0.21237150694184745
0.0,0.64,1.0,0.0,0.6322586434097858,0.0
0.2,0.64,1.0237618216124256,-0.015676208870457408,0.6322586434097858,8.847396334193909e-08
0.4,0.64,1.0478133103444278,-0.012685017686281792,0.5841069382192219,4.968627390823585e-07
0.6000000000000001,0.64,1.063791234708978,-0.012114075134564903,0.5825893556467932,1.7966253042529098e-06
0.8,0.64,1.0811180590942968,-0.00951138477642788,0.5509415442873693,4.628746674445303e-06
1.0,0.64,1.0920710145037984,-0.008224373896512207,0.5458115635581419,1.0050911302637737e-05
1.2000000000000002,0.64,1.1037378600112875,-0.0070424444480737935,0.5277277633702964,1.9270700680890523e-05
1.4000000000000001,0.64,1.112574673716339,-0.0063517724330376555,0.5206968987984252,3.395410793942112e-05
1.6,0.64,1.1215382901773872,-0.005773685073579329,0.5087165360699824,5.595191560979357e-05
1.8,0.64,1.12922270666592,-0.005379806152455467,0.5012155658278221,8.750973401657154e-05
2.0,0.64,1.1367696180025542,-0.0050377434289592,0.4919877598578717,0.00013100449813140493
2.2,0.64,1.1436530313951443,-0.0047749209701370135,0.484665570040255,0.00018908186021573446
2.4000000000000004,0.64,1.1503186597681545,-0.004539933239215163,0.476840565999684,0.0002644227789283296
2.6,0.64,1.156578435582425,-0.004344732859292707,0.4699053237240165,0.00035982589585235126
2.8000000000000003,0.64,1.1626135040122496,-0.004167662993667397,0.4629118537286719,0.00047802095585095834
3.0,0.64,1.1683615688137046,-0.004013298612457667,0.45639124569767614,0.0006217127814088721
3.2,0.64,1.1739008492899718,-0.0038718978721048306,0.4499621359689101,0.000793447122415325
3.4000000000000004,0.64,1.179214607620668,-0.003744775536881146,0.4438239803194405,0.000995632835905043
3.6,0.64,1.1843396033264901,-0.0036272656048795134,0.43781839403122463,0.0012304556896944982
3.8000000000000003,0.64,1.1892748885487292,-0.0035194169549310947,0.4320172542021935,0.0014998917650270833
4.0,0.64,1.1940397843650712,-0.003418837156417147,0.4263514931140835,0.0018056595847281206
4.2,0.64,1.1986383142567554,-0.003325171885608063,0.42084426513333006,0.002149232523735327
4.4,0.64,1.2030820651308116,-0.003237099830793202,0.4154631289357909,0.002531818613651484
4.6000000000000005,0.64,1.2073762436738387,-0.0031541986942745445,0.4102130316669599,0.002954375229243939
4.800000000000001,0.64,1.2115287771441943,-0.003075681640049689,0.4050770683344866,0.0034176071592901527
5.0,0.64,1.2155448277046201,-0.00300117075083226,0.4000537447698735,0.003921983954193383
5.2,0.64,1.2194304514060816,-0.002930163903667191,0.395133089196959,0.004467748905975455
5.4,0.64,1.2231904374437141,-0.002862353425561943,0.3903116423967862,0.005054938069964671
5.6000000000000005,0.64,1.2268297953269232,-0.00279739970718155,0.3855827637653189,0.005683394870192804
5.800000000000001,0.64,1.2303529053942324,-0.002735061272981958,0.3809426759797376,0.006352789449579525
6.0,0.64,1.2337641309229945,-0.0026750976142529306,0.37638650304261184,0.007062635370331809
6.2,0.64,1.2370674863091273,-0.002617321435673529,0.37191070812752924,0.007812308117552034
6.4,0.64,1.2402668929163536,-0.002561556231300613,0.3675114595845085,0.008601061705381661
6.6000000000000005,0.64,1.2433660512835976,-0.0025076566504857556,0.36318561046597303,0.009428045520661472
6.800000000000001,0.64,1.2463685502313493,-0.002455489477634829,0.358930015862583,0.010292319599512753
7.0,0.64,1.249277819076675,-0.002404941101214396,0.3547419221038122,0.011192869363496342
7.2,0.64,1.252097175502233,-0.002355908643354387,0.35061867574127437,0.0121286189691144
7.4,0.64,1.2548298088556689,-0.002308302330077349,0.34655787413379885,0.013098443780406132
7.6000000000000005,0.64,1.2574788020995442,-0.002262041121010008,0.34255723726565723,0.014101181595809698
7.800000000000001,0.64,1.2600471270160891,-0.002217053152255955,0.3386146624747535,0.015135642902316124
8.0,0.64,1.2625376550290812,-0.0021732734283223137,0.33472816496592217,0.01620062002188061
8.200000000000001,0.64,1.2649531568785608,-0.0021306436041507474,0.330895894617226,0.017294895315188356
8.4,0.64,1.2672963086032898,-0.0020891106671807155,0.3271161061447519,0.01841724841921005
8.6,0.64,1.2695696928507625,-0.0020486265468844444,0.32338716141803253,0.019566462633055674
8.8,0.64,1.2717758027336814,-0.002009147301768178,0.31970751290109517,0.020741330478872867
9.0,0.64,1.2739170437178096,-0.0019706327314960733,0.31607570086493353,0.021940658526244237
9.200000000000001,0.64,1.2759957365364551,-0.0019330458400666905,0.31249034312003754,0.023163271526562286
9.4,0.64,1.278014119270183,-0.0018963525031543877,0.30895013080871625,0.02440801592976719
9.600000000000001,0.64,1.2799743498374543,-0.001860521093813996,0.3054538213698408,0.025673762834430285
9.8,0.64,1.281878508126152,-0.0018255222126621856,0.3020002342897983,0.026959410431457977
10.0,0.64,1.2837285982845346,-0.0017913284162483802,0.2985882459025109,0.028263885989594482
10.200000000000001,0.64,1.2855265508513867,-0.0017579140033522089,0.2952167855598125,0.029586147432731434
10.4,0.64,1.2872742249408806,-0.0017252548125851902,0.2918848315877629,0.03092518455137143
10.600000000000001,0.64,1.2889734103478785,-0.0016933280551793709,0.2885914079817713,0.03228001988937037
10.8,0.64,1.2906258296627233,-0.0016621121620431897,0.2853355811598002,0.033649709341811794
11.0,0.64,1.2922331403384502,-0.0016315866541946296,0.2821164571583874,0.03503334249769244
11.200000000000001,0.64,1.2937969367466622,-0.0016017320268173223,0.2789331789724019,0.03643004275732222
11.4,0.64,1.2953187521972005,-0.0015725296500136128,0.2757849241882796,0.03783896725213869
11.600000000000001,0.64,1.29680006093585,-0.0015439616813986096,0.272670902774366,0.0392593065918814
11.8,0.64,1.2982422801087274,-0.0015160109911770401,0.26959035508187584,0.040690284462149305
12.0,0.64,1.2996467716984177,-0.0014886610970243866,0.2665425499905204,0.04213115709330118
12.200000000000001,0.64,1.3010148444262508,-0.0014618961084739896,0.2635267832137603,0.04358121262003834
12.4,0.64,1.3023477556220073,-0.0014357006791364665,0.26054237572905065,0.045039770349378526
12.600000000000001,0.64,1.3036467130579275,-0.00141005996613371,0.25758867233332794,0.04650617995332919
12.8,0.64,1.304912876746854,-0.0013849595955836773,0.2546650403036719,0.04797982060118562
13.0,0.64,1.306147360702502,-0.0013603856334636663,0.2517708681584014,0.049460100045112455
13.200000000000001,0.64,1.3073512346611962,-0.0013363245609902747,0.24890556450580423,0.05094645367142176
13.4,0.64,1.3085255257636754,-0.0013127632539022232,0.24606855697464394,0.05243834352878074
13.600000000000001,0.64,1.309671220196236,-0.0012896889649919444,0.24325929121759146,0.05393525734342653
13.8,0.64,1.310789264790176,-0.0012670893093748466,0.24047722998205165,0.05543670753035938
14.0,0.64,1.3118805685789257,-0.0012449522519975276,0.23772185224190054,0.05694223020841593
14.200000000000001,0.64,1.3129460043121395,-0.0012232660969811312,0.23499265238538034,0.05845138422610187
14.4,0.64,1.3139864099262555,-0.0012020194784252067,0.23228913945422885,0.05996375020408986
14.600000000000001,0.64,1.315002589971074,-0.001181201352360743,0.22961083643010444,0.06147892959936749
14.8,0.64,1.3159953169920575,-0.001160800989574823,0.22695727956449466,0.06299654379515422
15.0,0.64,1.3169653328681135,-0.0011408079690714602,0.22432801774889924,0.06451623321989658
15.200000000000001,0.64,1.3179133501047573,-0.0011212121719679639,0.2217226119222905,0.06603765649790089
15.4,0.64,1.318840053082663,-0.0011020037756558495,0.21914063451324028,0.06756048963346671
15.600000000000001,0.64,1.3197460992616756,-0.00108317324807986,0.21658166891434244,0.06908442522975074
15.8,0.64,1.320632120340525,-0.0010647113420206788,0.21404530898679164,0.07060917174300878
16.0,0.64,1.321498723372547,-0.001046609089285751,0.21153115859321825,0.07213445277234332
16.2,0.64,1.3223464918378414,-0.0010288577947360638,0.20903883115702718,0.07366000638461592
16.400000000000002,0.64,1.323175986672435,-0.0010114490300964444,0.20656794924665697,0.07518558447377355
16.6,0.64,1.323987747255073,-0.0009943746275169409,0.2041181441833295,0.07671095215348432
16.8,0.64,1.3247822923524202,-0.0009776266728696436,0.20168905567095446,0.07823588718167766
17.0,0.64,1.325560121023535,-0.0009611974987795866,0.1992803314469581,0.07976017941534239
17.2,0.64,1.3263217134845657,-0.0009450796774045328,0.19689162695290902,0.0812836302937467
17.400000000000002,0.64,1.3270675319347178,-0.0009292660129862842,0.1945226050238753,0.0828060523481094
17.6,0.64,1.327798021344637,-0.0009137495342081748,0.1921729355954975,0.08432726873566944
17.8,0.64,1.3285136102083677,-0.0008985234864011602,0.18984229542785172,0.08584711279606766
18.0,0.64,1.3292147112601687,-0.0008835813236419732,0.18753036784518762,0.08736542762796547
18.2,0.64,1.329901722157461,-0.0008689167007948474,0.18523684249069053,0.08888206568388225
18.400000000000002,0.64,1.3305750261312517,-0.0008545234655465768,0.1829614150954456,0.09039688838132412
18.6,0.64,1.331234992605374,-0.0008403956504840259,0.1807037872608155,0.09190976572839978
18.8,0.64,1.3318819777859137,-0.0008265274652643294,0.17846366625348012,0.09342057596227238
19.0,0.64,1.3325163252221837,-0.0008129132889212148,0.17624076481238693,0.09492920519896418
19.200000000000003,0.64,1.3331383663405971,-0.0007995476623508702,0.17403480096694454,0.09643554709322028
19.400000000000002,0.64,1.3337484209527892,-0.0007864252810149124,0.17184549786575198,0.09793950250732818
19.6,0.64,1.3343467977392829,-0.0007735409878937338,0.16967258361522983,0.09944097918799079
19.8,0.64,1.3349337947099957,-0.0007608897667170633,0.16751579112753104,0.1009398914505455
20.0,0.64,1.3355096996428155,-0.0007484667354968795,0.1653748579771135,0.10243615987000902
20.200000000000003,0.64,1.3360747905014665,-0.000736267140380578,0.16324952626542877,0.1039297109786089
20.400000000000002,0.64,1.3366293358337904,-0.0007242863498376633,0.16113954249315626,0.10542047696962432
20.6,0.64,1.3371735951515784,-0.0007125198491910695,0.1590446574394697,0.1069083954075078
20.8,0.64,1.3377078192929712,-0.0007009632354955364,0.15696462604783648,0.10839340894438575
21.0,0.64,1.3382322507684588,-0.0006896122127660728,0.15489920731787585,0.10987546504314603
21.200000000000003,0.64,1.338747124091397,-0.0006784625875527234,0.15284816420285216,0.11135451570740686
21.400000000000002,0.64,1.339252666093927,-0.0006675102648561901,0.15081126351234822,0.1128305172187269
21.6,0.64,1.339749096229144,-0.0006567512443744141,0.14878827581974693,0.11430342988146362
21.8,0.64,1.340236626860271,-0.0006461816170666422,0.1467789753741463,0.1157732177757118
22.0,0.64,1.3407154635375664,-0.0006357975620217516,0.14478314001636708,0.11723984851876203
22.200000000000003,0.64,1.3411858052636307,-0.0006255953436140855,0.142800551098718,0.11870329303550937
22.400000000000002,0.64,1.3416478447477314,-0.0006155713089253544,0.14083099340823632,0.12016352533821874
22.6,0.64,1.34210176864971,-0.0006057218854138904,0.13887425509312473,0.12162052231601345
22.8,0.64,1.3425477578139975,-0.0005960435788103448,0.13693012759212833,0.12307426353440697
23.0,0.64,1.3429859874942123,-0.0005865329712164048,0.13499840556662282,0.12452473104513792
23.200000000000003,0.64,1.3434166275688,-0.0005771867193840232,0.1330788868352041,0.1259719092065026
23.400000000000002,0.64,1.343839842748087,-0.0005680015531524735,0.13117137231058934,0.1274157845143086
23.6,0.64,1.3442557927731482,-0.0005589742740212837,0.12927566593865478,0.12885634544349928
23.8,0.64,1.3446646326068095,-0.0005501017538374491,0.12739157463946826,0.13029358230042115
24.0,0.64,1.3450665126171157,-0.0005413809335757057,0.12551890825014977,0.13172748708563234
24.200000000000003,0.64,1.3454615787535278,-0.0005328088221920541,0.12365747946946032,0.13315805336707356
24.400000000000002,0.64,1.3458499727161468,-0.0005243824955318241,0.12180710380401477,0.1345852761633533
24.6,0.64,1.3462318321181828,-0.0005160990952766303,0.11996759951599838,0.13600915183683196
24.8,0.64,1.34660729064193,-0.0005079558279145298,0.11813878757231983,0.13742967799612618
25.0,0.64,1.3469764781884428,-0.0004999499637187692,0.11632049159511809,0.13884685340760228
25.200000000000003,0.64,1.3473395210211414,-0.0004920788357245625,0.11451253781356403,0.14026067791537597
25.400000000000002,0.64,1.3476965419035247,-0.00048433983869357637,0.11271475501689851,0.14167115236929853
25.6,0.64,1.3480476602311906,-0.000476730428057266,0.11092697450864977,0.14307827856037506
25.8,0.64,1.3483929921583566,-0.00046924811883363636,0.10914903006198651,0.14448205916303725
26.0,0.64,1.3487326507190307,-0.0004618904845125106,0.10738075787618218,0.14588249768367711
26.200000000000003,0.64,1.3490667459430348,-0.00045465515590430925,0.1056219965341395,0.14727959841484178
26.400000000000002,0.64,1.3493953849670342,-0.00044753981995317404,0.1038725869609417,0.14867336639448778
26.6,0.64,1.3497186721407484,-0.00044054221851275795,0.10213237238341799,0.15006380736970443
26.8,0.64,1.3500367091285086,-0.00043366014708526985,0.1004011982906746,0.15145092776432717
27.0,0.64,1.3503495950063193,-0.00042689145352834025,0.0986789123955811,0.1528347346498866
27.200000000000003,0.64,1.350657426354603,-0.00042023403672882074,0.09696536459717492,0.1542152357193622
27.400000000000002,0.64,1.3509602973467765,-0.00041368584525123875,0.09526040694396641,0.1555924392632444
27.6,0.64,1.351258299833825,-0.00040724487596577433,0.09356389359810394,0.15696635414744042
27.8,0.64,1.3515515234250455,-0.00040090917265790714,0.09187568080039674,0.15833698979260083
28.0,0.64,1.3518400555650998,-0.0003946768246279397,0.09019562683613844,0.15970435615448086
28.200000000000003,0.64,1.3521239816075583,-0.0003885459652875216,0.08852359200171633,0.16106846370499675
28.400000000000002,0.64,1.3524033848850765,-0.00038251477075807887,0.08685943857197939,0.16242932341367436
28.6,0.64,1.3526783467763643,-0.0003765814584780473,0.08520303076833206,0.16378694672923372
28.8,0.64,1.3529489467701081,-0.00037074428582417254,0.08355423472749662,0.16514134556109425
29.0,0.64,1.3532152625259908,-0.0003650015487554884,0.081912918470963,0.16649253226062427
29.200000000000003,0.64,1.3534773699329505,-0.0003593515804843092,0.08027895187500934,0.16784051960199886
29.400000000000002,0.64,1.3537353431648478,-0.00035379275018046437,0.0786522066413678,0.16918532076256654
29.6,0.64,1.353989254733651,-0.00034832346171111085,0.07703255626834497,0.17052694930265844
29.8,0.64,1.3542391755403067,-0.0003429421524274435,0.07541987602257783,0.17186541914480763
30.0,0.64,1.3544851749233915,-0.00033764729199140057,0.07381404291105631,0.17320074455237286
30.200000000000003,0.64,1.3547273207057313,-0.00033243738126027697,0.07221493565387409,0.174532940107587
30.400000000000002,0.64,1.354965679239015,-0.000327310951212542,0.07062243465693574,0.17586202068907367
30.6,0.64,1.3552003154466665,-0.00032226656194475216,0.0690364219856332,0.1771880014488982
30.8,0.64,1.3554312928648584,-0.00031730280169818304,0.06745678133794498,0.17851089778922483
31.0,0.64,1.3556586736821241,-0.00031241828597986416,0.06588339801910985,0.17983072533868213
31.200000000000003,0.64,1.3558825187771455,-0.00030761165668587273,0.0643161589146523,0.1811474999285281
31.400000000000002,0.64,1.356102887755561,-0.00030288158135778864,0.06275495246636556,0.18246123756873991
31.6,0.64,1.3563198389847981,-0.0002982267523812893,0.06119966864449869,0.18377195442412034
31.8,0.64,1.3565334296285791,-0.00029364588640114507,0.05965019892583259,0.18507966679057092
32.0,0.64,1.356743715678903,-0.0002891377235502717,0.058106436263571044,0.1863843910715998
32.2,0.64,1.3569507519888602,-0.00028470102706980955,0.05656827506934407,0.18768614375524525
32.4,0.64,1.357154592301584,-0.0002803345824774001,0.05503561117789857,0.18898494139142882
32.6,0.64,1.3573552892822893,-0.00027603719749762364,0.05350834183699021,0.19028080056997868
32.800000000000004,0.64,1.3575528945434596,-0.00027180770098965336,0.05198636566092467,0.19157373789921903
33.0,0.64,1.357747458677697,-0.00026764494341608195,0.05046958263675038,0.1928637699855015
33.2,0.64,1.357939031277353,-0.000263547795162422,0.04895789405432212,0.19415091341333784
33.4,0.64,1.3581276609712212,-0.00025951514804311096,0.04745120254648002,0.19543518472680707
33.6,0.64,1.3583133954346125,-0.0002555459122578123,0.04594941196994142,0.19671660041141423
33.800000000000004,0.64,1.3584962814360328,-0.00025163901998608994,0.044452427516533326,0.19799517687771842
34.0,0.64,1.358676364829134,-0.00024779341942226786,0.0429601554912309,0.1992709304449261
34.2,0.64,1.3588536906220325,-0.00024400808268251176,0.04147250357202869,0.2005438773271287
34.4,0.64,1.3590283029330843,-0.00024028199366702639,0.03998938037288606,0.20181403361835665
34.6,0.64,1.3592002451091783,-0.00023661416494802202,0.03851069601457957,0.20308141528200874
34.800000000000004,0.64,1.359369559607442,-0.00023300361267703795,0.037036361237715545,0.2043460381366077
35.0,0.64,1.359536288217479,-0.0002294493922402295,0.03556628862431163,0.20560791784949822
35.2,0.64,1.3597004717896581,-0.00022595054602373368,0.03410039076941246,0.20686706992163287
35.4,0.64,1.3598621506762156,-0.00022250617834163822,0.03263858286450013,0.20812350968775045
35.6,0.64,1.3600213641400012,-0.00021911534636754405,0.0311807788988357,0.20937725229670293
35.800000000000004,0.64,1.3601781512549171,-0.0002157772172716611,0.029726897093621182,0.21062831272278834
36.0,0.64,1.3603325496472654,-0.00021249084015247403,0.0282768519784842,0.211876705734411
36.2,0.64,1.360484597358966,-0.0002092554752345991,0.02683056579474703,0.2131224459264565
36.4,0.64,1.3606343301928185,-0.00020607011664290842,0.025387951933830956,0.21436554766236682
36.6,0.64,1.3607817855931295,-0.00020293418116373217,0.02394893884321757,0.21560602514829347
36.800000000000004,0.64,1.3609269970663531,-0.00019984650999585137,0.02251343536937432,0.21684389231761236
37.0,0.64,1.3610700022921394,-0.00019680680322866912,0.02108138086407947,0.218079162989211
37.2,0.64,1.3612108313970133,-0.00019381354109578844,0.019652672599787507,0.2193118506305847
37.4,0.64,1.3613495239726907,-0.00019086691131581048,0.018227270848909082,0.22054196867793746
37.6,0.64,1.3614861042647626,-0.000187964592661891,0.016805046667224155,0.2217695300553386
37.800000000000004,0.64,1.3616206173213838,-0.00018510715967685545,0.015386002867872462,0.22299454771899735
38.0,0.64,1.361753074789522,-0.00018229075624822072,0.01396995331292217,0.22421703381319114
38.2,0.64,1.3618835360062356,-0.00017951152587055604,0.012556993347178918,0.2254369996522256
38.400000000000006,0.64,1.3620119732379987,-0.0001767661877096142,0.011146809426364835,0.22665445583486551
38.6,0.64,1.3621384967913917,-0.00017399520058289071,0.00973973554547948,0.2278694014668792
38.800000000000004,0.64,1.362262868338398,-0.00017124916629136192,0.008335119444131844,0.2290818451282441
39.0,0.64,1.3623855341145992,-0.00016792313282725093,0.006934218376979068,0.23029167990717445
39.2,0.64,1.3625046333217354,-0.00016480846357426894,0.005534887416711883,0.2314989486234331
39.400000000000006,0.64,1.3626237891594204,-0.00015589694066579007,0.0041442368758971134,0.23270255279577864
39.6,0.64,1.362726992770851,-0.00015072611378943052,0.002748864476679447,0.2339031753820125
39.800000000000004,0.64,1.3628486956757027,-8.266122292510466e-05,0.0014039719169592218,0.23508466381488316
40.0,0.64,1.3628486956757027,0.0,0.0,0.23508466381488316
0.0,0.66,1.0,0.0,0.6339517343531028,0.0
0.2,0.66,1.0248029012247997,-0.018172115649961715,0.6339517343531028,2.6979775826136616e-07
0.4,0.66,1.0497393699544968,-0.014604970310396637,0.5837348454159088,1.4351938225570947e-06
0.6000000000000001,0.66,1.0657373670029902,-0.013862901806816865,0.582498438351059,4.946007469323622e-06
0.8,0.66,1.0831212844928257,-0.010870506722134047,0.5506244893237132,1.2208002309585812e-05
1.0,0.66,1.0940223409914953,-0.009392507233596315,0.5456503282820937,2.5515083452645434e-05
1.2000000000000002,0.66,1.1056696086642461,-0.008044547681903588,0.5275802715654653,4.725872789722123e-05
1.4000000000000001,0.66,1.1144827181339685,-0.007256987970770191,0.5206084290244909,8.067965978723844e-05
1.6,0.66,1.1234288993630575,-0.006597316087765515,0.5086419365383117,0.00012912764439298319
1.8,0.66,1.1310908191708067,-0.00614725236502444,0.501163519088057,0.00019655215453187797
2.0,0.66,1.1386093135638358,-0.005755562660090474,0.49194224991221686,0.0002868646564240518
2.2,0.66,1.1454537987459752,-0.005453983825117267,0.4846299865214169,0.00040427057665502525
2.4000000000000004,0.66,1.1520688683795974,-0.005183734287968658,0.4768086068889454,0.0005527631788041549
2.6,0.66,1.1582640862094273,-0.004958661366224142,0.4698784843899408,0.0007363451996323227
2.8000000000000003,0.66,1.1642197763192081,-0.00475399301543029,0.4628874485488984,0.0009586669392634107
3.0,0.66,1.169872338300386,-0.004575043579400078,0.4563698546074882,0.0012231708298345784
3.2,0.66,1.1752995086878018,-0.004410683029778204,0.4499425386019632,0.0015328613364297302
3.4000000000000004,0.66,1.1804839455285134,-0.004262464693613038,0.4438063461823119,0.001890401696865457
3.6,0.66,1.1854622903908165,-0.004125074926727274,0.4378021325312947,0.002297987116006932
3.8000000000000003,0.66,1.190233514301494,-0.003998607922891972,0.4320023722324389,0.0027574153924137777
4.0,0.66,1.1948171637118221,-0.003880354729145669,0.4263376838468434,0.0032700316887904622
4.2,0.66,1.1992175733594863,-0.0037699426097245335,0.420831481662037,0.0038367858802165716
4.4,0.66,1.2034468376827276,-0.0036658873496564007,0.4154511985404148,0.004458221802111304
4.6000000000000005,0.66,1.207510753765333,-0.003567733629424607,0.41020189680721325,0.00513452725899827
4.800000000000001,0.66,1.2114179606745628,-0.0034746055495897036,0.40506662330523324,0.005865547789098311
5.0,0.66,1.2151743919574236,-0.003386093642002651,0.40004393642141045,0.006650831251641138
5.2,0.66,1.2187869428639226,-0.003301643433804337,0.3951238475986624,0.007489652844044962
5.4,0.66,1.2222612738555163,-0.003220920878656725,0.3903029226828655,0.008381054433929674
5.6000000000000005,0.66,1.2256032947976707,-0.003143552841896751,0.3855745165508603,0.009323872759999723
5.800000000000001,0.66,1.2288182939086507,-0.0030692763305413427,0.3809348645969913,0.010316773253410594
6.0,0.66,1.2319115440228265,-0.0029978272289493345,0.37637909080218196,0.011358276970165516
6.2,0.66,1.2348879575527296,-0.0029290003379831104,0.37190366531552266,0.012446788812732394
6.4,0.66,1.237752336951395,-0.0028626009091258383,0.3675047578928517,0.013580621068093946
6.6000000000000005,0.66,1.2405092389646986,-0.0027984681520321114,0.36317922575749756,0.014758016253485141
6.800000000000001,0.66,1.2431630798725255,-0.002736453605171542,0.35892392567519243,0.01597716652493447
7.0,0.66,1.245718083216731,-0.0026764298588776896,0.3547361066852196,0.01723623162918263
7.2,0.66,1.2481783254272454,-0.0026182805509001156,0.3506131168870649,0.018533354211937126
7.4,0.66,1.2505477169612664,-0.002561903232767598,0.3465525555281824,0.019866673504577475
7.6000000000000005,0.66,1.2528300233754603,-0.0025072045051269184,0.34255214390947425,0.02123433693424444
7.800000000000001,0.66,1.2550288599232733,-0.002454100656369341,0.33860978075792875,0.022634510220010437
8.0,0.66,1.2571477025182691,-0.002402515139867716,0.3347234823641425,0.02406538583138036
8.200000000000001,0.66,1.259189887810633,-0.002352378434212729,0.33089139966839676,0.025525190146202494
8.4,0.66,1.2611586200059848,-0.002303626633318707,0.3271117882734622,0.02701218932495048
8.6,0.66,1.2630569732012553,-0.0022562010883419455,0.3233830108839049,0.028524694121875974
8.8,0.66,1.2648878965078367,-0.002210047556208951,0.3197035206877995,0.03006106370198785
9.0,0.66,1.2666542173188264,-0.0021651158258120546,0.3160718586258027,0.03161970861888295
9.200000000000001,0.66,1.268358645721427,-0.002121359165386898,0.3124866431022446,0.0331990930342617
9.4,0.66,1.2700037781236637,-0.00207873399595615,0.30894656580458496,0.03479773629317948
9.600000000000001,0.66,1.2715921013332139,-0.002037199510217544,0.3054503846618529,0.03641421393058008
9.8,0.66,1.2731259962798547,-0.001996717404767223,0.30199691960952685,0.038047158194713104
10.0,0.66,1.274607741890459,-0.001957251604676523,0.29858504738901737,0.03969525815141097
10.200000000000001,0.66,1.2760395187750466,-0.0019187680493678516,0.2952136977258348,0.04135725943371383
10.4,0.66,1.2774234129319646,-0.001881234486988785,0.291881849287336,0.04303196368818102
10.600000000000001,0.66,1.2787614193264745,-0.0018446203050967007,0.2885885263826368,0.044718227766400075
10.8,0.66,1.2800554454272046,-0.0018088963741596101,0.2853327957177297,0.04641496270174945
11.0,0.66,1.281307314637679,-0.0017740349146795325,0.2821137635947083,0.04812113250801337
11.200000000000001,0.66,1.2825187696569786,-0.0017400093771275612,0.2789305732533729,0.04983575283086229
11.4,0.66,1.2836914757423523,-0.0017067943385113086,0.2757824025067531,0.05155788948015507
11.600000000000001,0.66,1.284827023887569,-0.0016743654102958504,0.2726684615330622,0.053286656867276044
11.8,0.66,1.2859269339053694,-0.0016426991586582884,0.26958799087836266,0.055021216369293725
12.0,0.66,1.2869926574198436,-0.0016117730342354707,0.2665402596035366,0.056760774639147894
12.200000000000001,0.66,1.2880255807640382,-0.001581565311227008,0.2635245635908488,0.05850458187917633
12.4,0.66,1.2890270277856157,-0.001552055034127066,0.26054022397528404,0.06025193009340065
12.600000000000001,0.66,1.2899982625591107,-0.0015232219715487537,0.257586585701059,0.062002151332444626
12.8,0.66,1.2909404920065748,-0.0014950465759667071,0.25466301618316195,0.06375461594344299
13.0,0.66,1.2918548684267177,-0.0014675099487534648,0.2517689040692564,0.06550873083595501
13.200000000000001,0.66,1.292742491934134,-0.001440593809653917,0.24890365808911696,0.06726393777358332
13.4,0.66,1.2936044128095072,-0.0014142804701137296,0.24606670598577424,0.06901971169977725
13.600000000000001,0.66,1.2944416337624114,-0.001388552809820985,0.24325749351951273,0.07077555910511395
13.8,0.66,1.2952551121080664,-0.0013633942559691452,0.2404754835392062,0.07253101644222648
14.0,0.66,1.296045761859746,-0.001338788764758604,0.23772015511451083,0.07428564859347232
14.200000000000001,0.66,1.296814455738472,-0.0013147208047444396,0.23499100272416618,0.07603904739541964
14.4,0.66,1.2975620271017463,-0.0012911753416707675,0.23228753549549447,0.07779083022326685
14.600000000000001,0.66,1.2982892717931236,-0.0012681378244918733,0.22960927649115412,0.07954063863741768
14.8,0.66,1.2989969499144398,-0.0012455941723124198,0.22695576203934778,0.08128813709359994
15.0,0.66,1.2996857875225793,-0.0012235307620223127,0.22432654110427447,0.0830330117171521
15.200000000000001,0.66,1.3003564782526589,-0.0012019344164358513,0.22172117469383687,0.08477496914140417
15.4,0.66,1.301009684869567,-0.0011807923927727125,0.21913923530199084,0.08651373540944803
15.600000000000001,0.66,1.3016460407498067,-0.0011600923713445275,0.216580306383374,0.08824905493802916
15.8,0.66,1.3022661512956357,-0.0011398224443426451,0.21404398185807041,0.08998068954179743
16.0,0.66,1.3028705952835145,-0.0011199711046394434,0.2115298656446216,0.09170841751572222
16.2,0.66,1.3034599261489326,-0.0011005272345418066,0.2090375712195248,0.09343203277311739
16.400000000000002,0.66,1.3040346732096928,-0.001081480094452302,0.20656672120164282,0.09515134403642149
16.6,0.66,1.3045953428297763,-0.0010628193114144134,0.2041169469600933,0.09686617407764843
16.8,0.66,1.3051424195259593,-0.0010445348675345635,0.20168788824428566,0.09857635900525491
17.0,0.66,1.3056763670193394,-0.0010266170882866417,0.19927919283487372,0.10028174759406644
17.2,0.66,1.3061976292339788,-0.001009056630719941,0.19689051621449835,0.1019822006548584
17.400000000000002,0.66,1.3067066312448752,-0.000991844471599735,0.19452152125725827,0.10367759044020067
17.6,0.66,1.3072037801774608,-0.0009749718955183245,0.19217187793588614,0.10536780008324265
17.8,0.66,1.3076894660608365,-0.0009584304830226884,0.18984126304571647,0.10705272306622789
18.0,0.66,1.3081640626369229,-0.000942212098804874,0.18752935994451692,0.1087322627156884
18.2,0.66,1.308627928127678,-0.0009263088800065605,0.18523585830734537,0.11040633172146307
18.400000000000002,0.66,1.3090814059624973,-0.0009107132246879683,0.18296045389560028,0.11207485167691239
18.6,0.66,1.309524825467867,-0.0008954177805090988,0.1807028483394838,0.11373775263795147
18.8,0.66,1.3099585025212914,-0.0008804154336705405,0.1784627489331216,0.11539497269878975
19.0,0.66,1.3103827401714283,-0.0008656992981548191,0.17623986844158976,0.11704645758254391
19.200000000000003,0.66,1.3107978292263303,-0.0008512627053080101,0.17403392491918218,0.11869216024516796
19.400000000000002,0.66,1.3112040488116037,-0.0008370991937935726,0.1718446415382078,0.12033204049142157
19.6,0.66,1.3116016669002133,-0.0008232024999471841,0.16967174642769053,0.12196606460186342
19.8,0.66,1.3119909408155832,-0.0008095665485535768,0.16751497252133915,0.12359420497010906
20.0,0.66,1.3123721177095813,-0.000796185444065001,0.16537405741418337,0.12521643974982447
20.200000000000003,0.66,1.312745435016862,-0.0007830534622717351,0.163248743227315,0.12683275251114004
20.400000000000002,0.66,1.3131111208869883,-0.0007701650424323312,0.16113877648017785,0.12844313190635187
20.6,0.66,1.3134693945956335,-0.0007575147798668952,0.15904390796988166,0.13004757134494102
20.8,0.66,1.313820466936127,-0.0007450974190113026,0.1569638926570503,0.1316460686780689
21.0,0.66,1.3141645405924947,-0.0007329078469258161,0.15489848955772234,0.13323862589281285
21.200000000000003,0.66,1.314501810495065,-0.0007209410872492112,0.15284746164088694,0.134825248816481
21.400000000000002,0.66,1.3148324641596678,-0.0007091922945862296,0.15081057573119394,0.13640594683139656
21.6,0.66,1.3151566820113247,-0.0006976567493117572,0.1487876024164732,0.13798073260056284
21.8,0.66,1.3154746376933275,-0.0006863298527722944,0.14677831595968088,0.13954962180462777
22.0,0.66,1.3157864983624743,-0.0006752071228649376,0.1447824942149404,0.14111263289054168
22.200000000000003,0.66,1.3160924249711952,-0.0006642841899721716,0.1427999185473354,0.14266978683227233
22.400000000000002,0.66,1.3163925725372596,-0.0006535567932257671,0.14083037375617677,0.14422110690388187
22.6,0.66,1.316687090401664,-0.0006430207770749589,0.1388736480014654,0.14576661846521285
22.8,0.66,1.3169761224752774,-0.0006326720881342374,0.13692953273329125,0.1473063487603518
23.0,0.66,1.3172598074747666,-0.0006225067722833813,0.1349978226239432,0.14884032672895794
23.200000000000003,0.66,1.3175382791482861,-0.0006125209719922318,0.13307831550251936,0.15036858283046228
23.400000000000002,0.66,1.3178116664913686,-0.0006027109238446565,0.13117081229184463,0.1518911488810481
23.6,0.66,1.3180800939534434,-0.000593072956236867,0.12927511694752708,0.15340805790324183
23.8,0.66,1.3183436816353513,-0.0005836034872247929,0.12739103639900543,0.15491934398785287
24.0,0.66,1.3186025454782127,-0.0005742990224973232,0.1255183804924244,0.15642504216792175
24.200000000000003,0.66,1.318856797444004,-0.0005651561534535818,0.12365696193523819,0.15792518830425653
24.400000000000002,0.66,1.319106545688122,-0.0005561715553629477,0.12180659624243452,0.1594198189820688
24.6,0.66,1.3193518947242773,-0.0005473419855916995,0.11996710168426426,0.16090897141816007
24.8,0.66,1.3195929455819668,-0.0005386642818776213,0.11813829923540563,0.16239268337805163
25.0,0.66,1.3198297959568155,-0.0005301353606380501,0.11632001252548138,0.1638709931024111
25.200000000000003,0.66,1.3200625403540502,-0.0005217522152993388,0.11451206779087104,0.1653439392420916
25.400000000000002,0.66,1.3202912702253489,-0.000513511914636092,0.11271429382775829,0.1668115608010785
25.6,0.66,1.3205160740993214,-0.0005054116011122589,0.11092652194635702,0.16827389708662002
25.8,0.66,1.3207370377058694,-0.0004974484892158458,0.10914858592627398,0.16973098766581737
26.0,0.66,1.3209542440946416,-0.0004896198637830399,0.10738032197298165,0.17118287232795326
26.200000000000003,0.66,1.3211677737478273,-0.00048192307830701684,0.10562156867535016,0.1726295910518518
26.400000000000002,0.66,1.3213777046875235,-0.00047435555323072206,0.10387216696420701,0.17407118397758264
26.6,0.66,1.3215841125778782,-0.00046691477422195865,0.1021319600719101,0.17550769138185565
26.8,0.66,1.3217870708222514,-0.00045959829043196827,0.10040079349288668,0.17693915365648324
27.0,0.66,1.3219866506555984,-0.0004524037127405336,0.09867851494512578,0.178365611289331
27.200000000000003,0.66,1.3221829212322846,-0.00044532871198736467,0.09696497433259203,0.17978710484722138
27.400000000000002,0.66,1.322375949709558,-0.00043837101719711115,0.09526002370853587,0.18120367496030448
27.6,0.66,1.3225658013268657,-0.0004315284138026957,0.09356351723966642,0.1826153623074606
27.8,0.66,1.3227525394812356,-0.000424798741868571,0.09187531117118142,0.18402220760234939
28.0,0.66,1.3229362257989001,-0.00041817989432194345,0.0901952637925967,0.18542425157977635
28.200000000000003,0.66,1.323116920203379,-0.00041166981519896533,0.08852323540436259,0.1868215349820962
28.400000000000002,0.66,1.3232946809801809,-0.00040526649791021755,0.08685908828523822,0.18821409854542612
28.6,0.66,1.3234695648383368,-0.0003989679835321514,0.08520268666039235,0.1896019829854859
28.8,0.66,1.3236416269689133,-0.00039277235912911886,0.08355389667017013,0.190985228982935
29.0,0.66,1.3238109211007005,-0.0003866777561145588,0.08191258633955115,0.19236387716811304
29.200000000000003,0.66,1.3239774995532254,-0.0003806823486545001,0.08027862554817444,0.1937379681051343
29.400000000000002,0.66,1.3241414132872484,-0.0003747843521199276,0.07865188600101092,0.19510754227532007
29.6,0.66,1.3243027119528963,-0.00036898202158896636,0.07703224119948886,0.19647264005998716
29.8,0.66,1.3244614439355917,-0.000363273650410303,0.07541956641325563,0.1978333017226366
30.0,0.66,1.3246176563998688,-0.00035765756881911875,0.0738137386522054,0.19918956739061136
30.200000000000003,0.66,1.3247713953312774,-0.0003521321426255147,0.07221463663923516,0.2005414770363138
30.400000000000002,0.66,1.3249227055763975,-0.000346695771953711,0.07062214078295644,0.20188907045808294
30.6,0.66,1.3250716308812247,-0.00034134689006623086,0.0690361331513771,0.20323238726085538
30.8,0.66,1.3252182139278046,-0.0003360839622258111,0.06745649744500344,0.20457146683672528
31.0,0.66,1.3253624963695625,-0.00033090548466614813,0.06588311897152195,0.2059063483455442
31.200000000000003,0.66,1.3255045188649128,-0.00032580998356686075,0.06431588461882189,0.20723707069567768
31.400000000000002,0.66,1.3256443211099715,-0.00032079601418119255,0.06275468283099286,0.20856367252506805
31.6,0.66,1.3257819418693642,-0.0003158621598986894,0.06119940358049953,0.20988619218270102
31.8,0.66,1.325917419006806,-0.0003110070315537404,0.05964993834628461,0.21120466771063728
32.0,0.66,1.3260507895131675,-0.0003062292665221959,0.058106180083629,0.21251913682665835
32.2,0.66,1.3261820895354899,-0.0003015275282631276,0.05656802320620712,0.2138296369077166
32.4,0.66,1.3263113544021026,-0.0002969005053454197,0.05503536355070971,0.2151362049741529
32.6,0.66,1.326438618650967,-0.00029234691134092197,0.05350809836684021,0.21643887767494013
32.800000000000004,0.66,1.3265639160510465,-0.0002878654835750273,0.05198612627071111,0.2177376912737546
33.0,0.66,1.3266872796315654,-0.00028345498363274366,0.05046934725125213,0.2190326816363061
33.2,0.66,1.3268087416977787,-0.00027911419541465084,0.04895766259996641,0.22032388421841403
33.4,0.66,1.3269283338642146,-0.0002748419268224639,0.047450974951560386,0.22161133405564903
33.6,0.66,1.3270460870607093,-0.0002706370062621068,0.045949188164186756,0.22289506575339735
33.800000000000004,0.66,1.3271620315759145,-0.0002664982867075283,0.04445220743162044,0.2241751134790155
34.0,0.66,1.3272761970448057,-0.0002624246388755467,0.04295993905993491,0.22545151095364585
34.2,0.66,1.3273886125153962,-0.00025841496020287825,0.04147229072934853,0.22672429144716053
34.4,0.66,1.3274993063992324,-0.00025446816099003347,0.03998917105431443,0.22799348777114747
34.6,0.66,1.3276083065882582,-0.00025058318360947997,0.03851049015850885,0.2292591322772003
34.800000000000004,0.66,1.3277156403295074,-0.0002467589738945518,0.03703615878186041,0.23052125684988817
35.0,0.66,1.3278213344483962,-0.0002429945217276655,0.035566089510793875,0.2317798929096387
35.2,0.66,1.3279254150663835,-0.00023928880151529084,0.034100194937310466,0.2330350714033479
35.4,0.66,1.3280279080483681,-0.00023564085751206883,0.03263839026054374,0.23428682281463364
35.6,0.66,1.3281288383932137,-0.00023204967956379647,0.031180589461840866,0.23553517714740277
35.800000000000004,0.66,1.3282282311514944,-0.00022851438207548535,0.029726710776931953,0.2367801639495316
36.0,0.66,1.3283261101327366,-0.000225033944213452,0.028276668717403464,0.23802181227987196
36.2,0.66,1.3284224998090262,-0.00022160758486448293,0.02683038555358128,0.2392601507583062
36.4,0.66,1.3285174225928467,-0.0002182342190539251,0.025387774637689355,0.24049520749660921
36.6,0.66,1.3286109028065882,-0.00021491324249106334,0.02394876447650319,0.24172701020210674
36.800000000000004,0.66,1.3287029609660648,-0.00021164339458297168,0.02251326383302398,0.24295558603181636
37.0,0.66,1.3287936220822085,-0.00020842439264751666,0.021081212180810528,0.24418096180540488
37.2,0.66,1.3288829036537195,-0.0002052545644319293,0.019652506616669646,0.24540316369904294
37.4,0.66,1.3289708330886811,-0.00020213418513783283,0.01822710765635255,0.24662221767033846
37.6,0.66,1.329057422331177,-0.0001990606755038626,0.016804885995885862,0.24783814883189637
37.800000000000004,0.66,1.3291427048421436,-0.00019603478147812165,0.015385844861416118,0.24905098217607097
38.0,0.66,1.3292266804320942,-0.00019305222359399318,0.013969797485127054,0.2502607414737176
38.2,0.66,1.3293093978509096,-0.00019010895083991343,0.012556839201358862,0.25146744931872766
38.400000000000006,0.66,1.3293908199441642,-0.0001872016558536394,0.011146656603026548,0.25267112727701696
38.6,0.66,1.3294710488989259,-0.00018426495788512038,0.009739575516970805,0.25387178234180985
38.800000000000004,0.66,1.3295498576883995,-0.00018135889134283085,0.008334959999528756,0.25506943415523226
39.0,0.66,1.3296276894013064,-0.00017781677101587698,0.006933972311599588,0.2562639569200363
39.2,0.66,1.3297028907710058,-0.00017455287349854286,0.005534672785822316,0.25745542217797796
39.400000000000006,0.66,1.3297790323381105,-0.0001649930003428016,0.004143188753412686,0.2586424758962809
39.6,0.66,1.329842553338929,-0.00015991793322079904,0.0027483912772404205,0.259826067880997
39.800000000000004,0.66,1.329925871799549,-8.799481768340983e-05,0.0013945827768854233,0.2609874974310503
40.0,0.66,1.329925871799549,0.0,0.0,0.2609874974310503
0.0,0.68,1.0,0.0,0.635899713145438,0.0
0.2,0.68,1.0260073825826244,-0.020774698910153874,0.635899713145438,8.018196646153633e-07
0.4,0.68,1.0519646037268555,-0.016569154225062308,0.5832934136326807,4.037033205505667e-06
0.6000000000000001,0.68,1.0679769627347568,-0.01561806003240825,0.5823841594781943,1.3241949159371562e-05
0.8,0.68,1.0854170566140025,-0.012228853471815517,0.5502623567607751,3.1308147003496153e-05
1.0,0.68,1.0962511179443193,-0.010556897511592762,0.5454665395905212,6.297961352999483e-05
1.2000000000000002,0.68,1.1078645781229197,-0.009043653075324232,0.5274133351996737,0.00011269583871112677
1.4000000000000001,0.68,1.1166348530435481,-0.008159403695245152,0.5205083880705795,0.000186421945179195
1.6,0.68,1.1255397167100114,-0.00741789109227607,0.5085575584760585,0.0002898021522177577
1.8,0.68,1.1331483063974763,-0.00691092243971774,0.5011046515842246,0.00042932518269050193
2.0,0.68,1.1406001587383179,-0.006468457709105774,0.4918907235156065,0.0006108913940178654
2.2,0.68,1.147359185772431,-0.00612672703805112,0.48458970439139293,0.0008406234084658626
2.4000000000000004,0.68,1.153868803482286,-0.005819581154297296,0.47677241265989573,0.0011238380608339805
2.6,0.68,1.1599360120164857,-0.005562860179781188,0.4698481007050334,0.001465615173433367
2.8000000000000003,0.68,1.1657406246078403,-0.005328692202390008,0.46285982353447225,0.0018701333250376252
3.0,0.68,1.1712180267629315,-0.0051231866397406685,0.456345656124473,0.0023410614193552465
3.2,0.68,1.176446059026237,-0.004933847102129012,0.44992037959607395,0.0028811812011288484
3.4000000000000004,0.68,1.1814073721798468,-0.004762502355307943,0.4437864225661026,0.003492657222897951
3.6,0.68,1.1861392424530615,-0.004603213130078135,0.437783773086279,0.00417685697385659
3.8000000000000003,0.68,1.190641312254194,-0.0044561448325740605,0.4319855859565569,0.004934542184016118
4.0,0.68,1.194934166919881,-0.004318290140298997,0.42632212199364716,0.005765809310092719
4.2,0.68,1.1990232433734918,-0.00418927552401853,0.4208170912190578,0.0066702302740732945
4.4,0.68,1.202921935314395,-0.004067466652538304,0.4154377830677737,0.007646857380064239
4.6000000000000005,0.68,1.206637379271953,-0.003952386039052876,0.41018939081920824,0.00869432994449342
4.800000000000001,0.68,1.2101796411364532,-0.003843076225400223,0.40505490641537,0.009810907999121645
5.0,0.68,1.2135560856851393,-0.003739101636206701,0.4000329479510261,0.010994554101779361
5.2,0.68,1.2167750561228157,-0.0036398585086582554,0.3951135077404491,0.012242975419264286
5.4,0.68,1.2198436331065063,-0.003544987766957268,0.39029318008865016,0.013553686261311077
5.6000000000000005,0.68,1.2227691193244974,-0.003454082439595418,0.38556531472050276,0.014924048152700702
5.800000000000001,0.68,1.2255581448754722,-0.0033668564525775042,0.3809261614682032,0.016351316882553882
6.0,0.68,1.228217271400804,-0.003283019433291531,0.37637084429002865,0.017832676154617727
6.2,0.68,1.230752635296088,-0.003202344811409944,0.37189584126033753,0.01936527213812356
6.4,0.68,1.23317019685847,-0.003124615478360171,0.36749732374346267,0.02094623955050293
6.6000000000000005,0.68,1.2354755996443554,-0.003049650622842325,0.36317215371013106,0.022572726244503596
6.800000000000001,0.68,1.2376742759884065,-0.00297728162827225,0.35891718984524934,0.02424191217248832
7.0,0.68,1.2397713938365942,-0.0029073621781295937,0.3547296842809975,0.02595102618643815
7.2,0.68,1.241771904065521,-0.0028397572165695228,0.35060698689384967,0.027697358974888592
7.4,0.68,1.2436805230100005,-0.0027743463963746757,0.3465466990941381,0.029478273908786254
7.6000000000000005,0.68,1.2455017562019555,-0.0027110187865276333,0.34254654369785215,0.031291215184750414
7.800000000000001,0.68,1.2472398955795088,-0.0026496737604613085,0.338604421028445,0.033133714218025724
8.0,0.68,1.2488990336549297,-0.0025902182996351076,0.3347183486291249,0.03500339413649849
8.200000000000001,0.68,1.2504830667660634,-0.002532566963024327,0.3308864786651969,0.03689797291874003
8.4,0.68,1.2519957052953719,-0.002476640407511342,0.327107067765027,0.03881526520757474
8.6,0.68,1.2534404793371725,-0.0024223650772685823,0.3233784795992695,0.04075318312850179
8.8,0.68,1.254820747179061,-0.0023696723229889327,0.319699168195571,0.042709736201022745
9.0,0.68,1.2561397018149298,-0.002318498046513219,0.31606767527154744,0.04468303055354592
9.200000000000001,0.68,1.2574003785254326,-0.0022687821329693994,0.3124826199217059,0.046671267535370334
9.4,0.68,1.2586056615303391,-0.0022204681278465495,0.3089426944675458,0.04867274186541024
9.600000000000001,0.68,1.2597582909642504,-0.0021735028443006137,0.30544665740893406,0.05068583939777518
9.8,0.68,1.260860869339335,-0.0021278360908939965,0.301993329204731,0.05270903459824006
10.0,0.68,1.2619158680117086,-0.0020834203846002764,0.2985815870717261,0.05474088779359347
10.200000000000001,0.68,1.2629256333005676,-0.002040210727585847,0.295210361171632,0.056780042257159255
10.4,0.68,1.2638923924749097,-0.0019981643891204656,0.29187863057051217,0.05882522117557653
10.600000000000001,0.68,1.2648182594618924,-0.0019572407245885023,0.28858541994412756,0.06087522453915847
10.8,0.68,1.2657052403683466,-0.0019174010057348466,0.2853297963352793,0.0629289259874391
11.0,0.68,1.266555238756776,-0.0018786082747894023,0.28211086635667876,0.06498526963816967
11.200000000000001,0.68,1.267370060717215,-0.001840827210721368,0.2789277735346958,0.06704326692166124
11.4,0.68,1.2681514197137511,-0.0018040240122718311,0.2757796959474973,0.06910199343962009
11.600000000000001,0.68,1.2689009412267616,-0.001768166292126442,0.2726658440188644,0.07116058586383754
11.8,0.68,1.2696201671857796,-0.0017332229835898632,0.26958545852282223,0.07321823888810781
12.0,0.68,1.2703105602057518,-0.0016991642567925824,0.26653780873216193,0.075274202244446
12.200000000000001,0.68,1.270973507628508,-0.0016659614444714556,0.2635221907265161,0.07732777779325181
12.4,0.68,1.2716103253787245,-0.0016335869755576403,0.26053792582496604,0.07937831669554368
12.600000000000001,0.68,1.2722222616390577,-0.0016020143161217524,0.2575843591437368,0.08142521667427488
12.8,0.68,1.2728105003521877,-0.001571217916493648,0.25466085825876233,0.08346791937058559
13.0,0.68,1.273376164555514,-0.001541173163975471,0.2517668119685289,0.08550590779986837
13.200000000000001,0.68,1.2739203195554487,-0.0015118563402927538,0.2489016291443324,0.087538703911523
13.4,0.68,1.2744439759473087,-0.0014832445832206123,0.24606473766217427,0.08956586625535566
13.600000000000001,0.68,1.2749480924872323,-0.0014553158517447607,0.24325558340742065,0.09158698775665883
13.8,0.68,1.2754335788220181,-0.0014280488942742754,0.24047362934673921,0.09360169360113292
14.0,0.68,1.2759012980828444,-0.0014014232194238013,0.2377183546608261,0.09560963922996729
14.200000000000001,0.68,1.2763520693485233,-0.0013754190689727298,0.23498925393319278,0.09761050844459555
14.4,0.68,1.2767866699838104,-0.001350017392638935,0.2322858363900994,0.09960401161988862
14.600000000000001,0.68,1.2772058378580589,-0.001325199824366206,0.2296076251877028,0.10158988402384936
14.8,0.68,1.2776102734493735,-0.0013009486598526243,0.2269541567426193,0.103567884241234
15.0,0.68,1.2780006418391792,-0.0012772468350921973,0.22432498010270327,0.10553779269794905
15.200000000000001,0.68,1.2783775746019972,-0.0012540779057343516,0.22171965635504617,0.10749941028256123
15.4,0.68,1.2787416715950162,-0.0012314260270969457,0.21913775806859906,0.10945255706081485
15.600000000000001,0.68,1.2790935026519428,-0.0012092759346919568,0.21657886876904464,0.111397071078678
15.8,0.68,1.2794336091854352,-0.001187612925156689,0.21404258244379415,0.11333280724913207
16.0,0.68,1.2797625057023398,-0.0011664228375001188,0.2115285030752043,0.11525963631768633
16.2,0.68,1.2800806812357828,-0.001145692034601825,0.20903624420027447,0.1171774439014341
16.400000000000002,0.68,1.2803886006981278,-0.0011254073849151242,0.2065654284952385,0.11908612959637017
16.6,0.68,1.2806867061586467,-0.0011055562443503262,0.20411568738362246,0.12098560614766479
16.8,0.68,1.2809754180496828,-0.001086126438327377,0.20168666066644356,0.12287579867762474
17.0,0.68,1.2812551363049893,-0.0010671062439995308,0.19927799617331254,0.12475664396617558
17.2,0.68,1.2815262414337913,-0.0010484843726679244,0.1968893494333207,0.12662808977885845
17.400000000000002,0.68,1.2817890955340618,-0.0010302499524097552,0.19452038336464375,0.12849009423754984
17.6,0.68,1.2820440432483677,-0.0010123925109534729,0.19217076798184754,0.13034262522937226
17.8,0.68,1.2822914126655167,-0.0009949019588421332,0.18984018011997658,0.13218565984956934
18.0,0.68,1.2825315161711586,-0.0009777685729225028,0.1875283031745032,0.13401918387445197
18.2,0.68,1.2827646512503315,-0.0009609829802049747,0.18523482685629297,0.135843191260883
18.400000000000002,0.68,1.282991101244844,-0.0009445361421360525,0.18295944696076188,0.1376576836691497
18.6,0.68,1.2832111360682414,-0.0009284193393224253,0.18070186515043873,0.13946267000645476
18.8,0.68,1.2834250128809794,-0.0009126241567443987,0.17846178875017998,0.14125816598864696
19.0,0.68,1.2836329767282961,-0.0008971424694890838,0.17623893055428755,0.14304419371819374
19.200000000000003,0.68,1.283835261143127,-0.0008819664290344016,0.17403300864486157,0.14482078127676304
19.400000000000002,0.68,1.2840320887162942,-0.0008670884501047599,0.17184374622068035,0.14658796233112983
19.6,0.68,1.2842236716360655,-0.0008525011981155153,0.16967087143597517,0.14834577575144592
19.8,0.68,1.2844102121990182,-0.0008381975772187564,0.1675141172484757,0.15009426524120212
20.0,0.68,1.2845919032940767,-0.0008241707189584724,0.16537322127611118,0.1518334789784745
20.200000000000003,0.68,1.2847689288614146,-0.000810413971535351,0.1632479256618212,0.15356346926827155
20.400000000000002,0.68,1.2849414643278176,-0.0007969208896784366,0.1611379769459018,0.15528429220598625
20.6,0.68,1.2851096770199866,-0.0007836852251177567,0.15904312594537984,0.15699600735211422
20.8,0.68,1.285273726557155,-0.0007707009176458227,0.15696312763991271,0.15869867741851165
21.0,0.68,1.2854337652242809,-0.0007579620867522531,0.1548977410637407,0.1603923679665539
21.200000000000003,0.68,1.2855899383269742,-0.0007454630238140941,0.1528467292032681,0.16207714711760096
21.400000000000002,0.68,1.2857423845292384,-0.0007331981848204388,0.15080985889981877,0.16375308527620003
21.6,0.68,1.285891236175007,-0.0007211621836079655,0.14878690075719445,0.16542025486644527
21.8,0.68,1.2860366195943818,-0.0007093497855798062,0.1467776290536608,0.16707873008188293
22.0,0.68,1.2861786553953891,-0.0006977559018804305,0.14478182165802095,0.16872858664930215
22.200000000000003,0.68,1.2863174587420312,-0.0006863755839996357,0.1427992599494433,0.1703699016066776
22.400000000000002,0.68,1.2864531396192995,-0.000675204018772148,0.14082972874075897,0.1720027530954522
22.6,0.68,1.2865858030858142,-0.0006642365237424281,0.138873016204951,0.17362722016725435
22.8,0.68,1.2867155495146547,-0.0006534685428661135,0.13692891380458017,0.17524338260504604
23.0,0.68,1.2868424748229372,-0.0006428956425150417,0.13499721622392025,0.17685132075859536
23.200000000000003,0.68,1.2869666706906113,-0.0006325135077550612,0.1330777213035879,0.17845111539406847
23.400000000000002,0.68,1.2870882247689828,-0.0006223179388681418,0.13117022997748456,0.18004284755743039
23.6,0.68,1.2872072208793408,-0.0006123048480897573,0.12927454621186965,0.18162659845125206
23.8,0.68,1.2873237392021404,-0.000602470256533852,0.12739047694642622,0.1832024493244326
24.0,0.68,1.2874378564570865,-0.0005928102912810241,0.12551783203715464,0.1847704813742595
24.200000000000003,0.68,1.2875496460745166,-0.0005833211826046807,0.12365642420099043,0.18633077566016545
24.400000000000002,0.68,1.2876591783583906,-0.0005739992613128016,0.12180606896204331,0.18788341302847011
24.6,0.68,1.2877665206412465,-0.0005648409561882428,0.11996658459934084,0.18942847404735352
24.8,0.68,1.2878717374314321,-0.0005558427915062545,0.11813779209600583,0.19096603895126385
25.0,0.68,1.287974890552918,-0.0005470013846157818,0.11631951508978608,0.1924961875939383
25.200000000000003,0.68,1.2880760392779984,-0.0005383134435695616,0.1145115798248772,0.19401899940919892
25.400000000000002,0.68,1.2881752404531757,-0.0005297757647917738,0.11271381510498268,0.19553455337868458
25.6,0.68,1.2882725486185012,-0.000521385230774923,0.11092605224754995,0.19704292800568687
25.8,0.68,1.2883680161206714,-0.0005131388077963347,0.1091481250391433,0.1985442012942744
26.0,0.68,1.288461693220146,-0.0005050335436496591,0.10737986969192731,0.20003845073291884
26.200000000000003,0.68,1.2885536281925534,-0.0004970665653868726,0.10562112480120715,0.2015257532818728
26.400000000000002,0.68,1.2886438674246612,-0.0004892350770692014,0.10387173130399888,0.20300618536359114
26.6,0.68,1.2887324555051627,-0.00048153635752473125,0.10213153243861098,0.20447982285553765
26.8,0.68,1.2888194353105418,-0.0004739677581134903,0.10040037370519164,0.2059467410847743
27.0,0.68,1.288904848086255,-0.0004665267005026325,0.09867810282723079,0.20740701482378687
27.200000000000003,0.68,1.2889887335234862,-0.000459210674451271,0.09696456971398151,0.208860718287064
27.400000000000002,0.68,1.2890711298317084,-0.0004520172356117529,0.09525962642377837,0.21030792512800664
27.6,0.68,1.289152073807284,-0.00044494400335069745,0.09356312712821863,0.21174870843580867
27.8,0.68,1.2892316008983213,-0.00043798865859195115,0.09187492807720071,0.21318314073201033
28.0,0.68,1.2893097452660165,-0.0004311489416883891,0.09019488756475968,0.21461129396648662
28.200000000000003,0.68,1.2893865398426814,-0.00042442265032881194,0.0885228658956921,0.2160332395126903
28.400000000000002,0.68,1.2894620163866628,-0.0004178076374837098,0.08685872535293841,0.21744904816202204
28.6,0.68,1.2895362055343433,-0.00041130180939583745,0.08520233016568926,0.2188587901172509
28.8,0.68,1.289609136849408,-0.0004049031236194518,0.0835535464781608,0.22026253498495507
29.0,0.68,1.2896808388695635,-0.00039860958711654637,0.08191224231905796,0.22166035176699214
29.200000000000003,0.68,1.2897513391508515,-0.00039241925441061256,0.08027828757160752,0.22305230885104582
29.400000000000002,0.68,1.289820664309738,-0.0003863302258058984,0.0786515539442362,0.22443847400032527
29.6,0.68,1.2898888400631052,-0.00038034064567139066,0.07703191494170213,0.22581891434252221
29.8,0.68,1.289955891266319,-0.0003744487007997254,0.0754192458368635,0.22719369635814782
30.0,0.68,1.2900218419494307,-0.00036865261883092186,0.07381342364271024,0.22856288586838958
30.200000000000003,0.68,1.290086715351747,-0.0003629506667629256,0.07221432708512766,0.22992654802264276
30.400000000000002,0.68,1.2901505339547217,-0.00035734114952183974,0.07062183657561147,0.23128474728586737
30.6,0.68,1.2902133195134773,-0.0003518224086304228,0.06903583418495746,0.23263754742594198
30.8,0.68,1.2902750930867761,-0.0003463928209206175,0.06745620361636358,0.23398501150115952
31.0,0.68,1.290335875065906,-0.0003410507973693932,0.06588283018012302,0.23532720184803874
31.200000000000003,0.68,1.2903956852020233,-0.00033579478193916277,0.06431560076664221,0.2366641800695747
31.400000000000002,0.68,1.2904545426327976,-0.0003306232505893101,0.06275440382245485,0.23799600702409493
31.6,0.68,1.2905124659072877,-0.00032553471021484943,0.06119912932238296,0.2393227428148081
31.8,0.68,1.2905694730107693,-0.0003205276978585081,0.05964966874766852,0.2406444467802064
32.0,0.68,1.290625581387154,-0.00031560077968446085,0.058105915055800005,0.24196117748534282
32.2,0.68,1.2906808079625303,-0.0003107525504499088,0.056567762662625476,0.24327299271416974
32.4,0.68,1.2907351691648365,-0.0003059816323977503,0.055035107406899236,0.24457994946284128
32.6,0.68,1.290788680946981,-0.0003012866751176301,0.05350784654039457,0.24588210393425255
32.800000000000004,0.68,1.2908413588029122,-0.0002966663541262582,0.051985878681138416,0.24717951153351003
33.0,0.68,1.2908932177918964,-0.00029211937141351775,0.05046910382005945,0.24847222686482498
33.2,0.68,1.2909442725490288,-0.0002876444532413481,0.04895742325040338,0.24976030372912253
33.4,0.68,1.2909945373137937,-0.0002832403520081275,0.04745073960886053,0.2510437951233635
33.6,0.68,1.2910440259307372,-0.00027890584230697306,0.0459489567550929,0.25232275324006614
33.800000000000004,0.68,1.2910927518887245,-0.0002746397254532059,0.04445197988495079,0.2535972294691181
34.0,0.68,1.2911407283027314,-0.0002704408218132109,0.0429597153056478,0.2548672743987277
34.2,0.68,1.2911879679770817,-0.0002663079808354267,0.04147207069978239,0.2561329378199125
34.4,0.68,1.2912344833493203,-0.00026224006550344084,0.03998895468228405,0.25739426872799004
34.6,0.68,1.291280286605129,-0.0002582359738295193,0.038510277379954216,0.2586513153303241
34.800000000000004,0.68,1.2913253895444154,-0.00025429460677998397,0.03703594953190982,0.25990412504673144
35.0,0.68,1.2913698038057355,-0.00025041491372113686,0.03556588372936097,0.2611527445219842
35.2,0.68,1.2914135405711045,-0.00024659582571816827,0.034099992560896006,0.2623972196220751
35.4,0.68,1.2914566110208903,-0.00024283635109604096,0.03263819123400478,0.2636375954549653
35.6,0.68,1.2914990257025052,-0.00023913543623080166,0.03118039372126373,0.26487391635671054
35.800000000000004,0.68,1.291540795468907,-0.00023549216601248803,0.029726518274327915,0.2661062259281653
36.0,0.68,1.291581930145047,-0.0002319054728145314,0.028276479384872467,0.26733456699884933
36.2,0.68,1.2916224404799839,-0.00022837455650500567,0.02683019935507599,0.2685589816961331
36.4,0.68,1.2916623353440757,-0.00022489827555243478,0.02538759149398072,0.26977951136195166
36.6,0.68,1.2917016258051188,-0.00022147602587346214,0.02394858437354604,0.2709961966892262
36.800000000000004,0.68,1.2917403192477754,-0.00021810646730706352,0.02251308666490801,0.2722090775398545
37.0,0.68,1.2917784279037945,-0.0002147893545464134,0.021081037975602575,0.27341819321949257
37.2,0.68,1.2918159565078902,-0.00021152288555153565,0.019652335209260106,0.27462358209068494
37.4,0.68,1.2918529202024716,-0.00020830744280005245,0.018226939149758082,0.27582528211774066
37.6,0.68,1.2918893184878455,-0.00020514021530679602,0.01680472009795378,0.2770233300722512
37.800000000000004,0.68,1.2919251731999077,-0.00020202214950841267,0.01538568173827856,0.2782177624675774
38.0,0.68,1.2919604721591074,-0.00019894858818073514,0.013969636613341775,0.2794086141632635
38.2,0.68,1.2919952535671613,-0.00019591540916823728,0.012556680079465938,0.2805959185064988
38.400000000000006,0.68,1.2920294707972568,-0.00019291942594036891,0.011146498894057043,0.2817797075275536
38.6,0.68,1.2920632180108853,-0.00018989036393871072,0.009739410193441477,0.2829599954376621
38.800000000000004,0.68,1.292096280770395,-0.00018689831352489242,0.00833479597747132,0.2841368130028691
39.0,0.68,1.2921290975420483,-0.00018322345678598197,0.006933716950691944,0.28531001356681773
39.2,0.68,1.2921602351710784,-0.00017990454396277225,0.005534457790743011,0.28647970357400226
39.400000000000006,0.68,1.2921931841889283,-0.00016989937530781995,0.004142102440052763,0.2876442652647741
39.6,0.68,1.2922169254313354,-0.00016517987029149878,0.0027479693317554337,0.2888049748185823
39.800000000000004,0.68,1.292261589482887,-9.126348811237833e-05,0.001385060827352328,0.28994068952474245
40.0,0.68,1.292261589482887,0.0,0.0,0.28994068952474245
0.0,0.7000000000000001,1.0,0.0,0.638114344866239,0.0
0.2,0.7000000000000001,1.0273846152970096,-0.023499193596110936,0.638114344866239,2.322939431187482e-06
0.4,0.7000000000000001,1.0545039819196778,-0.018582799811579,0.5827751142290117,1.1059393162867799e-05
0.6000000000000001,0.7000000000000001,1.070518466572651,-0.017378990694217795,0.5822421688292949,3.447936325285822e-05
0.8,0.7000000000000001,1.0880051868959464,-0.013585309238278004,0.549854053263144,7.806252482463698e-05
1.0,0.7000000000000001,1.0987460347431637,-0.01171603560092898,0.5452596423964491,0.00015110995264705916
1.2000000000000002,0.7000000000000001,1.1102963647890083,-0.010037900723861517,0.52722683663438,0.0002612139542933201
1.4000000000000001,0.7000000000000001,1.1189849758389516,-0.009056509337277913,0.5203966776617719,0.00041866369990102803
1.6,0.7000000000000001,1.1278001788347003,-0.008232052361031982,0.5084633133892007,0.000632118018185714
1.8,0.7000000000000001,1.1352952436875767,-0.007666498804096335,0.5010388903026262,0.0009113587688111893
2.0,0.7000000000000001,1.142608392529566,-0.0071710825528842935,0.4918331103989739,0.001264252557618375
2.2,0.7000000000000001,1.1491974473504314,-0.00678675988330145,0.48454467324820555,0.0016986789064704145
2.4000000000000004,0.7000000000000001,1.1555052919527324,-0.006440047442409176,0.4767319433911784,0.00222054179473488
2.6,0.7000000000000001,1.161336786249317,-0.006148906796531784,0.4698141496342253,0.0028351244559563877
2.8000000000000003,0.7000000000000001,1.1668723447639495,-0.005882400762714022,0.4628289674882936,0.0035459121840503817
3.0,0.7000000000000001,1.172047341178829,-0.005647507699282071,0.45631865237203073,0.004355513114802613
3.2,0.7000000000000001,1.1769410647477585,-0.00543039871510627,0.4498956717466255,0.005265046478755962
3.4000000000000004,0.7000000000000001,1.181537413980999,-0.005233223438566248,0.44376423270231025,0.006274754742965148
3.6,0.7000000000000001,1.185875677429107,-0.005049443497971527,0.4377633478014752,0.007383740464477715
3.8000000000000003,0.7000000000000001,1.1899574440732335,-0.004879322550952828,0.43196693561746624,0.008590371592473599
4.0,0.7000000000000001,1.1938056073611925,-0.004719571548066752,0.4263048548535481,0.009892207639434804
4.2,0.7000000000000001,1.1974278584835294,-0.004569829913824663,0.4208011473487851,0.011286269747199302
4.4,0.7000000000000001,1.2008399705092356,-0.004428320587454255,0.41542294146548714,0.012769055172530033
4.6000000000000005,0.7000000000000001,1.2040513773519137,-0.004294548069999809,0.4101755773074475,0.01433671848852551
4.800000000000001,0.7000000000000001,1.2070744316479851,-0.004167473488780108,0.4050419852341441,0.015985117724141195
5.0,0.7000000000000001,1.2099186726881401,-0.00404663277370209,0.4000208502492783,0.017709935920469815
5.2,0.7000000000000001,1.212594534233334,-0.003931368042549248,0.3951021432584443,0.019506730837425188
5.4,0.7000000000000001,1.2151110559936291,-0.0038212887195356367,0.3902824904590573,0.02137101553904545
5.6000000000000005,0.7000000000000001,1.2174773811447617,-0.0037159461795059755,0.3855552358527159,0.023298299957314167
5.800000000000001,0.7000000000000001,1.2197018420911874,-0.0036150225811138062,0.38091664546736154,0.025284142906490545
6.0,0.7000000000000001,1.2217925731151824,-0.0035181920171243625,0.37636184328942457,0.02732418225811959
6.2,0.7000000000000001,1.2237571483677916,-0.003425196970727313,0.3718873163037155,0.02941416696753162
6.4,0.7000000000000001,1.2256028388043398,-0.0033357883048889263,0.36748923772843095,0.03154997647609528
6.6000000000000005,0.7000000000000001,1.2273364735523966,-0.0032497556033580636,0.36316447489051445,0.033727638864231226
6.800000000000001,0.7000000000000001,1.2289645533369438,-0.0031669007254760883,0.35890988867311413,0.035943341506920495
7.0,0.7000000000000001,1.2304932026986446,-0.0030870493940597147,0.35472273471273086,0.038193439756864
7.2,0.7000000000000001,1.2319282252262471,-0.003010039193470364,0.3506003649204521,0.04047446110368246
7.4,0.7000000000000001,1.233275092757741,-0.0029357236479873212,0.3465403831678129,0.04278310754915098
7.6000000000000005,0.7000000000000001,1.234538976720612,-0.002863966533121735,0.3425405140074485,0.04511625525191549
7.800000000000001,0.7000000000000001,1.2357247521880277,-0.0027946430290846647,0.33859865958662166,0.04747095284088021
8.0,0.7000000000000001,1.2368370190678828,-0.0027276368556286784,0.3347128388865759,0.04984441811427771
8.200000000000001,0.7000000000000001,1.237880111804742,-0.002662840345931404,0.3308812054766915,0.052234033864675816
8.4,0.7000000000000001,1.2388581158810499,-0.0026001528862183306,0.32710201716464354,0.054637342799224296
8.6,0.7000000000000001,1.239774879276568,-0.0025394806361158104,0.3233736387312376,0.05705204196126992
8.8,0.7000000000000001,1.240634026433937,-0.002480735598913149,0.3196945251709071,0.05947597670231309
9.0,0.7000000000000001,1.2414389698175126,-0.002423835262390465,0.3160632190957908,0.06190713443364647
9.200000000000001,0.7000000000000001,1.2421929221918724,-0.002368701992287734,0.31247834039604744,0.0643436382183274
9.4,0.7000000000000001,1.2428989075805588,-0.0023152626888224303,0.30893858212410896,0.06678374033440822
9.600000000000001,0.7000000000000001,1.2435597722090017,-0.0022634483582508256,0.30544270343841845,0.0692258158583632
9.8,0.7000000000000001,1.2441781945896304,-0.002213193812270058,0.30198952540166935,0.07166835634212933
10.0,0.7000000000000001,1.244756695301679,-0.002164437346317574,0.2985779257793049,0.07410996361599421
10.200000000000001,0.7000000000000001,1.2452976461250966,-0.002117120484999096,0.29520683523644187,0.07654934375616902
10.4,0.7000000000000001,1.2458032787710414,-0.002071187730341625,0.29187523329930265,0.07898530123468726
10.600000000000001,0.7000000000000001,1.2462756930789554,-0.0020265863490586586,0.2885821450667204,0.08141673326982617
10.8,0.7000000000000001,1.2467168647943558,-0.0019832661706530186,0.28532663797006236,0.0838426243843571
11.0,0.7000000000000001,1.2471286528855459,-0.0019411794108359214,0.2821078189802586,0.08626204117811774
11.200000000000001,0.7000000000000001,1.2475128064595757,-0.0019002805075679086,0.27892483195402185,0.08867412731603476
11.4,0.7000000000000001,1.2478709712720153,-0.0018605259751600474,0.27577685527498613,0.09107809873207964
11.600000000000001,0.7000000000000001,1.248204695867561,-0.0018218742703991436,0.27266309964966967,0.09347323904721727
11.8,0.7000000000000001,1.2485154373603253,-0.0017842856723854208,0.26958280611436275,0.09585889519916614
12.0,0.7000000000000001,1.2488045668800378,-0.00174772217293279,0.26653524418544194,0.09823447328081614
12.200000000000001,0.7000000000000001,1.2490733746979552,-0.0017121473776950348,0.2635197101691912,0.10059943458412442
12.4,0.7000000000000001,1.2493230750530946,-0.001677526416154648,0.26053552559587245,0.10295329184592428
12.600000000000001,0.7000000000000001,1.2495548106936545,-0.0016438258600571928,0.25758203577879585,0.10529560569205514
12.8,0.7000000000000001,1.2497696571508714,-0.0016110136490453295,0.25465860847806926,0.10762598127597003
13.0,0.7000000000000001,1.249968626759662,-0.0015790590229036888,0.25176463266453203,0.10994406510782741
13.200000000000001,0.7000000000000001,1.2501526724409588,-0.0015479324595097197,0.24889951737097255,0.11224954206977777
13.4,0.7000000000000001,1.2503226912589978,-0.0015176056179025098,0.24606269062489397,0.11454213261286743
13.600000000000001,0.7000000000000001,1.250479527766648,-0.0014880512857866114,0.24325359845394967,0.11682159013061025
13.8,0.7000000000000001,1.2506239771507464,-0.0014592433309526033,0.24047170395857906,0.11908769850390225
14.0,0.7000000000000001,1.2507567881890063,-0.0014311566560945793,0.2377164864453673,0.12134026981154857
14.200000000000001,0.7000000000000001,1.2508786660292057,-0.0014037671565949896,0.2349874406163965,0.12357914220027708
14.4,0.7000000000000001,1.2509902748008639,-0.001377051680877174,0.23228407580969518,0.12580417790772663
14.600000000000001,0.7000000000000001,1.2510922400689564,-0.0013509879929910727,0.22960591528684934,0.1280152614315486
14.8,0.7000000000000001,1.2511851511386927,-0.0013255547371254961,0.226952495563988,0.13021229783744104
15.0,0.7000000000000001,1.2512695632198652,-0.0013007314037872734,0.2243233657829447,0.13239521119867048
15.200000000000001,0.7000000000000001,1.2513459994588105,-0.0012764982974230424,0.22171808711960844,0.13456394315942222
15.4,0.7000000000000001,1.2514149528455432,-0.0012528365052915482,0.21913623222686657,0.13671845161416468
15.600000000000001,0.7000000000000001,1.2514768880032845,-0.0012297278674204928,0.21657738470977134,0.13885870949512344
15.8,0.7000000000000001,1.2515322428671811,-0.0012071549475179812,0.21404113863080834,0.14098470365993573
16.0,0.7000000000000001,1.251581430258697,-0.0011851010047252096,0.2115270980433669,0.14309643387159338
16.2,0.7000000000000001,1.2516248393618317,-0.00116354996612901,0.20903487655166966,0.1451939118628964
16.400000000000002,0.7000000000000001,1.2516628371070466,-0.0011424863999669676,0.2065640968955817,0.14727716047780712
16.6,0.7000000000000001,1.2516957694684698,-0.001121895489481684,0.2041143905588732,0.14934621288233896
16.8,0.7000000000000001,1.2517239626797234,-0.0011017630073974882,0.20168539739960872,0.15140111183790894
17.0,0.7000000000000001,1.2517477243734454,-0.0010820752910039178,0.199276765301429,0.15344190903043617
17.2,0.7000000000000001,1.2517673446493522,-0.0010628192178472721,0.19688814984460803,0.15546866444887775
17.400000000000002,0.7000000000000001,1.251783097075428,-0.0010439821820394633,0.19451921399581693,0.15748144580732928
17.6,0.7000000000000001,1.2517952396266214,-0.001025552071197378,0.1921696278155796,0.1594803280053051
17.8,0.7000000000000001,1.2518040155652022,-0.001007517244037572,0.18983906818250795,0.16146539262130874
18.0,0.7000000000000001,1.2518096542666635,-0.0009898665086489312,0.18752721853338364,0.1634367274353284
18.2,0.7000000000000001,1.2518123719949141,-0.0009725891014682836,0.18523376861825494,0.16539442597641354
18.400000000000002,0.7000000000000001,1.2518123726302044,-0.00095567466698465,0.18295841426971485,0.16733858709201097
18.6,0.7000000000000001,1.2518098483530806,-0.0009391132381941185,0.18070085718558018,0.16926931453624677
18.8,0.7000000000000001,1.2518049802874256,-0.0009228952178261552,0.17846080472421633,0.17118671657483367
19.0,0.7000000000000001,1.2517979391054392,-0.0009070113603541518,0.17623796971175829,0.1730909056047381
19.200000000000003,0.7000000000000001,1.2517888855972523,-0.0008914527548049826,0.1740320702605631,0.17498199778717904
19.400000000000002,0.7000000000000001,1.2517779712076171,-0.0008762108083738154,0.1718428295981803,0.1768601126929145
19.6,0.7000000000000001,1.2517653385420238,-0.0008612772308436873,0.1696699759062183,0.17872537295912286
19.8,0.7000000000000001,1.2517511218443318,-0.0008466440198076194,0.16751324216846733,0.18057790395749135
20.0,0.7000000000000001,1.2517354474479028,-0.0008323034466889033,0.16537236602768218,0.1824178334733805
20.200000000000003,0.7000000000000001,1.2517184342020442,-0.0008182480435429298,0.16324708965046356,0.18424529139614657
20.400000000000002,0.7000000000000001,1.2517001938754215,-0.0008044705906265226,0.16113715959967403,0.18606040942086866
20.6,0.7000000000000001,1.2516808315379753,-0.0007909641047159914,0.1590423267138742,0.18786332076185222
20.8,0.7000000000000001,1.2516604459227207,-0.0007777218281497335,0.15696234599328432,0.18965415987835785
21.0,0.7000000000000001,1.2516391297687381,-0.0007647372185682458,0.15489697649179093,0.19143306221304807
21.200000000000003,0.7000000000000001,1.251616970146483,-0.0007520039393237557,0.15284598121458096,0.19320016394365264
21.400000000000002,0.7000000000000001,1.25159404876649,-0.0007395158505289576,0.15080912702094437,0.19495560174832877
21.6,0.7000000000000001,1.2515704422724583,-0.0007272670007118737,0.14878618453187845,0.1966995125851396
21.8,0.7000000000000001,1.2515462225195442,-0.0007152516190406397,0.1467769280421157,0.19843203348600716
22.0,0.7000000000000001,1.2515214568387154,-0.0007034641080850737,0.14478113543623528,0.20015330136540077
22.200000000000003,0.7000000000000001,1.2514962082878662,-0.0006918990370786548,0.14279858810852777,0.2018634528439235
22.400000000000002,0.7000000000000001,1.2514705358903526,-0.0006805511356435142,0.1408290708863253,0.2035626240868413
22.6,0.7000000000000001,1.251444494861586,-0.00066941528794165,0.13887237195652152,0.20525095065748866
22.8,0.7000000000000001,1.2514181368242159,-0.0006584865272186559,0.1369282827950271,0.2069285673853609
23.0,0.7000000000000001,1.2513915100124284,-0.0006477600307028795,0.13499659809893058,0.20859560824858997
23.200000000000003,0.7000000000000001,1.251364659465846,-0.000637231114826533,0.13307711572115377,0.21025220627038674
23.400000000000002,0.7000000000000001,1.25133762721347,-0.0006268952307351411,0.13116963660741587,0.211898493428929
23.6,0.7000000000000001,1.2513104524480874,-0.0006167479600543446,0.12927396473532896,0.2135346005800801
23.8,0.7000000000000001,1.2512831716915405,-0.0006067850108850913,0.12738990705548267,0.2151606573922379
24.0,0.7000000000000001,1.2512558189512382,-0.0005970022139997307,0.12551727343435748,0.21677679229254235
24.200000000000003,0.7000000000000001,1.251228425868271,-0.0005873955192116861,0.12365587659896052,0.21838313242361165
24.400000000000002,0.7000000000000001,1.2512010218574825,-0.0005779609918961427,0.12180553208307883,0.21997980360993233
24.6,0.7000000000000001,1.2511736342398312,-0.0005686948096428567,0.11996605817504116,0.22156693033299435
24.8,0.7000000000000001,1.2511462883673719,-0.0005595932590189081,0.1181372758669089,0.22314463571425322
25.0,0.7000000000000001,1.2511190077411916,-0.0005506527324268967,0.1163190088050197,0.2247130415049847
25.200000000000003,0.7000000000000001,1.2510918141225897,-0.0005418697250432065,0.11451108324182425,0.22627226808211864
25.400000000000002,0.7000000000000001,1.2510647276378382,-0.000533240831824227,0.11271332798895879,0.2278224344491511
25.6,0.7000000000000001,1.2510377668768005,-0.000524762744571349,0.1109255743714927,0.22936365824126875
25.8,0.7000000000000001,1.2510109489857264,-0.0005164322490455104,0.10914765618331394,0.23089605573386154
26.0,0.7000000000000001,1.2509842897545018,-0.0005082462221250757,0.10737940964362434,0.23241974185364545
26.200000000000003,0.7000000000000001,1.2509578036986435,-0.0005002016290024348,0.10562067335448885,0.23393483019167927
26.400000000000002,0.7000000000000001,1.2509315041363238,-0.0004922955204169746,0.10387128825941827,0.23544143301761827
26.6,0.7000000000000001,1.2509054032606919,-0.0004845250299224725,0.10213109760296027,0.23693966129461494
26.8,0.7000000000000001,1.250879512207757,-0.0004768873711878767,0.10039994689125685,0.2384296246943482
27.0,0.7000000000000001,1.2508538411201173,-0.00046937983533349207,0.09867768385355553,0.23991143161173228
27.200000000000003,0.7000000000000001,1.250828399206745,-0.0004619997883030241,0.09696415840464094,0.2413851891789288
27.400000000000002,0.7000000000000001,1.250803194799114,-0.00045474466827557966,0.09525922260816197,0.24285100327835485
27.6,0.7000000000000001,1.2507782354038794,-0.00044761198312078627,0.09356273064082163,0.24430897855445036
27.8,0.7000000000000001,1.2507535277523436,-0.0004405993078990586,0.09187453875742527,0.2457592184240309
28.0,0.7000000000000001,1.250729077846924,-0.00043370428241206247,0.090194505256723,0.24720182508511457
28.200000000000003,0.7000000000000001,1.250704891004834,-0.0004269246088091507,0.08852249044804406,0.24863689952416893
28.400000000000002,0.7000000000000001,1.250680971899164,-0.00042025804925240745,0.08685835661868686,0.2500645415217761
28.6,0.7000000000000001,1.250657324597549,-0.0004137024236455974,0.08520196800203357,0.2514848496567552
28.8,0.7000000000000001,1.2506339525986094,-0.00040725560742988577,0.08355319074633127,0.25289792130883076
29.0,0.7000000000000001,1.2506108588663183,-0.00040091552945258616,0.0819118928841652,0.25430385265995936
29.200000000000003,0.7000000000000001,1.2505880458624372,-0.00039468016990944666,0.08027794430249661,0.255702738694464
29.400000000000002,0.7000000000000001,1.2505655155771913,-0.00038854755836789304,0.07865121671334914,0.25709467319814105
29.6,0.7000000000000001,1.2505432695582808,-0.0003825157718681251,0.07703158362494589,0.2584797487565248
29.8,0.7000000000000001,1.250521308938387,-0.00037658293311164143,0.07541892031348546,0.25985805675250634
30.0,0.7000000000000001,1.2504996344612254,-0.00037074720872680005,0.07381310379517857,0.26122968736350044
30.200000000000003,0.7000000000000001,1.2504782465063413,-0.00036500680763209723,0.07221401279901846,0.26259472955837326
30.400000000000002,0.7000000000000001,1.250457145112595,-0.00035935997946769696,0.07062152773950041,0.26395327109431294
30.6,0.7000000000000001,1.250436330000624,-0.0003538050131368387,0.0690355306903187,0.26530539851384927
30.8,0.7000000000000001,1.2504158005940695,-0.00034834023539525737,0.06745590535746984,0.266651197142185
31.0,0.7000000000000001,1.2503955560400275,-0.00034296400957709613,0.06588253705395633,0.267990751085021
31.200000000000003,0.7000000000000001,1.250375595228229,-0.00033767473432428524,0.06431531267280076,0.2693241432269996
31.400000000000002,0.7000000000000001,1.2503559168098068,-0.00033247084250293994,0.06275412066307645,0.2706514552309296
31.6,0.7000000000000001,1.250336519214505,-0.0003273508000378614,0.061198851002053585,0.27197276753785643
31.8,0.7000000000000001,1.2503174006681066,-0.00032231310504683876,0.05964939517336211,0.27328815936813056
32.0,0.7000000000000001,1.2502985592076108,-0.00031735628670864996,0.05810564613678195,0.2745977087234491
32.2,0.7000000000000001,1.2502799926978,-0.00031247890467875534,0.056567498310417234,0.2759014923900521
32.4,0.7000000000000001,1.250261698844011,-0.00030767954786276177,0.055034847535162135,0.27719958594290334
32.6,0.7000000000000001,1.2502436752086572,-0.0003029568342576676,0.053507591064937306,0.2784920637511419
32.800000000000004,0.7000000000000001,1.2502259192206673,-0.0002983094093754194,0.051985627519751644,0.2797789989843809
33.0,0.7000000000000001,1.2502084281935457,-0.0002937359468364829,0.05046885689260764,0.2810604636204183
33.2,0.7000000000000001,1.2501911993293846,-0.00028923514592583223,0.04895718047854997,0.2823365284534377
33.4,0.7000000000000001,1.2501742297416545,-0.00028480573363996785,0.047450500916329096,0.283607263103906
33.6,0.7000000000000001,1.2501575164493488,-0.00028044646031629556,0.045948722067156327,0.2848727360282467
33.800000000000004,0.7000000000000001,1.2501410564110844,-0.00027615610462149685,0.04445174912904301,0.2861330145308683
34.0,0.7000000000000001,1.2501248465000085,-0.0002719334650576985,0.04295948841035614,0.28738816477459356
34.2,0.7000000000000001,1.2501088835628975,-0.00026777737103163025,0.04147184759618597,0.2886382517949586
34.4,0.7000000000000001,1.250093164356178,-0.00026368666565761573,0.03998873530190026,0.28988333951021444
34.6,0.7000000000000001,1.2500776856585831,-0.00025966022949447783,0.03851006165759888,0.291123490738565
34.800000000000004,0.7000000000000001,1.2500624441271133,-0.00025569694508519584,0.037035737401449144,0.2923587672056835
35.0,0.7000000000000001,1.2500474365229686,-0.00025179574716524013,0.035565675129752373,0.2935892295667405
35.2,0.7000000000000001,1.2500326594012312,-0.00024795554893940284,0.034099787427342994,0.29481493740762693
35.4,0.7000000000000001,1.2500181095749396,-0.00024417534767393376,0.03263798951065675,0.2960359492761448
35.6,0.7000000000000001,1.250003783458006,-0.00024045407085278992,0.0311801953427381,0.29725232266950086
35.800000000000004,0.7000000000000001,1.2499896780287898,-0.00023679079769357608,0.029726323192354825,0.29846411408431284
36.0,0.7000000000000001,1.24997578944821,-0.00023318443754407825,0.028276287529634934,0.2996713789753549
36.2,0.7000000000000001,1.2499621150700868,-0.0002296341940117744,0.026830010691054677,0.3008741718450345
36.4,0.7000000000000001,1.2499486505425175,-0.00022613889213601393,0.025387405939013095,0.30207254614250256
36.6,0.7000000000000001,1.249935394011606,-0.0002226979495803381,0.023948401915727953,0.3032665544359744
36.800000000000004,0.7000000000000001,1.249922340045537,-0.00021930996946468073,0.02251290719320306,0.3044562481881768
37.0,0.7000000000000001,1.2499094884377637,-0.0002159747640026725,0.021080861523493005,0.305641678100272
37.2,0.7000000000000001,1.2498968314611745,-0.00021269042489553163,0.019652161601934122,0.3068228936319249
37.4,0.7000000000000001,1.2498843723492223,-0.00020945746131828777,0.018226768502103575,0.3079999436819913
37.6,0.7000000000000001,1.2498720984356027,-0.00020627285825694782,0.016804552099325205,0.30917287560221146
37.800000000000004,0.7000000000000001,1.249860020321082,-0.0002031377912076676,0.01538551657688796,0.310341736373025
38.0,0.7000000000000001,1.2498481140740867,-0.00020004727338992386,0.013969473737547419,0.3115065708747897
38.2,0.7000000000000001,1.249836407797995,-0.00019699723863463324,0.012556518999965044,0.31266742216916077
38.400000000000006,0.7000000000000001,1.249824845655832,-0.00019398477069054818,0.011146339314711783,0.3138243317545301
38.6,0.7000000000000001,1.2498135141971067,-0.00019093569455354352,0.009739242783682819,0.31497731996351974
38.800000000000004,0.7000000000000001,1.2498022127265394,-0.00018793071830576404,0.008334630749868687,0.3161264284152944
39.0,0.7000000000000001,1.2497913732002812,-0.00018420584592640968,0.006933457737702706,0.31727148775723507
39.2,0.7000000000000001,1.2497797907701482,-0.00018092476617109397,0.005534248665281256,0.3184126461814318
39.400000000000006,0.7000000000000001,1.249770841746085,-0.0001706769529526096,0.004141005081575435,0.31954802002767857
39.6,0.7000000000000001,1.249756077106532,-0.00016656425162448564,0.0027476243254647608,0.32067927774777255
39.800000000000004,0.7000000000000001,1.2497630713286905,-9.249291470658488e-05,0.0013756973180322008,0.3217830464557565
40.0,0.7000000000000001,1.2497630713286905,0.0,0.0,0.3217830464557565
0.0,0.72,1.0,0.0,0.640608156448494,0.0
0.2,0.72,1.0289444997519221,-0.026363115834269108,0.640608156448494,6.561341967403627e-06
0.4,0.72,1.0573712748433284,-0.020652690569447702,0.582170295301611,2.9506086693323617e-05
0.6000000000000001,0.72,1.0733627817211526,-0.01914488982437141,0.5820671611956953,8.730388240083117e-05
0.8,0.72,1.090868998561804,-0.014937113195551839,0.5493986697896488,0.00018918335367819393
1.0,0.72,1.1014671997992933,-0.012865724343411055,0.5450295810959547,0.0003522841276734229
1.2000000000000002,0.72,1.112895021996524,-0.011022026419836583,0.5270212325437972,0.0005881732430275024
1.4000000000000001,0.72,1.1214255623981026,-0.00994187275373006,0.5202737107061095,0.0009132281475355852
1.6,0.72,1.130058285243036,-0.009032083423802646,0.5083595418501372,0.0013390070274013224
1.8,0.72,1.1373285701802032,-0.008404904289315831,0.5009665220843577,0.0018786025206658282
2.0,0.72,1.1443746350575477,-0.007852969636078514,0.49176964698766384,0.0025404924371428086
2.2,0.72,1.1506485797036312,-0.007422259562903179,0.48449511126802997,0.0033329155178556348
2.4000000000000004,0.72,1.1565948856228265,-0.007032035482228443,0.47668739967715545,0.004260156461223352
2.6,0.72,1.1620178633294203,-0.006702547880296535,0.4697768271786337,0.005325524865443072
2.8000000000000003,0.72,1.1671009808829065,-0.006399854554305943,0.4627950716381115,0.006529297894962835
3.0,0.72,1.1717816635656366,-0.006131891796410577,0.4562890339260796,0.007870653332622159
3.2,0.72,1.1761430270897668,-0.005883539533995069,0.4498686047894039,0.009346654238551924
3.4000000000000004,0.72,1.180172264379399,-0.005657312860496672,0.4437399664276878,0.010953455086644713
3.6,0.72,1.1839127355656747,-0.0054460957784296755,0.43774104639481565,0.012685873057074899
3.8000000000000003,0.72,1.1873697366886633,-0.005250267205627006,0.43194661070767143,0.014538122264321477
4.0,0.72,1.1905701013932628,-0.005066261086383213,0.42628607140160474,0.016503677237790677
4.2,0.72,1.193525142279964,-0.00489372936645671,0.4207838381069767,0.01857571281211675
4.4,0.72,1.1962542044778204,-0.004730745142803002,0.41540686053600984,0.020747092285170913
4.6000000000000005,0.72,1.1987699874846858,-0.004576784118087491,0.41016064138746255,0.023010626851670022
4.800000000000001,0.72,1.2010879280999007,-0.0044307118362133325,0.40502804286288785,0.025359103928678
5.0,0.72,1.20322035665257,-0.004292019609331706,0.4000078240271107,0.027785436313085568
5.2,0.72,1.2051802687414557,-0.004159977965165105,0.3950899321890011,0.030282693518955062
5.4,0.72,1.2069789955149166,-0.004034146750971699,0.39027102886203874,0.03284418342450243
5.6000000000000005,0.72,1.2086277396431258,-0.003914017496953065,0.38554445182405034,0.035463473611833926
5.800000000000001,0.72,1.2101366530319329,-0.003799222680533523,0.38090648506859237,0.03813443172748716
6.0,0.72,1.2115154768732879,-0.0036893835306445215,0.37635225271421413,0.04085123475719743
6.2,0.72,1.2127731862151805,-0.003584195030356372,0.37187825166205885,0.043608384396010336
6.4,0.72,1.2139182687180112,-0.0034833603914306956,0.367480657269409,0.046400706341072656
6.6000000000000005,0.72,1.2149585981458328,-0.0033866249721638767,0.3631563428502635,0.04922335090971915
6.800000000000001,0.72,1.2159015660033465,-0.003293747541958855,0.3589021717949151,0.05207178542126609
7.0,0.72,1.216754047076557,-0.0032045133529537326,0.3547154036753804,0.05494178651325658
7.2,0.72,1.2175224699979705,-0.0031187211662063344,0.35059339271713214,0.0578294283933091
7.4,0.72,1.2182128190041452,-0.003036187923262216,0.3465337455674062,0.06073107088734792
7.6000000000000005,0.72,1.2188306780873295,-0.002956742619014291,0.3425341887532055,0.06364334567478534
7.800000000000001,0.72,1.2193812460650104,-0.002880227664894765,0.33859262648532734,0.06656314254847273
8.0,0.72,1.2198693683389743,-0.0028064957984120066,0.33470707937995586,0.06948759508247909
8.200000000000001,0.72,1.2202995558719785,-0.002735410200045747,0.33087570259853766,0.07241406658624452
8.4,0.72,1.220676010296593,-0.0026668427921713945,0.3270967552896023,0.07534013612116534
8.6,0.72,1.2210026429864658,-0.002600673930280312,0.32336860349422286,0.07826358499636471
8.8,0.72,1.2212830959490601,-0.002536791367069406,0.3196897033058466,0.08118238366342484
9.0,0.72,1.2215207595222881,-0.0024750898344154367,0.31605859835244765,0.08409467920007613
9.200000000000001,0.72,1.2217187901711446,-0.0024154703466739385,0.3124739094281821,0.08699878334733147
9.4,0.72,1.2218801263324728,-0.00235783978827595,0.30893433041527374,0.08989316117628221
9.600000000000001,0.72,1.2220075037152986,-0.0023021104048557813,0.30543862121976284,0.0927764203576947
9.8,0.72,1.2221034692370258,-0.0022481994329934993,0.30198560358925675,0.09564730105284108
10.0,0.72,1.2221703942177886,-0.0021960287059688147,0.2985741559112491,0.09850466639690393
10.200000000000001,0.72,1.222210486524685,-0.0021455243331968826,0.2952032094211181,0.10134749356473459
10.4,0.72,1.2222258019589052,-0.002096616383304725,0.29187174416599193,0.10417486538785475
10.600000000000001,0.72,1.2222182547879903,-0.0020492386109876456,0.28857878572316914,0.10698596249982609
10.8,0.72,1.2221896275754918,-0.00200332819699967,0.2853234019630568,0.10978005597879016
11.0,0.72,1.2221415802947515,-0.0019588255173522357,0.2821047002608991,0.1125565004606451
11.200000000000001,0.72,1.2220756588165265,-0.0019156739278951374,0.2789218248458548,0.11531472769403138
11.4,0.72,1.2219933027889027,-0.0018738195703000369,0.27577395444553443,0.11805424051172018
11.600000000000001,0.72,1.2218958529694575,-0.001833211192835365,0.2726603000844392,0.12077460719339465
11.8,0.72,1.221784558037976,-0.0017937999877713252,0.2695801030934179,0.12347545619759548
12.0,0.72,1.2216605809339895,-0.0017555394419280221,0.26653263326203586,0.1261564712419291
12.200000000000001,0.72,1.2215250047485695,-0.001718385200504331,0.26351718715039035,0.12881738671282195
12.4,0.72,1.2213788382052568,-0.0016822949420985274,0.26053308652486334,0.13145798338747305
12.600000000000001,0.72,1.2212230207575043,-0.001647228264411629,0.25757967691875794,0.1340780844522209
12.8,0.72,1.2210584273311704,-0.0016131465792182992,0.25465632629741464,0.13667755180258198
13.0,0.72,1.220885872736437,-0.0015800130159072448,0.2517624238233922,0.13925628261120812
13.200000000000001,0.72,1.2207061157730374,-0.0015477923325486907,0.24889737870878748,0.1418142061506633
13.4,0.72,1.2205198630500407,-0.001516450833794483,0.24606061914900396,0.14435128085845633
13.600000000000001,0.72,1.2203277725404487,-0.0014859562948084594,0.2432515913290785,0.14686749163210777
13.8,0.72,1.2201304568889575,-0.001456277890612172,0.24046975849712776,0.149362847342275
14.0,0.72,1.2199284864901765,-0.0014273861302234367,0.23771460009843012,0.15183737855210258
14.200000000000001,0.72,1.2197223923531102,-0.0013992527950698766,0.2349856109654389,0.1542911354310676
14.4,0.72,1.2195126687667057,-0.0013718508811906428,0.23228230055882157,0.15672418585165068
14.600000000000001,0.72,1.2192997757800954,-0.0013451545448134004,0.22960419225561168,0.15913661365722956
14.8,0.72,1.2190841415102462,-0.001319139050925577,0.22695082268068317,0.1615285170896614
15.0,0.72,1.2188661642888055,-0.0012937807245149144,0.2243217410783591,0.16390000736512209
15.200000000000001,0.72,1.2186462146591266,-0.0012690569041893974,0.22171650872116822,0.16625120738690669
15.4,0.72,1.2184246372336924,-0.0012449458979303866,0.21913469835316438,0.16858225058408513
15.600000000000001,0.72,1.2182017524215099,-0.0012214269407600509,0.21657589366543284,0.17089327986514052
15.8,0.72,1.217977858034392,-0.0011984801541438336,0.21403968880167945,0.17318444667601857
16.0,0.72,1.217753230780502,-0.0011760865069722808,0.21152568789199042,0.17545591015237033
16.2,0.72,1.2175281276529986,-0.0011542277779993532,0.20903350461303602,0.17770783635618737
16.400000000000002,0.72,1.2173027872211502,-0.001132886519631785,0.20656276177313324,0.17994039758749805
16.6,0.72,1.2170774308308214,-0.0011120460229898212,0.2041130909207434,0.1821537717623263
16.8,0.72,1.2168522637208306,-0.0010916902841804897,0.2016841319750831,0.1843481418486789
17.0,0.72,1.2166274760612783,-0.0010718039717341143,0.19927553287761432,0.18652369535295174
17.2,0.72,1.216403243919557,-0.0010523723951750684,0.19688694926329744,0.18868062384978337
17.400000000000002,0.72,1.21617973015941,-0.0010333814747051603,0.1945180441505371,0.1908191225490594
17.6,0.72,1.2159570852780488,-0.0010148177119864519,0.19216848764881375,0.19293938989444553
17.8,0.72,1.2157354481860367,-0.0009966681620175392,0.18983795668307943,0.19504162718851403
18.0,0.72,1.2155149469342805,-0.0009789204060994432,0.18752613473399835,0.1971260382401992
18.2,0.72,1.2152956993922182,-0.0009615625258912645,0.18523271159318536,0.19919282903097227
18.400000000000002,0.72,1.2150778138809761,-0.0009445830785537008,0.18295738313262602,0.20124220739675067
18.6,0.72,1.2148613897649836,-0.0009279710729790536,0.18069985108748357,0.20327438272314938
18.8,0.72,1.2146465180052815,-0.0009117159471033275,0.17845982285154652,0.20528956565222786
19.0,0.72,1.2144332816775094,-0.0008958075462929419,0.17623701128456704,0.2072879677993824
19.200000000000003,0.72,1.2142217564573003,-0.0008802361027967125,0.17403113453082064,0.2092698014794821
19.400000000000002,0.72,1.2140120110756043,-0.0008649922162493644,0.17184191584818093,0.21123527944173331
19.6,0.72,1.213804107746242,-0.0008500668352073186,0.16966908344708104,0.21318461461308957
19.8,0.72,1.213598102567778,-0.000835451239695328,0.16751237033872818,0.2151180198503015
20.0,0.72,1.2133940459016481,-0.0008211370247416217,0.1653715141919692,0.21703570770091307
20.200000000000003,0.72,1.2131919827282704,-0.0008071160848698239,0.1632462571982544,0.2189378901736793
20.400000000000002,0.72,1.2129919529827142,-0.0007933805995174172,0.16113634594412388,0.22082477851899007
20.6,0.72,1.2127939918713846,-0.0007799230193479418,0.15904153129071605,0.22269658301994905
20.8,0.72,1.2125981301709792,-0.0007667360534199096,0.1569615682597913,0.2245535127947779
21.0,0.72,1.2124043945109275,-0.0007538126571727835,0.15489621592580088,0.22639577561119703
21.200000000000003,0.72,1.2122128076403287,-0.0007411460211905031,0.15284523731357438,0.22822357771338828
21.400000000000002,0.72,1.2120233886803697,-0.0007287295607042374,0.1508083993011763,0.2300371236620604
21.6,0.72,1.2118361533630642,-0.0007165569057886386,0.1487854725275573,0.23183661618804488
21.8,0.72,1.2116511142570905,-0.0007046218922094358,0.14677623130462747,0.23362225605972525
22.0,0.72,1.2114682809814212,-0.0006929185528818826,0.1447804535334082,0.2353942419644813
22.200000000000003,0.72,1.2112876604073974,-0.0006814411098956437,0.1427979206239359,0.2371527704041893
22.400000000000002,0.72,1.2111092568497983,-0.0006701839670638987,0.14082841741862823,0.2388980356046824
22.6,0.72,1.2109330722474498,-0.0006591417029550548,0.13887173211883638,0.2406302294389403
22.8,0.72,1.2107591063338583,-0.000648309064367601,0.13692765621433145,0.24234954136364534
23.0,0.72,1.2105873567983048,-0.0006376809602089941,0.13499598441549326,0.24405615836861877
23.200000000000003,0.72,1.210417819437834,-0.0006272524557402828,0.13307651458799263,0.24575026493853971
23.400000000000002,0.72,1.2102504883005154,-0.0006170187671516935,0.13116904768978105,0.24743204302624972
23.6,0.72,1.2100853558203655,-0.0006069752564352754,0.12927338771020783,0.24910167203686154
23.8,0.72,1.2099224129442845,-0.0005971174265228665,0.12738934161112625,0.25075932882181823
24.0,0.72,1.20976164925133,-0.0005874409166616053,0.12551671926982852,0.2524051876819972
24.200000000000003,0.72,1.2096030530646924,-0.0005779414979987763,0.12365533342369923,0.2540394203789166
24.400000000000002,0.72,1.2094466115566784,-0.0005686150693508561,0.121804999616487,0.25566219615307445
24.6,0.72,1.2092923108470057,-0.0005594576531375217,0.11996553614608325,0.2572736817484505
24.8,0.72,1.2091401360947471,-0.000550465391459456,0.11813676401372895,0.2588740414422035
25.0,0.72,1.2089900715842152,-0.0005416345423019716,0.11631850687457419,0.26046343707862085
25.200000000000003,0.72,1.2088421008050774,-0.0005329614758500767,0.1145105909895286,0.2620420281064087
25.400000000000002,0.72,1.2086962065270193,-0.0005244426709032393,0.11271284517834837,0.2636099716184589
25.6,0.72,1.2085523708692323,-0.0005160747113780778,0.1109251007738972,0.26516742239327806
25.8,0.72,1.2084105753650207,-0.0005078542828902884,0.10914719157754457,0.26671453293733327
26.0,0.72,1.2082708010217968,-0.0004997781694093481,0.10737895381567376,0.2682514535276301
26.200000000000003,0.72,1.2081330283767577,-0.0004918432499804178,0.10562022609724205,0.269778332253917
26.400000000000002,0.72,1.2079972375484989,-0.00048404649551025795,0.10387084937237619,0.27129531505998716
26.6,0.72,1.2078634082848354,-0.00047638496561401155,0.10213066689197425,0.2728025457836223
26.8,0.72,1.2077315200070746,-0.0004688558055231422,0.1003995241682734,0.27430016619480546
27.0,0.72,1.2076015518510044,-0.000461456243053132,0.09867726893637312,0.2757883160319098
27.200000000000003,0.72,1.2074734827048077,-0.0004541835856315759,0.09696375111667525,0.27726713303563716
27.400000000000002,0.72,1.2073472912441654,-0.000447035217391148,0.09525882277822188,0.27873675298055994
27.6,0.72,1.2072229559647267,-0.0004400085963266428,0.09356233810289562,0.28019730970418444
27.8,0.72,1.207100455212183,-0.0004331012515198949,0.09187415335047629,0.28164893513351413
28.0,0.72,1.2069797672101235,-0.00042631078043541497,0.09019412682449196,0.28309175930914793
28.200000000000003,0.72,1.2068608700858723,-0.00041963484629096965,0.08852211883886336,0.28452591040700415
28.400000000000002,0.72,1.2067437418944542,-0.0004130711755048627,0.08685799168530224,0.2859515147577943
28.6,0.72,1.206628360640874,-0.0004066175552248626,0.08520160960143286,0.28736869686441596
28.8,0.72,1.206514704300847,-0.0004002718309395273,0.08355283873958326,0.2887775794174611
29.0,0.72,1.206402750840112,-0.0003940319041770818,0.08191154713626421,0.29017828330905493
29.200000000000003,0.72,1.2062924782324616,-0.0003878957302919175,0.08027760468221529,0.29157092764526615
29.400000000000002,0.72,1.2061838644766043,-0.00038186131634401256,0.07865088309309863,0.2929556297573281
29.6,0.72,1.2060768876119339,-0.0003759267190678307,0.07703125588064241,0.2943325052119252
29.8,0.72,1.205971525733353,-0.0003700900429391325,0.07541859832442349,0.2957016678207928
30.0,0.72,1.2058677570051515,-0.0003643494383275992,0.07381278744390951,0.29706322964986803
30.200000000000003,0.72,1.2057655596741226,-0.00035870309975639687,0.07221370197123708,0.29841730102823133
30.400000000000002,0.72,1.205664912081825,-0.00035314926423586613,0.07062122232393422,0.2997639905570498
30.6,0.72,1.2055657926762606,-0.00034768620971599527,0.06903523057862636,0.3011034051187288
30.8,0.72,1.205468180022713,-0.0003423122535890033,0.06745561044413877,0.3024356498864409
31.0,0.72,1.2053720528142193,-0.00033702575133861894,0.06588224723621326,0.3037608283342075
31.200000000000003,0.72,1.205277389881081,-0.00033182509519016895,0.06431502785051639,0.3050790422476401
31.400000000000002,0.72,1.2051841702003434,-0.0003267087129614428,0.0627538407386885,0.3063903917354875
31.6,0.72,1.2050923729039908,-0.0003216750668197899,0.06119857588047286,0.3076949752420164
31.8,0.72,1.205001977287683,-0.0003167226523637519,0.05964912476191209,0.30899288956036425
32.0,0.72,1.2049129628174655,-0.0003118499974097268,0.05810538034509968,0.31028422984678167
32.2,0.72,1.204825309138188,-0.0003070556613728218,0.05656723705041838,0.3115690896359383
32.4,0.72,1.2047389960782635,-0.00030233823394215295,0.055034590720919936,0.3128475608570384
32.6,0.72,1.204654003658553,-0.0002976963349199992,0.05350733861269391,0.3141197338510619
32.800000000000004,0.72,1.204570312094139,-0.0002931286125085644,0.05198537934774391,0.31538569738856465
33.0,0.72,1.2044879018052517,-0.00028863374396391077,0.05046861292116764,0.31664553868871004
33.2,0.72,1.2044067534138492,-0.00028421043292943846,0.04895694062981472,0.31789934343836573
33.4,0.72,1.2043268477598454,-0.00027985741167354665,0.04745026511451967,0.31914719581272827
33.6,0.72,1.2042481658878457,-0.00027557343631424454,0.04594849023803769,0.32038917849510556
33.800000000000004,0.72,1.2041706890754695,-0.00027135729226635403,0.044451521200575085,0.321625372699004
34.0,0.72,1.204094398800489,-0.00026720778495962,0.04295926431162565,0.32285585818767215
34.2,0.72,1.20401927679542,-0.0002631237519277465,0.04147162725882888,0.32408071329780413
34.4,0.72,1.2039453049746616,-0.0002591040440177623,0.03998851865792403,0.32530001495739436
34.6,0.72,1.2038724655449615,-0.0002551475513170648,0.0385098486424186,0.32651383871188905
34.800000000000004,0.72,1.2038007408498288,-0.000251253164414255,0.03703552794938253,0.32772225873787514
35.0,0.72,1.2037301135978151,-0.0002474198292431182,0.03556546918042945,0.32892534787399685
35.2,0.72,1.2036605665347324,-0.0002436464665487659,0.03409958491632524,0.3301231776258879
35.4,0.72,1.2035920829192994,-0.00023993208723347264,0.03263779038290861,0.3313158182072851
35.6,0.72,1.2035246458359061,-0.0002362756243080961,0.031179999533031605,0.332503338527205
35.800000000000004,0.72,1.2034582391887634,-0.0002326761748663929,0.0297261306535285,0.3336858062531624
36.0,0.72,1.2033928462629988,-0.00022913264879907748,0.02827609819159773,0.3348632877623476
36.2,0.72,1.2033284518051441,-0.00022564427578230722,0.026829824520008205,0.3360358482523218
36.4,0.72,1.203265039010874,-0.0002222098703759495,0.025387222851626336,0.3372035516185805
36.6,0.72,1.2032025938816304,-0.00021882889291457798,0.02394822190310178,0.33836646066588205
36.800000000000004,0.72,1.2031410989163032,-0.00021549991260019885,0.02251273014127757,0.3395246368341509
37.0,0.72,1.2030805422406357,-0.00021222281838915202,0.021080687471443114,0.34067814061917995
37.2,0.72,1.2030209043823656,-0.0002089956195453194,0.019651990368162627,0.3418270309863755
37.4,0.72,1.2029621774402106,-0.0002058189699025498,0.0182266002127265,0.34297136620414115
37.6,0.72,1.2029043372524024,-0.00020268967913385507,0.016804386430063285,0.34411120264044154
37.800000000000004,0.72,1.2028473839822214,-0.00019960917822359523,0.015385353737509986,0.3452465962142876
38.0,0.72,1.2027912825472553,-0.00019657220102939024,0.013969313157743888,0.34637760029279613
38.2,0.72,1.2027360517949295,-0.0001935748643942214,0.012556360219055946,0.34750426616459623
38.400000000000006,0.72,1.2026816272191967,-0.00019061466824613426,0.011146182093769823,0.34862664337016913
38.6,0.72,1.202628088467701,-0.00018761456107792873,0.009739077685676155,0.34974475690020396
38.800000000000004,0.72,1.2025752495701154,-0.00018466631531940258,0.008334468822499915,0.3508586586850028
39.0,0.72,1.2025235335974993,-0.00018097091852993454,0.006933201186710508,0.3519681549782828
39.2,0.72,1.2024719680592684,-0.000177815867878829,0.0055340523093882965,0.3530734432090193
39.400000000000006,0.72,1.202423773445783,-0.00016752131678864283,0.004139923510953601,0.3541723767292921
39.6,0.72,1.2023730387477782,-0.00016424638246745286,0.002747378436590948,0.3552670878603212
39.800000000000004,0.72,1.2023444850118497,-9.176998017732815e-05,0.0013667576871783341,0.356332278299049
40.0,0.72,1.2023444850118497,0.0,0.0,0.356332278299049
0.0,0.74,1.0,0.0,0.6433970347163982,0.0
0.2,0.74,1.0306960627930715,-0.029381889575698737,0.6433970347163982,1.807076153996739e-05
0.4,0.74,1.0605741485531135,-0.022781891179550075,0.5814694485842883,7.665568714426509e-05
0.6000000000000001,0.74,1.0764915186598027,-0.020911865109047877,0.5818534530111835,0.000214916690854099
0.8,0.74,1.093954367417547,-0.016279454538851334,0.5488947482388901,0.000445446545220587
1.0,0.74,1.1043137973263124,-0.013999788152721869,0.5447754820530728,0.0007975337424524308
1.2000000000000002,0.74,1.1155024918620746,-0.011988087604334957,0.5267961983985902,0.0012856519429885892
1.4000000000000001,0.74,1.1237305210811244,-0.010805367122072642,0.5201392340494103,0.0019332189193976466
1.6,0.74,1.1320115303541525,-0.009805552831157468,0.5082460535280127,0.0027520957485796093
1.8,0.74,1.1388622409506004,-0.009111473085966004,0.5008874143141233,0.0037567199919666043
2.0,0.74,1.1454250488064652,-0.00849739791348907,0.4917002376585017,0.0049521130068866616
2.2,0.74,1.151148562855775,-0.00801469704706209,0.4844409682728257,0.0063432559436584785
2.4000000000000004,0.74,1.156483503370352,-0.00757549410458489,0.47663876380294906,0.007928295437629516
2.6,0.74,1.1612369411406056,-0.007202510462632064,0.4697361478826216,0.009704595868900542
2.8000000000000003,0.74,1.1655996551768386,-0.006858863368292517,0.46275817606810304,0.011665127372150075
3.0,0.74,1.1695143897853182,-0.0065535229662557586,0.4562568631085699,0.013802147129977443
3.2,0.74,1.173071523392495,-0.0062701023614753475,0.4498392594438502,0.01610543224597171
3.4000000000000004,0.74,1.1762642168409574,-0.006011499921275541,0.4437137193426025,0.018564405267064567
3.6,0.74,1.1791423977354494,-0.005770016376385909,0.43771697677111354,0.021167343761247032
3.8000000000000003,0.74,1.1817169786693027,-0.00554613204736132,0.431924728547796,0.0239025571518099
4.0,0.74,1.18402036011716,-0.00533597955395122,0.42626589646430435,0.026758063553757896
4.2,0.74,1.186068663751463,-0.005139193916762073,0.4207652936561777,0.02972221596410712
4.4,0.74,1.1878857218510956,-0.004953665124437476,0.41538967432307594,0.03278357837417932
4.6000000000000005,0.74,1.1894880986710208,-0.004778804992658293,0.41014471941991526,0.03593124225971099
4.800000000000001,0.74,1.190894695878171,-0.004613348095537969,0.40501321688631164,0.039154775309562455
5.0,0.74,1.1921207986542133,-0.00445670621970459,0.399994006995956,0.042444367483244046
5.2,0.74,1.1931819717570473,-0.004308044879152037,0.3950770115757368,0.04579079933213288
5.4,0.74,1.1940917043777897,-0.004166842666063186,0.3902589309249775,0.049185496196217364
5.6000000000000005,0.74,1.1948630233565254,-0.0040325018367712686,0.3855330962929419,0.052620497673129644
5.800000000000001,0.74,1.1955075801248574,-0.0039045780222908186,0.3808958114701105,0.056088463805107396
6.0,0.74,1.1960363433976817,-0.0037826148539995158,0.3763422009398797,0.05958264170278534
6.2,0.74,1.1964592646666585,-0.0036662374064052915,0.37186877258448137,0.06309684806437342
6.4,0.74,1.1967855951101458,-0.0035550811355363875,0.3674717042716886,0.06662543398178836
6.6000000000000005,0.74,1.1970237816987204,-0.0034488292142463694,0.3631478759825968,0.07016325719251958
6.800000000000001,0.74,1.1971816273871956,-0.003347181395077433,0.35889415398179747,0.07370564714378326
7.0,0.74,1.1972662770150455,-0.003249868392161296,0.3547078022460121,0.077248374208198
7.2,0.74,1.1972843095041086,-0.003156637791993497,0.35058617763422684,0.0807876167217491
7.4,0.74,1.1972417565211246,-0.0030672591521690553,0.3465268899115969,0.08431993090433436
7.6000000000000005,0.74,1.1971441630331514,-0.002981517291101465,0.3425276678434759,0.08784222091462898
7.800000000000001,0.74,1.1969966158019665,-0.0028992137128838738,0.33858641796315964,0.09135171125329175
8.0,0.74,1.1968037875233617,-0.002820163160247038,0.334701162735735,0.09484592029043493
8.200000000000001,0.74,1.1965699661690448,-0.0027441936482237353,0.33087005911533884,0.09832263584439269
8.4,0.74,1.1962990893692436,-0.002671144509966543,0.3270913677634616,0.1017798922302936
8.6,0.74,1.1959947713284678,-0.002600865954453885,0.32336345613924283,0.10521594912648542
8.8,0.74,1.1956603306028202,-0.0025332178315575797,0.3196847815733685,0.10862927194780636
9.0,0.74,1.1952988136395057,-0.0024680690707538895,0.31605388883504376,0.11201851381643835
9.200000000000001,0.74,1.1949130176327507,-0.0024052968193879055,0.31246939973359017,0.11538249893534207
9.4,0.74,1.1945055106585394,-0.0023447858942035357,0.3089300090814289,0.11872020734426583
9.600000000000001,0.74,1.1940786506499155,-0.002286428132684651,0.30543447762186093,0.12203076091665889
9.8,0.74,1.1936346024371465,-0.002230121900374937,0.3019816278682952,0.12531341053409636
10.0,0.74,1.1931753535743506,-0.002175771577586609,0.2985703389028586,0.12856752432547622
10.200000000000001,0.74,1.192702728691876,-0.0021232871317512637,0.2951995425967008,0.13179257689564502
10.4,0.74,1.1922184027349703,-0.002072583699189942,0.2918682195768471,0.13498813945072405
10.600000000000001,0.74,1.1917239130329107,-0.0020235812197558845,0.28857539595237125,0.13815387074758226
10.8,0.74,1.191220670398504,-0.0019762040907979586,0.2853201400808609,0.14128950879147992
11.0,0.74,1.1907099692787098,-0.0019303808576244502,0.28210155978544754,0.14439486321856357
11.200000000000001,0.74,1.1901929970804914,-0.0018860439251376854,0.2789187997071731,0.1474698083021744
11.4,0.74,1.1896708427169456,-0.001843129296863812,0.27577103895338173,0.15051427653083654
11.600000000000001,0.74,1.1891445044587954,-0.0018015763338848666,0.2726574888989834,0.15352825270986317
11.8,0.74,1.188614897139944,-0.0017613275353745227,0.26957739119882457,0.156511768545052
12.0,0.74,1.188082858779921,-0.0017223283366717922,0.2665300159424014,0.1594648976709849
12.200000000000001,0.74,1.187549156668132,-0.0016845269247829267,0.26351465996793455,0.16238775109115766
12.4,0.74,1.187014492958594,-0.0016478740688081397,0.26053064530003306,0.1652804730004428
12.600000000000001,0.74,1.1864795098142418,-0.0016123229645226584,0.2575773177121115,0.16814323696363473
12.8,0.74,1.1859447941396621,-0.0015778290913824162,0.2546540453930532,0.1709762424261723
13.0,0.74,1.1854108819354765,-0.0015443500810171673,0.251760217713809,0.1737797115352518
13.200000000000001,0.74,1.184878262305984,-0.001511845595916799,0.24889524408096875,0.17655388625108998
13.4,0.74,1.184347381148004,-0.0014802772174096201,0.24605855287166611,0.17929902572941497
13.600000000000001,0.74,1.1838186445469803,-0.0014496083419263713,0.24324959044092062,0.18201540395723736
13.8,0.74,1.1832924219037546,-0.001419804084756196,0.24046782019600008,0.18470330762476866
14.0,0.74,1.1827690488136695,-0.0013908311905067986,0.23771272173133104,0.18736303421698483
14.200000000000001,0.74,1.1822488297176288,-0.0013626579495981596,0.2349837900192561,0.18999489030887412
14.4,0.74,1.1817320403432148,-0.001335254120166671,0.23228053465175022,0.1925991900488734
14.600000000000001,0.74,1.181218929952373,-0.0013085908548400832,0.22960247912918627,0.1951762538154356
14.8,0.74,1.1807097234108703,-0.0012826406318888414,0.22694916019236586,0.1977264070320964
15.0,0.74,1.1802046230934786,-0.0012573771903242842,0.2243201271946361,0.20024997912684664
15.200000000000001,0.74,1.179703810637743,-0.0012327754685602468,0.22171494151111126,0.20274730262208515
15.4,0.74,1.1792074485581943,-0.0012088115463053438,0.21913317598241766,0.2052187123419328
15.600000000000001,0.74,1.1787156817319429,-0.001185462589390097,0.21657441439059005,0.20766454472424
15.8,0.74,1.1782286387658023,-0.0011627067972784712,0.21403825096502177,0.210085137225222
16.0,0.74,1.1777464332543093,-0.0011405233530430339,0.21152428991655833,0.21248082780531266
16.2,0.74,1.1772691649373592,-0.0011188923756213257,0.20903214499800923,0.21485195448552577
16.400000000000002,0.74,1.1767969207655136,-0.0010977948741932846,0.20656143908949695,0.21719885496436636
16.6,0.74,1.176329775880495,-0.0010772127045484594,0.20411180380722335,0.21952186628611572
16.8,0.74,1.1758677945178078,-0.00105712852733622,0.20168287913433058,0.22182132455213177
17.0,0.74,1.1754110308379528,-0.0010375257681047008,0.19927431307262317,0.22409756466764127
17.2,0.74,1.174959529692215,-0.001018388579056971,0.19688576131404192,0.2263509201173446
17.400000000000002,0.74,1.174513327328556,-0.000999701802462109,0.19451688693081506,0.22858172276399266
17.6,0.74,1.1740724520427386,-0.0009814509356698936,0.19216736008328114,0.23079030266492256
17.8,0.74,1.1736369247793972,-0.0009636220976861793,0.18983685774447143,0.23297698790233903
18.0,0.74,1.1732067596873992,-0.0009462019972701626,0.18752506344051553,0.23514210442388947
18.2,0.74,1.1727819646334978,-0.0009291779025216325,0.18523166700604496,0.2372859758908009
18.400000000000002,0.74,1.1723625416779182,-0.0009125376119228858,0.1829563643537623,0.23940892353150814
18.6,0.74,1.1719484875152277,-0.0008962694268055952,0.18069885725739132,0.24151126599930867
18.8,0.74,1.1715397938835257,-0.0008803621252107524,0.17845885314725768,0.24359331923311459
19.0,0.74,1.1711364479447413,-0.0008648049371053102,0.17623606491775337,0.245655396320848
19.200000000000003,0.74,1.170738432638522,-0.0008495875209234652,0.17403021074601324,0.24769780736541955
19.400000000000002,0.74,1.1703457270120043,-0.0008346999413955307,0.17184101392109996,0.24972085935357008
19.6,0.74,1.1699583065275159,-0.0008201326486219807,0.16966820268307017,0.25172485602811073
19.8,0.74,1.169576143350034,-0.0008058764583520759,0.16751151007128284,0.25371009776430004
20.0,0.74,1.1691992066160795,-0.0007919225334274899,0.16537067378135759,0.25567688145123124
20.200000000000003,0.74,1.1688274626855142,-0.000778262366339165,0.16324543603022001,0.25762550037918247
20.400000000000002,0.74,1.168460875377566,-0.0007648877628540734,0.1611355434286692,0.25955624413390904
20.6,0.74,1.1680994061922763,-0.0007517908266630081,0.1590407468609554,0.26146939849884393
20.8,0.74,1.1677430145184098,-0.0007389639450003205,0.15696080137087462,0.2633652453661096
21.0,0.74,1.1673916578287686,-0.0007263997751828636,0.15489546605389862,0.26524406265715755
21.200000000000003,0.74,1.167045291863735,-0.0007140912320195418,0.15284450395492155,0.2671061242537331
21.400000000000002,0.74,1.166703870803793,-0.0007020314760422203,0.1508076819711695,0.2689516999397323
21.6,0.74,1.1663673474316842,-0.0006902139025043256,0.14878477075990368,0.27078105535435554
21.8,0.74,1.166035673284769,-0.0006786321310969742,0.14677554465053824,0.2725944519568145
22.0,0.74,1.1657087987981445,-0.0006672799963367565,0.1447797815608362,0.2743921470026816
22.200000000000003,0.74,1.1653866734389629,-0.0006561515385738244,0.14279726291685355,0.27617439353180717
22.400000000000002,0.74,1.1650692458324035,-0.0006452409955735241,0.14082777357634105,0.27794144036758456
22.6,0.74,1.16475646387967,-0.0006345427946261822,0.138871101755332,0.2796935321271854
22.8,0.74,1.164448274868379,-0.0006240515451421052,0.13692703895766023,0.2814309092422667
23.0,0.74,1.1641446255756769,-0.0006137620316893672,0.1349953799071782,0.2831538079895236
23.200000000000003,0.74,1.163845462364397,-0.0006036692074341233,0.1330759224824674,0.2848624605303646
23.400000000000002,0.74,1.163550731272558,-0.0005937681879466163,0.13116846765385284,0.2865570949588999
23.6,0.74,1.1632603780964903,-0.0005840542453378158,0.12927281942254604,0.28823793535737086
23.8,0.74,1.162974348467872,-0.00057452280269313,0.1273887847617723,0.28990520185809504
24.0,0.74,1.1626925879249412,-0.0005651694287752316,0.125516173559727,0.2915591107109752
24.200000000000003,0.74,1.162415041978167,-0.0005559898329669722,0.12365479856425017,0.29319987435561107
24.400000000000002,0.74,1.1621416561706288,-0.0005469798604277189,0.12180447532911595,0.2948277014970489
24.6,0.74,1.1618723761333798,-0.0005381354874447047,0.11996502216182997,0.2964427971842328
24.8,0.74,1.1616071476360423,-0.0005294528169573184,0.11813626007285256,0.29804536289024897
25.0,0.74,1.1613459166329096,-0.0005209280742358596,0.1163180127261755,0.2996355965935026
25.200000000000003,0.74,1.1610886293048033,-0.000512557602700092,0.1145101063911876,0.30121369285902067
25.400000000000002,0.74,1.1608352320969377,-0.0005043378598655686,0.1127123698957761,0.30277984291914445
25.6,0.74,1.1605856717530534,-0.0004962654134059843,0.11092463458060223,0.30433423475294025
25.8,0.74,1.160339895346061,-0.0004883369373212366,0.10914673425451378,0.30587705316374325
26.0,0.74,1.1600978503054455,-0.0004805492082047618,0.10737850515106595,0.307408479854321
26.200000000000003,0.74,1.159859484441653,-0.0004728991016051345,0.10561978588609393,0.308928693499235
26.400000000000002,0.74,1.1596247459677245,-0.0004653835884762978,0.10387041741632136,0.3104378698140544
26.6,0.74,1.1593935835183635,-0.00045799973171296344,0.10213024299897401,0.31193618162116393
26.8,0.74,1.1591659461666914,-0.00045074468277153874,0.10039910815235879,0.3134237989119825
27.0,0.74,1.1589417834388693,-0.0004436156783731648,0.09867686061739875,0.31490088890548984
27.200000000000003,0.74,1.158721045326806,-0.00043661003728930525,0.09696335032008314,0.3163676161030228
27.400000000000002,0.74,1.1585036822991333,-0.0004297251572127212,0.09525842933481632,0.3178241423393757
27.6,0.74,1.158289645310623,-0.00042295851171223007,0.09356195184862848,0.3192706268302923
27.8,0.74,1.1580788858102264,-0.0004163076472739336,0.09187377412624133,0.32070722621649045
28.0,0.74,1.1578713557478715,-0.00040977018043087326,0.09019375447592867,0.3221340946044101
28.200000000000003,0.74,1.157667007580187,-0.00040334379498302317,0.08852175321617098,0.323551383603904
28.400000000000002,0.74,1.1574657942752562,-0.0003970262393093376,0.08685763264306107,0.3249592423631283
28.6,0.74,1.1572676693165533,-0.0003908153237757167,0.08520125699843571,0.32635781760091187
28.8,0.74,1.1570725867061393,-0.00038470891823652056,0.08355249243867295,0.3277472536368923
29.0,0.74,1.1568805009672334,-0.00037870494963617736,0.08191120700418121,0.3291276924197264
29.200000000000003,0.74,1.1566913671462407,-0.00037280139970845484,0.08027727058945054,0.33049927355367775
29.400000000000002,0.74,1.1565051408143168,-0.0003669963027768465,0.07865055491375568,0.33186213432387957
29.6,0.74,1.1563217780685053,-0.0003612877436530787,0.07703093349230451,0.33321640972056965
29.8,0.74,1.1561412355325589,-0.0003556738556408666,0.07541828160802824,0.3345622324625763
30.0,0.74,1.1559634703574115,-0.00035015281863019586,0.0738124762836292,0.33589973302031234
30.200000000000003,0.74,1.1557884402214398,-0.00034472285730529343,0.07221339625436575,0.33722903963852524
30.400000000000002,0.74,1.1556161033304018,-0.0003393822394291987,0.07062092194077838,0.338550278359013
30.6,0.74,1.1554464184172795,-0.0003341292742527888,0.06903493542240349,0.3398635730435041
30.8,0.74,1.1552793447417466,-0.00032896231097413297,0.06745532041087741,0.3411690453968525
31.0,0.74,1.1551148420896975,-0.000323879737350501,0.06588196222466305,0.34246681499070347
31.200000000000003,0.74,1.1549528707722287,-0.00031887997830687707,0.06431474776205338,0.34375699928770226
31.400000000000002,0.74,1.1547933916249626,-0.00031396149475645095,0.06275356547723927,0.3450397136663709
31.6,0.74,1.1546363660064292,-0.00030912278231353936,0.06119830535242028,0.34631507144663104
31.8,0.74,1.1544817557973632,-0.00030436237035266593,0.05964885887603611,0.3475831839160944
32.0,0.74,1.1543295233982194,-0.00029967882074301896,0.058105119012476975,0.34884416035697124
32.2,0.74,1.1541796317287827,-0.0002950707272201099,0.056566980184389194,0.35009810807377556
32.4,0.74,1.1540320442242589,-0.0002905367139908034,0.05503433823696472,0.3513451324214757
32.6,0.74,1.1538867248359588,-0.00028607543559113136,0.0535070904284473,0.35258533683445215
32.800000000000004,0.74,1.1537436380248107,-0.0002816855750611319,0.051985135382816655,0.3538188228555517
33.0,0.74,1.1536027487646905,-0.0002773658446774093,0.05046837309725257,0.35504569016603094
33.2,0.74,1.1534640225310258,-0.00027311498308996135,0.04895670487038659,0.3562660366149782
33.4,0.74,1.1533274253101213,-0.0002689317577602374,0.04745003334512833,0.3574799582499681
33.6,0.74,1.153192923577949,-0.00026481495981305953,0.04594826238574711,0.35868754934609287
33.800000000000004,0.74,1.1530604843225236,-0.000260763409941331,0.04445129719464351,0.35988890243717514
34.0,0.74,1.1529300750026856,-0.0002567759483809992,0.042959044082393476,0.3610841083433261
34.2,0.74,1.1528016635982767,-0.0002528514479957905,0.041471410739204816,0.36227325620294815
34.4,0.74,1.1526752185275984,-0.0002489887939687457,0.03998830578111418,0.36345643349713513
34.6,0.74,1.1525507087562692,-0.0002451869118500241,0.03850963934509553,0.3646337260835562
34.800000000000004,0.74,1.1524281036287638,-0.00024144472567697088,0.0370353221669884,0.36580521821480855
35.0,0.74,1.1523073731005264,-0.00023776121729160283,0.03556526685386285,0.366970992577088
35.2,0.74,1.152188487390274,-0.00023413533926965974,0.03409938598215789,0.3681311302970851
35.4,0.74,1.1520714174705,-0.00023056613966052102,0.03263759478743901,0.36928571099211815
35.6,0.74,1.151956134345139,-0.0002270525802904783,0.03117980721184845,0.3704348127548693
35.800000000000004,0.74,1.1518426100813512,-0.0002235937984263715,0.029725941560985153,0.37157851222947047
36.0,0.74,1.1517308163033344,-0.0002201887269585221,0.028275912258059702,0.3727168845522524
36.2,0.74,1.1516207263578244,-0.00021683664261748105,0.0268296417136149,0.3738500034844943
36.4,0.74,1.1515123121667459,-0.0002135363714021649,0.025387043088798026,0.3749779412640448
36.6,0.74,1.151405548767894,-0.00021028743574278368,0.023948045177810684,0.37610076885891747
36.800000000000004,0.74,1.1513004077292859,-0.00020708839289207247,0.02251255633780162,0.37721855563601725
37.0,0.74,1.1511968666699692,-0.00020393922596685147,0.021080516633849317,0.3783313698668442
37.2,0.74,1.1510948954620355,-0.00020083788520595196,0.01965182231042019,0.3794392780205912
37.4,0.74,1.150994476223473,-0.00019778518464389335,0.018226435070255655,0.3805423457685408
37.6,0.74,1.1508955743192426,-0.00019477778773567428,0.016804223869535548,0.38164063653628477
37.800000000000004,0.74,1.150798180645565,-0.00019181740383417869,0.015385193987973793,0.3827342132686504
38.0,0.74,1.1507022498874608,-0.0001888985386401229,0.013969155639641488,0.38382313590877154
38.2,0.74,1.1506077928406693,-0.00018601761472061232,0.012556204514068348,0.38490746212525395
38.400000000000006,0.74,1.1505147370973414,-0.00018317268603078413,0.011146028033062099,0.3859872477334375
38.6,0.74,1.1504231563809977,-0.0001802848542149638,0.009738915918481196,0.38706252063291063
38.800000000000004,0.74,1.150332880211507,-0.0001774572564367692,0.008334311324914781,0.38813334233788155
39.0,0.74,1.1502443198688002,-0.000173865016610122,0.006932950419278998,0.38919949313196484
39.2,0.74,1.1501567355380415,-0.00017091643015001385,0.0055338717568353905,0.3902612278177919
39.400000000000006,0.74,1.1500731427161879,-0.00016075791815244273,0.004138879342083738,0.3913161433645826
39.6,0.74,1.1499900829756673,-0.00015852005686109975,0.0027472447686287347,0.39236691240833727
39.800000000000004,0.74,1.1499290805266882,-8.924413440418895e-05,0.0013584665686353962,0.39338669210018146
40.0,0.74,1.1499290805266882,0.0,0.0,0.39338669210018146
0.0,0.76,1.0,0.0,0.6464956737404389,0.0
0.2,0.76,1.0326437074460915,-0.03257620073472714,0.6464956737404389,4.852948295712427e-05
0.4,0.76,1.0641016597745887,-0.02497633994503621,0.5806591241490868,0.00019387684391695514
0.6000000000000001,0.76,1.0798396247887372,-0.0226733072424817,0.5815942307707272,0.0005141620225157279
0.8,0.76,1.0971254752935604,-0.017600529864556985,0.5483419175941109,0.001018405808454862
1.0,0.76,1.107061137239627,-0.015102418494130132,0.5444980898075594,0.0017519690869040507
1.2000000000000002,0.76,1.1177913198513068,-0.01291710717784297,0.5265530037130103,0.0027255518441793424
1.4000000000000001,0.76,1.1254567022147863,-0.011625107359732741,0.5199943447506081,0.003967617448405336
1.6,0.76,1.1330939575163865,-0.010527924280894345,0.5081237761080577,0.0054823960957771515
1.8,0.76,1.1392031526763688,-0.00975931978758917,0.5008023650693813,0.007279915500908126
2.0,0.76,1.1449401171007096,-0.009075537288541415,0.4916255845886566,0.009353269880764072
2.2,0.76,1.1497549586868947,-0.008533743199200139,0.4843828896714775,0.0116974929479387
2.4000000000000004,0.76,1.1541127020694384,-0.008039077379874015,0.47658663969790854,0.014297260267400939
2.6,0.76,1.1578283131607332,-0.007616890970017465,0.469692685899005,0.017138279864772187
2.8000000000000003,0.76,1.1611059104849246,-0.007227401659253434,0.46271883201362174,0.02020086457292148
3.0,0.76,1.163897567990566,-0.006880633705916653,0.45622266999115685,0.0234663588663845
3.2,0.76,1.1663048658937392,-0.0065589082862528205,0.4498081479809179,0.026913934164505073
3.4000000000000004,0.76,1.1683295051155629,-0.00626546358928185,0.4436859852981756,0.03052399568998698
3.6,0.76,1.170030173263421,-0.005991958970108244,0.4376916160694153,0.034276637249770446
3.8000000000000003,0.76,1.1714246927374736,-0.005738908905765002,0.4319017488050972,0.03815334314766884
4.0,0.76,1.1725519340296455,-0.005502075847884937,0.42624477315725884,0.042136241817333414
4.2,0.76,1.1734331639340934,-0.005281007502400549,0.4207459401438001,0.04620889741779678
4.4,0.76,1.1740967409540073,-0.005073344216275572,0.4153717925974871,0.0503559271809399
4.6000000000000005,0.76,1.1745627962107308,-0.004878370239161387,0.41012820473220996,0.05456332812172282
4.800000000000001,0.76,1.1748532089247543,-0.004694631252279518,0.4049978846798649,0.05881825455390722
5.0,0.76,1.1749855492216836,-0.004521406314568919,0.39997976077049746,0.06310911756552869
5.2,0.76,1.1749771807063296,-0.004357708666300272,0.3950637277595628,0.06742543395179001
5.4,0.76,1.1748428973321134,-0.004202893436002236,0.39024652807336396,0.07175782098066097
5.6000000000000005,0.76,1.1745966598193496,-0.0040562367499628925,0.3855214862788236,0.07609788050038582
5.800000000000001,0.76,1.1742507073027546,-0.003917185149017789,0.38088492774072613,0.08043815044041054
6.0,0.76,1.1738163278963016,-0.0037851769059990582,0.37633197761257065,0.08477201006500958
6.2,0.76,1.173303555591397,-0.003659743302863088,0.3718591557971622,0.08909361808114785
6.4,0.76,1.1727215384787741,-0.003540431742628664,0.3674626430740781,0.09339783358607809
6.6000000000000005,0.76,1.1720784632920522,-0.0034268460139598804,0.3631393267549443,0.0976801545935475
6.800000000000001,0.76,1.1713817502594968,-0.0033186124342453943,0.35888607635239433,0.10193665213908136
7.0,0.76,1.170638061748269,-0.003215395155144083,0.35470016070148846,0.10616391498544696
7.2,0.76,1.169853418132019,-0.00311688066932956,0.35057893960767605,0.11035899516377255
7.4,0.76,1.1690332335001588,-0.003022783035373863,0.34652002627956435,0.11451936067944342
7.6000000000000005,0.76,1.1681823923853116,-0.0029328363441601295,0.3425211519718474,0.11864285094202011
7.800000000000001,0.76,1.1673052905071997,-0.0028467959746486474,0.338580225781408,0.12272763745572975
8.0,0.76,1.1664058898742602,-0.002764434599878643,0.3346952722198531,0.12677218765361298
8.200000000000001,0.76,1.1654877566376542,-0.002685541962892669,0.3308644502161802,0.1307752327832283
8.4,0.76,1.1645541027885749,-0.0026099225230820492,0.32708602209930815,0.13473573875567602
8.6,0.76,1.1636078187981824,-0.002537394749988828,0.3233583568858992,0.1386528801861055
8.8,0.76,1.1626515061543627,-0.002467789579164822,0.31967991326439543,0.14252601700719478
9.0,0.76,1.1616875046034871,-0.002400949611233517,0.3160492372529519,0.1463546736159489
9.200000000000001,0.76,1.1607179179833518,-0.002336728003457982,0.3124649517701747,0.15013852016232226
9.4,0.76,1.1597446366242483,-0.0022749877146400746,0.3089257526424392,0.15387735584839743
9.600000000000001,0.76,1.1587693580674867,-0.0022156006568970973,0.30543040152399015,0.15757109396681457
9.8,0.76,1.157793605370165,-0.002158447029356172,0.30197772175951626,0.1612197485292749
10.0,0.76,1.156818743830046,-0.0021034146425093856,0.29856659318364176,0.16482342228580274
10.200000000000001,0.76,1.1558459959156235,-0.0020503983466305417,0.2951959483547153,0.1683822959971756
10.4,0.76,1.1548764548322665,-0.0019992994811503535,0.29186476852525484,0.17189661881023163
10.600000000000001,0.76,1.153911096706762,-0.001950025390781069,0.2885720803766671,0.1753666996203638
10.8,0.76,1.1529507916356627,-0.001902488971333173,0.2853169527897654,0.1787928993075415
11.0,0.76,1.15199631364733,-0.0018566082628315914,0.2820984940676642,0.18217562375377405
11.200000000000001,0.76,1.1510483497318105,-0.0018123060726211318,0.27891584929186425,0.18551531755678644
11.4,0.76,1.1501075080048195,-0.0017695096344115962,0.27576819797490865,0.18881245836914598
11.600000000000001,0.76,1.1491743251110065,-0.0017281502945277734,0.27265475186481286,0.19206755179947624
11.8,0.76,1.1482492729302596,-0.0016881632265872027,0.2695747529606603,0.1952811268223386
12.0,0.76,1.1473327646633593,-0.0016494871696937352,0.26652747166992236,0.1984537316496109
12.200000000000001,0.76,1.1464251603524136,-0.0016120641895471328,0.26351220512503093,0.20158593002293315
12.4,0.76,1.1455267718938,-0.0015758394593532942,0.2605282756231621,0.20467829789143674
12.600000000000001,0.76,1.1446378675899116,-0.0015407610593314845,0.25757502919061537,0.20773142044339005
12.8,0.76,1.1437586762846348,-0.0015067797926271828,0.2546518342511893,0.2107458894635649
13.0,0.76,1.1428893911206126,-0.0014738490163305048,0.251758080394341,0.21372230099091355
13.200000000000001,0.76,1.1420301729539253,-0.001441924485948828,0.24889317723013804,0.2166612532531945
13.4,0.76,1.14118115345733,-0.0014109642121354709,0.24605655332541465,0.2195633448569077
13.600000000000001,0.76,1.140342437940695,-0.001380928328384911,0.2432476552122302,0.2224291732122016
13.8,0.76,1.1395141079141111,-0.0013517789686607776,0.24046594646324262,0.2252593331735073
14.0,0.76,1.138696223416921,-0.0013234801539420947,0.23771090682752524,0.22805441587753575
14.200000000000001,0.76,1.1378888251335852,-0.001295997686822075,0.23498203142214774,0.23081500776104327
14.4,0.76,1.137091936315403,-0.0012692990533549825,0.23227882997463256,0.23354168974145892
14.600000000000001,0.76,1.1363055645253106,-0.0012433533314528495,0.22960082611239568,0.23623503654412564
14.8,0.76,1.1355297032214677,-0.0012181311051926533,0.22694755669539043,0.23889561616054897
15.0,0.76,1.134764333193888,-0.001193604384474765,0.22431857118878065,0.24152398942271538
15.200000000000001,0.76,1.1340094238671676,-0.0011697465295334858,0.22171343107267233,0.24412070967923433
15.4,0.76,1.1332649344812087,-0.0011465321798614218,0.21913170928632622,0.246686322559794
15.600000000000001,0.76,1.132530815160849,-0.0011239371871575468,0.21657298970448086,0.24922136581520338
15.8,0.76,1.1318070078843983,-0.0011019385519618076,0.21403686664369936,0.25172636922112407
16.0,0.76,1.1310934473602428,-0.0010805143636795306,0.21152294439682426,0.25420185453446975
16.2,0.76,1.130390061819943,-0.0010596437437391435,0.20903083679382906,0.2566483354923638
16.400000000000002,0.76,1.1296967737355765,-0.0010393067916598141,0.20656016678747818,0.2590663178444946
16.6,0.76,1.1290135004684207,-0.001019484533836073,0.20411056606238484,0.2614562994106658
16.8,0.76,1.1283401548555085,-0.0010001588748764058,0.20168167466614162,0.2638187701563216
17.0,0.76,1.1276766457400476,-0.0009813125513502155,0.1992731406612957,0.2661542122797862
17.2,0.76,1.1270228784511875,-0.0009629290878210002,0.19688461979706012,0.2684631003059137
17.400000000000002,0.76,1.1263787552381448,-0.000944992755058617,0.19451577519968302,0.27074590118175834
17.6,0.76,1.1257441756632693,-0.0009274885303355339,0.19216627708048017,0.2730030743707601
17.8,0.76,1.1251190369582011,-0.0009104020597236154,0.18983580246060852,0.27523507194275304
18.0,0.76,1.1245032343469208,-0.0008937196223148977,0.18752403491165565,0.2774423386578728
18.2,0.76,1.123896661339095,-0.0008774280962974175,0.18523066431121102,0.279625312043122
18.400000000000002,0.76,1.1232992099967958,-0.0008615149268186212,0.18295538661259692,0.2817844224609714
18.6,0.76,1.1227107711774031,-0.0008459680955744292,0.18069790362796576,0.28392009316990324
18.8,0.76,1.1221312347551273,-0.0008307760920633888,0.17845792282402112,0.28603274037725795
19.0,0.76,1.1215604898234117,-0.0008159278864425119,0.17623515712961324,0.2881227732851185
19.200000000000003,0.76,1.1209984248801785,-0.0008014129039272278,0.17402932475453628,0.29019059413025095
19.400000000000002,0.76,1.1204449279976594,-0.0007872210006762812,0.17184014901882866,0.29223659821935055
19.6,0.76,1.119899886978369,-0.0007733424410971666,0.16966735819194367,0.29426117396097196
19.8,0.76,1.1193631894985854,-0.0007597678765132642,0.16751068534115862,0.2962647028956122
20.0,0.76,1.1188347232405296,-0.0007464883251344936,0.16536986818862331,0.2982475597254319
20.200000000000003,0.76,1.1183143760142802,-0.0007334951532640728,0.16324464897649274,0.30021011234507056
20.400000000000002,0.76,1.1178020358703409,-0.0007207800576837219,0.1611347743395724,0.30215272187493036
20.6,0.76,1.1172975912036478,-0.0007083350491569457,0.1590399951849715,0.30407574269819465
20.8,0.76,1.1168009308496998,-0.0006961524369869349,0.15696006657826375,0.3059795225026995
21.0,0.76,1.1163119441733866,-0.0006842248145684361,0.15489474763568353,0.30786440232861295
21.200000000000003,0.76,1.115830521151049,-0.000672545045874968,0.15284380142192855,0.30973071662268853
21.400000000000002,0.76,1.1153565524461801,-0.0006611062528254065,0.15080699485312557,0.31157879329967936
21.6,0.76,1.114889929479161,-0.0006499018034676634,0.14878409860458314,0.3134089538112957
21.8,0.76,1.1144305444913605,-0.0006389253009252771,0.14677488702295616,0.31522151322289627
22.0,0.76,1.1139782906038806,-0.0006281705730546833,0.1447791380424846,0.31701678029793084
22.200000000000003,0.76,1.1135330618711878,-0.0006176316627590922,0.1427966331049779,0.3187950575899643
22.400000000000002,0.76,1.11309475332989,-0.0006073028189082837,0.1408271570832543,0.32055664154196417
22.6,0.76,1.112663261042822,-0.0005971784878154547,0.13887049820776207,0.3223018225923828
22.8,0.76,1.1122384821386764,-0.0005872533052276132,0.13692644799612977,0.3240308852874529
23.0,0.76,1.1118203148473178,-0.0005775220887841869,0.1349948011854143,0.32574410839900503
23.200000000000003,0.76,1.111408658530988,-0.0005679798309032316,0.133075355666839,0.32744176504703515
23.400000000000002,0.76,1.1110034137115474,-0.0005586216920573286,0.13116791242283474,0.32912412282619363
23.6,0.76,1.1106044820939514,-0.0005494429944031434,0.129272275466206,0.330791443935323
23.8,0.76,1.1102117665861002,-0.0005404392157314907,0.12738825178128174,0.33244398530915276
24.0,0.76,1.1098251713152627,-0.0005316059837094104,0.12551565126689346,0.33408199875125855
24.200000000000003,0.76,1.109444601641229,-0.0005229390703849231,0.12365428668107019,0.3357057310674059
24.400000000000002,0.76,1.1090699641663906,-0.000514434386928557,0.12180397358734671,0.3373154241984309
24.6,0.76,1.108701166742917,-0.0005060879785921158,0.1199645303025795,0.3389113153518575
24.8,0.76,1.1083381184772112,-0.0004978960198636154,0.11813577784618791,0.34049363713149716
25.0,0.76,1.1079807297318502,-0.0004898548098000603,0.11631753989074727,0.34206261766435625
25.200000000000003,0.76,1.1076289121251703,-0.0004819607675219722,0.1145096427138701,0.3436184807242358
25.400000000000002,0.76,1.1072825785287197,-0.0004742104278587983,0.11271191515132313,0.34516144585149655
25.6,0.76,1.1069416430627361,-0.0004666004371327639,0.11092418855131767,0.3466917284685414
25.8,0.76,1.1066060210898525,-0.00045912754907056856,0.1091462967299366,0.3482095399906511
26.0,0.76,1.1062756292072151,-0.0004517886208355874,0.10737807592766849,0.34971508793189515
26.200000000000003,0.76,1.105950385237181,-0.0004445806091759761,0.10561936476699266,0.3512085760059239
26.400000000000002,0.76,1.1056302082167866,-0.00043750056668140873,0.10387000421100136,0.3526902042215274
26.6,0.76,1.1053150183861318,-0.00043054563814488216,0.10212983752302572,0.35416016897292296
26.8,0.76,1.1050047371758707,-0.0004237130570290226,0.10039871022722589,0.35561866312480667
27.0,0.76,1.1046992871939258,-0.00041700014203238905,0.09867647007013772,0.35706587609226975
27.200000000000003,0.76,1.1043985922116055,-0.00041040429375541106,0.09696296698313406,0.35850199391573734
27.400000000000002,0.76,1.1041025771492288,-0.00040392299146729246,0.09525805304578376,0.35992719933114253
27.6,0.76,1.1038111680613942,-0.00039755378997223176,0.0935615824500734,0.3613416718355897
27.8,0.76,1.1035242921220143,-0.00039129431657542265,0.09187341146548234,0.36274558774880195
28.0,0.76,1.1032418776091943,-0.0003851422681500095,0.09019339840485248,0.3641391202706699
28.200000000000003,0.76,1.1029638538900775,-0.0003790954083058684,0.08852140359105216,0.36552243953524893
28.400000000000002,0.76,1.1026901514057013,-0.0003731515646610402,0.0868572893243917,0.36689571266155696
28.6,0.76,1.1024207016559784,-0.000367308626217875,0.08520091985076109,0.36825910380153676
28.8,0.76,1.1021554371848126,-0.00036156454084021054,0.08355216133043776,0.36961277418554656
29.0,0.76,1.10189429156544,-0.00035591731283856406,0.08191088180758134,0.37095688216573486
29.200000000000003,0.76,1.1016371993860083,-0.00035036500065793155,0.08027695118029346,0.37229158325764544
29.400000000000002,0.76,1.1013840962354373,-0.00034490571467183924,0.07865024117132707,0.3736170301803793
29.6,0.76,1.1011349186895694,-0.00033953761507820397,0.0770306252992419,0.37493337289562423
29.8,0.76,1.1008896042976475,-0.0003342589099038967,0.07541797885020063,0.37624075864583495
30.0,0.76,1.1006480915690757,-0.0003290678531011927,0.07381217885002209,0.3775393319918176
30.200000000000003,0.76,1.1004103199605493,-0.00032396274276035703,0.07221310403697367,0.37882923484995196
30.400000000000002,0.76,1.100176229863409,-0.0003189419193982561,0.07062063483449936,0.380110606529238
30.6,0.76,1.0999457625914115,-0.0003140037643738629,0.06903465332494305,0.38138358376834586
30.8,0.76,1.0997188603686092,-0.0003091466983506687,0.06745504322265068,0.38264830077278017
31.0,0.76,1.0994954663177436,-0.0003043691799154419,0.06588168984871,0.38390488925228733
31.200000000000003,0.76,1.0992755244485024,-0.00029966970418617803,0.06431448010394719,0.3851534784585367
31.400000000000002,0.76,1.0990589796465389,-0.00029504680163986927,0.06275330244501316,0.38639419522316726
31.6,0.76,1.098845777661891,-0.00029049903681846315,0.06119804685647612,0.3876271639961334
31.8,0.76,1.098635865098713,-0.00028602500739811177,0.05964860482908872,0.38885250688444756
32.0,0.76,1.0984291894034799,-0.00028162334290426173,0.05810486932945535,0.3900703436911103
32.2,0.76,1.098225698855722,-0.00027729270410332675,0.056566734782405814,0.3912807919544119
32.4,0.76,1.0980253425553652,-0.0002730317815670146,0.05503409703519349,0.3924839669871663
32.6,0.76,1.0978280704151673,-0.00026883929557322425,0.0535068533481419,0.3936799819162965
32.800000000000004,0.76,1.0976338331459405,-0.00026471399419924314,0.05198490234712967,0.3948689477219109
33.0,0.76,1.0974425822523204,-0.0002606546541503456,0.05046814403134898,0.3960509732768301
33.2,0.76,1.0972542700133299,-0.00025666007773265346,0.04895647970113756,0.39722616538487227
33.4,0.76,1.0970688494849568,-0.0002527290955015109,0.04744981200141591,0.3983946288200111
33.6,0.76,1.0968862744709111,-0.00024886056077989816,0.045948044797890025,0.39955646636301856
33.800000000000004,0.76,1.0967064995393543,-0.0002450533560157698,0.04445108329509955,0.40071177884015086
34.0,0.76,1.096529479973114,-0.00024130638207234086,0.04295883380461845,0.40186066515694446
34.2,0.76,1.0963551718160398,-0.0002376185722722925,0.04147120401918229,0.4030032223368164
34.4,0.76,1.096183531780265,-0.0002339888706715996,0.0399881025550255,0.4041395455501336
34.6,0.76,1.0960145173545812,-0.00023041626212987358,0.03850943955257714,0.4052697281541627
34.800000000000004,0.76,1.0958480866219085,-0.00022689972747706752,0.03703512574630935,0.4063938617141177
35.0,0.76,1.0956841984974741,-0.0002234383070784989,0.03556507374879586,0.4075120360480786
35.2,0.76,1.0955228123584908,-0.00022003100759761788,0.03409919613193372,0.40862433923373576
35.4,0.76,1.0953638885540038,-0.00021667693563534355,0.032637408141181296,0.4097308576663869
35.6,0.76,1.0952073876415933,-0.00021337510314463015,0.031179623707589317,0.41083167603880166
35.800000000000004,0.76,1.0950532714659211,-0.00021012470772517432,0.029725761155934404,0.411926877429717
36.0,0.76,1.0949015015727241,-0.0002069247258491743,0.02827573488470765,0.4130165432310003
36.2,0.76,1.0947520414781802,-0.00020377450006911304,0.026829467343151878,0.4141007533033583
36.4,0.76,1.0946048533599164,-0.00020067288806167568,0.025386871639232235,0.4151795857972442
36.6,0.76,1.094459902820937,-0.00019761949136174893,0.023947876646701432,0.4162531174523279
36.800000000000004,0.76,1.0943171519706663,-0.00019461287593403073,0.02251239061003586,0.4173214232008006
37.0,0.76,1.0941765694188998,-0.00019165313360757402,0.021080353758369086,0.41838457676714186
37.2,0.76,1.0940381157870818,-0.00018873817841965943,0.019651662100034252,0.41944264982507573
37.4,0.76,1.0939017646953213,-0.00018586899629214777,0.018226277668422736,0.4204957131931376
37.6,0.76,1.0937674723499862,-0.00018304213422041973,0.0168040689393881,0.4215438351130647
37.800000000000004,0.76,1.0936352218772791,-0.00018025959690312195,0.015385041775854882,0.4225870833699986
38.0,0.76,1.093504958902741,-0.00017751571446591912,0.01396900556676502,0.423625522306109
38.2,0.76,1.0933766876975126,-0.00017480732894048354,0.012556056216697867,0.4246592138731411
38.400000000000006,0.76,1.0932503288776874,-0.00017213317174471148,0.01114588142260645,0.42568821816146996
38.6,0.76,1.0931259514502614,-0.0001694135235352433,0.009738761908906579,0.42671256404318486
38.800000000000004,0.76,1.0930034009447676,-0.0001667629640160062,0.00833416268234998,0.42773232180580123
39.0,0.76,1.0928830733150234,-0.00016333987220618383,0.006932711601945946,0.42874724428664296
39.2,0.76,1.0927644588344874,-0.00016066773804752321,0.005533712532836233,0.4297576524343191
39.400000000000006,0.76,1.0926503108456687,-0.00015081026993030573,0.004137894209133405,0.43076089545295526
39.6,0.76,1.0925394962661967,-0.00014976560125416465,0.0027472324224923805,0.4317602662743423
39.800000000000004,0.76,1.0924499315442964,-8.510350594397424e-05,0.0013510051351159817,0.43272781530491367
40.0,0.76,1.0924499315442964,0.0,0.0,0.43272781530491367
0.0,0.78,1.0,0.0,0.6499264109400924,0.0
0.2,0.78,1.0347781101498685,-0.035956101736475364,0.6499264109400924,0.0001270773192833999
0.4,0.78,1.0678977776418603,-0.027228708676593532,0.5797284774719057,0.00047718499821699655
0.6000000000000001,0.78,1.083241535654006,-0.02441249104502276,0.5812822439546845,0.0011947444260538562
0.8,0.78,1.10008120935348,-0.018880996025034544,0.5477380845777368,0.0022589890031216473
1.0,0.78,1.1092469870016584,-0.01615021701242532,0.5441958914334319,0.003730813712198636
1.2000000000000002,0.78,1.1191253817178903,-0.013781094817132732,0.5262909227988731,0.0055977765501907285
1.4000000000000001,0.78,1.1257844841186433,-0.012368599616988513,0.5198385238567025,0.007885005288688046
1.6,0.78,1.132303799408302,-0.011162950006211838,0.5079923969629152,0.010571999298820071
1.8,0.78,1.1371728719406489,-0.010309377210626372,0.5007111936986363,0.013653198462079963
2.0,0.78,1.141577404895371,-0.009546518813269185,0.4915456163748509,0.017095809426362338
2.2,0.78,1.1449766761381115,-0.008937644312260932,0.4843208805418777,0.020875412840436612
2.4000000000000004,0.78,1.1478614396019173,-0.00838098430247002,0.4765310989767271,0.024953822732675227
2.6,0.78,1.1500603745366198,-0.007904524843954397,0.46964655546321127,0.029299014403029733
2.8000000000000003,0.78,1.1517975660078599,-0.00746550968236649,0.46267719201725455,0.03387360054110249
3.0,0.78,1.1530376176901573,-0.00707489682587313,0.4561866288597159,0.038645214078165714
3.2,0.78,1.1538962881063888,-0.006713584024709276,0.4497754636887826,0.043580645002290204
3.4000000000000004,0.78,1.1543848038960263,-0.006384998090993781,0.44365696611281824,0.04865088309620648
3.6,0.78,1.1545711873583642,-0.006080018007486304,0.4376651725469776,0.05382815731744893
3.8000000000000003,0.78,1.1544796598914504,-0.005799051983524521,0.43187787998313554,0.05908820338796745
4.0,0.78,1.1541547429370533,-0.005537369775855039,0.4262229087018519,0.06440873543285175
4.2,0.78,1.1536214924076533,-0.0052943168482211325,0.4207259800495572,0.06977035667083271
4.4,0.78,1.1529112823311103,-0.0050671861046043334,0.41535341211675963,0.07515572500682116
4.6000000000000005,0.78,1.1520460818322968,-0.004855046836887465,0.4101112865639032,0.0805498381551969
4.800000000000001,0.78,1.151048987338657,-0.004656182715463004,0.4049822274573765,0.08593953937585838
5.0,0.78,1.149938051326579,-0.0044696769686350555,0.39996525773009817,0.09131353492919064
5.2,0.78,1.148730680318663,-0.004294338552010809,0.3950502441387761,0.09666207475182592
5.4,0.78,1.1474412648790506,-0.004129355476750977,0.39023397448925834,0.10197686957602674
5.6000000000000005,0.78,1.1460830789378966,-0.003973842335286707,0.3855097668497588,0.10725086939608452
5.800000000000001,0.78,1.1446674166367186,-0.0038271076265552957,0.38087396992315137,0.1124781545711965
6.0,0.78,1.1432044557788712,-0.0036884612599269438,0.37632171000685366,0.1176537747613382
6.2,0.78,1.1417029836384618,-0.0035573224600137015,0.3718495200685691,0.12277364450610698
6.4,0.78,1.1401708193745608,-0.0034331364928427257,0.3674535842808753,0.12783442310611917
6.6000000000000005,0.78,1.1386147621836122,-0.0033154170386227146,0.3631307979526296,0.13283342523527186
6.800000000000001,0.78,1.1370408180451888,-0.00320370912947343,0.35887803425105563,0.13776853033923026
7.0,0.78,1.1354542250987172,-0.003097604816123861,0.35469256731993365,0.14263811021014414
7.2,0.78,1.1338595881099427,-0.002996725890268476,0.3505717602318651,0.14744096040530677
7.4,0.78,1.1322609249512108,-0.0029007288497974017,0.34651322995516753,0.15217624331534202
7.6000000000000005,0.78,1.1306617538131103,-0.002809296260206572,0.34251471047944954,0.15684343625688715
7.800000000000001,0.78,1.129065140228342,-0.0027221375774518124,0.33857411369293205,0.16144228751221582
8.0,0.78,1.1274737576456493,-0.0026389844057035095,0.33468946633938673,0.16597277710341676
8.200000000000001,0.78,1.1258899284247759,-0.002559589836305662,0.3308589294893712,0.17043508321921733
8.4,0.78,1.1243156679103994,-0.002483725554567473,0.3270807672788793,0.17482955262858618
8.6,0.78,1.122752718131756,-0.0024111807491160333,0.32335335040542246,0.1791566752158316
8.8,0.78,1.1212025808280603,-0.0023417601632627853,0.3196751390201419,0.1834170616998772
9.0,0.78,1.119666544435474,-0.002275282974464438,0.31604468048205636,0.18761142439693398
9.200000000000001,0.78,1.1181457092900344,-0.0022115813758573763,0.31246059889799876,0.19174056045317017
9.4,0.78,1.1166410089903456,-0.0021504995625011097,0.308921591177181,0.1958053373357697
9.600000000000001,0.78,1.1151532298580957,-0.0020918926425929204,0.3054264199442866,0.1998066802059594
9.8,0.78,1.113683027776167,-0.0020356257645746984,0.3019739094271279,0.20374556096940324
10.0,0.78,1.1122309433381499,-0.0019815732534973073,0.2985629402577663,0.2076229887448609
10.200000000000001,0.78,1.1107974151140525,-0.0019296178754203252,0.29519244572090103,0.21144000157931533
10.4,0.78,1.1093827915171697,-0.001879650139152325,0.2918614077285562,0.21519765922708586
10.600000000000001,0.78,1.1079873412713404,-0.0018315676823684502,0.2885688535641063,0.21889703685873454
10.8,0.78,1.1066112627533287,-0.0017852747009675894,0.28531385265736764,0.22253921957071257
11.0,0.78,1.1052546922718782,-0.0017406814390089943,0.28209551381389053,0.2261252975956473
11.200000000000001,0.78,1.1039177114530527,-0.0016977037195112768,0.2789129825751655,0.22965636212248222
11.4,0.78,1.1026003538050488,-0.001656262521343752,0.2757654388759304,0.23313350165397656
11.600000000000001,0.78,1.1013026105752726,-0.0016162835919302713,0.272652094852072,0.23655779883792835
11.8,0.78,1.1000244359667677,-0.0015776970962224598,0.26957219285972733,0.2399303277202193
12.0,0.78,1.0987657517934386,-0.0015404372959731114,0.26652500363544496,0.24325215137466302
12.200000000000001,0.78,1.0975264516304097,-0.0015044422580353487,0.26350982461546635,0.2465243198720353
12.4,0.78,1.0963064045178228,-0.0014696535878180356,0.26052597837780156,0.2497478685554246
12.600000000000001,0.78,1.0951054582637656,-0.0014360161861378838,0.2575728112087344,0.2529238165935426
12.8,0.78,1.0939234423903976,-0.00140347802672365,0.254649691773043,0.2560531657866583
13.0,0.78,1.0927601707598422,-0.0013719899526290992,0.25175600988384167,0.2591368996024575
13.200000000000001,0.78,1.0916154439138726,-0.001341505489487161,0.24889117535901867,0.26217598242094736
13.4,0.78,1.0904890511565812,-0.0013119806740568183,0.24605461695873795,0.2651713589690564
13.600000000000001,0.78,1.089380772406709,-0.0012833738964554808,0.24324578139509684,0.2681239539266726
13.8,0.78,1.0882903798429986,-0.0012556457547666516,0.2404641324085815,0.271034671686802
14.0,0.78,1.087217639363736,-0.0012287589207624137,0.23770914990485978,0.2739043962532725
14.200000000000001,0.78,1.0861623118792683,-0.0012026780156580916,0.23498032914723982,0.27673399126009224
14.4,0.78,1.0851241544544652,-0.0011773694949000037,0.23227717999992237,0.27952430009720547
14.600000000000001,0.78,1.0841029213163205,-0.0011528015411193563,0.22959922621816237,0.2822761461280321
14.8,0.78,1.0830983647404284,-0.0011289439644587434,0.22694600478156704,0.2849903329848388
15.0,0.78,1.0821102358287042,-0.001105768109577693,0.22431706526736478,0.28766764492870195
15.200000000000001,0.78,1.0811382851895663,-0.001083246768716534,0.2217119692606811,0.290308847261585
15.4,0.78,1.0801822635307163,-0.0010613541002730213,0.21913028979924737,0.29291468677887395
15.600000000000001,0.78,1.0792419221737277,-0.001040065552404543,0.21657161085018264,0.2954858922515931
15.8,0.78,1.0783170134988207,-0.00101935779123123,0.21403552681675694,0.29802317492845304
16.0,0.78,1.0774072913274173,-0.0009992086332630396,0.21152164207323493,0.3005272290488539
16.2,0.78,1.0765125112493792,-0.0009795969817247513,0.2090295705260837,0.30299873235896724
16.400000000000002,0.78,1.0756324309012417,-0.0009605027664874975,0.20655893519996293,0.30543834662404473
16.6,0.78,1.0747668102011225,-0.000941906887353817,0.2041093678470897,0.30784671813110975
16.8,0.78,1.0739154115454994,-0.0009237911604778493,0.20168050857865497,0.310224478177211
17.0,0.78,1.0730779999725237,-0.0009061382677226194,0.19927200551706228,0.31257224353937735
17.2,0.78,1.0722543432961167,-0.0008889317087843086,0.19688351446788685,0.3148906169233622
17.400000000000002,0.78,1.0714442122146466,-0.0008721557559311508,0.1945146986104748,0.3171801873891306
17.6,0.78,1.0706473803975902,-0.0008557954112203027,0.19216522820619023,0.31944153075186216
17.8,0.78,1.069863624553239,-0.0008398363660699425,0.1898347803233913,0.32167520995796495
18.0,0.78,1.0690927244801471,-0.0008242649630749978,0.18752303857820354,0.32388177543625635
18.2,0.78,1.0683344631047351,-0.0008090681599616769,0.18522969289026847,0.32606176542501286
18.400000000000002,0.78,1.067588626507131,-0.0007942334955845728,0.1829544392526365,0.32821570627607577
18.6,0.78,1.066855003937119,-0.0007797490578747596,0.18069697951501715,0.3303441127375694
18.8,0.78,1.0661333878217691,-0.0007656034536515465,0.17845702117964102,0.3324474882170823
19.0,0.78,1.065423573766163,-0.0007517857802117503,0.17623427720898752,0.33452632502737245
19.200000000000003,0.78,1.064725360548368,-0.0007382855986159202,0.17402846584470638,0.3365811046167851
19.400000000000002,0.78,1.06403855010968,-0.0007250929085923746,0.17183931043703043,0.33861229778662233
19.6,0.78,1.0633629475409774,-0.0007121981249780881,0.16966653928405448,0.3406203648977038
19.8,0.78,1.062698361065881,-0.000699592055620403,0.16750988548024115,0.34260575606828136
20.0,0.78,1.0620446020213088,-0.0006872658806669011,0.16536908677356416,0.34456891136536505
20.200000000000003,0.78,1.0614014848358697,-0.0006752111331641444,0.16324388543072182,0.3465102609913552
20.400000000000002,0.78,1.060768827006499,-0.0006634196808964816,0.16113402810986469,0.34843022546769387
20.6,0.78,1.0601464490735888,-0.0006518837093934016,0.1590392657403191,0.35032921581703674
20.8,0.78,1.0595341745948632,-0.0006405957060348626,0.1569593534088167,0.35220763374521785
21.0,0.78,1.0589318301181236,-0.0006295484451863179,0.15489405025175287,0.354065871824054
21.200000000000003,0.78,1.0583392451530225,-0.0006187349742992432,0.15284311935304637,0.3559043136757891
21.400000000000002,0.78,1.0577562521418933,-0.0006081486009133835,0.1508063276471588,0.35772333415975754
21.6,0.78,1.0571826864297018,-0.0005977828804983284,0.14878344582689665,0.359523299561619
21.8,0.78,1.0566183862331398,-0.0005876316050744809,0.14677424825562116,0.361304567785306
22.0,0.78,1.0560631926088697,-0.0005776887925579303,0.14477851288352925,0.36306748854764553
22.200000000000003,0.78,1.0555169494208978,-0.0005679486767748625,0.14279602116767748,0.36481240357543326
22.400000000000002,0.78,1.0549795033070877,-0.0005584056980926872,0.14082655799545707,0.36653964680460166
22.6,0.78,1.0544507036447914,-0.0005490544946186375,0.13886991161124956,0.3682495445809906
22.8,0.78,1.0539304025156007,-0.0005398898939212918,0.13692587354600785,0.36994241586213106
23.0,0.78,1.0534184546692105,-0.0005309069052295439,0.1349942385495333,0.3716185724193812
23.200000000000003,0.78,1.0529147174864144,-0.0005221007120692399,0.13307480452524215,0.37327831903968617
23.400000000000002,0.78,1.052419050941234,-0.0005134666652997157,0.13116737246723126,0.37492195372621717
23.6,0.78,1.0519313175622282,-0.0005050002765147749,0.12927174639946942,0.37654976789712313
23.8,0.78,1.051451382393014,-0.0004966972117750172,0.1273877333169697,0.37816204658164027
24.0,0.78,1.0509791129520523,-0.00048855328564409,0.1255151431287895,0.37975906861283054
24.200000000000003,0.78,1.05051437919175,-0.00048056445550065586,0.1236537886027462,0.38134110681625955
24.400000000000002,0.78,1.0500570534569726,-0.0004727268161005924,0.1218034853117444,0.3829084281939702
24.6,0.78,1.0496070104430297,-0.00046503659436940666,0.11996405158160996,0.3844612941031841
24.8,0.78,1.0491641271532335,-0.0004574901444059527,0.1181353084403488,0.38599996042922363
25.0,0.78,1.0487282828561117,-0.00045008394267774445,0.11631707956875731,0.3875246777522242
25.200000000000003,0.78,1.0482993590423901,-0.00044281458339383983,0.11450919125231944,0.38903569150729655
25.400000000000002,0.78,1.047877239381847,-0.0004356787740434385,0.11271147233433854,0.39053324213787055
25.6,0.78,1.0474618096801336,-0.00042867333108732457,0.11092375417024274,0.3920175652420449
25.8,0.78,1.0470529578356862,-0.0004217951757926472,0.10914587058302695,0.39348889171184137
26.0,0.78,1.0466505737968135,-0.00041504133020275896,0.10737765781980008,0.3949474478653458
26.200000000000003,0.78,1.0462545495190858,-0.00040840891323702053,0.10561895450938331,0.396393455571792
26.400000000000002,0.78,1.0458647789231124,-0.0004018951369128623,0.10386960162094488,0.3978271323697116
26.6,0.78,1.0454811578528018,-0.00039549730268647855,0.10212944242363868,0.3992486915783414
26.8,0.78,1.0451035840342089,-0.00038921279790975736,0.10039832244720606,0.4006583424025289
27.0,0.78,1.0447319570350333,-0.0003830390923991304,0.09867608944353404,0.4020562900314314
27.200000000000003,0.78,1.0443661782248619,-0.00037697373511499525,0.09696259334912692,0.4034427357313471
27.400000000000002,0.78,1.0440061507362108,-0.00037101435095145114,0.09525768624847684,0.4048178769330404
27.6,0.78,1.0436517794264364,-0.00036515863763450886,0.09356122233829493,0.4061819073139598
27.8,0.78,1.043302970840564,-0.00035940436272732237,0.0918730578925959,0.4075350168757609
28.0,0.78,1.0429596331750588,-0.00035374936074392143,0.09019305122857736,0.4088773920175525
28.200000000000003,0.78,1.042621676242605,-0.0003481915303700705,0.08852106267329325,0.4102092156052956
28.400000000000002,0.78,1.0422890114378807,-0.0003427288317915774,0.0868569545310764,0.41153066703777574
28.6,0.78,1.0419615517043748,-0.00033735928413101133,0.08520059105168615,0.4128419223095597
28.8,0.78,1.0416392115022182,-0.00033208096298815596,0.08355183839912173,0.4141431540713363
29.0,0.78,1.041321906777066,-0.0003268919980909192,0.08191056462112652,0.4154345316880191
29.200000000000003,0.78,1.041009554929975,-0.0003217905710488051,0.08027663961925294,0.4167162212949613
29.400000000000002,0.78,1.0407020747883102,-0.00031677491321392194,0.07864993511957966,0.41798838585261316
29.6,0.78,1.0403993865776064,-0.0003118433036425588,0.07703032464387256,0.4192511851999157
29.8,0.78,1.040101411894405,-0.00030699406716450957,0.07541768348138717,0.4205047761066952
30.0,0.78,1.0398080736799713,-0.00030222557254245067,0.07381188866092646,0.421749312325286
30.200000000000003,0.78,1.0395192961949455,-0.0002975362307453136,0.07221281892364072,0.42298494464158254
30.400000000000002,0.78,1.039235004994739,-0.0002929244932942546,0.07062035469575714,0.42421182092567294
30.6,0.78,1.038955126905857,-0.0002883888507342933,0.0690343780623112,0.4254300861821919
30.8,0.78,1.0386795900027734,-0.00028392783114632,0.06745477274024914,0.42663988260046676
31.0,0.78,1.0384083235857724,-0.0002795399988164222,0.06588142405317787,0.42784134960454884
31.200000000000003,0.78,1.038141258159051,-0.00027522395288465156,0.06431421890435525,0.4290346239031124
31.400000000000002,0.78,1.0378783254099933,-0.0002709783262184372,0.06275304575279526,0.43021983953929166
31.6,0.78,1.0376194581881584,-0.0002668017841483013,0.06119779458534127,0.4313971279403328
31.8,0.78,1.0373645904859994,-0.0002626930235807937,0.05964835689496862,0.4325666179671557
32.0,0.78,1.0371136574182818,-0.0002586507717286099,0.05810462565040836,0.43372843596355193
32.2,0.78,1.0368665952044802,-0.0002546737855507779,0.0565664952785905,0.4348827058052274
32.4,0.78,1.036623341147856,-0.0002507608503079602,0.05503386162874782,0.4360295489481637
32.6,0.78,1.0363838336202436,-0.0002469107795311054,0.053506621963204465,0.43716908447679736
32.800000000000004,0.78,1.0361480120394204,-0.0002431224130651338,0.0519846749096614,0.43830142915101256
33.0,0.78,1.035915816857921,-0.00023939461801087105,0.05046792046924909,0.43942669745309243
33.2,0.78,1.035687189536005,-0.00023572628556993804,0.04895625994393727,0.44054500163265575
33.4,0.78,1.0354620725381476,-0.00023211633391115,0.04744959598058872,0.4416564517521048
33.6,0.78,1.0352404092960938,-0.00022856370240172656,0.04594783244627446,0.44276115572861313
33.800000000000004,0.78,1.0350221442207854,-0.00022506735840555083,0.04445087454760967,0.4438592193780762
34.0,0.78,1.0348072226441254,-0.00022162628595877974,0.04295862859709478,0.4449507464528711
34.2,0.78,1.034595590862665,-0.0002182395007249656,0.04147100228993792,0.4460358386849213
34.4,0.78,1.0343871960343562,-0.00021490602697268627,0.03998790424249587,0.4471145958171786
34.6,0.78,1.0341819862882526,-0.00021162492954124827,0.038509244598610395,0.4481871156476694
34.800000000000004,0.78,1.033979910526665,-0.00020839526628698264,0.03703493409129981,0.4492534940509875
35.0,0.78,1.0337809186725737,-0.0002052161556058062,0.03556488533862226,0.450313825027772
35.2,0.78,1.0335849612734815,-0.0002020866774952512,0.034099010907820776,0.45136820070897765
35.4,0.78,1.0333919900366135,-0.0001990060154648664,0.03263722605427192,0.45241671142053075
35.6,0.78,1.0332019570173494,-0.00019597325001660955,0.031179444697766213,0.45345944565571616
35.800000000000004,0.78,1.033014815756485,-0.00019298765623067092,0.029725585182372487,0.4544964901757197
36.0,0.78,1.0328305195984975,-0.0001900482720179473,0.028275561881572906,0.4555279299198482
36.2,0.78,1.0326490240891757,-0.00018715452148836004,0.02682929728360791,0.45655384818540135
36.4,0.78,1.0324702834710302,-0.00018430531175538052,0.025386704442720526,0.4575743264127476
36.6,0.78,1.032294255720943,-0.0001815003372963585,0.0239477123128944,0.45858944453492173
36.800000000000004,0.78,1.0321208952261807,-0.00017873819138375003,0.022512229024883194,0.45959928050653
37.0,0.78,1.0319501633564905,-0.0001760190855403824,0.021080194973398584,0.4606039110079522
37.2,0.78,1.0317820131337883,-0.0001733409190972202,0.019651505928622203,0.46160341044909037
37.4,0.78,1.031616411431983,-0.00017070485700053782,0.01822612425826326,0.46259785237891093
37.6,0.78,1.031453306834949,-0.0001681073594053401,0.016803917954447783,0.463587307457313
37.800000000000004,0.78,1.0312926764698183,-0.0001655507363710761,0.015384893474548533,0.4645718459778639
38.0,0.78,1.0311344582540387,-0.00016302919517948548,0.013968859380053307,0.4655515343631794
38.2,0.78,1.03097865174332,-0.0001605400975644694,0.012555911842600149,0.46652643662517174
38.400000000000006,0.78,1.0308251715756165,-0.00015808295855530548,0.011145738856216095,0.4674966150198254
38.6,0.78,1.030674083452689,-0.00015557822689334116,0.009738612497692818,0.46846209737369965
38.800000000000004,0.78,1.0305252491315549,-0.00015315177926052042,0.008334019776031324,0.4694229619808839
39.0,0.78,1.0303790450425048,-0.00014995406674969745,0.006932483354966884,0.47037893278273174
39.2,0.78,1.0302351869833375,-0.00014761561172861796,0.0055335720052819126,0.47133040640304597
39.400000000000006,0.78,1.030096100921886,-0.00013820110998750967,0.004136979646072944,0.4722744926448519
39.6,0.78,1.0299628257687043,-0.00013845262627965423,0.0027473354918874453,0.47321518712281474
39.800000000000004,0.78,1.02984916089026,-7.958573868436474e-05,0.0013444956822761432,0.47412390768947743
40.0,0.78,1.02984916089026,0.0,0.0,0.47412390768947743
0.0,0.8,1.0,0.0,0.6537027272777828,0.0
0.2,0.8,1.0370535656864335,-0.03954509107026333,0.6537027272777828,0.0003244604341006981
0.4,0.8,1.0717997595772906,-0.029534593728116815,0.578658337098263,0.0011423888591398413
0.6000000000000001,0.8,1.0863182193660403,-0.026098242762875538,0.5809099016261409,0.002694412310342355
0.8,0.8,1.1021967682945406,-0.02007637883911315,0.5470854871254438,0.004856502945790083
1.0,0.8,1.1099745334629667,-0.017090273426076656,0.5438723154604863,0.0076920654871659175
1.2000000000000002,0.8,1.118336520753719,-0.014522143388767162,0.5260136226094988,0.011122689252153439
1.4000000000000001,0.8,1.123280186575176,-0.012974815492561756,0.5196747942238258,0.015151944932332392
1.6,0.8,1.1279647174030223,-0.01164815255469299,0.5078544836548302,0.019705326905092302
1.8,0.8,1.130878798548567,-0.010699023536112788,0.5006160801270279,0.02474571438210461
2.0,0.8,1.1332619891745943,-0.009848855738975721,0.49146226994209635,0.030196484647175326
2.2,0.8,1.1345903271600868,-0.009167027910144251,0.4842566707940582,0.03600447051247239
2.4000000000000004,0.8,1.1353927073592003,-0.008544791606087862,0.4764737328970454,0.04210045350553201
2.6,0.8,1.1355146305808124,-0.008012493687121142,0.469599212647741,0.04843174635840673
2.8000000000000003,0.8,1.1352044471731304,-0.007524163710560591,0.4626346111328026,0.05494176488869244
3.0,0.8,1.1344387188405063,-0.007091369335177607,0.456149991880448,0.061585737649444916
3.2,0.8,1.133346959386221,-0.0066933292389540384,0.4497423746691766,0.06832028831424307
3.4000000000000004,0.8,1.1319471873076163,-0.006333384401990502,0.44362774571812696,0.07511047432336994
3.6,0.8,1.1303140528609736,-0.006001421836829033,0.43763865736322904,0.08192449262893467
3.8000000000000003,0.8,1.1284745378613035,-0.005697541006744942,0.431854062363956,0.08873656364913327
4.0,0.8,1.1264753067204027,-0.00541636416660823,0.4262011801138395,0.095524194001788
4.2,0.8,1.1243414582199158,-0.005156896922914183,0.42070623008171654,0.10226919301003201
4.4,0.8,1.1221038644799881,-0.004915980489210228,0.41533529484252196,0.10895620237775618
4.6000000000000005,0.8,1.119782895743874,-0.004692381519022161,0.4100946754089129,0.11557293164585693
4.800000000000001,0.8,1.1173997027516327,-0.004484056341195393,0.4049669085889799,0.1221093252318533
5.0,0.8,1.1149698623416129,-0.004289840114357822,0.3999511173038565,0.1285575053356994
5.2,0.8,1.112508140944717,-0.00410829979096309,0.3950371397352496,0.1349112718386298
5.4,0.8,1.110026076866431,-0.003938427892740487,0.3902218116836435,0.14116595988919023
5.6000000000000005,0.8,1.107534058821033,-0.0037791582936955318,0.3854984449410002,0.14731812347669654
5.800000000000001,0.8,1.1050404582619422,-0.0036296485051584364,0.3808634129231389,0.1533653886288964
6.0,0.8,1.102552580162162,-0.0034890727778798813,0.37631184345938684,0.15930624495222281
6.2,0.8,1.1000763938090288,-0.0033567349221008715,0.3718402833620252,0.16513992125606594
6.4,0.8,1.0976169963564055,-0.003231978060532118,0.36744492055170375,0.17086624445671747
6.6000000000000005,0.8,1.0951785648251409,-0.0031142281004358143,0.3631226588047838,0.1764855426657474
6.800000000000001,0.8,1.0927646004077898,-0.0030029530048496164,0.3588703752194056,0.1819985481706049
7.0,0.8,1.0903779543467853,-0.002897678221688341,0.35468534954424485,0.18740632520920666
7.2,0.8,1.0880209678588435,-0.0027979672972392347,0.35056494831970303,0.19271020275880602
7.4,0.8,1.0856955162341881,-0.002703426226984631,0.3465067924651835,0.19791172215087274
7.6000000000000005,0.8,1.0834030953757592,-0.002613693499132967,0.3425086188454949,0.20301259043714978
7.800000000000001,0.8,1.0811448645862174,-0.0025284402771816967,0.3385683422652201,0.20801464310701517
8.0,0.8,1.078921703507981,-0.002447364777888985,0.3346839917958179,0.21291981182143946
8.200000000000001,0.8,1.0767342479383628,-0.0023701910557065065,0.33085373073098184,0.21773009828147954
8.4,0.8,1.0745829290096165,-0.002296665494180088,0.3270758250772511,0.2224475520450041
8.6,0.8,1.0724680014156995,-0.0022265552681333374,0.3233486472655324,0.22707425247055724
8.8,0.8,1.0703895711953504,-0.002159645951240585,0.3196706589506238,0.2316122936111357
9.0,0.8,1.0683476173621886,-0.0020957400464320587,0.3160404088653639,0.23606377192151323
9.200000000000001,0.8,1.0663420119933318,-0.0020346552411739205,0.3124565223301598,0.24043077610060481
9.4,0.8,1.0643725365813015,-0.0019762231254291398,0.3089176973567506,0.24471537885959369
9.600000000000001,0.8,1.0624388967415792,-0.0019202878600772966,0.30542269755490026,0.24891963020096777
9.8,0.8,1.0605407344958269,-0.0018667050992371434,0.30197034804627526,0.25304555201341944
10.0,0.8,1.0586776391268475,-0.0018153409444242254,0.29855953026774634,0.257095133718532
10.200000000000001,0.8,1.0568491563797382,-0.0017660710529457133,0.2951891782350785,0.26107032881397846
10.4,0.8,1.055054796514434,-0.0017187798019883827,0.2918582745222961,0.2649730521421021
10.600000000000001,0.8,1.053294041189128,-0.0016733595557494477,0.28856584701545923,0.2688051777702723
10.8,0.8,1.0515663494505814,-0.001629709990148698,0.28531096569264897,0.27256853737224906
11.0,0.8,1.049871162877041,-0.001587737491698545,0.2820927398599484,0.27626491903209915
11.200000000000001,0.8,1.0482079100365684,-0.0015473546082339783,0.2789103155159972,0.27989606639980097
11.4,0.8,1.046576010319984,-0.0015084795557550998,0.2757628730141394,0.28346367814646484
11.600000000000001,0.8,1.0449748772513923,-0.0014710357694503484,0.27264962487395433,0.2869694076742316
11.8,0.8,1.0434039213308175,-0.0014349514984654036,0.26956981380399314,0.29041486304682707
12.0,0.8,1.0418625524779177,-0.0014001594373388832,0.2665227108648867,0.29380160711189407
12.200000000000001,0.8,1.0403501821218915,-0.0013665963920997458,0.26350761379142074,0.29713115779233734
12.4,0.8,1.0388662249858993,-0.001334202976383736,0.26052384543698076,0.30040498852705594
12.600000000000001,0.8,1.0374101006017395,-0.001302923335240301,0.25757075234223653,0.3036245288446268
12.8,0.8,1.0359812345898138,-0.0012727048933325717,0.25464770340725984,0.30679116505515075
13.0,0.8,1.0345790597322664,-0.0012434981253508666,0.2517540886630889,0.3099062410469722
13.200000000000001,0.8,1.0332030168653266,-0.0012152563461689816,0.24888931812968623,0.31297105917572987
13.4,0.8,1.031852555612554,-0.0011879355188630367,0.24605282075481266,0.31598688123382274
13.600000000000001,0.8,1.0305271349787175,-0.0011614940786859851,0.24324404342490802,0.3189549294886897
13.8,0.8,1.029226223821235,-0.0011358927714353313,0.24046245004265232,0.32187638777859084
14.0,0.8,1.0279493012143792,-0.0011110945047268605,0.2377075206647453,0.32475240265478067
14.200000000000001,0.8,1.0266958567195168,-0.0010870642108998883,0.23497875069526214,0.32758408455922067
14.4,0.8,1.0254653905732791,-0.0010637687203825623,0.2322756501297107,0.3303725090272611
14.600000000000001,0.8,1.024257413804142,-0.0010411766445005588,0.22959774284592538,0.33311871790510994
14.8,0.8,1.023071448286806,-0.0010192582668049623,0.22694456593802795,0.33582372057236026
15.0,0.8,1.0219070267427444,-0.0009979854421100485,0.22431566909030046,0.33848849516041246
15.200000000000001,0.8,1.0207636926944093,-0.0009773315025162624,0.22171061398800895,0.3411139897582826
15.4,0.8,1.0196410003797882,-0.0009572711697823263,0.21912897376261745,0.3437011235980307
15.600000000000001,0.8,1.0185385146333352,-0.0009377804734790104,0.2165703324690279,0.3462507882128536
15.8,0.8,1.017455810738677,-0.0009188366744248895,0.21403428459276858,0.34876384856176834
16.0,0.8,1.0163924742579045,-0.0009004181929627924,0.2115204345852228,0.3512411441157246
16.2,0.8,1.0153481008418268,-0.0008825045416900537,0.20902839642519885,0.35368348990093207
16.400000000000002,0.8,1.0143222960249993,-0.0008650762622971262,0.20655779320525028,0.35609167749612486
16.6,0.8,1.0133146750090343,-0.0008481148662110123,0.20410825674134658,0.35846647598142317
16.8,0.8,1.0123248624372017,-0.000831602778778334,0.2016794272045749,0.36080863283734965
17.0,0.8,1.011352492163065,-0.0008155232867486146,0.19927095277364112,0.36311887479339344
17.2,0.8,1.0103972070154765,-0.0007998604888469264,0.19688248930707591,0.36539790862631605
17.400000000000002,0.8,1.009458658562029,-0.0007845992492473715,0.19451370003405952,0.36764642190908514
17.6,0.8,1.0085365068727012,-0.0007697251537760126,0.19216425526288286,0.3698650837119573
17.8,0.8,1.0076304202852362,-0.0007552244686904864,0.1898338321061178,0.3720545452577541
18.0,0.8,1.0067400751734983,-0.0007410841018950996,0.1875221142215768,0.37421544053381633
18.2,0.8,1.0058651557198717,-0.0007272915664593493,0.18522879156822986,0.37634838686347166
18.400000000000002,0.8,1.0050053536925225,-0.0007138349463210852,0.18295356017625722,0.37845398544008846
18.6,0.8,1.004160368228229,-0.0007007028640591146,0.18069612193044626,0.3805328218269573
18.8,0.8,1.003329905621225,-0.0006878844506288123,0.17845618436619104,0.38258546642632074
19.0,0.8,1.0025136791184552,-0.000675369316957682,0.17623346047734678,0.3846124749208644
19.200000000000003,0.8,1.0017114087214667,-0.000663147527301993,0.17402766853526871,0.3866143886909248
19.400000000000002,0.8,1.0009228209950307,-0.0006512095742736585,0.17183853191833623,0.38859173521053525
19.6,0.8,1.000147648882528,-0.0006395463554430293,0.16966577895133025,0.3905450284252599
19.8,0.8,0.9993856315280609,-0.000628149151430895,0.1675091427540355,0.39247476911454554
20.0,0.8,0.998636514105121,-0.0006170096054070666,0.16536836109846867,0.3943814452410723
20.200000000000003,0.8,0.9979000476516697,-0.0006061197039105634,0.16324317627417323,0.3962655322893194
20.400000000000002,0.8,0.9971759889113766,-0.0005954717589131669,0.1611333349610203,0.39812749359527067
20.6,0.8,0.9964641001807726,-0.0005850583910517345,0.1590385881090017,0.39996778066890126
20.8,0.8,0.9957641491620153,-0.0005748725139524967,0.15695869082452144,0.4017868335107921
21.0,0.8,0.9950759088209813,-0.0005649073195775903,0.1548934022627139,0.4035850809239463
21.200000000000003,0.8,0.9943991572503561,-0.0005551562645255464,0.15284248552535604,0.40536294082160734
21.400000000000002,0.8,0.9937336775374249,-0.0005456130572204041,0.15080570756393752,0.40712082053163257
21.6,0.8,0.9930792576362368,-0.0005362716459267332,0.14878283908750828,0.4088591170977481
21.8,0.8,0.9924356902438528,-0.0005271262075301059,0.14677365447493115,0.4105782175778007
22.0,0.8,0.9918027726803853,-0.0005181711370267316,0.14477793169120143,0.4122784993389561
22.200000000000003,0.8,0.9911803067725498,-0.0005094010376689807,0.1427954522075087,0.4139603303496254
22.400000000000002,0.8,0.9905680987404778,-0.0005008107117153468,0.14082600092474495,0.4156240694677949
22.6,0.8,0.9899659590875629,-0.0004923951517357577,0.1388693661001912,0.41727006672531936
22.8,0.8,0.9893737024931124,-0.00048414953242926286,0.1369253392771288,0.4188986636076857
23.0,0.8,0.9887911477076268,-0.00047606920291136753,0.13499371521714382,0.42051019332869266
23.200000000000003,0.8,0.9882181174505404,-0.00046814967943104366,0.13307429183491848,0.42210498109947947
23.400000000000002,0.8,0.9876544383102712,-0.00046038663848240423,0.13116687013532236,0.4236833443913269
23.6,0.8,0.9870999406464633,-0.0004527759102772005,0.1292712541526255,0.42524559319167243
23.8,0.8,0.98655445849433,-0.00044531347254653264,0.12738725089169237,0.4267920302528201
24.0,0.8,0.9860178294709974,-0.0004379954446451598,0.12551467027100222,0.42832295133285797
24.200000000000003,0.8,0.9854898946838083,-0.0004308180819329045,0.12365332506738477,0.42983864542836636
24.400000000000002,0.8,0.9849704986405254,-0.0004237777704081471,0.12180303086236523,0.43133939499855484
24.6,0.8,0.9844594891614136,-0.0004168710215748,0.1199636059900156,0.43282547618055317
24.8,0.8,0.9839567172931794,-0.0004100944675241593,0.11813487148623131,0.43429715899563764
25.0,0.8,0.9834620372247596,-0.00040344485621358943,0.11631665103935693,0.4357547075462712
25.200000000000003,0.8,0.98297530620497,-0.000396919046928663,0.11450877094209866,0.4371983802039007
25.400000000000002,0.8,0.9824963844620154,-0.0003905140059162806,0.11271106004467119,0.4386284297875415
25.6,0.8,0.9820251351248812,-0.00038422680217734694,0.11092334970911756,0.44004510373324607
25.8,0.8,0.9815614241466226,-0.00037805460340906236,0.10914547376476474,0.4414486442546282
26.0,0.8,0.9811051202295787,-0.00037199467208844973,0.1073772684647837,0.44283928849467286
26.200000000000003,0.8,0.9806560947525216,-0.00036604436169227286,0.10561857244380053,0.44421726866912853
26.400000000000002,0.8,0.9802142216997694,-0.00036020111304489554,0.10386922667654389,0.44558281220181856
26.6,0.8,0.9797793775922801,-0.00035446245079024915,0.10212907443749467,0.4469361418522631
26.8,0.8,0.9793514414207349,-0.00034882597998508595,0.1003979612614994,0.4482774758360269
27.0,0.8,0.9789302945806266,-0.00034328938280821307,0.09867573490533961,0.4496070279382508
27.200000000000003,0.8,0.9785158208093554,-0.00033785041538438607,0.09696224531021337,0.45092500762082866
27.400000000000002,0.8,0.9781079061253362,-0.0003325069047212426,0.09525734456511575,0.45223162012372226
27.6,0.8,0.9777064387690976,-0.00032725674575663423,0.09356088687108016,0.4535270665608904
27.8,0.8,0.9773113091463753,-0.00032209789851464504,0.09187272850627173,0.4548115440113335
28.0,0.8,0.9769224097731675,-0.00031702838537070655,0.09019272779187494,0.45608524560571934
28.200000000000003,0.8,0.9765396352227336,-0.00031204628842347376,0.08852074505877539,0.45734836060906287
28.400000000000002,0.8,0.9761628820744964,-0.00030714974697325966,0.08685664261499161,0.4586010744999077
28.6,0.8,0.9757920488648116,-0.00030233695510691077,0.08520028471382791,0.45984356904642315
28.8,0.8,0.9754270360395567,-0.0002976061593843079,0.08355153752269703,0.46107602237982404
29.0,0.8,0.9750677459084975,-0.00029295565663156993,0.08191026909262938,0.46229860906546777
29.200000000000003,0.8,0.9747140826013492,-0.00028838379183341196,0.08027634932834546,0.463511500171971
29.400000000000002,0.8,0.9743659520255149,-0.00028388895612937624,0.07864964995897836,0.46471486333863227
29.6,0.8,0.974023261825385,-0.00027946958490435674,0.07703004450924059,0.4659088628414308
29.8,0.8,0.973685921343188,-0.0002751241559831275,0.07541740827123175,0.4670936596578206
30.0,0.8,0.9733538415812467,-0.0002708511879082275,0.07381161827650114,0.4682694115305099
30.200000000000003,0.8,0.9730269351656761,-0.00026664923832672775,0.07221255326885317,0.46943627303037966
30.400000000000002,0.8,0.9727051163112891,-0.0002625169024433128,0.07062009367707878,0.4705943956186506
30.6,0.8,0.9723883007878773,-0.00025845281159377233,0.06903412158869526,0.47174392770839935
30.8,0.8,0.9720764058874428,-0.00025445563185022346,0.06745452072304595,0.47288501472544675
31.0,0.8,0.9717693503928103,-0.0002505240627817661,0.06588117640606242,0.47401779916868303
31.200000000000003,0.8,0.9714670545468305,-0.00024665683618293007,0.0643139755432468,0.47514242066976786
31.400000000000002,0.8,0.9711694400231473,-0.00024285271502835036,0.06275280659579531,0.4762590160522562
31.6,0.8,0.9708764298969517,-0.0002391104922734203,0.06119755955265175,0.4773677193899842
31.8,0.8,0.9705879486178508,-0.00023542899004242712,0.0596481259088459,0.4784686620648145
32.0,0.8,0.9703039219816201,-0.00023180705840615917,0.05810439863507293,0.47956197282341434
32.2,0.8,0.9700242771053796,-0.00022824357489717784,0.056566272160204704,0.48064777783331203
32.4,0.8,0.9697489423994903,-0.00022473744308848244,0.0550336423353011,0.4817262007376337
32.6,0.8,0.9694778475457422,-0.00022128759265148472,0.05350640642453902,0.4827973627091161
32.800000000000004,0.8,0.9692109234678934,-0.00021789297738256794,0.05198446305729788,0.48386138250224625
33.0,0.8,0.9689481023146076,-0.00021455257627363023,0.05046771223650666,0.48491837650489916
33.2,0.8,0.9686893174257177,-0.00021126539026810183,0.04895605526563273,0.485968458787198
33.4,0.8,0.9684345033237792,-0.0002080304453454263,0.04744939479334814,0.4870117411505951
33.6,0.8,0.9681835956701549,-0.00020484678652097805,0.04594763468796259,0.488048333172557
33.800000000000004,0.8,0.9679365312734469,-0.00020171348505897344,0.04445068015804008,0.4890783422532619
34.0,0.8,0.967693248023225,-0.0001986296266242003,0.04295843751689006,0.4901018736547933
34.2,0.8,0.9674536849327577,-0.00019559432706744217,0.041470814462069655,0.49111903054635153
34.4,0.8,0.9672177820250271,-0.0001926067082731934,0.03998771960995209,0.4921299140357411
34.6,0.8,0.9669854804463124,-0.00018966593182914642,0.03850906310766808,0.4931346232154731
34.800000000000004,0.8,0.9667567222515248,-0.00018677114907600612,0.03703475568669207,0.4941332551823857
35.0,0.8,0.9665314506651966,-0.00018392157216502137,0.03556470997043431,0.4951259050900316
35.2,0.8,0.9663096096553504,-0.00018111637007590955,0.03409883852142086,0.4961126661481409
35.4,0.8,0.9660911445021607,-0.0001783548178907885,0.032637056604789744,0.4970936296928714
35.6,0.8,0.9658760009284405,-0.00017563607969699925,0.03117927812905837,0.49806888514911524
35.800000000000004,0.8,0.9656641263116305,-0.00017295952154120989,0.029725421457372548,0.49903852014300115
36.0,0.8,0.96545546788515,-0.00017032425753335138,0.02827540093829294,0.5000026203917497
36.2,0.8,0.9652499752968696,-0.00016772980532568288,0.026829139098712373,0.5009612699093918
36.4,0.8,0.9650475968637076,-0.00016517513658417042,0.025386548939446522,0.5019145507506281
36.6,0.8,0.9648482849502548,-0.00016266004847684465,0.02394755949409268,0.5028625434156578
36.800000000000004,0.8,0.9646519881442095,-0.0001601831783303954,0.022512078780422887,0.5038053262949667
37.0,0.8,0.964458662546495,-0.00015774486339028535,0.02108004735759533,0.504742976489921
37.2,0.8,0.964268255398447,-0.00015534300939477408,0.01965136075939759,0.5056755686445097
37.4,0.8,0.9640807287855429,-0.00015297896051290658,0.018225981686187036,0.5066031765947351
37.6,0.8,0.9638960253447976,-0.0001506491218045501,0.01680377765066445,0.5075258709976377
37.800000000000004,0.8,0.9637141181976755,-0.0001483561073751733,0.015384755706416944,0.5084437223098223
38.0,0.8,0.963534938992165,-0.0001460940580167897,0.01396872359847319,0.5093567967056903
38.2,0.8,0.9633584846254257,-0.0001438609354843092,0.012555777813177512,0.5102651580380541
38.400000000000006,0.8,0.9631846647279328,-0.00014165711986617902,0.011145606659972539,0.5111688686382507
38.6,0.8,0.9630135432741432,-0.00013940419447880286,0.009738474052202165,0.5120679533008936
38.800000000000004,0.8,0.962844998187699,-0.0001372388199680574,0.008333888802676688,0.5129624977278533
39.0,0.8,0.9626793811850918,-0.00013431234827211767,0.006932273088316513,0.5138521955046003
39.2,0.8,0.9625166290504419,-0.00013235024598531701,0.005533455808339516,0.5147375292666211
39.400000000000006,0.8,0.962358764740383,-0.00012349667460955115,0.004136151582746199,0.5156153754514209
39.6,0.8,0.962208844755328,-0.00012508275504376088,0.002747548963573778,0.5164905147028609
39.800000000000004,0.8,0.9620758992059083,-7.293152296732753e-05,0.0013390141441351827,0.5173342238030225
40.0,0.8,0.9620758992059083,0.0,0.0,0.5173342238030225
0.0,0.8200000000000001,1.0,0.0,0.6578607063948474,0.0
0.2,0.8200000000000001,1.039337736071212,-0.043321380769492476,0.6578607063948474,0.0008077080799267366
0.4,0.8200000000000001,1.0754169464468128,-0.03184405252718102,0.5774393260888189,0.002658282060686588
0.6000000000000001,0.8200000000000001,1.0882722112992034,-0.027668325603545096,0.5804679017490508,0.005891553308947175
0.8,0.8200000000000001,1.102253629661694,-0.02112054250909797,0.5463808100944668,0.010106208714881777
1.0,0.8200000000000001,1.1075989310894239,-0.01785043700604076,0.5435245753248921,0.015331983147735966
1.2000000000000002,0.8200000000000001,1.1133960036473216,-0.015063293576571529,0.5257197363772415,0.021346940896000272
1.4000000000000001,0.8200000000000001,1.1155757822199852,-0.013364195443716772,0.5195022138765477,0.028106302758801063
1.6,0.8200000000000001,1.1174337602247362,-0.011904335264543191,0.5077095972881462,0.035442634602951335
1.8,0.8200000000000001,1.1174638348051729,-0.010851731405074855,0.5005167671254883,0.043273357572571045
2.0,0.8200000000000001,1.1169863014286059,-0.009910594153004607,0.4913755027779568,0.05146320289087018
2.2,0.8200000000000001,1.1154936438585348,-0.009155648809392044,0.4841902805625246,0.059928816308529
2.4000000000000004,0.8200000000000001,1.1135603104927487,-0.008470686665345534,0.47641465447387904,0.06856973373022515
2.6,0.8200000000000001,1.111042798166953,-0.007887652261747528,0.4695507834274589,0.07731864398283009
2.8000000000000003,0.8200000000000001,1.108211041482236,-0.007356871453920972,0.46259124720146966,0.08610642257354102
3.0,0.8200000000000001,1.1050452359823992,-0.006889949042537919,0.4561129079418102,0.09488480911632512
3.2,0.8200000000000001,1.1016820365003601,-0.006464056533553477,0.44970903113532834,0.10360895990025493
3.4000000000000004,0.8200000000000001,1.0981377193030875,-0.006082078067042482,0.44359845634609774,0.11224701792704232
3.6,0.8200000000000001,1.0944862735773657,-0.005732670442371451,0.43761219044899075,0.12077147859426574
3.8000000000000003,0.8200000000000001,1.0907498749978801,-0.005415407253714355,0.43183039542926815,0.1291629036878665
4.0,0.8200000000000001,1.0869707837157474,-0.005124126189159313,0.4261796699543439,0.1374056192089849
4.2,0.8200000000000001,1.083167940965396,-0.004857378414393579,0.42068675315836296,0.14548896600096614
4.4,0.8200000000000001,1.0793663550241626,-0.0046114849547291515,0.41531748658207573,0.15340510913707567
4.6000000000000005,0.8200000000000001,1.0755799489433915,-0.004384858332718483,0.41007839970172444,0.16114932592783052
4.800000000000001,0.8200000000000001,1.0718237508009274,-0.004175101584794477,0.4049519411473196,0.16871885303305895
5.0,0.8200000000000001,1.068107180352191,-0.003980786812344972,0.39993733794422814,0.1761128413680035
5.2,0.8200000000000001,1.064439205057825,-0.0038002375316388195,0.39502440005034245,0.18333172537517542
5.4,0.8200000000000001,1.060825768495676,-0.0036322555929172444,0.39021001326779464,0.19037709256385213
5.6000000000000005,0.8200000000000001,1.0572720295530784,-0.003475605699060684,0.38548748367072616,0.19725132513084437
5.800000000000001,0.8200000000000001,1.0537814206270293,-0.003329308989202907,0.38085321044221454,0.20395747212031196
6.0,0.8200000000000001,1.0503566556625101,-0.003192421600896074,0.37630232341625164,0.2104990393720301
6.2,0.8200000000000001,1.04699941788345,-0.0030641505772542503,0.37183138383808795,0.2168798890123632
6.4,0.8200000000000001,1.0437108354489537,-0.0029437564188024676,0.3674365837159632,0.22310411382652182
6.6000000000000005,0.8200000000000001,1.0404914032038013,-0.002830596756725389,0.36311483563546976,0.22917596580304866
6.800000000000001,0.8200000000000001,1.037341220341873,-0.0027240817907425415,0.35886302085169314,0.235099780470088
7.0,0.8200000000000001,1.0342599922504216,-0.0026236890577695047,0.35467842492023294,0.24087992928172916
7.2,0.8200000000000001,1.031247156964076,-0.0025289418502272053,0.35055841799248094,0.24652077443025774
7.4,0.8200000000000001,1.0283019091093597,-0.002439412773084812,0.34650062505783236,0.2520266388725719
7.6000000000000005,0.8200000000000001,1.0254232714286964,-0.002354712445679179,0.3425027859427933,0.2574017801042368
7.800000000000001,0.8200000000000001,1.0226101204111464,-0.0022744889883472637,0.33856281843620983,0.2626503725253739
8.0,0.8200000000000001,1.0198612289099689,-0.002198421536583367,0.33467875398621755,0.26777649312195473
8.200000000000001,0.8200000000000001,1.0171752873679034,-0.002126218476494207,0.33084875814577874,0.27278411213916426
8.4,0.8200000000000001,1.014550930207223,-0.002057613358547017,0.32707109881671365,0.27767708622656895
8.6,0.8200000000000001,1.0119867517189565,-0.001992362946424246,0.3233441501796421,0.28245915451877257
8.8,0.8200000000000001,1.0094813227954387,-0.0019302444281184216,0.3196663754024067,0.2871339363921203
9.0,0.8200000000000001,1.0070332021882125,-0.0018710536421325202,0.31603632459575604,0.2917049309326284
9.200000000000001,0.8200000000000001,1.0046409472173472,-0.001814603055914592,0.312452624293605,0.2961755174551204
9.4,0.8200000000000001,1.0023031214426146,-0.001760720262464628,0.30891397360695877,0.3005489569851428
9.600000000000001,0.8200000000000001,1.0000183014870565,-0.0017092464532543403,0.3054191371249884,0.3048283943437719
9.8,0.8200000000000001,0.9977850820755352,-0.0016600351803566003,0.3019669408557294,0.30901686073464496
10.0,0.8200000000000001,0.995602080295395,-0.001612951171480511,0.2985562670320729,0.31311727663318895
10.200000000000001,0.8200000000000001,0.9934679387587351,-0.0015678693226560982,0.29518605039113227,0.31713245489999736
10.4,0.8200000000000001,0.9913813281502305,-0.00152467376273577,0.29185527415860263,0.3210651040086673
10.600000000000001,0.8200000000000001,0.9893409490759522,-0.0014832570369034321,0.2885629668125254,0.32491783133820856
10.8,0.8200000000000001,0.987345533458536,-0.001443519359724073,0.2853081988683556,0.32869314647329206
11.0,0.8200000000000001,0.9853938454775265,-0.0014053679534400776,0.28209008012177467,0.332393464485817
11.200000000000001,0.8200000000000001,0.9834846821868672,-0.0013687164468607867,0.2789077570177003,0.3360211091719863
11.4,0.8200000000000001,0.9816168738326344,-0.0013334843381663441,0.2757604103173609,0.33957831623430773
11.600000000000001,0.8200000000000001,0.9797892839462979,-0.0012995965082310055,0.2726472529135097,0.3430672363997456
11.8,0.8200000000000001,0.9780008092394961,-0.0012669827832407325,0.2695675278568414,0.34648993847245835
12.0,0.8200000000000001,0.976250379345627,-0.0012355775385776357,0.266520506522075,0.3498484123205123
12.200000000000001,0.8200000000000001,0.9745369564304877,-0.001205319341356178,0.26350548693284287,0.3531445717987839
12.4,0.8200000000000001,0.9728595347005179,-0.0011761506263334883,0.2605217922085117,0.3563802576101632
12.600000000000001,0.8200000000000001,0.9712171398259262,-0.0011480174024116221,0.2575687691350572,0.3595572401076994
12.8,0.8200000000000001,0.9696088282973989,-0.001120868986000622,0.2546457868390753,0.3626772220395436
13.0,0.8200000000000001,0.9680336867293008,-0.0010946577587309725,0.2517522355610699,0.36574184123801357
13.200000000000001,0.8200000000000001,0.9664908311220041,-0.0010693389467422937,0.24888752551492474,0.36875267325308847
13.4,0.8200000000000001,0.9649794060928341,-0.001044870419427278,0.24605108582814564,0.3717112339297988
13.600000000000001,0.8200000000000001,0.9634985840844127,-0.001021212505508422,0.24324236355395837,0.37461898192804394
13.8,0.8200000000000001,0.9620475645573412,-0.0009983278247107578,0.24046082274996572,0.3774773211826361
14.0,0.8200000000000001,0.9606255731734734,-0.000976181133387496,0.2377059436169107,0.38028760330072997
14.200000000000001,0.8200000000000001,0.9592318609748628,-0.0009547391826953843,0.23497722169291851,0.3830511298933496
14.4,0.8200000000000001,0.9578657035629259,-0.00093397058803635,0.23227416709835497,0.38576915483745583
14.600000000000001,0.8200000000000001,0.9565264002815779,-0.0009138457086516316,0.22959630382744484,0.3884428864649122
14.8,0.8200000000000001,0.9552132734076775,-0.0008943365363615798,0.22694316908288736,0.39107348967479805
15.0,0.8200000000000001,0.9539256673515829,-0.000875416592568241,0.224314312650328,0.3936620879657597
15.200000000000001,0.8200000000000001,0.9526629478702702,-0.0008570608327341965,0.22170929630972566,0.3962097653854922
15.4,0.8200000000000001,0.9514245012951194,-0.0008392455576437112,0.2191276932810612,0.39871756839494776
15.600000000000001,0.8200000000000001,0.9502097337761585,-0.0008219483308303953,0.21656908770203478,0.4011865076454739
15.8,0.8200000000000001,0.9490180705443011,-0.0008051479016268617,0.2140330741356674,0.40361755966776364
16.0,0.8200000000000001,0.9478489551928688,-0.00078882413335529,0.2115192571059163,0.40601166847221076
16.2,0.8200000000000001,0.9467018489794674,-0.0007729579362345924,0.2090272506595943,0.40836974706100715
16.400000000000002,0.8200000000000001,0.9455762301490803,-0.0007575312046254032,0.20655667795301655,0.41069267885304006
16.6,0.8200000000000001,0.9444715932790505,-0.0007425267582797652,0.2041071708619716,0.4129813190233553
16.8,0.8200000000000001,0.9433874486464591,-0.0007279282873003993,0.20167836961370136,0.41523649575960686
17.0,0.8200000000000001,0.9423233216182151,-0.000713720300544199,0.19926992243965852,0.41745901143849967
17.2,0.8200000000000001,0.941278752064048,-0.0006998880772344317,0.19688148524795054,0.4196496437257573
17.400000000000002,0.8200000000000001,0.9402532937924164,-0.0006864176215707271,0.19451272131438735,0.4218091466035715
17.6,0.8200000000000001,0.9392465140092411,-0.0006732956201443375,0.1921633009911451,0.4239382513298395
17.8,0.8200000000000001,0.9382579927992313,-0.0006605094019875059,0.18983290143212891,0.426037667333738
18.0,0.8200000000000001,0.9372873226294567,-0.0006480469010967543,0.18752120633410613,0.42810808305234893
18.2,0.8200000000000001,0.9363341078747408,-0.0006358966212840385,0.18522790569278916,0.4301501667131153
18.400000000000002,0.8200000000000001,0.9353979643643374,-0.0006240476032220944,0.1829526955730384,0.43216456706689543
18.6,0.8200000000000001,0.9344785189492899,-0.0006124893935564326,0.18069527789240078,0.4341519140762965
18.8,0.8200000000000001,0.93357540908981,-0.0006012120159659626,0.17845536021723754,0.43611281956380543
19.0,0.8200000000000001,0.9326882824619491,-0.0005902059440614747,0.1762326555707008,0.4380478778240294
19.200000000000003,0.8200000000000001,0.9318167965828077,-0.0005794620760143752,0.17402688225188379,0.4399576662040856
19.400000000000002,0.8200000000000001,0.9309606184534915,-0.0005689717108163732,0.17183776366544615,0.44184274565588916
19.6,0.8200000000000001,0.9301194242189891,-0.0005587265260738598,0.16966502816108903,0.44370366126375044
19.8,0.8200000000000001,0.9292928988441609,-0.000548718557243601,0.16750840888224247,0.44554094275035255
20.0,0.8200000000000001,0.9284807358050052,-0.0005389401782249668,0.1653676436233779,0.44735510496381786
20.200000000000003,0.8200000000000001,0.9276826367943709,-0.0005293840832207627,0.16324247469537403,0.44914664834821694
20.400000000000002,0.8200000000000001,0.9268983114413164,-0.0005200432697887532,0.1611326487983895,0.4509160593995237
20.6,0.8200000000000001,0.9261274770433103,-0.0005109110230068311,0.15903791690171823,0.4526638111086766
20.8,0.8200000000000001,0.9253698583104968,-0.0005019809006771586,0.1569580341301396,0.45439036339308686
21.0,0.8200000000000001,0.9246251871212949,-0.0004932467194989191,0.15489275965629154,0.4560961635176405
21.200000000000003,0.8200000000000001,0.9238932022886038,-0.0004847025421436802,0.1528418565986317,0.4577816465059604
21.400000000000002,0.8200000000000001,0.9231736493359308,-0.0004763426651696564,0.15080509192455352,0.45944723554246075
21.6,0.8200000000000001,0.9224662802828124,-0.00046816160771413236,0.14878223635827728,0.46109334236550875
21.8,0.8200000000000001,0.9217708534389044,-0.0004601541009063805,0.14677306429314121,0.462720367651821
22.0,0.8200000000000001,0.9210871332061832,-0.0004523150779478083,0.144777353707958,0.4643287013920885
22.200000000000003,0.8200000000000001,0.9204148898887401,-0.00044463966480830523,0.14279488608710977,0.4659187232576787
22.400000000000002,0.8200000000000001,0.9197538995096558,-0.0004371231714910154,0.14082544634408872,0.4674908029582026
22.6,0.8200000000000001,0.9191039436345426,-0.0004297610838194631,0.1388688227482126,0.4690453005896355
22.8,0.8200000000000001,0.9184648092013191,-0.0004225490557066768,0.13692480685426275,0.4705825669726807
23.0,0.8200000000000001,0.917836288355863,-0.0004154829018673721,0.13499319343481478,0.4721029439810154
23.200000000000003,0.8200000000000001,0.9172181782932047,-0.0004085585909357788,0.13307378041505458,0.47360676485908576
23.400000000000002,0.8200000000000001,0.9166102811039623,-0.0004017722389565854,0.13116636880989066,0.47509435452912946
23.6,0.8200000000000001,0.9160124036257556,-0.0003951201032191342,0.12927076266319076,0.4765660298871444
23.8,0.8200000000000001,0.915424357299359,-0.00038859857640403966,0.12738676898899445,0.47802210008756957
24.0,0.8200000000000001,0.9148459580293886,-0.00038220418101950015,0.1255141977145531,0.47946286681650224
24.200000000000003,0.8200000000000001,0.9142770260493421,-0.0003759335641027871,0.12365286162508486,0.48088862455334225
24.400000000000002,0.8200000000000001,0.9137173857908232,-0.0003697834921645533,0.12180257631013612,0.48229966082081643
24.6,0.8200000000000001,0.9131668657568253,-0.00036375084635836927,0.11996316011145006,0.4836962564234189
24.8,0.8200000000000001,0.9126252983989418,-0.000357832617858916,0.1181344340722591,0.48507868567435847
25.0,0.8200000000000001,0.9120925199983952,-0.00035202590343188833,0.11631622188792629,0.48644721661118806
25.200000000000003,0.8200000000000001,0.9115683705508049,-0.00034632790118262473,0.11450834985787249,0.4878021112003462
25.400000000000002,0.8200000000000001,0.9110526936545936,-0.0003407359064726042,0.11271064683873731,0.4891436255309117
25.6,0.8200000000000001,0.9105453364029716,-0.0003352473079925644,0.11092294419871242,0.490472009997919
25.8,0.8200000000000001,0.9100461492794252,-0.0003298595839827041,0.1091450757730109,0.4917875094756413
26.0,0.8200000000000001,0.9095549860566436,-0.00032457029859210763,0.10737687782043925,0.4930903634812856
26.200000000000003,0.8200000000000001,0.9090717036988365,-0.0003193770983721984,0.1056181889810212,0.4943808063295814
26.400000000000002,0.8200000000000001,0.9085961622673675,-0.0003142777088963173,0.10386885023465658,0.49565906727877473
26.6,0.8200000000000001,0.9081282248296627,-0.0003092699315008716,0.10212870486078195,0.4969253706685559
26.8,0.8200000000000001,0.9076677573713263,-0.00030435164014533953,0.10039759839899523,0.49817993605046956
27.0,0.8200000000000001,0.9072146287114029,-0.00029952077838541147,0.09867537861063509,0.499422978311355
27.200000000000003,0.8200000000000001,0.906768710420734,-0.00029477535645765777,0.09696189544127248,0.5006547077903659
27.400000000000002,0.8200000000000001,0.9063298767433335,-0.0002901134484727071,0.09525700098410028,0.5018753303901172
27.6,0.8200000000000001,0.905898004520716,-0.0002855331897156143,0.09356054944418409,0.5030850476824837
27.8,0.8200000000000001,0.9054729731191133,-0.0002810327740496246,0.09187239710356364,0.5042840570095645
28.0,0.8200000000000001,0.9050546643594924,-0.0002766104514235586,0.09019240228714873,0.5054725515803026
28.200000000000003,0.8200000000000001,0.9046429624503018,-0.000272264525480587,0.088520425329409,0.5066507205632189
28.400000000000002,0.8200000000000001,0.9042377539228617,-0.00026799335126655383,0.0868563285418126,0.5078187491756914
28.6,0.8200000000000001,0.9038389275693078,-0.00026379533303854676,0.0851999761809868,0.5089768187701779
28.8,0.8200000000000001,0.9034463743829982,-0.0002596689221676501,0.08355123441754567,0.5101251069177415
29.0,0.8200000000000001,0.9030599875013012,-0.00025561261514048397,0.08190997130560704,0.5112637874892101
29.200000000000003,0.8200000000000001,0.9026796621506442,-0.00025162495165220456,0.08027605675286958,0.5123930307342457
29.400000000000002,0.8200000000000001,0.9023052955937602,-0.0002477045127948753,0.07864936249134159,0.5135130033585872
29.6,0.8200000000000001,0.9019367870789878,-0.0002438499193316909,0.07702976204851195,0.5146238685996655
29.8,0.8200000000000001,0.9015740377915887,-0.00024005983006674547,0.07541713071916337,0.5157257863007744
30.0,0.8200000000000001,0.9012169508068916,-0.00023633294028887512,0.07381134553743855,0.5168189129839319
30.200000000000003,0.8200000000000001,0.9008654310452935,-0.00023266798031647352,0.07221228524965122,0.5179034019215422
30.400000000000002,0.8200000000000001,0.9005193852288368,-0.0002290637140986216,0.07061983028701896,0.518979403206923
30.6,0.8200000000000001,0.9001787218395257,-0.0002255189379297122,0.06903386273940977,0.5200470638237559
30.8,0.8200000000000001,0.8998433510789161,-0.00022203247918531384,0.06745426632844065,0.5211065277144566
31.0,0.8200000000000001,0.8995131848294279,-0.00021860319520785812,0.06588092638224971,0.5221579358474869
31.200000000000003,0.8200000000000001,0.8991881366165064,-0.0002152299721483765,0.06431372980847114,0.5232014262835328
31.400000000000002,0.8200000000000001,0.8988681215726857,-0.00021191172403276664,0.06275256507037609,0.5242371342405692
31.6,0.8200000000000001,0.8985530564018354,-0.00020864739165775049,0.06119732215890719,0.5252651921576363
31.8,0.8200000000000001,0.8982428593458798,-0.00020543594188091014,0.05964789257105064,0.5262857297574297
32.0,0.8200000000000001,0.8979374501505005,-0.00020227636647420495,0.058104169279372696,0.5272988741073382
32.2,0.8200000000000001,0.8976367500347032,-0.00019916768173771732,0.05656604671459754,0.5283047496792397
32.4,0.8200000000000001,0.8973406816570318,-0.00019610892712997895,0.055033420729527355,0.5293034784073726
32.6,0.8200000000000001,0.8970491690887274,-0.00019309916543228185,0.053506188590108146,0.5302951797450172
32.800000000000004,0.8200000000000001,0.8967621377788016,-0.00019013748079090882,0.05198424892732131,0.5312799707186757
33.0,0.8200000000000001,0.8964795145326562,-0.00018722297992396228,0.05046750174581568,0.5322579659813925
33.2,0.8200000000000001,0.896201227472844,-0.00018435478882957045,0.048955848350487496,0.5332292778626065
33.4,0.8200000000000001,0.8959272060273079,-0.00018153205608078589,0.047449191391742196,0.5341940164180685
33.6,0.8200000000000001,0.8956573808794391,-0.0001787539466550867,0.04594743473906974,0.5351522894744968
33.800000000000004,0.8200000000000001,0.8953916839748488,-0.00017601964952174994,0.04445048360290516,0.5361042026764793
34.0,0.8200000000000001,0.89513004844755,-0.00017332836537439731,0.04295824429732311,0.5370498595245916
34.2,0.8200000000000001,0.8948724086640675,-0.0001706793231414718,0.041470624522143416,0.5379893614205175
34.4,0.8200000000000001,0.8946187000983323,-0.00016807175489970402,0.039987532893736265,0.5389228076962266
34.6,0.8200000000000001,0.8943688594526078,-0.00016550493100717575,0.03850887956241051,0.5398502956602703
34.800000000000004,0.8200000000000001,0.8941228244238489,-0.00016297810814690835,0.0370345752581236,0.5407719206133529
35.0,0.8200000000000001,0.893880533984158,-0.00016049060339418323,0.03556453260947114,0.5416877759022376
35.2,0.8200000000000001,0.8936419279188436,-0.00015804168598952307,0.03409866417438087,0.5425979529122249
35.4,0.8200000000000001,0.8934069474396197,-0.00015563073285825192,0.03263688522746241,0.5435025411422896
35.6,0.8200000000000001,0.8931755342436822,-0.00015325700259004635,0.03117910966626791,0.5444016281548114
35.800000000000004,0.8200000000000001,0.8929476318223994,-0.00015091996140197518,0.02972525587246675,0.5452952997004533
36.0,0.8200000000000001,0.8927231835163986,-0.00014861881054499456,0.028275238170397864,0.5461836395841819
36.2,0.8200000000000001,0.8925021352796956,-0.00014635316893150314,0.02682897912449744,0.5470667298992904
36.4,0.8200000000000001,0.892284431630923,-0.00014412208449394193,0.025386391683674122,0.5479446507242446
36.6,0.8200000000000001,0.8920700214656343,-0.00014192546239198277,0.02394740495886861,0.5488174805891525
36.800000000000004,0.8200000000000001,0.8918588495991543,-0.00013976199801389212,0.02251192685812079,0.5496852958255557
37.0,0.8200000000000001,0.8916508689675997,-0.0001376321553189676,0.02107989810041042,0.5505481715177476
37.2,0.8200000000000001,0.8914460229352119,-0.00013553386597095246,0.019651213990052617,0.5514061801410142
37.4,0.8200000000000001,0.8912442709036242,-0.00013346864699199948,0.018225837551211526,0.5522593934813198
37.6,0.8200000000000001,0.8910455512878409,-0.00013143288030295248,0.016803635831838803,0.553107879879494
37.800000000000004,0.8200000000000001,0.8908498353772939,-0.0001294294720942941,0.015384616470269206,0.553951707727511
38.0,0.8200000000000001,0.890657049969405,-0.0001274525536547887,0.013968586423587408,0.5547909407410558
38.2,0.8200000000000001,0.890467191594425,-0.00012550074329585907,0.01255564253016603,0.5556256405254539
38.400000000000006,0.8200000000000001,0.890280165686655,-0.0001235753438348474,0.01114547342648919,0.5564558675436682
38.6,0.8200000000000001,0.8900960362501802,-0.00012159995994454563,0.009738335489747141,0.5572816417014139
38.800000000000004,0.8200000000000001,0.8899146969869932,-0.00011972124242641197,0.008333758678104798,0.5581030558344582
39.0,0.8200000000000001,0.8897364684708592,-0.00011709978290800028,0.006932071188283792,0.558919771539506
39.2,0.8200000000000001,0.8895615060349769,-0.0001155409685106262,0.0055333518376137515,0.5597323690292834
39.400000000000006,0.8200000000000001,0.8893913406216806,-0.00010733783774630697,0.004135407221903815,0.560537492119862
39.6,0.8200000000000001,0.8892309261627303,-0.00011022575819461919,0.0027478431449913234,0.5613407871051357
39.800000000000004,0.8200000000000001,0.889083655620332,-6.542673246208177e-05,0.0013345666771595497,0.5621138797078079
40.0,0.8200000000000001,0.889083655620332,0.0,0.0,0.5621138797078079
0.0,0.84,1.0,0.0,0.6623976984059609,0.0
0.2,0.84,1.0412929686049515,-0.047300298621189556,0.6623976984059609,0.0019606394626498916
0.4,0.84,1.0778713100633646,-0.034099761888186725,0.5760442200050035,0.006007734468869986
0.6000000000000001,0.84,1.0875025098969293,-0.029004942404203565,0.5799528458329712,0.012474325185151434
0.8,0.84,1.097992961731153,-0.02187388182593016,0.5456360253806787,0.020322812114838523
1.0,0.84,1.0992680631080411,-0.01828646934626369,0.5431642742163965,0.02948830705974593
1.2000000000000002,0.84,1.1009882741176693,-0.015265958762651766,0.5254195958733393,0.0394937088096945
1.4000000000000001,0.84,1.099005533051399,-0.013407825495932115,0.5193288024821904,0.05022723866243279
1.6,0.84,1.0968206747752707,-0.011815061116631477,0.5075644005050007,0.06139617114323428
1.8,0.84,1.0929159076184918,-0.010664351350995417,0.5004186915350071,0.07287866180109993
2.0,0.84,1.0887093824754,-0.009642361111766858,0.4912900325160766,0.08448429149195792
2.2,0.84,1.083687489204839,-0.00882741104824843,0.4841257413141718,0.0961185454335444
2.4000000000000004,0.84,1.0784632500334743,-0.00809517131073914,0.47635744574955646,0.10766680325568588
2.6,0.84,1.0728813575503195,-0.007477979796567815,0.46950440441490343,0.11906864103179807
2.8000000000000003,0.84,1.0672188624875174,-0.006921948216286579,0.4625499124403592,0.13026131764112242
3.0,0.84,1.0614401773208526,-0.0064380339676150125,0.4560778740896701,0.14121183523308084
3.2,0.84,1.055674766093779,-0.006001076842962833,0.4496776826498821,0.15188993990670435
3.4000000000000004,0.84,1.0499222027054191,-0.005613176456701005,0.44357111479581823,0.16228131955864705
3.6,0.84,1.0442441793357125,-0.005261642420372603,0.43758759667799235,0.17237489396651745
3.8000000000000003,0.84,1.0386472076725666,-0.004945400699244508,0.43180852793941293,0.18216796755784867
4.0,0.84,1.0331605139813147,-0.00465748623311579,0.4261598771903823,0.19166027125721374
4.2,0.84,1.0277892873987249,-0.004395979887613143,0.420668912753372,0.20085583392874046
4.4,0.84,1.0225465795551993,-0.004156714071404221,0.41530123323786383,0.20976017496491992
4.6000000000000005,0.84,1.0174346813764128,-0.003937779719142248,0.41006359969167,0.21838090499358756
4.800000000000001,0.84,1.0124583244619396,-0.0037364785837150707,0.4049383724634916,0.226726388423527
5.0,0.84,1.007617293773882,-0.0035511702823721,0.39992488361237294,0.2348058878905954
5.2,0.84,1.0029119593400384,-0.0033799916157044767,0.39501291501413893,0.2426289196051147
5.4,0.84,0.998340373397876,-0.003221607440458687,0.39019940265582403,0.2502052557391061
5.6000000000000005,0.84,0.9939006237831922,-0.0030746671256086182,0.38547764694532843,0.2575446122722414
5.800000000000001,0.84,0.9895897128873746,-0.002938105542793263,0.38084407275933657,0.2646566218773005
6.0,0.84,0.9854045774593022,-0.002810908553697958,0.3762938118804404,0.27155068500686896
6.2,0.84,0.9813416684609438,-0.002692230477715632,0.3718234398283381,0.27823594815879343
6.4,0.84,0.9773974024479607,-0.0025812902161455654,0.36742915257698533,0.2847212369405428
6.6000000000000005,0.84,0.9735680119161518,-0.002477414634524797,0.3631078713412889,0.29101504671771933
6.800000000000001,0.84,0.9698497494918022,-0.0023799906522330464,0.3588564813829751,0.297125517541281
7.0,0.84,0.9662388390589702,-0.002288479293572433,0.3546722738879669,0.30306043547879263
7.2,0.84,0.9627315697133189,-0.0022023922606606533,0.3505526224633706,0.30882722898862197
7.4,0.84,0.9593242820008017,-0.002121294807235186,0.3464951560051139,0.31443297743213916
7.6000000000000005,0.84,0.956013411207014,-0.002044793371812552,0.34249761715367266,0.31988441819272084
7.800000000000001,0.84,0.9527954841766859,-0.0019725345298983545,0.3385579265353735,0.3251879592432974
8.0,0.84,0.9496671385330986,-0.0019041978647602112,0.33467411784055145,0.3303496912609464
8.200000000000001,0.84,0.9466251215290439,-0.0018394938175566367,0.3308443587519805,0.3353754019744303
8.4,0.84,0.943666297462517,-0.0017781592031033044,0.3270669189474205,0.3402705901404984
8.6,0.84,0.9407876460150549,-0.0017199549926864718,0.32334017424433037,0.345040480178134
8.8,0.84,0.9379862637440992,-0.0016646632750902351,0.3196625892192838,0.3496900363018652
9.0,0.84,0.9352593614777842,-0.0016120853042579787,0.31603271526326127,0.3542239765410272
9.200000000000001,0.84,0.9326042628234301,-0.001562039319788615,0.3124491800333378,0.35864678613229223
9.4,0.84,0.9300184008278086,-0.00151435892650873,0.3089106836556541,0.36296273043567057
9.600000000000001,0.84,0.9274993150308524,-0.0014688914681145742,0.3054159916209542,0.36717586715796446
9.8,0.84,0.9250446477147936,-0.001425496714429941,0.30196393075137745,0.37129005795495
10.0,0.84,0.9226521403236312,-0.0013840456149731267,0.29855338400895964,0.3753089793365449
10.200000000000001,0.84,0.9203196295747674,-0.0013444192451624532,0.2951832867901516,0.3792361329250371
10.4,0.84,0.9180450436912748,-0.0013065078338095036,0.2918526229149054,0.38307485505810845
10.600000000000001,0.84,0.9158263985666347,-0.0012702099189700591,0.2885604214000119,0.38682832578346893
10.8,0.84,0.9136617940513143,-0.0012354315797577053,0.28530575324896984,0.3904995772683211
11.0,0.84,0.9115494102874437,-0.0012020857592605519,0.2820877287012933,0.39409150167006046
11.200000000000001,0.84,0.9094875041745463,-0.0011700916522741009,0.27890549460571246,0.3976068585038686
11.4,0.84,0.9074744059363455,-0.001139374160599807,0.27575823209189104,0.4010482815512104
11.600000000000001,0.84,0.9055085158234003,-0.0011098634015661234,0.27264515438909365,0.4044182853468446
11.8,0.84,0.9035883009376017,-0.0010814942680956617,0.2695655048560465,0.4077192712833354
12.0,0.84,0.9017122921911945,-0.0010542060317253249,0.26651855514979267,0.41095353336705087
12.200000000000001,0.84,0.8998790813918994,-0.0010279419856422584,0.2635036035532001,0.41412326365787777
12.4,0.84,0.898087318456684,-0.0010026491221177066,0.26051997342399036,0.417230557420499
12.600000000000001,0.84,0.8963357087476517,-0.0009782778413383732,0.2575670117676393,0.4202774180121972
12.8,0.84,0.8946230105281029,-0.0009547816876993248,0.25464408791314125,0.4232657615283221
13.0,0.84,0.8929480325330043,-0.0009321171109054426,0.2517505922878863,0.42619742122360327
13.200000000000001,0.84,0.8913096316501055,-0.000910243248983905,0.2488859352785278,0.429074151724349
13.4,0.84,0.8897067107064588,-0.00088912173099878,0.24604954617248548,0.4318976330440458
13.600000000000001,0.84,0.8881382163560467,-0.0008687164972707197,0.24324087217115908,0.43466947441250203
13.8,0.84,0.8866031370637769,-0.0008489936353107386,0.2404593774695967,0.4373912179267839
14.0,0.84,0.8851005011816233,-0.0008299212297801416,0.2377045423961557,0.4400643420305932
14.200000000000001,0.84,0.8836293751126697,-0.0008114692250427638,0.23497586260756242,0.44269026482749885
14.4,0.84,0.8821888615591867,-0.0007936092989986416,0.23227284833450146,0.44527034723251474
14.600000000000001,0.84,0.8807780978509896,-0.0007763147470672422,0.22959502367389711,0.44780589596588427
14.8,0.84,0.8793962543506124,-0.000759560375297514,0.2269419259241325,0.4502981663925614
15.0,0.84,0.8780425329320102,-0.0007433224017109739,0.2243131049600651,0.4527483652107211
15.200000000000001,0.84,0.8767161655297253,-0.0007275783650810076,0.22170812264489187,0.4551576529926695
15.4,0.84,0.8754164127556191,-0.0007123070404476245,0.21912655227631223,0.4575271465816965
15.600000000000001,0.84,0.8741425625804453,-0.0006974883607445081,0.21656797806463882,0.45985792134871234
15.8,0.84,0.8728939290776928,-0.0006831033439874276,0.2140319946407813,0.4621510133128635
16.0,0.84,0.8716698512272343,-0.0006691340255379868,0.21151820659220766,0.4644074211307383
16.2,0.84,0.8704696917764548,-0.0006555633950117112,0.20902622802518758,0.46662810795918974
16.400000000000002,0.84,0.8692928361566018,-0.0006423753374469438,0.20655568215173345,0.4688140031972063
16.6,0.84,0.8681386914521887,-0.0006295545783946915,0.2041062008998439,0.4709660041126457
16.8,0.84,0.867006685421351,-0.0006170866326292598,0.20167742454573556,0.47308497735994925
17.0,0.84,0.8658962655650937,-0.0006049577562085216,0.19926900136683334,0.47517176039522496
17.2,0.84,0.8648068982434272,-0.0005931549016430656,0.19688058731442995,0.47722716279525473
17.400000000000002,0.84,0.8637380678364214,-0.0005816656759574827,0.19451184570493077,0.4792519674870829
17.6,0.84,0.8626892759482346,-0.0005704783014480513,0.1921624469287039,0.481246931894861
17.8,0.84,0.8616600406522248,-0.0005595815789586305,0.18983206817561074,0.48321278901055054
18.0,0.84,0.8606498957752433,-0.0005489648535140604,0.1875203931762988,0.4851502483949533
18.2,0.84,0.8596583902192878,-0.0005386179821602774,0.1852271119584287,0.4870599971153203
18.400000000000002,0.84,0.8586850873186911,-0.0005285313038748149,0.1829519206170124,0.48894270062551565
18.6,0.84,0.8577295642310555,-0.0005186956114200163,0.18069452109807577,0.49079900359438955
18.8,0.84,0.8567914113602115,-0.0005091021250192659,0.17845462099490134,0.4926295306876391
19.0,0.84,0.855870231809483,-0.0004997424677453679,0.17623193335611048,0.4944348873080392
19.200000000000003,0.84,0.8549656408636128,-0.0004906086425147246,0.17402617650491137,0.496215660298494
19.400000000000002,0.84,0.854077265497738,-0.0004816930105895859,0.17183707386881528,0.4979724186119313
19.6,0.84,0.8532047439118637,-0.0004729882714927782,0.16966435381919273,0.49970571395161134
19.8,0.84,0.8523477250893338,-0.000464487444246605,0.16750774952003936,0.5014160813849955
20.0,0.84,0.851505868377862,-0.00045618384985160015,0.1653669987853572,0.5031040399338934
20.200000000000003,0.84,0.850678843091739,-0.0004480710949237555,0.16324184394458643,0.5047700931431991
20.400000000000002,0.84,0.8498663281339089,-0.0004401430564140401,0.1611320317155364,0.5064147296301553
20.6,0.84,0.8490680116366515,-0.0004323938673386344,0.15903731308429686,0.5080384236157326
20.8,0.84,0.8482835906196928,-0.00042481790345005643,0.15695744319163804,0.5096416354393773
21.0,0.84,0.8475127706646203,-0.0004174097707838797,0.15489218122543078,0.5112248120581223
21.200000000000003,0.84,0.8467552656045498,-0.0004101642940190735,0.15284129031864935,0.5127883875307782
21.400000000000002,0.84,0.8460107972280558,-0.00040307650559491396,0.15080453745252861,0.5143327834877269
21.6,0.84,0.8452790949964408,-0.0003961416355279909,0.14878169336449032,0.5158584095866524
21.8,0.84,0.844559895773486,-0.00038935510187702117,0.14677253246046887,0.5173656639544018
22.0,0.84,0.8438529435668787,-0.00038271250180833317,0.14477683273129802,0.5188549336150438
22.200000000000003,0.84,0.843157989280598,-0.0003762096032144756,0.1427943756728367,0.5203265949041395
22.400000000000002,0.84,0.8424747904775494,-0.0003698423368443858,0.14082494620953528,0.5217810138691485
22.6,0.84,0.8418031111518562,-0.0003636067889041037,0.13886833262117707,0.5232185466558833
22.8,0.84,0.8411427215102177,-0.00035749919409070103,0.13692432647253944,0.524639539880925
23.0,0.84,0.8404933977618173,-0.0003515159290263253,0.13499272254574765,0.5260443309898946
23.200000000000003,0.84,0.8398549219163068,-0.0003456535060588284,0.1330733187751109,0.527433248601526
23.400000000000002,0.84,0.8392270815894471,-0.00033990856739990016,0.13116591618425544,0.5288066128375163
23.6,0.84,0.8386096698159912,-0.0003342778795742706,0.12927031882537915,0.5301647356381696
23.8,0.84,0.8380024848694873,-0.00032875832815343884,0.12738633372048241,0.5315079210639135
24.0,0.84,0.837405330088662,-0.00032334691275306846,0.1255137708044246,0.5328364655828265
24.200000000000003,0.84,0.8368180137101024,-0.0003180407422726754,0.12365244286969616,0.5341506583443688
24.400000000000002,0.84,0.8362403487069774,-0.0003128370303580187,0.12180216551279502,0.5354507814395763
24.6,0.84,0.8356721526335703,-0.00030773309107064433,0.11996275708210948,0.536737110148035
24.8,0.84,0.8351132474753946,-0.00030272633474870734,0.11813403862722621,0.5380099131720107
25.0,0.84,0.834563459504708,-0.0002978142640456298,0.11631583384958466,0.5392694528581532
25.200000000000003,0.84,0.8340226191412463,-0.00029299447013400733,0.11450796905441701,0.5405159854072584
25.400000000000002,0.84,0.8334905608180125,-0.00028826462906435756,0.11271027310392277,0.5417497610725898
25.6,0.84,0.8329671228519616,-0.0002836224982699785,0.11092257737161372,0.5429710243473098
25.8,0.84,0.832452147319451,-0.0002790659132076279,0.10914471569779484,0.544180014141598
26.0,0.84,0.8319454799363076,-0.00027459278412753486,0.10737652434614856,0.5453769639500423
26.200000000000003,0.84,0.8314469699423914,-0.0002702010929679412,0.10561784196136806,0.5465621020099137
26.400000000000002,0.84,0.8309564699905299,-0.0002658888903659448,0.10386850952782797,0.5477356514509298
26.6,0.84,0.8304738360396975,-0.00026165429278114476,0.10212837032925377,0.5488978304371248
26.8,0.84,0.8299989272523244,-0.0002574954797280954,0.10039726990935681,0.55004885230142
27.0,0.84,0.8295316058956185,-0.00025341069111314667,0.0986750560334229,0.5511889256734879
27.200000000000003,0.84,0.8290717372467719,-0.0002493982246733706,0.09696157865081204,0.5523182546014829
27.400000000000002,0.84,0.828619189501956,-0.00024545643351413146,0.09525668985835628,0.5534370386681773
27.6,0.84,0.8281738336889609,-0.000241583723743824,0.09356024386461928,0.5545454731020338
27.8,0.84,0.8277355435833758,-0.00023777855220246874,0.09187209695500491,0.5556437488836943
28.0,0.84,0.8273041956281881,-0.00023403942428313238,0.09019210745765967,0.5567320528483447
28.200000000000003,0.84,0.826879668856676,-0.00023036489184432256,0.08852013571016953,0.5578105677843764
28.400000000000002,0.84,0.8264618448184701,-0.00022675355121129948,0.08685604402700588,0.5588794725287224
28.6,0.84,0.8260506075086704,-0.00022320404126612077,0.08519969666769041,0.5599389420592203
28.8,0.84,0.825645843299873,-0.00021971504162129603,0.08355095980562985,0.5609891475842987
29.0,0.84,0.8252474408770156,-0.00021628527088070844,0.08190970149763728,0.5620302566302576
29.200000000000003,0.84,0.8248552911748714,-0.00021291348498021228,0.08027579165401447,0.56306243312638
29.400000000000002,0.84,0.8244692873181199,-0.00020959847561294342,0.07864910200928506,0.564085837488053
29.6,0.84,0.8240893245638139,-0.00020633906872840084,0.07702950609336995,0.5651006266980682
29.8,0.84,0.823715300246183,-0.00020313412311600667,0.07541687920340436,0.5661069543862172
30.0,0.84,0.8233471137235727,-0.0001999825290515767,0.07381109837580753,0.5671049709072772
30.200000000000003,0.84,0.8229846663275223,-0.00019688320703375686,0.07221204235909819,0.5680948234174573
30.400000000000002,0.84,0.8226278613136793,-0.00019383510656563325,0.07061959158662774,0.5690766559493214
30.6,0.84,0.8222766038147198,-0.0001908372050403353,0.0690336281503343,0.5700506094852276
30.8,0.84,0.821930800794755,-0.00018788850663604243,0.06745403577383778,0.5710168220292478
31.0,0.84,0.8215903610057189,-0.00018498804135355271,0.06588069978722269,0.5719754286775727
31.200000000000003,0.84,0.8212551949447707,-0.000182134863996972,0.06431350710000464,0.5729265616873084
31.400000000000002,0.84,0.8209252148138669,-0.0001793280533753889,0.06275234617728769,0.5738703505436902
31.6,0.84,0.8206003344796238,-0.00017656671131858058,0.06119710701178064,0.5748069220255164
31.8,0.84,0.8202804694359631,-0.00017384996208854466,0.05964768110220038,0.5757364002689352
32.0,0.84,0.8199655367657299,-0.0001711769513337841,0.0581039614227678,0.5766589068291897
32.2,0.84,0.8196554551066276,-0.00016854684581688785,0.05656584240584831,0.577574560740702
32.4,0.84,0.8193501446135568,-0.0001659588321230884,0.05503321990578446,0.5784834785747424
32.6,0.84,0.8190495269286509,-0.00016341211693982166,0.053505991190092986,0.579385774495571
32.800000000000004,0.84,0.8187535251425205,-0.0001609059251474572,0.05198405489116982,0.5802815603135774
33.0,0.84,0.8184620637704411,-0.00015843950115895894,0.05046731101519515,0.5811709455373535
33.2,0.84,0.8181750687090195,-0.00015601210562797284,0.04895566086832208,0.5820540374217303
33.4,0.84,0.8178924672230952,-0.00015362301892652327,0.04744900710250729,0.5829309410159174
33.6,0.84,0.8176141878908133,-0.00015127153488397798,0.045947253588266644,0.5838017592056088
33.800000000000004,0.84,0.817340160611017,-0.00014895696867284634,0.04445030553772456,0.5846665927578119
34.0,0.84,0.8170703165222601,-0.00014667864426959703,0.042958069265591696,0.5855255403556483
34.2,0.84,0.8168045880513254,-0.0001444359115130756,0.04147045247375704,0.5863786986414734
34.4,0.84,0.8165429087760796,-0.00014222812037618005,0.03998736377849899,0.5872261622417538
34.6,0.84,0.8162852135584463,-0.0001400546571735684,0.038508713333075394,0.5880680238120526
34.800000000000004,0.84,0.8160314382882459,-0.00013791489119492902,0.03703441186591226,0.5889043740467242
35.0,0.84,0.8157815201914058,-0.00013580825095177684,0.035564372010475555,0.5897353017333584
35.2,0.84,0.8155353973233054,-0.00013373411293859981,0.03409850632022543,0.5905608937364166
35.4,0.84,0.8152930092423553,-0.00013169196164294127,0.032636730078738796,0.5913812350770254
35.6,0.84,0.8150542959776355,-0.00012968115717029884,0.031178957173027436,0.5921964088678899
35.800000000000004,0.84,0.8148191994660483,-0.00012770127052697542,0.02972510600237376,0.593006496451525
36.0,0.84,0.8145876614178925,-0.0001257515976948071,0.028275090867928464,0.5938115772390946
36.2,0.84,0.8143596263518127,-0.00012383186166727226,0.02682883436990029,0.5946117289759203
36.4,0.84,0.814135037150924,-0.00012194119592512239,0.025386249407593545,0.5954070273853742
36.6,0.84,0.81391384144389,-0.00012007961314426384,0.02394726516572042,0.596197546704472
36.800000000000004,0.84,0.8136959823220669,-0.00011824588004704356,0.022511789447553374,0.596983358927069
37.0,0.84,0.813481411732828,-0.0001164405804597314,0.02107976312463257,0.5977645349021042
37.2,0.84,0.8132700710618415,-0.00011466169401089939,0.01965108128236214,0.5985411427549363
37.4,0.84,0.813061919234024,-0.00011291089184139223,0.01822570725453305,0.599313250111259
37.6,0.84,0.8128568921109621,-0.00011118457305245564,0.016803507646428174,0.6000809209103476
37.800000000000004,0.84,0.8126549614890771,-0.0001094859021916012,0.015384490659592643,0.6008442194874433
38.0,0.84,0.8124560505771456,-0.00010780907166424303,0.013968462504306308,0.6016032051253829
38.2,0.84,0.8122601580933339,-0.0001061533765750082,0.012555520397373284,0.6023579353385321
38.400000000000006,0.84,0.8120671857707702,-0.00010452106522713612,0.011145353310628017,0.6031084670369675
38.6,0.84,0.8118771995457316,-0.00010283865449859443,0.009738210786861917,0.6038548136161289
38.800000000000004,0.84,0.8116901084668497,-0.00010126133593087135,0.008333642960748965,0.6045970751769792
39.0,0.84,0.8115061927327808,-9.896806267266746e-05,0.006931891598827577,0.6053348796162746
39.2,0.84,0.8113258319834177,-9.782248900115404e-05,0.005533271422971202,0.6060689173126281
39.400000000000006,0.84,0.8111499481548756,-9.033813135669289e-05,0.00413476120265501,0.606795594343687
39.6,0.84,0.8109853749490274,-9.440891819767914e-05,0.0027482058831955164,0.6075214937100395
39.800000000000004,0.84,0.810828665606801,-5.730544976526168e-05,0.0013311305336367774,0.6082190666944269
40.0,0.84,0.810828665606801,0.0,0.0,0.6082190666944269
0.0,0.86,1.0,0.0,0.6673887735498977,0.0
0.2,0.86,1.0421298348868022,-0.051314150116649686,0.6673887735498977,0.004640716851903976
0.4,0.86,1.0773319333659805,-0.03610198594612045,0.574474380223593,0.0131720771944332
0.6000000000000001,0.86,1.0809844485599547,-0.02991562283186222,0.5793516303478308,0.025533813955230727
0.8,0.86,1.0854682510097775,-0.022161797881046632,0.544845252914652,0.03941253469079698
1.0,0.86,1.0803365972427295,-0.018236394870617522,0.5427857192873227,0.05460466232726626
1.2000000000000002,0.86,1.0760525261743399,-0.01498421536871929,0.5251104464646793,0.0702722338403833
1.4000000000000001,0.86,1.0683023240962677,-0.012978306137779339,0.5191522727484622,0.08627543417226854
1.6,0.86,1.060843855300217,-0.011274023868178424,0.5074176086809966,0.10220972389774825
1.8,0.86,1.0520694852371286,-0.010051472867608616,0.5003206046502822,0.11797161643624098
2.0,0.86,1.0434817165359402,-0.008978682814965585,0.49120496395893376,0.13335886590037846
2.2,0.86,1.0344975530090241,-0.008134560101765062,0.48406210457748,0.14831874356230615
2.4000000000000004,0.86,1.0257385619667532,-0.007385929013126117,0.476301289384831,0.162764114072508
2.6,0.86,1.0169921250314182,-0.006764087300376265,0.46945921203167656,0.17668108425856405
2.8000000000000003,0.86,1.008515131736966,-0.00621069551304767,0.462509791697675,0.1900442784967752
3.0,0.86,1.0002261365792404,-0.005735538397912344,0.4560440488818115,0.20286249533489972
3.2,0.86,0.992227576029443,-0.005311167467099312,0.4496475078797092,0.21514054171987929
3.4000000000000004,0.86,0.9844834849656025,-0.004938809439072562,0.4435448903854419,0.22689821157100332
3.6,0.86,0.9770302224428937,-0.0046045848599837545,0.4375640585781414,0.23815344242056596
3.8000000000000003,0.86,0.9698472522840835,-0.0043068601634728585,0.43178764500244426,0.24893009116115916
4.0,0.86,0.9629426879099491,-0.004038050944044573,0.4261410005445928,0.259250619615441
4.2,0.86,0.9563012808774828,-0.0037959082048617705,0.42065191784404654,0.26913926292489293
4.4,0.86,0.9499193347856546,-0.0035759455427217322,0.4152857594567548,0.27861890453938176
4.6000000000000005,0.86,0.9437837035854284,-0.0033760728802058855,0.4100495148500437,0.2877123823756339
4.800000000000001,0.86,0.9378861089914401,-0.0031934341219246472,0.4049254594342751,0.29644118791343166
5.0,0.86,0.932214633630647,-0.003026298743049606,0.39991302847492116,0.30482603008087833
5.2,0.86,0.9267596133768893,-0.0028727327474119204,0.39500197720523617,0.3128863233354164
5.4,0.86,0.9215101766542765,-0.0027313642486057428,0.3901892907412945,0.32064045782796297
5.6000000000000005,0.86,0.9164566716879169,-0.002600818913256343,0.38546826433354864,0.32810562574200003
5.800000000000001,0.86,0.9115892470108842,-0.002480025187376443,0.38083534790768636,0.3352979739955546
6.0,0.86,0.9068988461766551,-0.002367970341922285,0.37628567528188,0.3422325727010656
6.2,0.86,0.9023766150858793,-0.0022638187360040775,0.3718158358229666,0.3489235183093634
6.4,0.86,0.8980143018651248,-0.002166803547666326,0.36742202938373814,0.35538395881648394
6.6000000000000005,0.86,0.893803999883222,-0.0020762699799368517,0.3631011855014044,0.3616261730888044
6.800000000000001,0.86,0.8897383001150326,-0.0019916252400997963,0.35885019329826556,0.3676616157891502
7.0,0.86,0.885810171264322,-0.0019123522522050242,0.35466634935618774,0.3735009826563922
7.2,0.86,0.8820130094880766,-0.0018379851935262205,0.35054703058293857,0.3791542593307932
7.4,0.86,0.8783405754039614,-0.0017681120944277086,0.3464898695950997,0.38463077651261907
7.6000000000000005,0.86,0.8747870019498653,-0.0017023619606736852,0.3424926117032337,0.3899392562087882
7.800000000000001,0.86,0.871346755889998,-0.0016404035522706464,0.33855318022060216,0.3950878586343394
8.0,0.86,0.8680146294061285,-0.001581938010037774,0.3346696109536751,0.40008422352138145
8.200000000000001,0.86,0.8647857129987178,-0.001526696615456899,0.3308400735918014,0.40493550992764643
8.4,0.86,0.8616553815820229,-0.0014744362012678001,0.32706283948127324,0.40964843205170226
8.6,0.86,0.8586192734157508,-0.0014249369012654797,0.3233362859749838,0.4142292928728352
8.8,0.86,0.8556732751808165,-0.0013779990796109632,0.31965887896802586,0.41868401468550703
9.0,0.86,0.852813504665593,-0.0013334413811657917,0.3160291710479548,0.42301816739508413
9.200000000000001,0.86,0.8500362966069718,-0.0012910985587453818,0.3124457909197808,0.42723699429041606
9.4,0.86,0.8473381880817362,-0.0012508198757021456,0.3089074396556564,0.43134543575584566
9.600000000000001,0.86,0.8447159057420887,-0.0012124675055752096,0.3054128835853738,0.4353481508995601
9.8,0.86,0.8421663533506182,-0.0011759152525763576,0.30196095028796993,0.4392495373831833
10.0,0.86,0.8396866005463546,-0.0011410473396608058,0.2985505234026989,0.44305374952926185
10.200000000000001,0.86,0.8372738721611561,-0.001107757391831032,0.295180538937917,0.44676471490720326
10.4,0.86,0.8349255384480428,-0.0010759475006025803,0.2918499812646653,0.45038614950552747
10.600000000000001,0.86,0.8326391059057212,-0.0010455274170368886,0.2885578798990558,0.4539215716446942
10.8,0.86,0.8304122088240278,-0.0010164138196949645,0.2853033062966646,0.4573743147401381
11.0,0.86,0.8282426013910571,-0.0009885296727088864,0.2820853711079536,0.4607475390388646
11.200000000000001,0.86,0.8261281503901823,-0.0009618036471306925,0.2789032215553982,0.46404424242846587
11.4,0.86,0.8240668283969567,-0.0009361696083216704,0.27575603910956015,0.46726727041758265
11.600000000000001,0.86,0.8220567074667174,-0.0009115661548277081,0.27264303731097456,0.4704193253711363
11.8,0.86,0.8200959532553393,-0.0008879362071026972,0.26956345980322954,0.4735029750786389
12.0,0.86,0.8181828195513366,-0.0008652266374444465,0.2665165785044001,0.47652066072252525
12.200000000000001,0.86,0.8163156431785202,-0.0008433879382753661,0.26350169193699585,0.4794747043069988
12.4,0.86,0.8144928392449465,-0.0008223739231890986,0.26051812367903715,0.48236731559916884
12.600000000000001,0.86,0.8127128967071726,-0.0008021414578528123,0.25756522093884016,0.48520059862806164
12.8,0.86,0.8109743742270631,-0.0007826502169050217,0.25464235323240325,0.48797655778036103
13.0,0.86,0.8092758962966585,-0.0007638624642916362,0.2517489111597614,0.4906971035265051
13.200000000000001,0.86,0.8076161496111748,-0.0007457428542329141,0.24888430526714514,0.49336405780569964
13.4,0.86,0.8059938796703916,-0.0007282582507045344,0.2460479649896507,0.49597915909436474
13.600000000000001,0.86,0.8044078875915187,-0.0007113775633253183,0.24323933766549152,0.49854406717888317
13.8,0.86,0.8028570271174842,-0.0006950715979464958,0.24045788761659853,0.50106036765062
14.0,0.86,0.8013402018065089,-0.0006793129203347195,0.23770309528911915,0.5035295761387224
14.200000000000001,0.86,0.7998563623898401,-0.0006640757315914122,0.2349744564492287,0.5059531422942974
14.4,0.86,0.7984045042859189,-0.0006493357540684379,0.23227148142940313,0.5083324535380394
14.600000000000001,0.86,0.7969836652601917,-0.0006350701267114989,0.22959369442131536,0.5106688385822679
14.8,0.86,0.795592923220845,-0.0006212573088687558,0.22694063281161075,0.5129635707374968
15.0,0.86,0.7942313941415493,-0.0006078769917238678,0.22431184655743328,0.515217871013113
15.200000000000001,0.86,0.7928982301031137,-0.0005949100166053001,0.22170689759875095,0.5174329110213987
15.4,0.86,0.7915926174466285,-0.0005823382995136272,0.21912535930493962,0.5196098156939241
15.600000000000001,0.86,0.7903137750312973,-0.0005701447612820569,0.21656681595328295,0.5217496658192927
15.8,0.86,0.7890609525906997,-0.000558313262854357,0.2140308622373057,0.5238535004112096
16.0,0.86,0.7878334291817141,-0.0005468285452221854,0.21151710280306377,0.5259223189158817
16.2,0.86,0.7866305117207496,-0.0005356761736186805,0.2090251518116823,0.5279570832678291
16.400000000000002,0.86,0.7854515336023199,-0.0005248424856066119,0.20655463252657313,0.5299587198032082
16.6,0.86,0.7842958533953136,-0.0005143145427421942,0.204105176923932,0.5319281210397617
16.8,0.86,0.7831628536126163,-0.0005040800855316309,0.20167642532520233,0.5338661473324534
17.0,0.86,0.7820519395499993,-0.0004941274914242488,0.19926802605028224,0.5357736284137499
17.2,0.86,0.7809625381904122,-0.00048444573561669984,0.1968796350903816,0.5376513648273366
17.400000000000002,0.86,0.7798940971700347,-0.00047502435446224823,0.1945109157994525,0.5395001292638183
17.6,0.86,0.778846083802628,-0.0004658534113013865,0.19216153860320756,0.5413206678066654
17.8,0.86,0.7778179841588961,-0.0004569234645468267,0.18983118072480878,0.5431137010962861
18.0,0.86,0.7768093021977234,-0.00044822553786977667,0.1875195259263027,0.5448799254197343
18.2,0.86,0.7758195589463083,-0.0004397510923483327,0.18522626426498376,0.5466200137330604
18.400000000000002,0.86,0.7748482917263467,-0.0004314920004492236,0.18295109186385403,0.5483346166228703
18.6,0.86,0.7738950534235596,-0.00042344052172396007,0.18069371069539977,0.550024363213115
18.8,0.86,0.7729594117979663,-0.0004155892801100507,0.17845382837793913,0.5516898620226187
19.0,0.86,0.7720409488324593,-0.0004079312427327977,0.17623115798380062,0.5533317017783266
19.200000000000003,0.86,0.7711392601173239,-0.00040045970011177984,0.17402541785866013,0.5549504521887112
19.400000000000002,0.86,0.7702539542684849,-0.0003931682476819481,0.17183633145133861,0.55654666468128
19.6,0.86,0.76938465237736,-0.00038605076854354454,0.16966362715343392,0.5581208731076156
19.8,0.86,0.7685309874903277,-0.0003791014173598486,0.1675070381481549,0.5596735944189241
20.0,0.86,0.7676926041159114,-0.0003723146053286787,0.1653663022677681,0.5612053293146133
20.200000000000003,0.86,0.7668691577578908,-0.00036568498615340385,0.16324116185908571,0.5627165628660387
20.400000000000002,0.86,0.7660603144726684,-0.00035920744294782247,0.1611313636564519,0.564207765117173
20.6,0.86,0.7652657504493028,-0.00035287707600999715,0.15903665866170294,0.5656793916636268
20.8,0.86,0.7644851516107297,-0.00034668919140477177,0.1569568020306132,0.567131884211183
21.0,0.86,0.7637182132347797,-0.00034063929029752387,0.15489155296535723,0.5685656711147309
21.200000000000003,0.86,0.7629646395937089,-0.0003347230589860338,0.15284067461255085,0.5699811678983044
21.400000000000002,0.86,0.76222414361103,-0.0003289363595797717,0.15080393396644412,0.5713787777567387
21.6,0.86,0.7614964465345215,-0.00032327522127920935,0.14878110177688142,0.5727588920393423
21.8,0.86,0.7607812776243872,-0.0003177358322093819,0.14677195246165678,0.5741218907158621
22.0,0.86,0.7600783738555993,-0.000312314531768014,0.14477626402293017,0.5754681428249623
22.200000000000003,0.86,0.759387479633543,-0.0003070078034471959,0.14279381796737872,0.5767980069053766
22.400000000000002,0.86,0.7587083465221468,-0.00030181226809316485,0.14082439922978857,0.5781118314098871
22.6,0.86,0.7580407329837408,-0.0002967246775700231,0.13886779609981958,0.5794099551022585
22.8,0.86,0.7573844041299801,-0.0002917419087951038,0.13692380015168776,0.5806927074372932
23.0,0.86,0.7567391314831715,-0.0002868609581179656,0.1349922061765394,0.5819604089241796
23.200000000000003,0.86,0.7561046927474548,-0.0002820789360154054,0.13307281211730726,0.5832133714733498
23.400000000000002,0.86,0.7554808715892963,-0.00027739306207664967,0.13116541900586126,0.5844518987271081
23.6,0.86,0.7548674574268199,-0.0002728006602578882,0.12926983090228153,0.5856762863743391
23.8,0.86,0.7542642452275405,-0.0002682991543826084,0.1273858548361046,0.5868868224496385
24.0,0.86,0.7536710353140921,-0.0002638860638700069,0.1255133007493969,0.5880837876172963
24.200000000000003,0.86,0.7530876331775868,-0.0002595589996743743,0.12365198144154141,0.5892674554405676
24.400000000000002,0.86,0.7525138492982788,-0.00025531566041792845,0.1218017125156287,0.5904380926367399
24.6,0.86,0.7519494989732035,-0.00025115382870375156,0.11996231232635439,0.591595959318542
24.8,0.86,0.7513944021505364,-0.00024707136759612045,0.11813360192933972,0.5927413092224675
25.0,0.86,0.7508483832703887,-0.00024306621725561853,0.11631540503179923,0.5938743899246238
25.200000000000003,0.86,0.7503112711118074,-0.0002391363917191579,0.1145075479444938,0.5949954430447366
25.400000000000002,0.86,0.7497828986457508,-0.0002352799758151573,0.11270985953491644,0.596104704438965
25.6,0.86,0.7492631028938332,-0.00023149512220644897,0.11092217118164881,0.5972024043821785
25.8,0.86,0.7487517247926252,-0.00022778004855210338,0.109144316729854,0.5982887677403691
26.0,0.86,0.7482486090633403,-0.0002241330347820042,0.1073761324478704,0.5993640141338493
26.200000000000003,0.86,0.7477536040867093,-0.00022055242048018802,0.10561745698485635,0.6004283580919013
26.400000000000002,0.86,0.747266561782875,-0.00021703660236951092,0.10386813132946979,0.6014820091995061
26.6,0.86,0.7467873374961441,-0.00021358403189404015,0.10212799876954742,0.6025251722367762
26.8,0.86,0.7463157898844236,-0.0002101932128959833,0.10039690485274884,0.6035580473116927
27.0,0.86,0.7458517808131908,-0.00020686269938250158,0.09867469734815335,0.6045808299867027
27.200000000000003,0.86,0.7453951752538307,-0.00020359109338077388,0.09696122620876853,0.605593711399733
27.400000000000002,0.86,0.7449458411861968,-0.00020037704287751283,0.09525634353493513,0.6065968783801033
27.6,0.86,0.7445036495052312,-0.00019721923984134296,0.09355990353859475,0.6075905135598239
27.8,0.86,0.7440684739315031,-0.00019411641832564532,0.0918717625084049,0.6085747954806987
28.0,0.86,0.7436401909255068,-0.0001910673526500453,0.09019177877564792,0.6095498986976298
28.200000000000003,0.86,0.7432186796055766,-0.00018807085565872715,0.08851981268093478,0.6105159938784738
28.400000000000002,0.86,0.7428038216692666,-0.00018512577705405612,0.086855726541656,0.611473247900767
28.6,0.86,0.7423955013180497,-0.00018223100180480225,0.08519938462015315,0.6124218239455953
28.8,0.86,0.7419936051851899,-0.00017938544862429681,0.0835506530925571,0.6133618815888485
29.0,0.86,0.7415980222666473,-0.0001765880685220808,0.08190940001831555,0.6142935768900595
29.200000000000003,0.86,0.7412086438548632,-0.00017383784342160416,0.08027549531027914,0.6152170624789998
29.400000000000002,0.86,0.740825363475307,-0.0001711337848492469,0.07864881070543946,0.6161324876401683
29.6,0.86,0.7404480768256076,-0.00016847493268367644,0.07702921973610678,0.6170399983952805
29.8,0.86,0.7400766817171999,-0.00016586035397698747,0.07541659770173244,0.6179397375838326
30.0,0.86,0.7397110780192562,-0.00016328914182573649,0.07381082164098073,0.6188318449417978
30.200000000000003,0.86,0.7393511676049196,-0.00016076041432000484,0.07221177030454806,0.6197164571784853
30.400000000000002,0.86,0.7389968542995057,-0.00015827331352517835,0.07061932412789777,0.6205937080515681
30.6,0.86,0.738648043830857,-0.00015582700455652447,0.069033365205019,0.6214637284402786
30.8,0.86,0.738304643781293,-0.00015342067465192626,0.0674537772615205,0.6223266464167396
31.0,0.86,0.737966563541697,-0.00015105353237684127,0.06588044562942147,0.6231825873154186
31.200000000000003,0.86,0.7376337142666786,-0.00014872480676121684,0.06431325722011114,0.6240316738006106
31.400000000000002,0.86,0.7373060088321098,-0.00014643374665048348,0.062752100500521,0.6248740259319907
31.6,0.86,0.736983361792921,-0.00014417961985730045,0.061196865465124324,0.6257097612280236
31.8,0.86,0.7366656893439815,-0.00014196171270649388,0.05964744361436795,0.6265389947274118
32.0,0.86,0.7363529092797814,-0.00013977932910729532,0.058103727924130766,0.6273618390481559
32.2,0.86,0.736044940958919,-0.0001376317904024243,0.056565612828422394,0.6281784044446976
32.4,0.86,0.7357417052645215,-0.00013551843417605763,0.055032994183134856,0.6289887988623203
32.6,0.86,0.735443124573274,-0.00013343861464887885,0.053505769257360045,0.6297931279898559
32.800000000000004,0.86,0.7351491227145714,-0.00013139170084657087,0.051983836684923956,0.6305914953090441
33.0,0.86,0.7348596249463952,-0.00012937707805931974,0.05046709647354206,0.6313840021428277
33.2,0.86,0.7345745579093114,-0.0001273941445969296,0.04895544993064822,0.6321707476991779
33.4,0.86,0.7342938496143232,-0.00012544231540850763,0.047448799709749016,0.6329518291152759
33.6,0.86,0.7340174293838491,-0.00012352101581679026,0.04594704968242479,0.6337273414950175
33.800000000000004,0.86,0.7337452278625296,-0.00012162968960352398,0.04445010506247314,0.6344973779499595
34.0,0.86,0.7334771769289679,-0.000119767786366711,0.042957872165306596,0.635262029629053
34.2,0.86,0.7332132097526265,-0.00011793477890818964,0.04147025869483359,0.6360213857583433
34.4,0.86,0.7329532606425895,-0.00011613013720306244,0.0399871732673606,0.636775533660038
34.6,0.86,0.7326972651991234,-0.00011435336521357123,0.038508526038971404,0.6375245587951985
34.800000000000004,0.86,0.7324451600289835,-0.00011260394681125033,0.03703422773679157,0.6382685447661842
35.0,0.86,0.7321968830934176,-0.00011088142321238188,0.03556419099887843,0.6390075733711807
35.2,0.86,0.7319523731425971,-0.00010918528018059474,0.03409832837468595,0.6397417245775523
35.4,0.86,0.731711570473228,-0.0001075151104437422,0.032636555156150174,0.6404710766066047
35.6,0.86,0.7314744157735419,-0.00010587037799741638,0.031178785220684867,0.6411957058517527
35.800000000000004,0.86,0.731240851736941,-0.00010425075833455119,0.029724936983885845,0.6419156870317257
36.0,0.86,0.7310108206713781,-0.00010265564553399445,0.028274924725663324,0.6426310929989759
36.2,0.86,0.7307842679042659,-0.0001010848645370675,0.02682867107925016,0.64334199504072
36.4,0.86,0.7305611368026713,-9.953764002502302e-05,0.025386088898400144,0.6440484624636272
36.6,0.86,0.7303413759293337,-9.801408642294108e-05,0.023947107435823508,0.6447505632073878
36.800000000000004,0.86,0.7301249286382414,-9.651305240881834e-05,0.022511634398493966,0.6454483629686076
37.0,0.86,0.7299117480901949,-9.50352285604029e-05,0.02107961079851102,0.6461419264645718
37.2,0.86,0.729701775490165,-9.35786635952191e-05,0.019650931520053056,0.6468313156116113
37.4,0.86,0.7294949715758031,-9.214515533510127e-05,0.018225560182475332,0.647516592091695
37.6,0.86,0.7292912711424664,-9.073116228659864e-05,0.01680336298463837,0.6481978136829755
37.800000000000004,0.86,0.7290906490264115,-8.934005856738272e-05,0.015384348650764702,0.6488750390048986
38.0,0.86,0.7288930257684196,-8.796617131569673e-05,0.013968322709031845,0.6495483212640903
38.2,0.86,0.7286984052026076,-8.660945749820314e-05,0.012555382759347833,0.6502177123782222
38.400000000000006,0.86,0.7285066852856279,-8.527310313526436e-05,0.011145218107795925,0.650883264369229
38.6,0.86,0.7283179360385217,-8.388731408569188e-05,0.009738072296374939,0.6515449828063173
38.800000000000004,0.86,0.7281320815430754,-8.261400504670553e-05,0.008333514077145528,0.6522029756873187
39.0,0.86,0.7279493479039535,-8.065916755144645e-05,0.0069317082402386,0.652856835353069
39.2,0.86,0.727770360153916,-7.991973493754747e-05,0.0055331848180578585,0.6535073761848328
39.400000000000006,0.86,0.7275952651683659,-7.319530024895738e-05,0.004134190335836091,0.654150754498924
39.6,0.86,0.727432963458172,-7.824573572276402e-05,0.0027485781157522778,0.6547945436558285
39.800000000000004,0.86,0.7272714352060053,-4.887279188807771e-05,0.0013286013459478082,0.6554124686974818
40.0,0.86,0.7272714352060053,0.0,0.0,0.6554124686974818
0.0,0.88,1.0,0.0,0.6727504832041779,0.0
0.2,0.88,1.0400494640012372,-0.05531365910045237,0.6727504832041779,0.01071785875060432
0.4,0.88,1.0701006151449044,-0.037599516135797886,0.5726998839518859,0.02798560770493675
0.6000000000000001,0.88,1.0632651701175224,-0.03004819239082784,0.578686864585025,0.05041794864805459
0.8,0.88,1.0582054535682854,-0.02164920604526194,0.544051656171618,0.0735098714072559
1.0,0.88,1.043792362099498,-0.017416337845316907,0.5424223097833244,0.09706177641218793
1.2000000000000002,0.88,1.0315112734940322,-0.013996239208972363,0.5248185899380585,0.11989995220789607
1.4000000000000001,0.88,1.016603256664514,-0.011908881629055875,0.5189915481666293,0.1420482678890233
1.6,0.88,1.003066225639353,-0.010162818338891159,0.5072842520879148,0.1631100224043653
1.8,0.88,0.9890117876309833,-0.008933370906926058,0.5002341377219933,0.18314250523164435
2.0,0.88,0.9759654448997216,-0.007871201397612453,0.4911300068267447,0.20202992791089533
2.2,0.88,0.9631587512134852,-0.007052720940341316,0.4840073081064704,0.2198503067015342
2.4000000000000004,0.88,0.9511711312183128,-0.006337060697977796,0.4762529970638354,0.2366057891570233
2.6,0.88,0.9396684223632696,-0.005753656912376517,0.46942097237213376,0.2523785745531222
2.8000000000000003,0.88,0.9288555814086646,-0.005240768859988906,0.4624759177813739,0.26721462886446823
3.0,0.88,0.9185720617397075,-0.00480710702453072,0.45601579936222736,0.2811898513118702
3.2,0.88,0.9088758223080537,-0.0044237861841168544,0.4496223714679357,0.2943609792364005
3.4000000000000004,0.88,0.899679106780116,-0.004091528348049972,0.44352320120671324,0.30679365795999725
3.6,0.88,0.8909842697983775,-0.0037959017256196086,0.4375446390099725,0.31854221858570486
3.8000000000000003,0.88,0.8827363453422684,-0.0035350945018957133,0.43177049733827705,0.3296616862142849
4.0,0.88,0.8749185596573389,-0.0033013599882247635,0.426125532886983,0.3401996951187997
4.2,0.88,0.8674923326120993,-0.003092436080697132,0.42063803534202704,0.35020174176652585
4.4,0.88,0.860436023852676,-0.0029038405639390027,0.4152731403471493,0.3597081023830242
4.6000000000000005,0.88,0.8537203600833221,-0.0027335449463597047,0.4100380516973211,0.36875623019494075
4.800000000000001,0.88,0.8473241429657832,-0.002578763123159307,0.40491496257211645,0.3773796913408729
5.0,0.88,0.8412240961925358,-0.002437854096030342,0.3999034039210093,0.3856093354779037
5.2,0.88,0.8354012026557551,-0.0023089746375360653,0.3949931044534844,0.393473020866647
5.4,0.88,0.8298364515811131,-0.0021908475642286986,0.39018109417512425,0.4009962411422449
5.6000000000000005,0.88,0.8245133614096752,-0.002082190419731776,0.3854606624119732,0.40820214084575124
5.800000000000001,0.88,0.8194161574483484,-0.0019820212449639554,0.3808282815845721,0.4151118878089379
6.0,0.88,0.8145307453248626,-0.0018894122620730666,0.37627908659066944,0.42174478107416963
6.2,0.88,0.8098438999398229,-0.0018036083017241179,0.3718096789974381,0.42811849458928253
6.4,0.88,0.8053436141042525,-0.0017239178657848938,0.3674162616462679,0.4342492019436796
6.6000000000000005,0.88,0.801018715071493,-0.001649756523998077,0.36309577126951736,0.44015174833623133
6.800000000000001,0.88,0.7968589656848375,-0.0015805968709428691,0.35884510009808246,0.44583976569892475
7.0,0.88,0.7928548665610328,-0.001515982494731807,0.35466154930089144,0.4513258004862369
7.2,0.88,0.7889976631378884,-0.0014555037226156528,0.35054249847599983,0.45662141191649486
7.4,0.88,0.7852792320546474,-0.0013988005078594886,0.346485583359398,0.4617372700920385
7.6000000000000005,0.88,0.7816920557979671,-0.0013455498267391532,0.34248855144406537,0.4666832371331583
7.800000000000001,0.88,0.7782291499121875,-0.001295464741925591,0.3385493282717725,0.47146844403953825
8.0,0.88,0.7748840294657922,-0.0012482873034694894,0.3346659513771693,0.4761013567540715
8.200000000000001,0.88,0.7716506579608726,-0.0012037865712453998,0.3308365921000957,0.4805898371114146
8.4,0.88,0.7685234146203258,-0.0011617542751961249,0.32705952314631137,0.48494119632428695
8.6,0.88,0.7654970561215527,-0.0011220027974037242,0.3233331231236505,0.4891622436886523
8.8,0.88,0.7625666876135264,-0.0010843623190808236,0.31965585899845456,0.49325932981683235
9.0,0.88,0.759727732840548,-0.0010486790711554683,0.31602628433143315,0.4972383857681639
9.200000000000001,0.88,0.7569759094399691,-0.0010148133471973282,0.3124430286765851,0.5011049580164968
9.4,0.88,0.7543072050178196,-0.0009826380759312009,0.30890479387244596,0.5048642400287724
9.600000000000001,0.88,0.7517178564313348,-0.0009520373773036933,0.30541034692678626,0.5085211006119176
9.8,0.88,0.7492043303285432,-0.0009229054257403704,0.3019585160299359,0.5120801095151958
10.0,0.88,0.7467633058726982,-0.0008951453690076574,0.2985481853671106,0.5155455605008654
10.200000000000001,0.88,0.7443916587483145,-0.0008686684307073068,0.29517829143965346,0.5189214922187448
10.4,0.88,0.7420864467648703,-0.0008433930835958313,0.29184781906202784,0.522211707091734
10.600000000000001,0.88,0.7398448966109994,-0.0008192443417180197,0.28855579815184984,0.5254197884579642
10.8,0.88,0.7376643918326594,-0.0007961531186958681,0.285301300527869,0.5285491161496985
11.0,0.88,0.7355424617930751,-0.0007740556679981025,0.28208343717048123,0.531602880694492
11.200000000000001,0.88,0.733476771597479,-0.0007528930791422574,0.2789013556020123,0.5345840962867412
11.4,0.88,0.731465112837298,-0.0007326108331903125,0.2757542375663738,0.5374956126709923
11.600000000000001,0.88,0.7295053951080572,-0.0007131584036318593,0.2726412968535503,0.5403401260545069
11.8,0.88,0.7275956382049349,-0.0006944889015508282,0.26956177733530534,0.5431201891564041
12.0,0.88,0.7257339649456592,-0.0006765587569766232,0.26651495113869633,0.54583822048413
12.200000000000001,0.88,0.7239185945523007,-0.0006593274340136505,0.2635001169780023,0.5484965129179469
12.4,0.88,0.7221478365457795,-0.0006427571746135484,0.26051659860745247,0.5510972416721128
12.600000000000001,0.88,0.7204200851017959,-0.000626812768471604,0.25756374339753174,0.553642471692839
12.8,0.88,0.7187338138286428,-0.0006114613455516868,0.2546409210136781,0.5561341645443001
13.0,0.88,0.7170875709272363,-0.0005966721890093199,0.2517475221938239,0.5585741848272056
13.200000000000001,0.88,0.7154799747005633,-0.0005824165660046601,0.24888295761159743,0.5609643061680758
13.4,0.88,0.7139097093813107,-0.0005686675745566982,0.2460466568199331,0.563306216812335
13.600000000000001,0.88,0.7123755212508517,-0.0005554000045761524,0.24323806726615588,0.5656015248498895
13.8,0.88,0.7108762150247219,-0.0005425902115894969,0.2404566533733361,0.5678517630982983
14.0,0.88,0.7094106504827755,-0.0005302160017441112,0.23770189568145805,0.5700583936656606
14.200000000000001,0.88,0.7079777393240656,-0.0005182565269138902,0.23497329004384407,0.572222812212988
14.4,0.88,0.7065764422287276,-0.0005066921888229235,0.23227034687397227,0.5743463519339086
14.600000000000001,0.88,0.7052057661107538,-0.0004955045512606449,0.22959259043886943,0.5764302872680767
14.8,0.88,0.703864761547202,-0.00048467625955180466,0.2269395581953403,0.5784758373635025
15.0,0.88,0.7025525203707252,-0.00047419096655248934,0.2243108001659002,0.580484169302137
15.200000000000001,0.88,0.7012681734135888,-0.00046403326452353847,0.22170587835147454,0.5824564011023727
15.4,0.88,0.7000108883923838,-0.0004541886223129719,0.2191243661783258,0.5843936045116107
15.600000000000001,0.88,0.6987798679236659,-0.0004446433273393693,0.21656584797686182,0.5862968076016262
15.8,0.88,0.6975743476615726,-0.00043538443193042435,0.21402991849025865,0.5881669971791413
16.0,0.88,0.6963935945492371,-0.00042639970362063685,0.21151618241100995,0.5900051210237045
16.2,0.88,0.6952369051765075,-0.00041767757905837957,0.2090242539437086,0.5918120899646682
16.400000000000002,0.88,0.6941036042370416,-0.00040920712120940495,0.20655375639248544,0.5935887798087709
16.6,0.88,0.6929930430784118,-0.00040097797958036724,0.20410432177171084,0.5953360331294806
16.8,0.88,0.6919045983392937,-0.00039298035321715243,0.20167559043864625,0.5970546609288752
17.0,0.88,0.6908376706682521,-0.0003852049562563896,0.19926721074682616,0.5987454441824357
17.2,0.88,0.6897916835189971,-0.00037764298583343856,0.19687883871907544,0.6004091352766358
17.400000000000002,0.88,0.6887660820173318,-0.0003702860921701345,0.19451013773908585,0.602046459348743
17.6,0.88,0.6877603318953117,-0.00036312635068269785,0.19216077826057257,0.6036581155376682
17.8,0.88,0.6867739184884165,-0.00035615623596427774,0.1898304375330868,0.6052447781541342
18.0,0.88,0.6858063457917769,-0.00034936859751237505,0.1875187993435681,0.6068070977778542
18.2,0.88,0.6848571355717661,-0.00034275663707944074,0.1852255537728132,0.6083457022887592
18.400000000000002,0.88,0.6839258265294302,-0.00033631388753723585,0.18295039696603402,0.6098611978387349
18.6,0.88,0.6830119735124969,-0.00033003419315318495,0.1806930309167246,0.6113541697696813
18.8,0.88,0.682115146772833,-0.00032391169118448955,0.17845316326309105,0.6128251834831135
19.0,0.88,0.6812349312664485,-0.000317940794703242,0.1762305070963066,0.6142747852659484
19.200000000000003,0.88,0.6803709259932886,-0.00031211617656978216,0.17402478077991826,0.6157035030765493
19.400000000000002,0.88,0.6795227433742276,-0.0003064327544793432,0.1718357077797089,0.6171118472945738
19.6,0.88,0.678690008662833,-0.00030088567700949694,0.16966301650338697,0.6185003114376928
19.8,0.88,0.6778723593896085,-0.00029547031060184295,0.16750644014947597,0.6198693728477924
20.0,0.88,0.6770694448365895,-0.000290182227415089,0.1653657165648096,0.6212194933488574
20.200000000000003,0.88,0.6762809255402588,-0.0002850171939894336,0.16324058811006553,0.622551119878381
20.400000000000002,0.88,0.6755064728209337,-0.00027997116066691424,0.16113080153279308,0.6238646850938318
20.6,0.88,0.6747457683368459,-0.00027504025171539033,0.1590361078474123,0.6251606079554087
20.8,0.88,0.6739985036612965,-0.00027022075610630636,0.15695626222169412,0.6264392942861143
21.0,0.88,0.6732643798813517,-0.0002655091188999072,0.15489102386925646,0.6277011373099658
21.200000000000003,0.88,0.6725431072166718,-0.0002609019331941528,0.15284015594763328,0.6289465181690052
21.400000000000002,0.88,0.6718344046571573,-0.00025639593259677224,0.15080342546149658,0.6301758064196611
21.6,0.88,0.6711379996181941,-0.000251987984181952,0.14878060317064112,0.63138936050892
21.8,0.88,0.6704536276123706,-0.0002476750818951267,0.1467714635023642,0.632587528230701
22.0,0.88,0.669781031936636,-0.00024345434037335343,0.144775784467903,0.6337706471627951
22.200000000000003,0.88,0.6691199633739238,-0.00023932298914865167,0.1427933475826078,0.6349390450847113
22.400000000000002,0.88,0.6684701799083729,-0.0002352783672061721,0.14082393778955157,0.6360930403767716
22.6,0.88,0.667831446453325,-0.00023131791786950578,0.13886734338631343,0.6372329424008124
22.8,0.88,0.6672035345913507,-0.00022743918398733046,0.13692335595467842,0.6383590518628756
23.0,0.88,0.6665862223256236,-0.00022363980339898783,0.13499177029302706,0.6394716611582951
23.200000000000003,0.88,0.665979293842005,-0.0002199175046569629,0.13307238435120736,0.6405710546996394
23.400000000000002,0.88,0.6653825392812641,-0.00021627010298550341,0.1311649991676997,0.6416575092279831
23.6,0.88,0.6647957545209112,-0.00021269549645890667,0.12926941880890414,0.6427312941080514
23.8,0.88,0.6642187409661376,-0.00020919166238000513,0.1273854503103995,0.6437926716077866
24.0,0.88,0.6636513053494382,-0.00020575665384528935,0.1255129036200296,0.644841897162948
24.200000000000003,0.88,0.6630932595384874,-0.00020238859648268357,0.12365159154270261,0.645879219627369
24.400000000000002,0.88,0.6625444203518975,-0.0001990856853470839,0.1218013296867935,0.6469048815095295
24.6,0.88,0.6620046093825098,-0.00019584618196404852,0.1199619364120527,0.6479191191961226
24.8,0.88,0.6614736528278896,-0.00019266841151050867,0.1181332327789381,0.6489221631633035
25.0,0.88,0.6609513813277285,-0.00018955076012259662,0.11631504249929288,0.6499142381763224
25.200000000000003,0.88,0.6604376298078725,-0.00018649167232176415,0.11450719188830887,0.6508955634782423
25.400000000000002,0.88,0.6599322373307146,-0.00018348964855215843,0.11270950981772221,0.6518663529684395
25.6,0.88,0.6594350469517001,-0.0001805432428225671,0.11092182767017954,0.6528268153715756
25.8,0.88,0.65894590558172,-0.00017765106044548181,0.10914397929473889,0.6537771543977194
26.0,0.88,0.658464663855164,-0.00017481175586839357,0.10737580096347432,0.6547175688942659
26.200000000000003,0.88,0.6579911760034313,-0.00017202403059359735,0.10561713132912655,0.6556482529902845
26.400000000000002,0.88,0.6575252997336849,-0.00016928663118070006,0.10386781138379259,0.656569396233906
26.6,0.88,0.6570668961126716,-0.00016659834732822183,0.10212768441861172,0.6574811837233122
26.8,0.88,0.6566158294554038,-0.00016395801003194732,0.10039659598441675,0.658383796231869
27.0,0.88,0.656171967218537,-0.00016136448981555275,0.09867439385333927,0.6592774103279063
27.200000000000003,0.88,0.6557351798982505,-0.0001588166950325098,0.09696092798132341,0.660162198489611
27.400000000000002,0.88,0.6553053409324738,-0.00015631357023563643,0.09525605047153732,0.6610383292154566
27.6,0.88,0.6548823266072741,-0.000153854094612947,0.09355961553864746,0.661905967130563
27.8,0.88,0.6544660159672517,-0.00015143728048794676,0.09187147947393896,0.6627652730893334
28.0,0.88,0.6540562907297705,-0.000149062171882079,0.09019150061122994,0.6636164042746826
28.200000000000003,0.88,0.6536530352028705,-0.0001467278431385959,0.08851953929357957,0.6644595142941334
28.400000000000002,0.88,0.6532561362066956,-0.0001444333976058307,0.08685545784074518,0.6652947532730207
28.6,0.88,0.6528654829982949,-0.0001421779663797746,0.08519912051735654,0.6661222679450016
28.8,0.88,0.6524809671996208,-0.00013996070710121675,0.0835503935017593,0.6669422017400608
29.0,0.88,0.65210248272861,-0.00013778080281168041,0.08190914485554537,0.6677546948701386
29.200000000000003,0.88,0.6517299257331571,-0.00013563746086058638,0.08027524449364316,0.6685598844125011
29.400000000000002,0.88,0.6513631945278839,-0.0001335299118691658,0.07864856415505854,0.6693579043909484
29.6,0.88,0.6510021895335082,-0.00013145740874094324,0.0770289773740552,0.6701488858549153
29.8,0.88,0.6506468132187478,-0.00012941922573019767,0.07541635945198026,0.6709329569565166
30.0,0.88,0.650296970044526,-0.00012741465754703026,0.0738105874293384,0.6717102430255566
30.200000000000003,0.88,0.6499525664105025,-0.00012544301852751425,0.0722115400586137,0.6724808666425222
30.400000000000002,0.88,0.64961351060357,-0.00012350364182435792,0.07061909777700479,0.6732449477095362
30.6,0.88,0.6492797127485518,-0.00012159587867801894,0.06903314268018895,0.6740026035192848
30.8,0.88,0.6489510847604668,-0.00011971909767516766,0.0674535584954132,0.674753948821852
31.0,0.88,0.6486275402990036,-0.00011787268412781413,0.06588023055629258,0.6754990958894906
31.200000000000003,0.88,0.6483089947240169,-0.00011605603937507876,0.06431304577576281,0.6762381545792016
31.400000000000002,0.88,0.6479953650535216,-0.0001142685802877895,0.06275189262226633,0.6769712323932091
31.6,0.88,0.6476865699218013,-0.0001125097385668491,0.061196661091735174,0.6776984345371094
31.8,0.88,0.6473825295408736,-0.00011077896042308431,0.05964724268604888,0.6784198639759162
32.0,0.88,0.6470831656604062,-0.00010907570578113894,0.05810353038245915,0.6791356214875653
32.2,0.88,0.6467884015330008,-0.00010739944824618829,0.05656541861634021,0.679845805714426
32.4,0.88,0.646498161874647,-0.00010574967403204325,0.05503280324486706,0.680550513211929
32.6,0.88,0.6462123728349496,-0.0001041258824568825,0.053505581538442426,0.6812498384955321
32.800000000000004,0.88,0.6459309619558413,-0.0001025275842260028,0.051983652132074995,0.6819438740841763
33.0,0.88,0.6456538581494541,-0.00010095430297243942,0.05046691503476254,0.6826327105428598
33.2,0.88,0.6453809916506333,-9.940557212951656e-05,0.0489552715549941,0.6833164365204898
33.4,0.88,0.645112294008406,-9.7880938603962e-05,0.04744862434757827,0.6839951387885429
33.6,0.88,0.6448476980232412,-9.637995664679506e-05,0.045946877284961524,0.6846689022725321
33.800000000000004,0.88,0.6445871377647994,-9.490219594720702e-05,0.044449935582361655,0.6853378100878674
34.0,0.88,0.6443305484752451,-9.344722917476134e-05,0.04295770555573517,0.6860019435633815
34.2,0.88,0.6440778666400002,-9.201464929035009e-05,0.04147009491072984,0.6866613822767592
34.4,0.88,0.6438290298181529,-9.06040438118223e-05,0.03998701226359221,0.6873162040668997
34.6,0.88,0.6435839768223187,-8.921503137859272e-05,0.0385083677728807,0.6879664850738272
34.800000000000004,0.88,0.6433426473947732,-8.784720821019416e-05,0.037034072164464374,0.6886122997331279
35.0,0.88,0.6431049826139347,-8.650022493518173e-05,0.0355640380804777,0.6892537208305137
35.2,0.88,0.6428709242460253,-8.51736748413214e-05,0.03409817806667517,0.6898908194641019
35.4,0.88,0.6426404156242776,-8.38672549364325e-05,0.03263640742248378,0.6905236651347001
35.6,0.88,0.6424134003198773,-8.258053238197904e-05,0.031178640016563796,0.6911523256460967
35.800000000000004,0.88,0.6421898240092823,-8.131328178926648e-05,0.029724794279202785,0.6917768672747664
36.0,0.88,0.6419696317184982,-8.006499672928245e-05,0.02827478447103036,0.6923973545457539
36.2,0.88,0.6417527717580819,-7.883559575039269e-05,0.026828533255093028,0.6930138505725885
36.4,0.88,0.6415391899783109,-7.762440053521798e-05,0.02538595344388023,0.6936264165784257
36.6,0.88,0.6413288380338629,-7.643161266607805e-05,0.023946974351563004,0.6942351125945265
36.800000000000004,0.88,0.6411216613774562,-7.525617774127207e-05,0.022511503597966588,0.6948399964556722
37.0,0.88,0.6409176165941912,-7.409886547375739e-05,0.021079482322340876,0.6954411252436907
37.2,0.88,0.6407166462888482,-7.295782753088777e-05,0.019650805226918346,0.6960385532036888
37.4,0.88,0.6405187154133467,-7.183493459658051e-05,0.018225436189768063,0.6966323346824909
37.6,0.88,0.6403237588259555,-7.072677528189021e-05,0.016803241042910855,0.6972225199383509
37.800000000000004,0.88,0.6401317572484125,-6.96368354761767e-05,0.015384228986908164,0.697809160607094
38.0,0.88,0.63994262884757,-6.855969684880273e-05,0.013968204938175367,0.6983923025813731
38.2,0.88,0.6397563861161795,-6.749589420371138e-05,0.012555266871842661,0.6989719910708778
38.400000000000006,0.88,0.6395729222670633,-6.644948767880852e-05,0.011145104426361876,0.6995482722660957
38.6,0.88,0.6393923136999751,-6.535533448035174e-05,0.009737955950896975,0.7001211430587736
38.800000000000004,0.88,0.6392145007965373,-6.437872970302539e-05,0.008333407142415782,0.7006907201286577
39.0,0.88,0.6390396307130655,-6.27651376182567e-05,0.006931555239928618,0.7012565596610263
39.2,0.88,0.6388686324645733,-6.240456551669671e-05,0.005533123582353669,0.7018196112154059
39.400000000000006,0.88,0.6387005959103538,-5.648127114395664e-05,0.004133721063759302,0.7023757748814411
39.6,0.88,0.6385470909940285,-6.219236051691407e-05,0.00274896187766183,0.7029336133368855
39.800000000000004,0.88,0.6383849475881845,-4.028540466594558e-05,0.0013268932423891975,0.7034685519047227
40.0,0.88,0.6383849475881845,0.0,0.0,0.7034685519047227
0.0,0.9,1.0,0.0,0.6786886763035218,0.0
0.2,0.9,1.031151642916247,-0.05853713547848193,0.6786886763035218,0.024157050489167
0.4,0.9,1.0491803759673486,-0.03797879197699641,0.5707563870788067,0.05750665376685793
0.6000000000000001,0.9,1.0251720773992232,-0.028975338956690775,0.5779317063598746,0.09575622557259647
0.8,0.9,1.0064028269299539,-0.02005943166542423,0.5432400347774576,0.13141076618174516
1.0,0.9,0.9800076681055825,-0.015648464867835218,0.5420575382647628,0.1650267071405777
1.2000000000000002,0.9,0.9585201009761618,-0.012203704034519279,0.5245340478609468,0.19549795478180262
1.4000000000000001,0.9,0.9360612502650683,-0.010161142763626797,0.5188368302478342,0.223479541438518
1.6,0.9,0.9167340375292939,-0.008489565425173599,0.5071568410553617,0.24885625491872496
1.8,0.9,0.8980273070516432,-0.007350549790983175,0.500151801669817,0.2720727695937327
2.0,0.9,0.8813978697847038,-0.006382587439903278,0.4910587253410511,0.2932336434622826
2.2,0.9,0.8657377451692486,-0.005657959315476155,0.4839550782458524,0.3126443725502654
2.4000000000000004,0.9,0.8515413489755558,-0.005032131854916649,0.4762069264581921,0.33045138225673704
2.6,0.9,0.8382905840160199,-0.004533273132508404,0.46938430119572844,0.3468684232268133
2.8000000000000003,0.9,0.8261232859922445,-0.004098943910810382,0.4624433483973792,0.3620306534677656
3.0,0.9,0.8147778334569886,-0.0037377371109416488,0.4559884588861764,0.37609022786097407
3.2,0.9,0.8042650470289189,-0.003421009856905916,0.4495979435368568,0.38915806509205536
3.4000000000000004,0.9,0.7944399632351947,-0.003149784212754502,0.4435019737148744,0.40134455974771505
3.6,0.9,0.7852731354365056,-0.0029100937876858812,0.43752553318009174,0.4127369549237174
3.8000000000000003,0.9,0.7766760203558387,-0.0027005292665538286,0.4317535053673316,0.4234169703092366
4.0,0.9,0.7686106404994645,-0.002513800929089446,0.4261101146631599,0.43345238016085247
4.2,0.9,0.7610179675131526,-0.002348030954081012,0.4206240990364693,0.4429048685701276
4.4,0.9,0.7538622116256066,-0.0021991247919693137,0.4152603926404638,0.4518271492628689
4.6000000000000005,0.9,0.7471012185167542,-0.002065382928514577,0.41002639168546745,0.4602666259538766
4.800000000000001,0.9,0.7407042835029782,-0.0019443322369735894,0.4049042170925291,0.46826460291644106
5.0,0.9,0.7346397755908631,-0.0018346010319472768,0.399893485478422,0.4758581008523475
5.2,0.9,0.7288822300185774,-0.0017345945422183075,0.39498390265253464,0.4830798084776735
5.4,0.9,0.7234070837868966,-0.0016432520155849032,0.3901725387835334,0.4899590562570999
5.6000000000000005,0.9,0.718193437021567,-0.0015594875556127017,0.385452678383557,0.4965219949841081
5.800000000000001,0.9,0.7132217517741828,-0.001482492104441339,0.38082081403020923,0.5027921638128224
6.0,0.9,0.7084748757575365,-0.0014114937887177285,0.3762720818741814,0.5087907093957622
6.2,0.9,0.7039369931052515,-0.0013458756325420756,0.3718030944541316,0.5145367445681683
6.4,0.9,0.6995939615495618,-0.0012850704586749916,0.36741005746422667,0.5200475472602784
6.6000000000000005,0.9,0.6954328034418971,-0.0012286047166525178,0.3630899141399512,0.5253388024154642
6.800000000000001,0.9,0.6914417802821553,-0.0011760507912707448,0.358839559614227,0.5304247661859486
7.0,0.9,0.6876101245980715,-0.0011270417327257805,0.3546562992257277,0.5353184374526602
7.2,0.9,0.683928020929476,-0.001081248534851276,0.350537515068027,0.540031688483581
7.4,0.9,0.6803864504380286,-0.0010383837941502492,0.3464808457293071,0.5445753909616942
7.6000000000000005,0.9,0.6769771442845783,-0.00099819016143948,0.3424840407245834,0.5489595185576219
7.800000000000001,0.9,0.6736924846968562,-0.0009604400808885528,0.3385450276447684,0.5531932418637068
8.0,0.9,0.6705254552488276,-0.0009249294485756693,0.3346618456278545,0.5572850086586795
8.200000000000001,0.9,0.6674695726938102,-0.0008914761921986587,0.3308326675396091,0.5612426166742942
8.4,0.9,0.6645188422957647,-0.000859916493079901,0.3270557673506281,0.5650732764995271
8.6,0.9,0.661667708028155,-0.0008301032161561286,0.3233295248351749,0.5687836680617463
8.8,0.9,0.6589110148650927,-0.0008019034831710393,0.3196524079600525,0.5723799901113358
9.0,0.9,0.6562439709099447,-0.0007751972795342404,0.31602297119531436,0.5758680044903729
9.200000000000001,0.9,0.6536621163421984,-0.0007498757959679967,0.3124398448913761,0.5792530752555937
9.4,0.9,0.6511612938402492,-0.0007258402835874432,0.3089017316067725,0.5825402036656974
9.600000000000001,0.9,0.648737623232175,-0.000703000866585922,0.305407398988394,0.5857340592988576
9.8,0.9,0.6463874779759089,-0.000681275629809029,0.301955675804017,0.5888390079288678
10.0,0.9,0.6441074644903234,-0.0006605897397915165,0.29854544675621936,0.5918591364532703
10.200000000000001,0.9,0.6418944032096033,-0.0006408747258171229,0.2951756488146309,0.5947982752959058
10.4,0.9,0.6397453116868895,-0.0006220678136747793,0.2918452672161881,0.5976600185469092
10.600000000000001,0.9,0.6376573891804951,-0.0006041113604427542,0.28855333226203767,0.6004477421396819
10.8,0.9,0.6356280027794489,-0.0005869523408553417,0.2852989161188565,0.6031646202822378
11.0,0.9,0.633654674758021,-0.0005705419019781684,0.28208113008397395,0.6058136403617723
11.200000000000001,0.9,0.6317350711202652,-0.0005548349621923552,0.2788991219685671,0.6083976164946762
11.4,0.9,0.6298669911477407,-0.0005397898588244087,0.27575207378058336,0.6109192018839485
11.600000000000001,0.9,0.6280483578846151,-0.0005253680319183441,0.2726391995516211,0.6133809001168545
11.8,0.9,0.6262772094373671,-0.0005115337439285356,0.26955974337504,0.6157850755229948
12.0,0.9,0.6245516910224245,-0.0004982538282484366,0.26651297758139575,0.6181339626934066
12.200000000000001,0.9,0.6228700476752678,-0.000485497464913206,0.2634982010721901,0.6204296752497112
12.4,0.9,0.6212306175621137,-0.0004732359791008398,0.2605147377741237,0.6226742139386549
12.600000000000001,0.9,0.6196318258302894,-0.00046144266052304105,0.2575619352168107,0.6248694741179087
12.8,0.9,0.6180721789480599,-0.00045009260079182636,0.25463916321268787,0.627017252689347
13.0,0.9,0.6165502594852125,-0.0004391625470221579,0.251745812635662,0.6291192545287542
13.200000000000001,0.9,0.615064721294246,-0.00042863076961589206,0.2488812942852805,0.6311770984541428
13.4,0.9,0.6136142850543058,-0.0004184769427678052,0.24604503783121928,0.6331923227695897
13.600000000000001,0.9,0.6121977341454684,-0.0004086820361868338,0.24323649082914883,0.6351663904168219
13.8,0.9,0.6108139108235682,-0.00039922821685366405,0.24045511780279274,0.6371006937631037
14.0,0.9,0.6094617126695174,-0.0003900987596832619,0.2377003993857333,0.6389965590508466
14.200000000000001,0.9,0.6081400892894209,-0.0003812779661551731,0.2349718315184061,0.6408552505318882
14.4,0.9,0.6068480392445192,-0.0003727510900491283,0.23226892469543867,0.642677974307328
14.600000000000001,0.9,0.6055846071919782,-0.000364504269549404,0.22959120325951482,0.6444658818921911
14.8,0.9,0.6043488812195688,-0.00035652446505312447,0.22693820473803009,0.6462200735228663
15.0,0.9,0.6031399903588966,-0.00034879940210511023,0.22430947921941807,0.6479416012241833
15.200000000000001,0.9,0.6019571022634127,-0.0003413175189441889,0.22170458876620508,0.6496314716521202
15.4,0.9,0.6007994210386811,-0.00033406791820890817,0.21912310686226333,0.651290648727378
15.600000000000001,0.9,0.5996661852136108,-0.0003270403224024757,0.21656461789192066,0.6529200560744116
15.8,0.9,0.5985566658423569,-0.0003202250327605465,0.21402871664885573,0.6545205792798924
16.0,0.9,0.5974701647275332,-0.0003136128912097553,0.2115150078729032,0.656093067984036
16.2,0.9,0.5964060127561697,-0.00030719524513875697,0.20902310581306538,0.6576383378176517
16.400000000000002,0.9,0.5953635683405766,-0.00030096391473350515,0.20655263381516673,0.6591571721972057
16.6,0.9,0.5943422159569288,-0.0002949111626577358,0.20410322393275399,0.6606503239896112
16.8,0.9,0.5933413647749151,-0.00028902966588449696,0.20167451655992863,0.6621185170578622
17.0,0.9,0.59236044737235,-0.00028331248950173296,0.1992661600848985,0.663562447697963
17.2,0.9,0.5913989185290631,-0.00027775306233797804,0.19687781056314982,0.6649827859770039
17.400000000000002,0.9,0.5904562540948143,-0.00027234515426685825,0.19450913140916773,0.6663801769815122
17.6,0.9,0.5895319499263338,-0.0002670828550645544,0.19215979310572473,0.6677552419845684
17.8,0.9,0.5886255208889362,-0.0002619605547055938,0.18982947292981653,0.6691085795394499
18.0,0.9,0.5877364999184486,-0.00025697292499471256,0.18751785469432505,0.6704407665069237
18.2,0.9,0.5868644371394903,-0.00025211490243927837,0.18522462850459315,0.6717523590225846
18.400000000000002,0.9,0.5860088990363721,-0.00024738167227601873,0.18294949052907672,0.6730438934100283
18.6,0.9,0.5851694676731628,-0.00024276865357307373,0.1806921427833004,0.6743158870449864
18.8,0.9,0.5843457399596428,-0.0002382714853338754,0.17845229292636844,0.675568839174953
19.0,0.9,0.5835373269601213,-0.00023388601353521417,0.176229654069294,0.6768032316982889
19.200000000000003,0.9,0.5827438532422489,-0.00022960827903569032,0.17402394459447454,0.6780195299062415
19.400000000000002,0.9,0.5819649562631675,-0.00022543450629678894,0.17183488798561733,0.679218183190852
19.6,0.9,0.5812002857904968,-0.00022136109286063267,0.16966221266748632,0.6803996257212933
19.8,0.9,0.5804495033558303,-0.00021738459953342894,0.16750565185484498,0.6815642770907752
20.0,0.9,0.5797122817385566,-0.0002135017412271812,0.16536494341000155,0.6827125429358377
20.200000000000003,0.9,0.5789883044779757,-0.0002097093784125137,0.1632398297083863,0.6838448155295337
20.400000000000002,0.9,0.5782772654118189,-0.00020600450914269285,0.16113005751162146,0.6849614743497718
20.6,0.9,0.5775788682394108,-0.00020238426160720699,0.15903537784755828,0.6860628866238656
20.8,0.9,0.5768928261078248,-0.00019884588717838933,0.1569555458967931,0.6871494078501728
21.0,0.9,0.5762188612195128,-0.00019538675391561047,0.15489032088519508,0.688221382297572
21.200000000000003,0.9,0.5755567044600031,-0.000192004340495007,0.1528394659820059,0.6892791434834179
21.400000000000002,0.9,0.5749060950443455,-0.00018869623053294413,0.15080274820308898,0.6903230146305454
21.6,0.9,0.5742667801810947,-0.00018546010727583034,0.14877993831894132,0.6913533091038455
21.8,0.9,0.5736385147527144,-0.0001822937486275071,0.14677081076709572,0.6923703308268948
22.0,0.9,0.57302106101136,-0.000179195022491106,0.1447751435685824,0.6933743746791239
22.200000000000003,0.9,0.572414188289086,-0.00017616188240020958,0.14279271824812156,0.694365726874012
22.400000000000002,0.9,0.5718176727216033,-0.00017319236341864077,0.14082331975775392,0.6953446653187855
22.6,0.9,0.5712312969847588,-0.0001702845782880395,0.13886673640364278,0.6963114599561532
22.8,0.9,0.5706548500430066,-0.00016743671380391897,0.13692275977579027,0.6972663730886101
23.0,0.9,0.5700881269091718,-0.0001646470274035532,0.13499118468044444,0.698209659685884
23.200000000000003,0.9,0.5695309284148736,-0.00016191384394882363,0.133071809074987,0.6991415676761203
23.400000000000002,0.9,0.5689830609910338,-0.00015923555268933386,0.13116443400511268,0.7000623382214325
23.6,0.9,0.5684443364579217,-0.00015661060439198707,0.12926886354413203,0.7009722059784745
23.8,0.9,0.5679145718242505,-0.00015403750862373112,0.1273849047342427,0.7018713993447087
24.0,0.9,0.5673935890948681,-0.00015151483117637875,0.12551236752963013,0.7027601406910506
24.200000000000003,0.9,0.5668812150866165,-0.00014904119162305023,0.12365106474127902,0.7036386465816129
24.400000000000002,0.9,0.5663772812519793,-0.00014661526099550215,0.12180081198338806,0.7045071279812414
24.6,0.9,0.5658816235101531,-0.00014423575957394583,0.11996142762129046,0.7053657904515701
24.8,0.9,0.5653940820852117,-0.00014190145478186667,0.11813273272079683,0.7062148343362964
25.0,0.9,0.5649145013510467,-0.0001396111591774427,0.11631455099888437,0.7070544549363738
25.200000000000003,0.9,0.5644427296828004,-0.00013736372853565503,0.11450670877567057,0.707884842675812
25.400000000000002,0.9,0.5639786193145216,-0.00013515806001451893,0.11270903492761918,0.7087061832587527
25.6,0.9,0.5635220262027801,-0.00013299309040110333,0.11092136084191549,0.7095186578184514
25.8,0.9,0.5630728098960058,-0.00013086779443128078,0.10914352037197739,0.7103224430587975
26.0,0.9,0.5626308334093271,-0.00012878118317910154,0.10737534979406856,0.7111177113889496
26.200000000000003,0.9,0.5621959631046841,-0.00012673230251319438,0.10561668776495792,0.7119046310516369
26.400000000000002,0.9,0.5617680685760156,-0.0001247202316156114,0.10386737528061771,0.7126833662456546
26.6,0.9,0.5613470225393222,-0.00012274408155979222,0.1021272556359171,0.7134540772430329
26.8,0.9,0.5609327007274105,-0.00012080299394629665,0.10039617438528117,0.7142169205013214
27.0,0.9,0.560524981789138,-0.00011889613959239723,0.09867397930430334,0.7149720487714057
27.200000000000003,0.9,0.5601237471929836,-0.00011702271727500815,0.09696052035226639,0.7157196112012293
27.400000000000002,0.9,0.5597288811347603,-0.00011518195252361892,0.0952556496355596,0.7164597534357393
27.6,0.9,0.5593402704493148,-0.00011337309646252803,0.09355922137196053,0.7171926177133846
27.8,0.9,0.558957804526041,-0.00011159542470079698,0.09187109185576012,0.7179183429593992
28.0,0.9,0.5585813752280498,-0.0001098482362680721,0.09019111942368249,0.7186370648761282
28.200000000000003,0.9,0.5582108768148396,-0.00010813085259553125,0.08851916442159932,0.7193489160305779
28.400000000000002,0.9,0.5578462058683145,-0.0001064426165407044,0.08685508917199045,0.7200540259393723
28.6,0.9,0.5574872612219931,-0.00010478289145584984,0.0851987579421238,0.7207525211512457
28.8,0.9,0.5571339438932702,-0.00010315106029629263,0.0835500369129019,0.7214445253272013
29.0,0.9,0.55678615701859,-0.00010154652477234855,0.0819087941483974,0.7221301593184167
29.200000000000003,0.9,0.5564438057913667,-9.996870453804198e-05,0.08027489956594597,0.7228095412419733
29.400000000000002,0.9,0.556106797402563,-9.841703642269571e-05,0.07864822490689151,0.7234827865544647
29.6,0.9,0.5557750409837208,-9.689097369507092e-05,0.07702864370776856,0.7241500081235153
29.8,0.9,0.5554484475524184,-9.538998537233736e-05,0.0754160312721318,0.7248113162972345
30.0,0.9,0.5551269299598829,-9.391355555308543e-05,0.07381026464263218,0.7254668189716091
30.200000000000003,0.9,0.5548104028408457,-9.24611828021095e-05,0.07221122257384187,0.7261166216558523
30.400000000000002,0.9,0.5544987825652241,-9.103237954480397e-05,0.0706187855049903,0.7267608275356625
30.6,0.9,0.5541919871919433,-8.962667152927668e-05,0.06903283553373246,0.727399537534433
30.8,0.9,0.5538899364241835,-8.8243597266532e-05,0.067453256389239,0.7280328503723156
31.0,0.9,0.5535925515668304,-8.688270757831715e-05,0.06587993340700031,0.728660862623219
31.200000000000003,0.9,0.5532997554847451,-8.554356506182782e-05,0.06431275350177461,0.7292836687695773
31.400000000000002,0.9,0.5530114725636436,-8.422574374157953e-05,0.06275160514378504,0.7299013612550428
31.6,0.9,0.5527276286707529,-8.292882851512836e-05,0.061196378330689694,0.7305140305348456
31.8,0.9,0.5524481511191508,-8.165241495984978e-05,0.05964696456606141,0.7311217651241202
32.0,0.9,0.5521729686299403,-8.039610867379467e-05,0.05810325682878402,0.7317246516437103
32.2,0.9,0.5519020113005446,-7.915952534583547e-05,0.05656514955584691,0.7323227748641205
32.4,0.9,0.5516352105669451,-7.794228981963714e-05,0.055032538605962064,0.7329162177466064
32.6,0.9,0.5513724991773612,-7.674403666279976e-05,0.05350532125108189,0.7335050614828348
32.800000000000004,0.9,0.5511138111518779,-7.55644085987891e-05,0.05198339612764886,0.7340893855310409
33.0,0.9,0.5508590817648009,-7.440305807462299e-05,0.05046666324616769,0.7346692676516684
33.2,0.9,0.5506082474963944,-7.325964432490086e-05,0.04895502391643591,0.7352447839381886
33.4,0.9,0.5503612460310705,-7.213383698837732e-05,0.047448380794767396,0.7358160088493494
33.6,0.9,0.550118016190449,-7.10253102713638e-05,0.04594663775474165,0.7363830152338595
33.800000000000004,0.9,0.5498784979626091,-6.993375082043945e-05,0.044449700013163035,0.7369458743605642
34.0,0.9,0.5496426323940776,-6.88588457794782e-05,0.04295747388683557,0.7375046559352982
34.2,0.9,0.5494103616822293,-6.780029954300702e-05,0.041469867083243135,0.7380594281317071
34.4,0.9,0.5491816289795152,-6.675780901002234e-05,0.03998678821896059,0.7386102575966771
34.6,0.9,0.5489563786162796,-6.57310988952383e-05,0.038508147454979616,0.7391572094873661
34.800000000000004,0.9,0.5487345557197135,-6.471987017261729e-05,0.03703385551648507,0.7397003474575997
35.0,0.9,0.5485161067079621,-6.372387419797273e-05,0.03556382504936548,0.7402397337125846
35.2,0.9,0.5483009785198018,-6.27428050400009e-05,0.034097968596641125,0.7407754289602398
35.4,0.9,0.5480891196750336,-6.17764547922265e-05,0.03263620146432395,0.741307492507309
35.6,0.9,0.5478804786879182,-6.082448848699298e-05,0.031178437514114653,0.7418359821419926
35.800000000000004,0.9,0.5476750063115395,-5.9886769265930106e-05,0.02972459518887354,0.7423609543206786
36.0,0.9,0.5474726522410565,-5.896288760464711e-05,0.028274588733485616,0.7428824639115049
36.2,0.9,0.5472733698356839,-5.805284183261898e-05,0.026828340836159953,0.7434005645739706
36.4,0.9,0.547077109239645,-5.7156053396251375e-05,0.025385764275311473,0.7439153082165508
36.6,0.9,0.5468838272916412,-5.6272790125878976e-05,0.0239467884166397,0.744426745781401
36.800000000000004,0.9,0.5466934731433956,-5.540210816316993e-05,0.022511320807659524,0.7449349261108026
37.0,0.9,0.5465060090322879,-5.454482040580388e-05,0.021079302693915357,0.7454398975727334
37.2,0.9,0.5463213802023231,-5.3699217159544906e-05,0.01965062862641336,0.7459417057134076
37.4,0.9,0.5461395584030878,-5.2867175244407345e-05,0.018225262699395613,0.7464403965720261
37.6,0.9,0.545960479121937,-5.2045491187004855e-05,0.016803070440250416,0.746936011966463
37.800000000000004,0.9,0.5457841323139656,-5.1237641682617616e-05,0.015384061448881504,0.7474285956913864
38.0,0.9,0.5456104330814908,-5.043859133723999e-05,0.013968040137945236,0.7479181855284557
38.2,0.9,0.5454394071122078,-4.964932432449563e-05,0.012555104810935384,0.7484048192834127
38.400000000000006,0.9,0.5452709405238352,-4.8874644048767056e-05,0.011144945424950072,0.7488885367445
38.6,0.9,0.5451051187237096,-4.805497649696195e-05,0.009737796116161214,0.7493693259152691
38.800000000000004,0.9,0.5449419022995712,-4.735478188145028e-05,0.008333256971936752,0.7498473124663936
39.0,0.9,0.5447813174298043,-4.6072233090918666e-05,0.006931369846490565,0.7503220190670887
39.2,0.9,0.5446247148507759,-4.604298416118082e-05,0.005533019952630176,0.7507945329262845
39.400000000000006,0.9,0.544469656277261,-4.094650829671997e-05,0.0041332956812503,0.7512605162524001
39.6,0.9,0.544331641534945,-4.691361797186681e-05,0.0027492540644634337,0.7517294171468359
39.800000000000004,0.9,0.5441725844493922,-3.1872799682887945e-05,0.0013258050943074269,0.7521787602196469
40.0,0.9,0.5441725844493922,0.0,0.0,0.7521787602196469
0.0,0.92,1.0,0.0,0.6847525986309448,0.0
0.2,0.92,1.0069789726606744,-0.060709405946364585,0.6847525986309448,0.05325670467778423
0.4,0.92,1.0017430190337606,-0.03649680470317539,0.568673169423428,0.11402898604972868
0.6000000000000001,0.92,0.9523926947515863,-0.02596445405977528,0.5772090346983705,0.17413237618833124
0.8,0.92,0.9168541130583576,-0.016913182831906695,0.5425343489959369,0.22397205971861592
1.0,0.92,0.8776470723147118,-0.01267173364558296,0.5417707098439409,0.2670052365298066
1.2000000000000002,0.92,0.8479617666860633,-0.0095120308646039,0.5243122555424019,0.3032480043000979
1.4000000000000001,0.92,0.8195654863037433,-0.007739599667058807,0.5187251779387018,0.3347261283086526
1.6,0.92,0.7964912507209333,-0.006319965087421279,0.5070634924056387,0.36195993578369007
1.8,0.92,0.7751629740232203,-0.005398488256220257,0.5000947781617123,0.3859876481638511
2.0,0.92,0.7569461074221203,-0.004622737480298858,0.4910084712387897,0.40721942932565275
2.2,0.92,0.7402595394089352,-0.004062888163974857,0.48391956618510906,0.4262239238798278
2.4000000000000004,0.92,0.7255361871834997,-0.0035815061547680616,0.47617519318464907,0.44329377493278455
2.6,0.92,0.7120452486852552,-0.0032074316869328276,0.4693595706648739,0.45876321973136674
2.8000000000000003,0.92,0.6998852727753078,-0.0028828068644453347,0.4624212147776177,0.47283849637277664
3.0,0.92,0.6886960943088982,-0.0026174370087538932,0.45597009180350373,0.4857284552780499
3.2,0.92,0.6784635697683127,-0.0023855149822548404,0.4495814650379252,0.4975789795561472
3.4000000000000004,0.92,0.6689953321248332,-0.002189207132881384,0.44348773855675194,0.5085275702375353
3.6,0.92,0.6602462404405904,-0.0020163168117361637,0.4375126922582069,0.5186786449168709
3.8000000000000003,0.92,0.6521040665672942,-0.0018663638496845257,0.43174211673803076,0.5281268363021614
4.0,0.92,0.6445211205876858,-0.0017331956890865028,0.42609976703268637,0.5369481292210673
4.2,0.92,0.6374261415675947,-0.0016156473874787943,0.4206147558267466,0.545210112563258
4.4,0.92,0.6307774403224429,-0.0015103817056045994,0.4152518379625431,0.5529691121837486
4.6000000000000005,0.92,0.6245263941779011,-0.00141623441649207,0.41001856795071673,0.5602749019827433
4.800000000000001,0.92,0.618638798887283,-0.0013312547298014285,0.4048970007761242,0.5671700179949322
5.0,0.92,0.613079574434666,-0.0012544709765070902,0.39988682212958704,0.5736920530023039
5.2,0.92,0.6078212519657973,-0.0011846600624516614,0.3949777155033028,0.5798737023690368
5.4,0.92,0.602837458234275,-0.0011210613468221886,0.39016678263384713,0.5857439642155211
5.6000000000000005,0.92,0.5981062140482294,-0.001062860517587303,0.38544730200957233,0.5913283844771826
5.800000000000001,0.92,0.5936070867074115,-0.0010094755984686842,0.38081578157281243,0.5966497355505116
6.0,0.92,0.5893224122926621,-0.0009603376347523027,0.37626735717710347,0.6017282775929902
6.2,0.92,0.5852360019926078,-0.0009150033219139909,0.3717986494496882,0.606582172480092
6.4,0.92,0.5813335470291783,-0.0008730599725596449,0.36740586552495724,0.6112277077537308
6.6000000000000005,0.92,0.5776019969481907,-0.0008341683963096004,0.36308595328234633,0.6156795663540329
6.800000000000001,0.92,0.5740296532758002,-0.0007980204989478962,0.35883580959673583,0.6199510048047692
7.0,0.92,0.570605847490393,-0.000764354480391353,0.35465274270640795,0.6240540384615356
7.2,0.92,0.5673209243794562,-0.0007329350960219625,0.3505341362845134,0.627999579356111
7.4,0.92,0.5641660598212526,-0.0007035581484490517,0.3464776308640995,0.6317975685414546
7.6000000000000005,0.92,0.5611332116996054,-0.0006760407474177809,0.34248097726862325,0.6354570817933908
7.800000000000001,0.92,0.5582150070806421,-0.0006502218706659066,0.3385421044679495,0.6389864269130286
8.0,0.92,0.5554046893537676,-0.0006259571936486917,0.3346590526481678,0.6423932247822669
8.200000000000001,0.92,0.5526960426231118,-0.0006031183684394076,0.33082999569339366,0.6456844824110867
8.4,0.92,0.5500833444633458,-0.0005815900469291721,0.3270532084050365,0.6488666553507717
8.6,0.92,0.5475613120396652,-0.0005612688727699725,0.32332707133191263,0.6519457033964939
8.8,0.92,0.5451250625931628,-0.0005420616261734162,0.3196500530995155,0.6549271389392909
9.0,0.92,0.54277007332124,-0.0005238842721294997,0.3160207087800222,0.6578160699741148
9.200000000000001,0.92,0.5404921491783556,-0.0005066607226905452,0.31243766924883654,0.6606172378287251
9.4,0.92,0.5382873920849492,-0.0004903220360156426,0.30889963754054733,0.6633350507308924
9.600000000000001,0.92,0.5361521749204875,-0.0004748055456768967,0.3054053817236801,0.6659736134877977
9.8,0.92,0.5340831173908707,-0.0004600542162047042,0.3019537309476088,0.6685367539562586
10.0,0.92,0.5320770650383588,-0.00044601600646857533,0.29854357025646605,0.6710280466036358
10.200000000000001,0.92,0.530131070038709,-0.0004326433601864581,0.29517383692937177,0.6734508336032471
10.4,0.92,0.528242374205341,-0.0004198927275481983,0.2918435164824001,0.6758082437291099
10.600000000000001,0.92,0.5264083935298706,-0.00040772416451132263,0.28855163947030704,0.6781032093562003
10.8,0.92,0.5246267043489354,-0.00039610096627567073,0.2852972782898689,0.6803384817814426
11.0,0.92,0.5228950307780058,-0.0003849893518958172,0.28207954444815886,0.6825166450836541
11.200000000000001,0.92,0.5212112333831685,-0.0003743581794225903,0.27889758594758324,0.6846401286902287
11.4,0.92,0.5195732988801237,-0.0003641786967577408,0.27575058497099786,0.6867112188087472
11.600000000000001,0.92,0.5179793307962662,-0.000354424317817531,0.2726377557101296,0.688732068851211
11.8,0.92,0.5164275409609067,-0.000345070424716814,0.2695583424052842,0.6907047089664792
12.0,0.92,0.5149162417560774,-0.000336094190285028,0.26651161752202523,0.6926310547767296
12.200000000000001,0.92,0.5134438390350458,-0.0003274744200914728,0.263496880086126,0.6945129154027518
12.4,0.92,0.512008825648269,-0.000319191410589233,0.26051345413881605,0.6963520008495467
12.600000000000001,0.92,0.510609775509413,-0.0003112268221668066,0.2575606873154201,0.6981499288148157
12.8,0.92,0.5092453381510047,-0.0003035635649166499,0.2546379495260618,0.6999082309737739
13.0,0.92,0.5079142337190716,-0.0002961856959442328,0.25174463173503187,0.7016283587870257
13.200000000000001,0.92,0.5066152483657469,-0.00028907832670500003,0.24888014482559878,0.7033116888719239
13.4,0.92,0.5053472300008793,-0.00028222753935866,0.24604391854506874,0.7049595279730501
13.600000000000001,0.92,0.5041090843696727,-0.0002756203110474359,0.243235400521167,0.7065731175631299
13.8,0.92,0.5028997714259302,-0.00026924444527219127,0.24045405534456096,0.7081536381023759
14.0,0.92,0.5017183019744876,-0.0002630885095538006,0.23769936371108155,0.7097022129813392
14.200000000000001,0.92,0.5005637345588142,-0.00025714177871955033,0.23497082161909888,0.7112199121700926
14.4,0.92,0.4994351725726025,-0.0002513941831977737,0.23226793961720324,0.7127077555946334
14.600000000000001,0.92,0.49833176157619624,-0.00024583626180199624,0.2295902420983812,0.714166716259828
14.8,0.92,0.49725268680081663,-0.00024045911852961022,0.22693726663695768,0.7155977231369195
15.0,0.92,0.49619717082518633,-0.0002352543829680567,0.22430856336517943,0.7170016638325148
15.200000000000001,0.92,0.49516447141075104,-0.000230214173941549,0.2217036943865101,0.7183793870550162
15.4,0.92,0.49415387948300704,-0.00022533106607911587,0.21912223322310145,0.7197317048936089
15.600000000000001,0.92,0.49316471724767275,-0.00022059805901833294,0.21656376429510166,0.7210593949241608
15.8,0.92,0.4921963364314727,-0.00021600854899436547,0.21402788242973766,0.7223632021556444
16.0,0.92,0.49124811663826273,-0.00021155630259060804,0.21151419239828725,0.7236438408300107
16.2,0.92,0.49031946381203456,-0.00020723543245490354,0.20902230847924894,0.7249019960877305
16.400000000000002,0.92,0.48940980879908086,-0.0002030403748048527,0.20655185404614015,0.7261383255105429
16.6,0.92,0.4885186060022656,-0.00019896586856676932,0.20410246117853084,0.7273534605522471
16.8,0.92,0.48764533212090494,-0.00019500693601029898,0.2016737702949977,0.7285480078676673
17.0,0.92,0.4867894849703001,-0.00019115886475444424,0.1992654298067896,0.7297225505492164
17.2,0.92,0.4859505823754246,-0.00018741719103457366,0.19687709579110507,0.730877649279771
17.400000000000002,0.92,0.48512816113367785,-0.00018377768413153317,0.1945084316829071,0.7320138434098503
17.6,0.92,0.48432177604200627,-0.00018023633187372724,0.1921591079843026,0.7331316519664156
17.8,0.92,0.48353099898401813,-0.00017678932713094186,0.18982880199055757,0.7342315745998912
18.0,0.92,0.4827554180730426,-0.00017343305522941538,0.18751719753183735,0.7353140924753713
18.2,0.92,0.48199463684735344,-0.0001701640822191103,0.18522398472984938,0.7363796691133141
18.400000000000002,0.92,0.48124827351404303,-0.00016697914393488166,0.18294885976855943,0.73742875118445
18.6,0.92,0.4805159602382729,-0.0001638751357952229,0.18069152467820454,0.7384617692630281
18.8,0.92,0.4797973424748398,-0.00016084910328753918,0.17845168713185866,0.739479138542033
19.0,0.92,0.47909207833920714,-0.0001578982330939368,0.17622906025380983,0.7404812595134906
19.200000000000003,0.92,0.4783998380153441,-0.0001550198448120402,0.17402336243908145,0.7414685186165726
19.400000000000002,0.92,0.47772030319788544,-0.00015221138323215914,0.17183431718339826,0.7424412888557813
19.6,0.92,0.4770531665663002,-0.00014947041113166844,0.1696616529229713,0.7433999303911965
19.8,0.92,0.47639813128890757,-0.00014679460255210633,0.167505102883475,0.744344791102415
20.0,0.92,0.4757549105547329,-0.0001441817365255491,0.16536440493762455,0.7452762071276006
20.200000000000003,0.92,0.4751232271313253,-0.00014162969121919884,0.16323930147078172,0.7461945033788058
20.400000000000002,0.92,0.47450281294679614,-0.0001391364384703752,0.16112953925405168,0.7470999940345832
20.6,0.92,0.4738934086944589,-0.0001367000386837143,0.15903486932434463,0.7479929830107345
20.8,0.92,0.47329476345856264,-0.00013431863606495244,0.15695504687091388,0.7488737644099442
21.0,0.92,0.4727066343597195,-0.00013199045416899415,0.15488983112790541,0.7497426229509617
21.200000000000003,0.92,0.47212878621873494,-0.00012971379173867174,0.15283898527247577,0.7505998343779333
21.400000000000002,0.92,0.47156099123763207,-0.00012748701881354753,0.15080227632805973,0.7514456658504495
21.6,0.92,0.471003028696763,-0.00012530857309031788,0.1487794750723982,0.7522803763148417
21.8,0.92,0.4704546846669738,-0.0001231769565148555,0.14677035594995622,0.7531042168572802
22.0,0.92,0.4699157517358761,-0.00012109073209032725,0.1447746969883984,0.7539174310391847
22.200000000000003,0.92,0.46938602874733737,-0.00011904852088482838,0.1427922797187962,0.7547202552155331
22.400000000000002,0.92,0.46886532055338964,-0.00011704899922358081,0.1408228890992699,0.7555129188365898
22.6,0.92,0.4683534377777951,-0.0001150908960523744,0.13886631344180303,0.7562956447336837
22.8,0.92,0.46785019659059013,-0.00011317299045886096,0.13692234434197056,0.7570686493896107
23.0,0.92,0.4673554184929582,-0.00011129410933979583,0.1349907766113564,0.7578321431942994
23.200000000000003,0.92,0.4668689301118557,-0.00010945312520378316,0.13307140821245136,0.7585863306863836
23.400000000000002,0.92,0.4663905630038395,-0.00010764895409828072,0.13116404019584316,0.7593314107813423
23.6,0.92,0.46592015346760396,-0.00010588055365235542,0.1292684766395278,0.7600675769868726
23.8,0.92,0.46545754236476017,-0.00010414692122536012,0.1273845245901911,0.7607950176061818
24.0,0.92,0.4650025749484385,-0.00010244709215410252,0.1255119940063172,0.7615139159298729
24.200000000000003,0.92,0.4645551006993157,-0.00010078013809162474,0.12365069770300943,0.7622244504171014
24.400000000000002,0.92,0.4641149731687052,-9.914516542931894e-05,0.12180045129841324,0.7629267948666811
24.6,0.92,0.4636820498283737,-9.754131379734626e-05,0.11996107316164409,0.7636211185787879
24.8,0.92,0.46325619192676853,-9.596775463752655e-05,0.11813238436213912,0.7643075865079135
25.0,0.92,0.46283726435136807,-9.442368984318102e-05,0.11631420862035297,0.7649863594076833
25.200000000000003,0.92,0.4624251354968779,-9.290835046136974e-05,0.1145063722597393,0.7656575939681424
25.400000000000002,0.92,0.46201967713902425,-9.142099545345174e-05,0.11270870415996355,0.7663214429460785
25.6,0.92,0.46162076431370225,-8.996091051017364e-05,0.11092103571128543,0.7669780552889285
25.8,0.92,0.4612282752012549,-8.852740691753449e-05,0.10914320077007568,0.7676275762527729
26.0,0.92,0.4608420910156731,-8.711982047025392e-05,0.1073750356154368,0.768270147514905
26.200000000000003,0.92,0.46046209589851333,-8.573751043087274e-05,0.10561637890686745,0.7689059072814096
26.400000000000002,0.92,0.4600881768173439,-8.437985853145132e-05,0.10386707164296696,0.7695349903901677
26.6,0.92,0.4597202234685326,-8.304626801544255e-05,0.10212695712113433,0.7701575284096642
26.8,0.92,0.4593581281842103,-8.173616271833553e-05,0.10039588089823247,0.7707736497339273
27.0,0.92,0.4590017858432324,-8.044898618492132e-05,0.09867369075220604,0.7713834796739236
27.200000000000003,0.92,0.4586510937859875,-7.918420082218318e-05,0.09696023664460679,0.7719871405456706
27.400000000000002,0.92,0.4583059517328822,-7.794128708578856e-05,0.09525537068401552,0.7725847517553145
27.6,0.92,0.45796626170636884,-7.671974269956516e-05,0.093558947090328,0.7731764298813866
27.8,0.92,0.45763192795635327,-7.551908190695593e-05,0.09187082215988422,0.7737622887544205
28.0,0.92,0.45730285688884575,-7.433883475276877e-05,0.09019085423139203,0.7743424395340953
28.200000000000003,0.92,0.4569789569977217,-7.317854639536578e-05,0.08851890365264484,0.7749169907840232
28.400000000000002,0.92,0.45666013879944034,-7.203777644761888e-05,0.08685483274798576,0.7754860485443162
28.6,0.92,0.45634631477060966,-7.091609834708853e-05,0.08519850578649008,0.7760497164019976
28.8,0.92,0.4560373992882409,-6.9813098752765e-05,0.08354978895081554,0.7766080955593472
29.0,0.92,0.45573330857260436,-6.872837697090897e-05,0.08190855030673921,0.7771612849002323
29.200000000000003,0.92,0.45543396063250896,-6.766154440492396e-05,0.08027465977325403,0.7777093810544583
29.400000000000002,0.92,0.4551392752129575,-6.661222403457054e-05,0.07864798909331523,0.7782524784601803
29.6,0.92,0.4548491737449656,-6.558004991593554e-05,0.07702841180502515,0.7787906694243815
29.8,0.92,0.4545635792975584,-6.456466671291139e-05,0.07541580321346446,0.7793240441814416
30.0,0.92,0.4542824165316588,-6.356572924215766e-05,0.07381004036277031,0.7798526909497754
30.200000000000003,0.92,0.45400561165601044,-6.258290205696281e-05,0.07221100200896248,0.780376695986571
30.400000000000002,0.92,0.45373309238467235,-6.161585903148726e-05,0.07061856859268001,0.7808961436405804
30.6,0.92,0.45346478789650924,-6.06642829992631e-05,0.06903262221295303,0.781411116402996
30.8,0.92,0.4532006287958208,-5.972786536478058e-05,0.06745304660029035,0.7819216949563458
31.0,0.92,0.45294054707513626,-5.880630580524522e-05,0.06587972709148943,0.7824279582214718
31.200000000000003,0.92,0.45268447607845497,-5.7899311891281874e-05,0.06431255060257901,0.7829299834024726
31.400000000000002,0.92,0.45243235046722463,-5.7006598870349906e-05,0.06275140560502593,0.7834278460297452
31.6,0.92,0.45218410618554583,-5.612788925833468e-05,0.06119618209769343,0.7839216200009034
31.8,0.92,0.4519396804294967,-5.526291275252851e-05,0.05964677158533931,0.7844113776198921
32.0,0.92,0.45169901161332193,-5.4411405718036313e-05,0.058103067047988045,0.7848971896338027
32.2,0.92,0.4514620393428321,-5.35731113289211e-05,0.05656496292376171,0.7853791252681102
32.4,0.92,0.45122870438087853,-5.274777879598129e-05,0.05503235507244584,0.7858572522592859
32.6,0.92,0.45099894862668133,-5.1935163950779964e-05,0.05350514076708324,0.7863316368863201
32.800000000000004,0.92,0.4507727150773476,-5.113502789439833e-05,0.05198321864511512,0.7868023439989497
33.0,0.92,0.4505499478173082,-5.034713847787509e-05,0.05046648871811186,0.7872694370458169
33.2,0.92,0.4503305919693575,-4.957126770755718e-05,0.04895485229677572,0.7877329780979344
33.4,0.92,0.45011459370319684,-4.880719507291064e-05,0.04744821203849524,0.788193027874199
33.6,0.92,0.44990190016259163,-4.805470232392215e-05,0.045946471817617934,0.7886496457592636
33.800000000000004,0.92,0.44969245951205483,-4.731358064259086e-05,0.04444953685210034,0.7891028898278643
34.0,0.92,0.4494862208122602,-4.6583619895529525e-05,0.04295731345928509,0.7895528168552891
34.2,0.92,0.44928313414488397,-4.586462383075073e-05,0.04146970934802573,0.7899994823434675
34.4,0.92,0.449083150378128,-4.51563877515362e-05,0.039986633135010455,0.7904429405201525
34.6,0.92,0.44888622145359136,-4.4458730488695724e-05,0.03850799498310823,0.7908832443727907
34.800000000000004,0.92,0.44869229992037224,-4.377144783293234e-05,0.03703370561677913,0.7913204456281754
35.0,0.92,0.4485013395595932,-4.309437959214481e-05,0.03556367768490102,0.7917545948064864
35.2,0.92,0.44831329443284035,-4.242731229532784e-05,0.03409782372806336,0.7921857411640428
35.4,0.92,0.44812812021201404,-4.1770119640915774e-05,0.032636059057641345,0.7926139327931543
35.6,0.92,0.44794577221002213,-4.112255906213349e-05,0.0311782975293803,0.793039216491519
35.800000000000004,0.92,0.44776620818569146,-4.0484565706244375e-05,0.029724457596515937,0.7934616379611285
36.0,0.92,0.4475893842428605,-3.985582693881308e-05,0.028274453490642098,0.7938812415280899
36.2,0.92,0.4474152607220718,-3.9236397480974785e-05,0.026828207920873388,0.7942980705512273
36.4,0.92,0.4472437936359139,-3.8625809450667197e-05,0.025385633637021326,0.7947121668333125
36.6,0.92,0.4470749470225647,-3.802435871371034e-05,0.023946660047737316,0.7951235714690345
36.800000000000004,0.92,0.44690867503552767,-3.743124517707146e-05,0.02251119463999412,0.7955323236173439
37.0,0.92,0.4467449478235686,-3.68472554235561e-05,0.02107917874809177,0.7959384622607455
37.2,0.92,0.44658371407575137,-3.627089706557788e-05,0.019650506796628917,0.7963420236654614
37.4,0.92,0.44642495516699027,-3.570391964888595e-05,0.018225143060631263,0.7967430449731205
37.6,0.92,0.4462686070620408,-3.5143493017924275e-05,0.01680295281349172,0.7971415591054271
37.800000000000004,0.92,0.44611467294814006,-3.459283789024129e-05,0.015383945990356267,0.7975376015057033
38.0,0.92,0.44596306294035754,-3.4047570902376434e-05,0.0139679265880175,0.7979312015284039
38.2,0.92,0.44581382165505473,-3.35088531603413e-05,0.01255499319570233,0.7983223892451339
38.400000000000006,0.92,0.44566682432531357,-3.298196616304226e-05,0.011144836075051477,0.7987111977166067
38.6,0.92,0.44552216744546896,-3.2414703933213564e-05,0.009737685924893007,0.7990976070986413
38.800000000000004,0.92,0.4453798423846858,-3.19621309922883e-05,0.008333155106852565,0.7994817494962629
39.0,0.92,0.4452396806587295,-3.1001783958637865e-05,0.006931239908341249,0.7998631278576943
39.2,0.92,0.44510367476107343,-3.122361897007502e-05,0.005532961088306609,0.8002429372146302
39.400000000000006,0.92,0.4449670669939796,-2.7039867990951558e-05,0.004132982652973918,0.8006167166409551
39.6,0.92,0.4448514893933686,-3.269488849599592e-05,0.002749521664630543,0.8009944362406137
39.800000000000004,0.92,0.4446989530557516,-2.3621969090330846e-05,0.0013252563736968108,0.8013561852593921
40.0,0.92,0.4446989530557516,0.0,0.0,0.8013561852593921
0.0,0.9400000000000001,1.0,0.0,0.6916201537712234,0.0
0.2,0.9400000000000001,0.9500308733162411,-0.05889093098781818,0.6916201537712234,0.11480692692949825
0.4,0.9400000000000001,0.906319593453232,-0.031925846478199106,0.5665342806928755,0.2170913103809945
0.6000000000000001,0.9400000000000001,0.8252733449950086,-0.020738151599640653,0.5764169126752436,0.3011469897985036
0.8,0.9400000000000001,0.7747159926669236,-0.01239809237590096,0.5418649703377647,0.36148737705691497
1.0,0.9400000000000001,0.7263628762466846,-0.008838277366069116,0.5414946058715315,0.40869127772501945
1.2000000000000002,0.9400000000000001,0.6932756604719061,-0.006329236796020106,0.5241062466726645,0.44546685945977926
1.4000000000000001,0.9400000000000001,0.6632420357270787,-0.0050447940575961,0.5186147531268624,0.47578841442512726
1.6,0.9400000000000001,0.6403743296110488,-0.004026193269364888,0.5069713504371002,0.5009249760116383
1.8,0.9400000000000001,0.6197049453762805,-0.0034096092089692842,0.5000336840078947,0.5224576615811486
2.0,0.9400000000000001,0.6027331508114314,-0.00288499526029345,0.4909546472583804,0.5410110901557397
2.2,0.9400000000000001,0.5873734882104802,-0.0025238615837265004,0.4838787320595496,0.5573173370783284
2.4000000000000004,0.9400000000000001,0.5741421715492698,-0.002209419564682382,0.47613865505227304,0.5717318418765654
2.6,0.9400000000000001,0.5621188140246522,-0.001972409229582277,0.46932953237183817,0.5846371727426118
2.8000000000000003,0.9400000000000001,0.551443816969496,-0.0017650094081411503,0.46239416993484656,0.596254548507134
3.0,0.9400000000000001,0.5416848743543119,-0.0015986993725221267,0.45594675998564355,0.6068033885408499
3.2,0.9400000000000001,0.5328481971183127,-0.0014527538255106535,0.44956032414180935,0.6164288298432822
3.4000000000000004,0.9400000000000001,0.5247147956636922,-0.0013307003780367425,0.4434689463649177,0.6252664724956097
3.6,0.9400000000000001,0.5172501693593268,-0.0012230661499234108,0.4374955370226427,0.633415163797162
3.8000000000000003,0.9400000000000001,0.5103334423662826,-0.0011304201605766596,0.43172656793250386,0.6409639450679754
4.0,0.9400000000000001,0.5039233138004653,-0.0010481634844137372,0.42608546266351854,0.6479822512044836
4.2,0.9400000000000001,0.49794694191887895,-0.0009759129913658218,0.4206016165729777,0.6545314784825628
4.4,0.9400000000000001,0.4923670814304284,-0.000911273714679192,0.4152396620867791,0.6606617473514372
4.6000000000000005,0.9400000000000001,0.487136192702716,-0.0008536547801479169,0.41000727473891596,0.666417077418489
4.800000000000001,0.9400000000000001,0.482223511017372,-0.000801709841344926,0.4048864672422534,0.6718345384627917
5.0,0.9400000000000001,0.477595916254607,-0.0007548863782884906,0.3998769794544827,0.6769466948744308
5.2,0.9400000000000001,0.4732287641015787,-0.0007123681794733872,0.39496848258280876,0.6817815667676629
5.4,0.9400000000000001,0.46909780221070563,-0.0006737025684696875,0.3901581041400992,0.6863638650565046
5.6000000000000005,0.9400000000000001,0.46518343589260086,-0.0006383602353367252,0.385439121005941,0.6907151840050477
5.800000000000001,0.9400000000000001,0.4614672414531214,-0.0006059877117155935,0.3808080543893596,0.6948546745537793
6.0,0.9400000000000001,0.4579335920448869,-0.0005762221954867536,0.3762600419213115,0.6987992684833216
6.2,0.9400000000000001,0.4545681062488342,-0.0005487920323148359,0.37179171169591335,0.7025640748877006
6.4,0.9400000000000001,0.45135822485619015,-0.0005234375754564068,0.3673992733650601,0.7061625758357843
6.6000000000000005,0.9400000000000001,0.44829248789194126,-0.0004999502940990603,0.36307967940179914,0.7096068767477901
6.800000000000001,0.9400000000000001,0.44536070421493096,-0.0004781381424194228,0.35882982905720073,0.7129078622635676
7.0,0.9400000000000001,0.4425535921589921,-0.0004578401048983105,0.3546470336231241,0.7160753637580547
7.2,0.9400000000000001,0.4398627986280832,-0.00043891050216743387,0.3505286787753598,0.7191182793051569
7.4,0.9400000000000001,0.4372807053454762,-0.00042122387307839965,0.34647240720356615,0.7220446908427257
7.6000000000000005,0.9400000000000001,0.43480039825759803,-0.0004046674980156061,0.3424759713511404,0.7248619554553374
7.800000000000001,0.9400000000000001,0.43241555327138886,-0.0003891426057631642,0.3385373017801211,0.7275767900562238
8.0,0.9400000000000001,0.4301203941684948,-0.000374560567513887,0.3346544399695003,0.7301953407859553
8.200000000000001,0.9400000000000001,0.4279096192179175,-0.0003608428021792329,0.3308255610167647,0.7327232457100824
8.4,0.9400000000000001,0.4257783610053385,-0.0003479186794799226,0.3270489407540845,0.735165687801207
8.6,0.9400000000000001,0.4237221358401161,-0.00033572504004297435,0.3233229606765584,0.7375274422115946
8.8,0.9400000000000001,0.421736809352286,-0.0003242049401986722,0.319646090235292,0.7398129169939252
9.0,0.9400000000000001,0.4198185597174107,-0.0003133071222674048,0.31601688525346927,0.7420261892660038
9.200000000000001,0.9400000000000001,0.41796384939621123,-0.0003029852038296839,0.31243397727261984,0.7441710367638567
9.4,0.9400000000000001,0.41616939738842273,-0.00029319720695511643,0.30889606993174146,0.7462509658601956
9.600000000000001,0.9400000000000001,0.41443215637960007,-0.0002839050010859062,0.3054019318413006,0.7482692362411452
9.8,0.9400000000000001,0.41274929125974547,-0.0002750739151701929,0.3019503926428222,0.7502288828737038
10.0,0.9400000000000001,0.4111181607142036,-0.0002666723366893096,0.2985403378251429,0.7521327355040949
10.200000000000001,0.9400000000000001,0.4095363002854043,-0.0002586714016466014,0.2951707050722305,0.7539834360876634
10.4,0.9400000000000001,0.40800140751660935,-0.00025104469631815783,0.2918404802681503,0.7557834543688813
10.600000000000001,0.9400000000000001,0.40651132841230075,-0.00024376801222672923,0.2885486943037314,0.757535101880297
10.8,0.9400000000000001,0.4050640453936994,-0.00023681911911322944,0.2852944198827113,0.7592405445391598
11.0,0.9400000000000001,0.4036576663574676,-0.00023017757170036438,0.28207676879344534,0.7609018140290853
11.200000000000001,0.9400000000000001,0.40229041485250355,-0.0002238245339992068,0.2788948892963195,0.7625208181058519
11.4,0.9400000000000001,0.4009606211562375,-0.00021774262658984827,0.27574796381137034,0.7640993499608518
11.600000000000001,0.9400000000000001,0.39966671421021244,-0.00021191578896719485,0.2726352067486439,0.7656390967476727
11.8,0.9400000000000001,0.3984072142815321,-0.00020632915832608436,0.26955586254978836,0.7671416473682375
12.0,0.9400000000000001,0.3971807262970897,-0.00020096896064864957,0.2665092038662888,0.7686084995974515
12.200000000000001,0.9400000000000001,0.3959859337622578,-0.00019582241397793845,0.26349452989587346,0.7700410666166762
12.4,0.9400000000000001,0.39482159321343363,-0.0001908776415219998,0.2605111648390048,0.7714406830149406
12.600000000000001,0.9400000000000001,0.39368652914214375,-0.00018612359400622448,0.2575584564786599,0.7728086103097783
12.8,0.9400000000000001,0.39257962934723983,-0.00018154997981025244,0.25463577486203154,0.77414604203193
13.0,0.9400000000000001,0.391499840669236,-0.00017714720223504257,0.2517425110808062,0.7754541084128592
13.200000000000001,0.9400000000000001,0.39044616507101804,-0.00017290630291924542,0.2488780761367794,0.7767338807088803
13.4,0.9400000000000001,0.3894176560300335,-0.00016881891081154245,0.24604189988764788,0.7779863751918792
13.600000000000001,0.9400000000000001,0.3884134152130641,-0.00016487719600519882,0.24323343006404635,0.779212556833137
13.8,0.9400000000000001,0.38743258940656466,-0.0001610738279384338,0.24045213135266555,0.7804133427041158
14.0,0.9400000000000001,0.3864743676793936,-0.00015740193745132552,0.23769748453901274,0.7815896051157019
14.200000000000001,0.9400000000000001,0.38553797875671175,-0.00015385508229740467,0.2349689857052755,0.7827421745155814
14.4,0.9400000000000001,0.3846226885864932,-0.0001504272157269463,0.23226614547844868,0.7838718421618206
14.600000000000001,0.9400000000000001,0.3837277980817999,-0.00014711265782377977,0.22958848832491724,0.7849793625894119
14.8,0.9400000000000001,0.38285264102389616,-0.00014390606930242314,0.22693555188776782,0.7860654558854191
15.0,0.9400000000000001,0.381996582112722,-0.00014080242751472646,0.2243068863637144,0.7871308097873899
15.200000000000001,0.9400000000000001,0.38115901515266015,-0.00013779700443925102,0.22170205391670403,0.788176081618818
15.4,0.9400000000000001,0.38033936136269786,-0.00013488534645693194,0.21912062812567537,0.7892019000746532
15.600000000000001,0.9400000000000001,0.379537067801169,-0.00013206325573770158,0.21656219346413066,0.7902088668691094
15.8,0.9400000000000001,0.37875160589618884,-0.00012932677308105143,0.21402634480946142,0.7911975582573195
16.0,0.9400000000000001,0.3779824700737254,-0.0001266721620751891,0.2115126869801452,0.7921685264416919
16.2,0.9400000000000001,0.37722917647599374,-0.00012409589445191467,0.20902083429912288,0.7931223008731394
16.400000000000002,0.9400000000000001,0.37649126176349884,-0.00012159463652936536,0.20655041018178838,0.79405938945669
16.6,0.9400000000000001,0.3757682819946491,-0.00011916523664586729,0.20410104674720037,0.794980279670312
16.8,0.9400000000000001,0.37505981157736656,-0.0001168047135008713,0.20167238445119925,0.7958854396051228
17.0,0.9400000000000001,0.37436544228758073,-0.00011451024532483073,0.1992640717402269,0.7967753189345025
17.2,0.9400000000000001,0.3736847823499116,-0.00011227915981174362,0.19687576472474255,0.7976503498189743
17.400000000000002,0.9400000000000001,0.37301745557620786,-0.00011010892475291253,0.19450712687116986,0.7985109477530962
17.6,0.9400000000000001,0.3723631005579411,-0.00010799713931676245,0.19215782871139575,0.7993575123599851
17.8,0.9400000000000001,0.37172136990875737,-0.00010594152592603884,0.18982754756889858,0.8001904281385319
18.0,0.9400000000000001,0.37109192955375825,-0.00010393992268850554,0.18751596730059064,0.8010100651677703
18.2,0.9400000000000001,0.3704744580623195,-0.00010199027633970558,0.18522277805355764,0.8018167797723849
18.400000000000002,0.9400000000000001,0.36986864602150427,-0.00010009063566222376,0.18294767603586234,0.8026109151528232
18.6,0.9400000000000001,0.3692741954473054,-9.82391453470406e-05,0.1806903633006408,0.803392801983036
18.8,0.9400000000000001,0.3686908192311646,-9.64340402667723e-05,0.1784505475427424,0.8041627589784739
19.0,0.9400000000000001,0.3681182406193805,-9.467364013264488e-05,0.1762279419071773,0.8049210934365789
19.200000000000003,0.9400000000000001,0.3675561927231807,-9.295634450815191e-05,0.17402226480870292,0.8056681017517069
19.400000000000002,0.9400000000000001,0.36700441805739203,-9.128062815601462e-05,0.17183323976184947,0.8064040699061048
19.6,0.9400000000000001,0.3664626681057747,-8.964503669528098e-05,0.1696605952207592,0.8071292739383515
19.8,0.9400000000000001,0.36593070291122765,-8.804818254760334e-05,0.16750406442821605,0.8078439803904268
20.0,0.9400000000000001,0.36540829068918507,-8.648874115361337e-05,0.16536338527326905,0.8085484467344196
20.200000000000003,0.9400000000000001,0.3648952074626542,-8.496544743952507e-05,0.1632383001568828,0.809242921779742
20.400000000000002,0.9400000000000001,0.3643912367174379,-8.347709251905555e-05,0.16112855586507377,0.8099276460615983
20.6,0.9400000000000001,0.36389616907619476,-8.202252061259956e-05,0.15903390344901,0.8106028522113645
20.8,0.9400000000000001,0.36340980199008766,-8.060062616936142e-05,0.15695409811158437,0.8112687653094774
21.0,0.9400000000000001,0.36293193944685476,-7.921035117836256e-05,0.1548888990999956,0.8119256032213882
21.200000000000003,0.9400000000000001,0.36246239169421923,-7.785068265538848e-05,0.15283806960389676,0.8125735769170986
21.400000000000002,0.9400000000000001,0.36200097497764333,-7.652065029248282e-05,0.1508013766586905,0.8132128907747882
21.6,0.9400000000000001,0.36154751129149126,-7.521932426008893e-05,0.14877859105358357,0.8138437428690367
21.8,0.9400000000000001,0.36110182814274133,-7.394581314913121e-05,0.14676948724402855,0.8144663252441378
22.0,0.9400000000000001,0.3606637583264576,-7.269926204433251e-05,0.14477384326822293,0.8150808241730304
22.200000000000003,0.9400000000000001,0.36023313971226906,-7.14788507184722e-05,0.14279144066733684,0.8156874204023695
22.400000000000002,0.9400000000000001,0.3598098150411951,-7.028379193918132e-05,0.14082206440917605,0.8162862893842628
22.6,0.9400000000000001,0.3593936317321654,-6.911332987990768e-05,0.13886550281501492,0.8168776014952525
22.8,0.9400000000000001,0.35898444169767124,-6.796673862683564e-05,0.13692154748934263,0.817461522243087
23.0,0.9400000000000001,0.3585821011679953,-6.684332077505547e-05,0.13498999325229752,0.8180382124618697
23.200000000000003,0.9400000000000001,0.3581864705235355,-6.574240610770982e-05,0.1330706380745814,0.818607828496172
23.400000000000002,0.9400000000000001,0.3577974141347548,-6.466335035066787e-05,0.13116328301466443,0.8191705223746971
23.6,0.9400000000000001,0.35741480020934296,-6.360553399833058e-05,0.1292677321581122,0.8197264419740837
23.8,0.9400000000000001,0.35703850064618803,-6.25683612037971e-05,0.12738379255887944,0.8202757311734431
24.0,0.9400000000000001,0.3566683908958087,-6.155125872976912e-05,0.12551127418243352,0.8208185300002074
24.200000000000003,0.9400000000000001,0.3563043498269048,-6.055367495510386e-05,0.12364998985058707,0.8213549747678551
24.400000000000002,0.9400000000000001,0.35594625959871923,-5.957507893230535e-05,0.12179975518793362,0.8218851982060751
24.6,0.9400000000000001,0.35559400553892845,-5.8614959492840836e-05,0.11996038856978684,0.8224093295838995
24.8,0.9400000000000001,0.3552474760267896,-5.767282439670269e-05,0.11813171107154403,0.8229274948263278
25.0,0.9400000000000001,0.35490656238130347,-5.674819952256735e-05,0.1163135464193922,0.8234398166249276
25.200000000000003,0.9400000000000001,0.3545711587541605,-5.584062809581884e-05,0.11450572094230056,0.8239464145428891
25.400000000000002,0.9400000000000001,0.3542411620272545,-5.494966995189901e-05,0.11270806352524297,0.824447405114957
25.6,0.9400000000000001,0.3539164717145667,-5.407490083261622e-05,0.11092040556358997,0.8249429019426737
25.8,0.9400000000000001,0.3535969898682288,-5.3215911712989756e-05,0.10914258091863524,0.8254330157852949
26.0,0.9400000000000001,0.3532826209885886,-5.237230815653772e-05,0.10737442587422474,0.8259178546467417
26.200000000000003,0.9400000000000001,0.35297327193811606,-5.154370969797835e-05,0.10561577909443022,0.8263975238589079
26.400000000000002,0.9400000000000001,0.3526688518589821,-5.072974925122932e-05,0.1038664815822615,0.8268721261616191
26.6,0.9400000000000001,0.35236927209416885,-4.9930072541081836e-05,0.10212637663937332,0.8273417617795082
26.8,0.9400000000000001,0.3520744461119623,-4.9144337558107045e-05,0.10039530982673744,0.8278065284960398
27.0,0.9400000000000001,0.35178428943369433,-4.8372214034925705e-05,0.09867312892626734,0.8282665217248961
27.200000000000003,0.9400000000000001,0.35149871956460005,-4.7613382943299236e-05,0.09695968390335047,0.8287218345789185
27.400000000000002,0.9400000000000001,0.35121765592766296,-4.6867536011099327e-05,0.09525482687027692,0.8291725579367497
27.6,0.9400000000000001,0.35094101980033104,-4.6134375258611195e-05,0.09355841205053167,0.8296187805073273
27.8,0.9400000000000001,0.3506687342539787,-4.5413612553015764e-05,0.09187029574392917,0.8300605888923435
28.0,0.9400000000000001,0.3504007240960012,-4.4704969181141447e-05,0.09019033629254287,0.8304980676467721
28.200000000000003,0.9400000000000001,0.3501369158144371,-4.4008175439401114e-05,0.08851839404742878,0.8309312993375408
28.400000000000002,0.9400000000000001,0.34987723752499555,-4.3322970240763074e-05,0.08685433133609341,0.8313603646004222
28.6,0.9400000000000001,0.34962161892040117,-4.2649100738799624e-05,0.08519801243068219,0.8317853421951881
28.8,0.9400000000000001,0.3493699912219293,-4.198632196662299e-05,0.08354930351683314,0.8322063090590794
29.0,0.9400000000000001,0.3491222871330627,-4.133439649368558e-05,0.0819080726632186,0.832623340358616
29.200000000000003,0.9400000000000001,0.3488784407951251,-4.0693094095734966e-05,0.08027418979164513,0.8330365095397594
29.400000000000002,0.9400000000000001,0.34863838774486344,-4.0062191442788946e-05,0.0786475266478042,0.8334458883764703
29.6,0.9400000000000001,0.34840206487378417,-3.944147179817685e-05,0.07702795677245947,0.8338515470176349
29.8,0.9400000000000001,0.3481694103892991,-3.883072473791685e-05,0.07541535547328197,0.8342535540323944
30.0,0.9400000000000001,0.3479403637773825,-3.822974587526333e-05,0.07380959979693075,0.8346519764538527
30.200000000000003,0.9400000000000001,0.34771486576695704,-3.76383366120771e-05,0.07221056850188215,0.835046879821187
30.400000000000002,0.9400000000000001,0.3474928582954811,-3.705630388544574e-05,0.07061814203116816,0.8354383282201218
30.6,0.9400000000000001,0.34727428447631037,-3.6483459953667136e-05,0.06903220248615177,0.8358263843218119
30.8,0.9400000000000001,0.3470590885667989,-3.591962215566882e-05,0.06745263359961529,0.836211109420062
31.0,0.9400000000000001,0.34684721593846823,-3.536461274000473e-05,0.0658793207105743,0.8365925634669644
31.200000000000003,0.9400000000000001,0.34663861304713023,-3.4818258622673696e-05,0.0643121507372191,0.8369708051068452
31.400000000000002,0.9400000000000001,0.346433227405863,-3.4280391275385705e-05,0.06275101215312828,0.8373458917086629
31.6,0.9400000000000001,0.3462310075564777,-3.375084645138543e-05,0.06119579495922105,0.8377178793966468
31.8,0.9400000000000001,0.3460319030456488,-3.3229464173075014e-05,0.059646390662267824,0.8380868230795053
32.0,0.9400000000000001,0.3458358643966115,-3.2716088364210605e-05,0.058102692244248216,0.8384527764777168
32.2,0.9400000000000001,0.34564284308947735,-3.221056701949779e-05,0.05656459414520618,0.8388157921496335
32.4,0.9400000000000001,0.3454527915311362,-3.1712751617149376e-05,0.05503199222678381,0.8391759215153707
32.6,0.9400000000000001,0.3452656630421932,-3.1222497648578555e-05,0.053504783763864305,0.8395332148799961
32.800000000000004,0.9400000000000001,0.3450814118210743,-3.073966354808668e-05,0.05198286739564555,0.8398877214538577
33.0,0.9400000000000001,0.3448999929429436,-3.0264111957575677e-05,0.05046614313547164,0.8402394893732421
33.2,0.9400000000000001,0.34472136230985956,-2.979570762588141e-05,0.048954512295692,0.8405885657167799
33.4,0.9400000000000001,0.34454547667309554,-2.933432019446984e-05,0.047447877535426515,0.8409349965243045
33.6,0.9400000000000001,0.34437229355249355,-2.8879819924063617e-05,0.045946142730536044,0.8412788268085116
33.800000000000004,0.9400000000000001,0.3442017713062663,-2.843208364997123e-05,0.044449213100712204,0.8416201005734806
34.0,0.9400000000000001,0.3440338689844309,-2.7990985945629323e-05,0.04295699496462104,0.8419588608197796
34.2,0.9400000000000001,0.34386854649664933,-2.7556411699468864e-05,0.04146939603294623,0.8422951495655825
34.4,0.9400000000000001,0.3437057643263889,-2.7128237719320494e-05,0.03998632492338722,0.8426290078413314
34.6,0.9400000000000001,0.34354548390270667,-2.6706359152971294e-05,0.0385076918009248,0.8429604757194445
34.800000000000004,0.9400000000000001,0.34338766702175855,-2.6290651083706515e-05,0.03703340739045847,0.8432895922902649
35.0,0.9400000000000001,0.3432322766442385,-2.588102390420279e-05,0.03556338434364548,0.8436163957127372
35.2,0.9400000000000001,0.3430792757033704,-2.5477343047776136e-05,0.034097535200393804,0.8439409231542165
35.4,0.9400000000000001,0.34292862879204866,-2.507954492186986e-05,0.03263577527632942,0.8442632108877431
35.6,0.9400000000000001,0.34278029968587026,-2.4687469059789453e-05,0.031178018424242136,0.8445832941591915
35.800000000000004,0.9400000000000001,0.3426342548912703,-2.4301100728791868e-05,0.02972418310476795,0.8449012073843822
36.0,0.9400000000000001,0.3424904584782764,-2.3920219876038127e-05,0.028274183541851704,0.8452169838672363
36.2,0.9400000000000001,0.3423488795228484,-2.3544908681727956e-05,0.026827942458666293,0.8455306562074361
36.4,0.9400000000000001,0.342209481307725,-2.3174817379998384e-05,0.025385372587614977,0.8458422557103611
36.6,0.9400000000000001,0.34207223691513644,-2.2810225461661453e-05,0.023946403365387756,0.8461518132351966
36.800000000000004,0.9400000000000001,0.34193710664026805,-2.245050778941904e-05,0.022510942241233352,0.8464593579660481
37.0,0.9400000000000001,0.3418040706375054,-2.209634731074035e-05,0.02107893060657665,0.84676491917314
37.2,0.9400000000000001,0.3416730816954359,-2.1746548044378357e-05,0.019650262806500764,0.8470685236717428
37.4,0.9400000000000001,0.34154413347870805,-2.1402587497915377e-05,0.018224903231596055,0.847370199420464
37.6,0.9400000000000001,0.34141716214525974,-2.106217723126208e-05,0.01680271699551286,0.8476699704276424
37.800000000000004,0.9400000000000001,0.34129218793246957,-2.072801800853688e-05,0.015383714246395052,0.8479678635220806
38.0,0.9400000000000001,0.3411691139763647,-2.0396635182005933e-05,0.0139676987264831,0.848263899772475
38.2,0.9400000000000001,0.34104800922067485,-2.0069088559046307e-05,0.012554769196503952,0.8485581014772163
38.400000000000006,0.9400000000000001,0.3409287345910692,-1.9750644687928752e-05,0.011144616194674929,0.8488504946522456
38.6,0.9400000000000001,0.34081139804335703,-1.9398560004803573e-05,0.009737468108894358,0.8491410545413829
38.800000000000004,0.9400000000000001,0.34069603649506913,-1.9147669375834307e-05,0.008332945835085743,0.8494299114421329
39.0,0.9400000000000001,0.34058219875873474,-1.84853833936655e-05,0.006931015385101377,0.8497165818613596
39.2,0.9400000000000001,0.34047277485589,-1.88472069363958e-05,0.005532789395639174,0.8500022803070232
39.400000000000006,0.9400000000000001,0.34035978440645126,-1.5654914099050647e-05,0.004132651596032058,0.8502827080053729
39.6,0.9400000000000001,0.3402734438884329,-2.041505993302337e-05,0.00274957239101864,0.8505675940495697
39.800000000000004,0.9400000000000001,0.34013171517700486,-1.6003962694352372e-05,0.0013249483867117742,0.850840190633689
40.0,0.9400000000000001,0.34013171517700486,0.0,0.0,0.850840190633689
0.0,0.96,1.0,0.0,0.6972155038116895,0.0
0.2,0.96,0.8228109575556899,-0.0526038095328015,0.6972155038116895,0.24329316104506388
0.4,0.96,0.7296137733404578,-0.02317139346730314,0.5647468690525597,0.3932610497232458
0.6000000000000001,0.96,0.6231615762791061,-0.01286416722204151,0.5759508396406952,0.48916444794379044
0.8,0.96,0.5699659474395737,-0.00670168588048938,0.5414965388265796,0.5467103381282752
1.0,0.96,0.5227822940496637,-0.004535319544894881,0.541375313455997,0.5874656058104791
1.2000000000000002,0.96,0.49477824639741974,-0.003086553374591772,0.5240099352796544,0.6170336157248903
1.4000000000000001,0.96,0.4692707856571537,-0.002447996118105763,0.5185706748259891,0.6405125221038165
1.6,0.96,0.45138981979062215,-0.001917881240818801,0.5069307945751534,0.6593691013635252
1.8,0.96,0.4349579529807539,-0.0016275946589336728,0.5000094552129928,0.6752343535025633
2.0,0.96,0.422077644852553,-0.0013650529905909741,0.49093177561958307,0.6886770760188136
2.2,0.96,0.41028832716336966,-0.0011958068368789377,0.483862417497714,0.7003706522665675
2.4000000000000004,0.96,0.4003941705741964,-0.0010416762516026374,0.4761234478659862,0.7106062020036191
2.6,0.96,0.39135641173478186,-0.0009302159691985987,0.4693174362855027,0.7197099910666598
2.8000000000000003,0.96,0.3834502642042179,-0.000829979055965137,0.46238303553967497,0.7278540787173851
3.0,0.96,0.37621196009269187,-0.0007515908156834356,0.455937311508269,0.7352156399605916
3.2,0.96,0.36971399890218376,-0.0006817546507860448,0.4495516638863958,0.7419043865994293
3.4000000000000004,0.96,0.3637353191252235,-0.0006242013166233581,0.4434613078518052,0.7480255183993998
3.6,0.96,0.3582768274422548,-0.000573052793418697,0.43748852231231317,0.7536523978275715
3.8000000000000003,0.96,0.35322445866445956,-0.000529396357498822,0.43172023152427247,0.7588521203971438
4.0,0.96,0.34855773067408896,-0.000490494111600924,0.4260796148498334,0.763675527615945
4.2,0.96,0.3442122897359208,-0.0004564896474760498,0.42059625175343746,0.7681679126563759
4.4,0.96,0.34016430420026555,-0.0004260222554044849,0.4152346815309505,0.7723655790545472
4.6000000000000005,0.96,0.3363740754739916,-0.0003989414988557684,0.410002656355854,0.776300498478041
4.800000000000001,0.96,0.3328201562238187,-0.00037451768404766166,0.40488215447449155,0.7799992797767602
5.0,0.96,0.3294760499944473,-0.0003525407747471314,0.3998729487008214,0.7834853000727511
5.2,0.96,0.3263239565779844,-0.0003325866489685439,0.39496469831985037,0.78677851894479
5.4,0.96,0.3233450475403496,-0.00031446163016550743,0.39015454569870955,0.789896517602801
5.6000000000000005,0.96,0.32052495838975487,-0.0002978997197334653,0.3854357642682716,0.7928545785639398
5.800000000000001,0.96,0.317849670293287,-0.000282741929775053,0.3808048823859111,0.7956662317199225
6.0,0.96,0.3153076664469693,-0.0002688102619962922,0.3762570372696773,0.7983433938028671
6.2,0.96,0.3128881489022618,-0.000255979589105614,0.37178886075337925,0.8008966790184217
6.4,0.96,0.3105818546375935,-0.00024412454625265435,0.36739656304672114,0.8033355316692663
6.6000000000000005,0.96,0.3083802569063056,-0.00023314795767444448,0.363077098771692,0.8056684166538345
6.800000000000001,0.96,0.3062758495696313,-0.00022295804066808103,0.3588273679518282,0.8079029283777693
7.0,0.96,0.3042617710304518,-0.00021347934391730138,0.35464468323160336,0.8100459153044118
7.2,0.96,0.30233188300389463,-0.00020464268939868332,0.35052643101878084,0.8121035647404029
7.4,0.96,0.3004805807713444,-0.00019638914457297438,0.34647025492250255,0.8140814884566314
7.6000000000000005,0.96,0.2987027967100416,-0.00018866540028241984,0.3424739080086181,0.8159847874085988
7.800000000000001,0.96,0.2969938960282889,-0.00018142502456772912,0.33853532150182847,0.8178181128340715
8.0,0.96,0.2953496561241222,-0.00017462621372703286,0.3346525373899931,0.8195857154246444
8.200000000000001,0.96,0.2937662038029212,-0.00016823202866717487,0.33082373126853964,0.8212914901343689
8.4,0.96,0.29223998970804216,-0.000162209217132884,0.32704717938031397,0.8229390136306537
8.6,0.96,0.2907677471894986,-0.0001565281027738154,0.3233212636057631,0.8245315778389999
8.8,0.96,0.2893464684596866,-0.00015116191428369983,0.3196444537270752,0.8260722186432189
9.0,0.96,0.2879733757511932,-0.00014608658297326897,0.3160153058720731,0.8275637414112493
9.200000000000001,0.96,0.2866459010171099,-0.00014128032732328155,0.31243245185040686,0.8290087431721396
9.4,0.96,0.28536166467640117,-0.00013672345042830346,0.30889459554584625,0.8304096323149865
9.600000000000001,0.96,0.2841184589336501,-0.00013239806331848656,0.30540050578752265,0.8317686458931078
9.8,0.96,0.28291423156694717,-0.0001282879100381088,0.30194901241621946,0.8330878650268064
10.0,0.96,0.28174707239858876,-0.0001243781726611698,0.29853900110054554,0.8343692285533462
10.200000000000001,0.96,0.2806152006322187,-0.000120655328384146,0.29516940968847694,0.8356145452265111
10.4,0.96,0.2795169539083622,-0.00011710700638873045,0.29183922421310227,0.836825504611264
10.600000000000001,0.96,0.27845077824550873,-0.00011372187365373347,0.28854747570155087,0.8380036868709242
10.8,0.96,0.27741521916580303,-0.0001104895268486044,0.28529323698208625,0.8391505715688189
11.0,0.96,0.27640891360237513,-0.00010740040178210641,0.28207561995730684,0.840267545619163
11.200000000000001,0.96,0.2754305826689765,-0.00010444569012082664,0.27889377299243806,0.8413559104829103
11.4,0.96,0.27447902508205757,-0.00010161726762662626,0.2757468786039994,0.842416888703206
11.600000000000001,0.96,0.2735531112344553,-9.890762908112455e-05,0.2726341512909079,0.8434516298532966
11.8,0.96,0.2726517778013159,-9.63098312551973e-05,0.26955483557684223,0.8444612159645882
12.0,0.96,0.2717740228508894,-9.381744150775589e-05,0.2665082041890852,0.8454466664895178
12.200000000000001,0.96,0.27091890138589486,-9.142449225866447e-05,0.26349355639551736,0.8464089428484078
12.4,0.96,0.27008552128284097,-8.912544002845567e-05,0.260510216461599,0.8473489526012215
12.600000000000001,0.96,0.2692730395792657,-8.691512889674474e-05,0.2575575322306079,0.8482675532805416
12.8,0.96,0.2684806590786383,-8.478875760649454e-05,0.25463487380573807,0.8491655559166944
13.0,0.96,0.2677076252371454,-8.274185005708507e-05,0.2517416323307383,0.8500437282824321
13.200000000000001,0.96,0.2669532233066067,-8.077022869019218e-05,0.24887721885585257,0.8509027978810042
13.4,0.96,0.26621677570687513,-7.886999050929529e-05,0.24604106328390266,0.85174345469892
13.600000000000001,0.96,0.26549763960658107,-7.70374853909655e-05,0.24323261338758909,0.8525663537422928
13.8,0.96,0.26479520469182527,-7.526929646286919e-05,0.24045133389284912,0.8533721173738981
14.0,0.96,0.26410889110573654,-7.356222230094505e-05,0.2376967056218329,0.8541613374664099
14.200000000000001,0.96,0.2634381475429924,-7.191326076022658e-05,0.23496822469096687,0.8549345773860669
14.4,0.96,0.26278244948556834,-7.031959425497924e-05,0.23226540175926128,0.8556923738198782
14.600000000000001,0.96,0.26214129756715904,-6.8778576339286e-05,0.22958776132305753,0.8564352384585392
14.8,0.96,0.2615142160552179,-6.728771944832066e-05,0.22693484105349332,0.8571636595464328
15.0,0.96,0.26090075144059155,-6.584468368138546e-05,0.22430619117356673,0.8578781033093574
15.200000000000001,0.96,0.2603004711258256,-6.444726651945848e-05,0.22170137387187058,0.8585790152699602
15.4,0.96,0.2597129622040752,-6.309339338402894e-05,0.21911996275046977,0.8592668214602627
15.600000000000001,0.96,0.2591378303213593,-6.178110895300594e-05,0.21656154230458277,0.8599419295400658
15.8,0.96,0.25857469861560634,-6.050856916062114e-05,0.21402570743200852,0.8606047298294771
16.0,0.96,0.25802320672655676,-5.927403381566732e-05,0.2115120629704162,0.8612555962632686
16.2,0.96,0.2574830098711443,-5.8075859780335105e-05,0.2090202232608097,0.861894887274216
16.400000000000002,0.96,0.2569537779794564,-5.691249465807054e-05,0.2065498117355971,0.8625229466120765
16.6,0.96,0.2564351948868274,-5.578247094472162e-05,0.2041004605298775,0.8631401041043216
16.8,0.96,0.2559269575779857,-5.468440060276702e-05,0.2016718101146256,0.8637466763642455
17.0,0.96,0.25542877547953113,-5.361697002193667e-05,0.19926350895057568,0.864342967451573
17.2,0.96,0.25494036979732904,-5.257893533451899e-05,0.1968752131616969,0.8649292694902168
17.400000000000002,0.96,0.2544614728956675,-5.156911805642461e-05,0.19450658622719383,0.8655058632473532
17.6,0.96,0.25399182771528506,-5.0586401028126796e-05,0.1921572986910561,0.8660730186775576
17.8,0.96,0.2535311872275958,-4.962972463228597e-05,0.18982702788823297,0.8666309954353347
18.0,0.96,0.2530793139226317,-4.8698083267968747e-05,0.18751545768651864,0.8671800433589475
18.2,0.96,0.2526359793284039,-4.7790522061668785e-05,0.1852222782433314,0.8677204029281327
18.400000000000002,0.96,0.2522009635595664,-4.690613379873749e-05,0.1829471857765533,0.8682523056979218
18.6,0.96,0.25177405489338445,-4.6044056059355103e-05,0.18068988234865982,0.8687759747105055
18.8,0.96,0.2513550493711883,-4.520346854491621e-05,0.1784500756633911,0.8692916248867952
19.0,0.96,0.25094375042357814,-4.438359058196592e-05,0.17622747887422707,0.8697994633991025
19.200000000000003,0.96,0.25053996851779925,-4.358367879108938e-05,0.1740218104040004,0.8702996900261498
19.400000000000002,0.96,0.2501435208257935,-4.280302491024648e-05,0.17183279377494534,0.8707924974914312
19.6,0.96,0.24975423091154234,-4.204095376191655e-05,0.1696601574485598,0.8712780717858126
19.8,0.96,0.24937192843641223,-4.12968213540207e-05,0.16750363467465407,0.8717565924751135
20.0,0.96,0.24899644888129704,-4.057001310665174e-05,0.16536296334899353,0.8722282329933099
20.200000000000003,0.96,0.24862763328443668,-3.985994219499477e-05,0.16323788587896598,0.8726931609219385
20.400000000000002,0.96,0.24826532799387044,-3.916604800166437e-05,0.16112814905673334,0.87315153825619
20.6,0.96,0.24790938443354818,-3.848779467072579e-05,0.1590335039393463,0.8736035216581532
20.8,0.96,0.24755965888219927,-3.782466975598152e-05,0.15695370573533057,0.8740492626976247
21.0,0.96,0.2472160122641174,-3.7176182958096194e-05,0.15488851369728052,0.8744889080809012
21.200000000000003,0.96,0.2468783099510757,-3.654186494386474e-05,0.15283769102001937,0.874922599867923
21.400000000000002,0.96,0.24654642157464965,-3.592126624197381e-05,0.1508010047439045,0.8753504756781815
21.6,0.96,0.24622022084826886,-3.5313956210289896e-05,0.14877822566289245,0.8757726688857588
21.8,0.96,0.24589958539837212,-3.471952206955533e-05,0.14676912823699,0.8761893088039037
22.0,0.96,0.24558439660408643,-3.413756799840535e-05,0.1447734905087614,0.8766005208595459
22.200000000000003,0.96,0.2452745394448887,-3.356771428616506e-05,0.14279109402356516,0.8770064267581668
22.400000000000002,0.96,0.24496990235575053,-3.3009596538596774e-05,0.14082172375322424,0.877407144639427
22.6,0.96,0.24467037708930575,-3.246286493309156e-05,0.13886516802286644,0.8778027892240079
22.8,0.96,0.2443758585846093,-3.192718351970644e-05,0.13692121844067795,0.8781934719520743
23.0,0.96,0.24408624484209626,-3.14022295642276e-05,0.1349896698303441,0.8785793011138179
23.200000000000003,0.96,0.2438014368043703,-3.0887692931078596e-05,0.1330703201659702,0.878960381972509
23.400000000000002,0.96,0.24352133824248492,-3.0383275502130116e-05,0.13116297050929226,0.879336816880496
23.6,0.96,0.2432458556474059,-2.9888690629310843e-05,0.1292674249490105,0.8797087053885937
23.8,0.96,0.2429748981263627,-2.9403662618033972e-05,0.12738349054208845,0.8800761443492762
24.0,0.96,0.24270837730382674,-2.8927926239429793e-05,0.12551097725688168,0.8804392280141023
24.200000000000003,0.96,0.24244620722686447,-2.8461226269226826e-05,0.12364969791797643,0.8807980481257688
24.400000000000002,0.96,0.24218830427464008,-2.8003317050824423e-05,0.12179946815262985,0.8811526940051861
24.6,0.96,0.2419345870718568,-2.755396208096549e-05,0.11996010633871412,0.8815032526339454
24.8,0.96,0.24168497640594044,-2.7112933616513987e-05,0.11813143355408548,0.8818498087325383
25.0,0.96,0.2414393951477842,-2.6680012300447453e-05,0.11631327352729393,0.8821924448346536
25.200000000000003,0.96,0.241197768175885,-2.625498680568391e-05,0.11450545258958149,0.8825312413578753
25.400000000000002,0.96,0.24096002230371952,-2.583765349530123e-05,0.1127077996281077,0.8828662766710654
25.6,0.96,0.2407260862102084,-2.542781609870415e-05,0.11092014604034721,0.8831976271587084
25.8,0.96,0.2404958903731358,-2.5025285401410626e-05,0.10914232568961896,0.8835253672824628
26.0,0.96,0.24026936700539692,-2.4629878948515164e-05,0.10737417486172056,0.8838495696401435
26.200000000000003,0.96,0.2400464499939538,-2.424142076068437e-05,0.10561553222260463,0.8841703050223483
26.400000000000002,0.96,0.23982707484138466,-2.385974106169195e-05,0.10386623877709521,0.8844876424669026
26.6,0.96,0.23961117860992268,-2.3484676016940157e-05,0.1021261378285978,0.8848016493112977
26.8,0.96,0.2393986998678815,-2.311606748252219e-05,0.10039507493977508,0.8851123912432569
27.0,0.96,0.23918957863837353,-2.2753762763947914e-05,0.0986728978941745,0.8854199323495577
27.200000000000003,0.96,0.23898375635022678,-2.2397614384317997e-05,0.09695945665876385,0.8857243351632408
27.400000000000002,0.96,0.23878117579101335,-2.204747986148048e-05,0.09525460334736247,0.886025660709264
27.6,0.96,0.23858178106210587,-2.1703221493781977e-05,0.09355819218493636,0.8863239685487162
27.8,0.96,0.23838551753567785,-2.1364706154109624e-05,0.09187007947273534,0.8866193168216375
28.0,0.96,0.2381923318135695,-2.103180509199198e-05,0.09019012355422498,0.8869117622885118
28.200000000000003,0.96,0.23800217168794569,-2.070439374338956e-05,0.08851818478181232,0.8872013603704703
28.400000000000002,0.96,0.23781498610366322,-2.0382351548195288e-05,0.08685412548431602,0.8874881651882516
28.6,0.96,0.2376307251222869,-2.006556177531511e-05,0.08519780993515651,0.8877722295999302
28.8,0.96,0.2374493398876624,-1.9753911354333998e-05,0.08354910432121189,0.8880536052374564
29.0,0.96,0.23727078259301346,-1.9447290715534442e-05,0.08190787671236084,0.8883323425420018
29.200000000000003,0.96,0.2370950064494351,-1.9145593635264755e-05,0.08027399703158455,0.8886084907981366
29.400000000000002,0.96,0.23692196565580403,-1.8848717090185652e-05,0.07864733702571834,0.8888820981668407
29.6,0.96,0.23675161536991904,-1.8556561115653727e-05,0.07702777023664063,0.8891532117173463
29.8,0.96,0.23658391168097953,-1.8269028674571273e-05,0.07541517197310915,0.8894218774578256
30.0,0.96,0.23641881158309247,-1.7986025526872215e-05,0.07380941928284268,0.8896881403649126
30.200000000000003,0.96,0.23625627295011203,-1.770746011368025e-05,0.07221039092535153,0.8899520444120748
30.400000000000002,0.96,0.2360962545112188,-1.743324343611248e-05,0.07061796734467615,0.8902136325968042
30.6,0.96,0.23593871582795803,-1.7163288956755277e-05,0.06903203064316457,0.8904729469666731
30.8,0.96,0.23578361727155658,-1.6897512482330398e-05,0.06745246455455955,0.8907300286441932
31.0,0.96,0.235630920002106,-1.6635832088384153e-05,0.06587915441881576,0.890984917850559
31.200000000000003,0.96,0.23548058594716695,-1.6378167996963747e-05,0.06431198715503869,0.8912376539281731
31.400000000000002,0.96,0.23533257778323205,-1.6124442534943162e-05,0.06275085123770299,0.8914882753620978
31.6,0.96,0.23518685891494012,-1.5874579988364302e-05,0.0611956366685994,0.8917368198002409
31.8,0.96,0.23504339345934047,-1.5628506620249712e-05,0.05964623495535437,0.8919833240725678
32.0,0.96,0.23490214622451377,-1.538615046255198e-05,0.05810253908077646,0.892227824208934
32.2,0.96,0.2347630826979559,-1.5147441446292912e-05,0.05656444348572916,0.8924703554561488
32.4,0.96,0.2346261690223066,-1.4912311052284435e-05,0.05503184403264018,0.8927109522934141
32.6,0.96,0.2344913719908122,-1.4680692666145903e-05,0.05350463799718109,0.8929496484474145
32.800000000000004,0.96,0.23435865901552544,-1.4452520922079916e-05,0.05198272401928889,0.8931864769052406
33.0,0.96,0.23422799813623693,-1.4227732519755786e-05,0.05046600211307373,0.893421469927825
33.2,0.96,0.23409935797159834,-1.4006264915998385e-05,0.04895437359156881,0.8936546590600603
33.4,0.96,0.23397270775506068,-1.3788058100141534e-05,0.04744774111465437,0.8938860751431851
33.6,0.96,0.23384801724908735,-1.3573051912837417e-05,0.04594600855879987,0.8941157483214114
33.800000000000004,0.96,0.23372525683655743,-1.3361189820370456e-05,0.044449081144484655,0.8943437080544854
34.0,0.96,0.23360439735668617,-1.3152413352838557e-05,0.042956865190864245,0.8945699831192925
34.2,0.96,0.2334854103115745,-1.2946670055661083e-05,0.041469268409505045,0.8947946016250399
34.4,0.96,0.23336826753733575,-1.2743901895296257e-05,0.03998619941838342,0.8950175910065825
34.6,0.96,0.23325294165075983,-1.2544061944176599e-05,0.03850756838359711,0.8952389780472185
34.800000000000004,0.96,0.2331394053747455,-1.2347090162202703e-05,0.037033286029912925,0.8954587888568075
35.0,0.96,0.2330276324866287,-1.2152948346559386e-05,0.035563265010629085,0.8956770489125094
35.2,0.96,0.23291759641948595,-1.1961569503774798e-05,0.03409741786469634,0.8958937830071001
35.4,0.96,0.23280927225943868,-1.1772930998061077e-05,0.03263565991050989,0.8961090153290721
35.6,0.96,0.23270263383103418,-1.158694868478102e-05,0.031177904998207967,0.8963227693505624
35.800000000000004,0.96,0.23259765788884698,-1.1403629948365259e-05,0.029724071593587274,0.8965350679913484
36.0,0.96,0.23249431803004125,-1.12228523030722e-05,0.02827407391442321,0.8967459333824713
36.2,0.96,0.2323925934771905,-1.1044683494786567e-05,0.026827834694082855,0.8969553872067728
36.4,0.96,0.23229245635061258,-1.0868918550212207e-05,0.02538526665146541,0.8971634502048945
36.6,0.96,0.23219389005838156,-1.0695748902719763e-05,0.02394629924400402,0.8973701428848107
36.800000000000004,0.96,0.23209686267503507,-1.0524795466558105e-05,0.022510839892160635,0.8975754844934716
37.0,0.96,0.23200136542559305,-1.0356503238906811e-05,0.0210788300300347,0.8977794944910426
37.2,0.96,0.231907357036933,-1.0190134077041523e-05,0.01965016394249368,0.897982190425054
37.4,0.96,0.2318148441222269,-1.0026631754096919e-05,0.018224806106882353,0.8981835909430826
37.6,0.96,0.23172376534363984,-9.86458135141705e-06,0.016802621516483002,0.8983837115361151
37.800000000000004,0.96,0.23163415781333008,-9.705679829064173e-06,0.015383620479911361,0.8985825702074955
38.0,0.96,0.23154592104165356,-9.547876007906429e-06,0.013967606549647685,0.8987801803452361
38.2,0.96,0.2314591461560134,-9.391638527519022e-06,0.012554678617648456,0.8989765565592146
38.400000000000006,0.96,0.23137368548076268,-9.24145024539829e-06,0.011144527447718235,0.8991717172183507
38.6,0.96,0.23128964996877505,-9.068124188211115e-06,0.009737379703482362,0.8993656385563492
38.800000000000004,0.96,0.23120713433360995,-8.967057201907945e-06,0.008332862822570336,0.8995584306659847
39.0,0.96,0.23112536555561655,-8.593213108489743e-06,0.006930920241391623,0.8997496908864818
39.2,0.96,0.2310481641471831,-8.934500477141507e-06,0.0055327335467898415,0.8999404622048631
39.400000000000006,0.96,0.2309641705459724,-6.9414728750982096e-06,0.0041324815890633896,0.9001271903021172
39.6,0.96,0.2309120482208799,-1.0080252262472711e-05,0.002749654747854611,0.900317946095677
39.800000000000004,0.96,0.23078981812274443,-8.809000075442822e-06,0.0013249242530099156,0.9005002119683422
40.0,0.96,0.23078981812274443,0.0,0.0,0.9005002119683422
0.0,0.98,1.0,0.0,0.7039713980893535,0.0
0.2,0.98,0.5537484885072672,-0.03193529318906307,0.7039713980893535,0.5014675984174554
0.4,0.98,0.43312978619859366,-0.011172885362239888,0.5631006252038239,0.6635552836515737
0.6000000000000001,0.98,0.3379109816823232,-0.005085686474205078,0.5753185660607858,0.7340869608160566
0.8,0.98,0.3053183449837129,-0.0022041405541450517,0.5410986881222423,0.7680419142207661
1.0,0.98,0.2745888055866305,-0.0014478679553581674,0.5411736123010867,0.7905498261620968
1.2000000000000002,0.98,0.26009513735867607,-0.0009436649701655464,0.5238650850920112,0.8062455394893645
1.4000000000000001,0.98,0.24503386552115006,-0.0007655620555374166,0.5184712689652736,0.8186036421534134
1.6,0.98,0.23579139358015686,-0.0005924870243868895,0.5068497941381317,0.8283866240719859
1.8,0.98,0.22648644027679848,-0.0005100679146081975,0.499945338651801,0.8365869926262478
2.0,0.98,0.21971832313307596,-0.00042504258240392336,0.49087670796499766,0.8434840307996531
2.2,0.98,0.21320210845731188,-0.00037496302445713626,0.48381581344565505,0.8494699580399263
2.4000000000000004,0.98,0.20795009387768312,-0.00032546685454891053,0.47608234993472154,0.854688255661
2.6,0.98,0.20302788501692454,-0.00029160676864318694,0.46928136800617526,0.8593221885531355
2.8000000000000003,0.98,0.1988121964417057,-0.0002596960670994405,0.4623506739945152,0.8634576909193735
3.0,0.98,0.19490470786951536,-0.0002355340874750595,0.4559082654147674,0.867191392125799
3.2,0.98,0.19143486837402943,-0.0002134491946916534,0.44952525905012847,0.8705786992375931
3.4000000000000004,0.98,0.1882243064209418,-0.00019557228957251072,0.44343724377041766,0.8736757132614316
3.6,0.98,0.18530940135858026,-0.00017946774805421194,0.4374664158841914,0.8765197312765678
3.8000000000000003,0.98,0.18260488922473253,-0.00016585384438042857,0.43169985978277714,0.8791459606723226
4.0,0.98,0.18011403521746375,-0.00015363753478836112,0.42606073965980384,0.8815803279685956
4.2,0.98,0.1777925508481193,-0.00014301295938184126,0.42057870908070466,0.8838463359707533
4.4,0.98,0.17563331478759017,-0.00013346024668181404,0.41521831250182345,0.8859625113075733
4.6000000000000005,0.98,0.17361103763449492,-0.00012499148539198268,0.4099873395652639,0.887945318523247
4.800000000000001,0.98,0.17171646261696652,-0.0001173406863320539,0.4048677780743891,0.8898083294435127
5.0,0.98,0.16993372988893543,-0.00011046566513577603,0.3998594216504054,0.8915635202014766
5.2,0.98,0.16825418237093634,-0.00010421854304233946,0.39495193863088957,0.8932210594720693
5.4,0.98,0.16666703675847602,-9.854809913970826e-05,0.39014248400216606,0.8947899214137383
5.6000000000000005,0.98,0.16516494153935715,-9.33649463496585e-05,0.38542433858806785,0.8962778813170519
5.800000000000001,0.98,0.16374009289766978,-8.862307397743535e-05,0.3807940389882306,0.8976918272298617
6.0,0.98,0.16238645546381517,-8.426426393494586e-05,0.3762467281669529,0.8990378137970921
6.2,0.98,0.16109812104419943,-8.025084551894654e-05,0.3717790436599062,0.9003212340689978
6.4,0.98,0.1598701811056163,-7.654254435357448e-05,0.36738720007909814,0.9015468805104778
6.6000000000000005,0.98,0.15869801739778816,-7.310953457236034e-05,0.36306815616287186,0.902719047617402
6.800000000000001,0.98,0.15757763253702076,-6.992265325690839e-05,0.3588188153092996,0.9038415849191488
7.0,0.98,0.1565053325591961,-6.695851299341503e-05,0.3546364932296084,0.9049179627348597
7.2,0.98,0.1554778422545606,-6.419527378697802e-05,0.35051857893704513,0.9059513144237203
7.4,0.98,0.15449215553877513,-6.161457507098113e-05,0.3464627183804293,0.9069444809519219
7.6000000000000005,0.98,0.15354556738234257,-5.9199647480867425e-05,0.3424666666575455,0.907900043490549
7.800000000000001,0.98,0.15263559801450052,-5.693598697208734e-05,0.3385283568115666,0.9088203549150898
8.0,0.98,0.15175999420285333,-5.481046979475136e-05,0.3346458324323297,0.9097075646879602
8.200000000000001,0.98,0.1509166872871679,-5.28115419702017e-05,0.33081727055023935,0.9105636418142365
8.4,0.98,0.1501037845405401,-5.0928776111321265e-05,0.3270409486848896,0.9113903938269355
8.6,0.98,0.1493195436282879,-4.915288416279924e-05,0.32331524986372584,0.9121894839009501
8.8,0.98,0.14856236190014335,-4.747547663684368e-05,0.31963864489708316,0.912962445409043
9.0,0.98,0.14783075945004295,-4.588901878461938e-05,0.3160096908399361,0.9137106949101397
9.200000000000001,0.98,0.14712336907814666,-4.4386687793290046e-05,0.31242702033799813,0.9144355433969288
9.4,0.98,0.14643892426442456,-4.296231742179172e-05,0.3088893380320278,0.9151382063036103
9.600000000000001,0.98,0.14577625056706756,-4.161030607082583e-05,0.3053954134372458,0.915819812282069
9.8,0.98,0.14513425665811425,-4.032556532538116e-05,0.3019440770181404,0.9164814110212235
10.0,0.98,0.1445119272062221,-3.9103456673564187e-05,0.2985342150111463,0.9171239801711485
10.200000000000001,0.98,0.14390831596909098,-3.793974810711061e-05,0.29516476578244394,0.917748431535381
10.4,0.98,0.1433225399800159,-3.683056834544287e-05,0.29183471583881193,0.9183556165994606
10.600000000000001,0.98,0.14275377410375406,-3.577237161220887e-05,0.2885430966412734,0.918946331499799
10.8,0.98,0.14220124630120468,-3.4761903355747934e-05,0.2852889814161863,0.9195213214921666
11.0,0.98,0.1416642332698802,-3.379617208822302e-05,0.2820714824320665,0.9200812849895706
11.200000000000001,0.98,0.14114205657854217,-3.287242310035683e-05,0.2788897483910131,0.9206268772168238
11.4,0.98,0.14063407913418416,-3.1988116044562996e-05,0.2757429621201937,0.9211587135301998
11.600000000000001,0.98,0.1401397020124106,-3.114090444712447e-05,0.2726303384054177,0.921677372438445
11.8,0.98,0.13965836156635725,-3.0328617849669316e-05,0.2695511220357138,0.9221833983595269
12.0,0.98,0.13918952681265964,-2.9549245647763704e-05,0.26650458598413107,0.9226773041404542
12.200000000000001,0.98,0.1387326970457551,-2.880092281761437e-05,0.26349002974648755,0.9231595733650763
12.4,0.98,0.13828739966851944,-2.8081917047336883e-05,0.2605067777999151,0.923630662470423
12.600000000000001,0.98,0.13785318820858602,-2.739061727583602e-05,0.25755417818450044,0.9240910026900024
12.8,0.98,0.13742964050638057,-2.672552336474151e-05,0.2546316011866399,0.9245410018396905
13.0,0.98,0.13701635705400983,-2.6085236844319796e-05,0.2517384381208093,0.9249810459601675
13.200000000000001,0.98,0.13661295947210142,-2.5468452563773875e-05,0.2488741001965212,0.9254115008280556
13.4,0.98,0.13621908910954253,-2.4873951174119998e-05,0.2460380174653261,0.9258327133466591
13.600000000000001,0.98,0.13583440575512803,-2.4300592329779658e-05,0.24322963783894386,0.926245012826032
13.8,0.98,0.13545858644982117,-2.3747308542653363e-05,0.24044842617337345,0.9266487121612051
14.0,0.98,0.13509132439057778,-2.3213099607649727e-05,0.23769386341255294,0.9270441089165808
14.200000000000001,0.98,0.13473232791702977,-2.269702754328873e-05,0.2349654457870421,0.9274314863239058
14.4,0.98,0.13438131957368965,-2.219821198841595e-05,0.23226268406289688,0.9278111142006292
14.600000000000001,0.98,0.13403803524084637,-2.171582600798898e-05,0.22958510283693323,0.9281832497949917
14.8,0.98,0.1337022233282231,-2.1249092264272688e-05,0.22693223987466357,0.9285481385637728
15.0,0.98,0.13337364402597465,-2.0797279515436222e-05,0.22430364548779458,0.9289060148882329
15.200000000000001,0.98,0.13305206860823038,-2.0359699408153378e-05,0.2216988819483586,0.9292571027334319
15.4,0.98,0.13273727878483113,-1.9935703533670836e-05,0.2191175229369559,0.9296016162558011
15.600000000000001,0.98,0.13242906609736763,-1.9524680722590832e-05,0.21655915302277315,0.929939760363496
15.8,0.98,0.13212723135599916,-1.9126054552431064e-05,0.21402336717331896,0.9302717312337906
16.0,0.98,0.1318315841138737,-1.8739281050020958e-05,0.21150977029200208,0.9305977167914439
16.2,0.98,0.13154194217627221,-1.8363846568292613e-05,0.20901797678185907,0.9309178971517135
16.400000000000002,0.98,0.13125813114186352,-1.7999265822440264e-05,0.20654761013387002,0.9312324450313755
16.6,0.98,0.13097998397369784,-1.7645080069898263e-05,0.20409830253847241,0.9315415261308506
16.8,0.98,0.1307073405977731,-1.7300855422441364e-05,0.20166969451895592,0.9318452994902625
17.0,0.98,0.1304400475271955,-1.69661812778683e-05,0.19926143458554324,0.9321439178219822
17.2,0.98,0.13017795751012853,-1.66406688620799e-05,0.1968731789090463,0.9324375278219726
17.400000000000002,0.98,0.1299209291998626,-1.6323949871479652e-05,0.19450459101303613,0.9327262704619884
17.6,0.98,0.12966882684548073,-1.6015675208970633e-05,0.19215534148355,0.9330102812644753
17.8,0.98,0.12942152000170903,-1.5715513804601524e-05,0.18982510769541186,0.933289690561787
18.0,0.98,0.12917888325664934,-1.5423151515873474e-05,0.1875135735542536,0.9335646237411392
18.2,0.98,0.12894079597618732,-1.5138290101129611e-05,0.18522042925342141,0.9338352014765382
18.400000000000002,0.98,0.12870714206395917,-1.486064626097297e-05,0.18294537104493236,0.9341015399487687
18.6,0.98,0.12847780973583453,-1.458995074251552e-05,0.1806881010237148,0.9343637510543378
18.8,0.98,0.12825269130795325,-1.4325947502819957e-05,0.178448326924381,0.9346219426041983
19.0,0.98,0.12803168299741297,-1.4068392926839548e-05,0.17622576192979764,0.9348762185128945
19.200000000000003,0.98,0.12781468473476956,-1.3817055096671996e-05,0.1740201244907873,0.9351266789787258
19.400000000000002,0.98,0.1276015999875702,-1.3571713108100867e-05,0.17183113815625947,0.9353734206554063
19.6,0.98,0.12739233559418578,-1.3332156432369862e-05,0.1696585314131496,0.9356165368156433
19.8,0.98,0.12718680160726648,-1.3098184318885367e-05,0.16750203753553913,0.9358561175069912
20.0,0.98,0.12698491114618177,-1.2869605237500786e-05,0.16536139444236495,0.9360922497002959
20.200000000000003,0.98,0.1267865802578523,-1.2646236356273819e-05,0.1632363445631485,0.9363250174310108
20.400000000000002,0.98,0.1265917277854249,-1.2427903054257309e-05,0.16112663471120545,0.9365545019336318
20.6,0.98,0.12640027524426453,-1.2214438465293145e-05,0.1590320159638138,0.9367807817694821
20.8,0.98,0.12621214670479358,-1.2005683051836518e-05,0.15695224354885115,0.9370039329480757
21.0,0.98,0.12602726868172187,-1.1801484206217433e-05,0.15488707673743432,0.9372240290422593
21.200000000000003,0.98,0.12584557002925115,-1.1601695878285255e-05,0.15283627874212394,0.9374411412973591
21.400000000000002,0.98,0.1256669818418642,-1.1406178226447552e-05,0.15079961662026994,0.9376553387345277
21.6,0.98,0.12549143736033824,-1.1214797292023641e-05,0.14877686118211544,0.9378666882485107
21.8,0.98,0.12531887188263824,-1.1027424694005296e-05,0.146767786903283,0.9380752547000556
22.0,0.98,0.12514922267938447,-1.0843937343813635e-05,0.1447721718413155,0.9382811010031703
22.200000000000003,0.98,0.1249824289135959,-1.066421717793706e-05,0.1427897975559442,0.9384842882074725
22.400000000000002,0.98,0.12481843156444145,-1.048815090766083e-05,0.14082044903278818,0.9386848755758422
22.6,0.98,0.12465717335474634,-1.0315629784744141e-05,0.13886391461022274,0.9388829206576308
22.8,0.98,0.12449859868201894,-1.0146549381297525e-05,0.1369199859091583,0.9390784793576368
23.0,0.98,0.12434265355278616,-9.980809383454933e-06,0.13498845776550591,0.9392716060011077
23.200000000000003,0.98,0.12418928552003163,-9.818313397751977e-06,0.13306912816512115,0.939462353394984
23.400000000000002,0.98,0.12403844362355422,-9.658968768937969e-06,0.1311617981810363,0.9396507728856254
23.6,0.98,0.1238900783330753,-9.502686408603406e-06,0.12926627191281476,0.9398369144132451
23.8,0.98,0.12374414149393481,-9.349380633813081e-06,0.1273823564278691,0.9400208265632793
24.0,0.98,0.1236005862752328,-9.198969014853417e-06,0.12550986170460882,0.940202556614894
24.200000000000003,0.98,0.12345936712027646,-9.051372231562273e-06,0.12364860057729588,0.9403821505868574
24.400000000000002,0.98,0.12332043969921228,-8.90651393744825e-06,0.12179838868250215,0.9405596532809584
24.6,0.98,0.12318376086372537,-8.764320630828041e-06,0.11995904440706874,0.9407351083231695
24.8,0.98,0.12304928860370089,-8.624721533083693e-06,0.11813038883749064,0.9409085582027356
25.0,0.98,0.12291698200574801,-8.487648472542049e-06,0.11631224571064061,0.9410800443093382
25.200000000000003,0.98,0.12278680121349497,-8.353035774305569e-06,0.11450444136578118,0.9412496069685197
25.400000000000002,0.98,0.1226587073895741,-8.220820155338113e-06,0.11270680469780339,0.9414172854754811
25.6,0.98,0.12253266267921431,-8.090940624140071e-06,0.11091916711163692,0.941583118127408
25.8,0.98,0.12240863017537057,-7.963338385215046e-06,0.10914136247779124,0.9417471422544348
26.0,0.98,0.12228657388532475,-7.837956747375221e-06,0.10737322708900163,0.9419093942493563
26.200000000000003,0.98,0.12216645869869124,-7.714741036123309e-06,0.10561459961791675,0.9420699095961889
26.400000000000002,0.98,0.12204825035677025,-7.593638509650177e-06,0.10386532107582556,0.9422287228976661
26.6,0.98,0.12193191542319418,-7.474598277813343e-06,0.10212523477237735,0.9423858679017431
26.8,0.98,0.12181742125581267,-7.357571224894971e-06,0.10039418627626759,0.9425413775271877
27.0,0.98,0.12170473597976961,-7.24250993495707e-06,0.09867202337687465,0.9426952838882968
27.200000000000003,0.98,0.12159382846172274,-7.129368619909513e-06,0.09695859604680453,0.9428476183188158
27.400000000000002,0.98,0.12148466828516485,-7.018103050530046e-06,0.09525375640533051,0.9429984113950788
27.6,0.98,0.12137722572679796,-6.908670490121841e-06,0.09355735868269696,0.9431476929584196
27.8,0.98,0.1212714717339274,-6.8010296302344095e-06,0.09186925918526372,0.9432954921368805
28.0,0.98,0.1211673779028261,-6.695140529270354e-06,0.09018931626144613,0.9434418373662379
28.200000000000003,0.98,0.12106491645804236,-6.5909645530229696e-06,0.08851739026844803,0.9435867564103771
28.400000000000002,0.98,0.12096406023260087,-6.488464317712583e-06,0.08685334353973828,0.9437302763810154
28.6,0.98,0.12086478264907446,-6.387603635190719e-06,0.08519704035324811,0.9438724237567935
28.8,0.98,0.12076705770147268,-6.288347460058198e-06,0.08354834690023279,0.9440132244017496
29.0,0.98,0.12067085993794133,-6.190661839551793e-06,0.08190713125482099,0.9441527035831683
29.200000000000003,0.98,0.12057616444419073,-6.094513864591688e-06,0.08027326334412187,0.9442908859888229
29.400000000000002,0.98,0.12048294682769309,-5.999871624012208e-06,0.07864661491898252,0.9444277957436057
29.6,0.98,0.12039118320250836,-5.906704159621076e-06,0.07702705952518174,0.9445634564255448
29.8,0.98,0.1203008501748596,-5.8149814247732045e-06,0.07541447247527104,0.9446978910812239
30.0,0.98,0.12021192482920348,-5.72467424280523e-06,0.07380873082066122,0.944831122240584
30.200000000000003,0.98,0.1201243847150926,-5.635754270473438e-06,0.07220971332445687,0.9449631719311283
30.400000000000002,0.98,0.12003820783431947,-5.548193959001288e-06,0.07061730043419914,0.9450940616915092
30.6,0.98,0.11995337262900639,-5.461966523350478e-06,0.06903137425564679,0.9452238125845253
30.8,0.98,0.1198698579696104,-5.377045903815986e-06,0.06745181852586736,0.9453524452094967
31.0,0.98,0.11978764314426932,-5.2934067434530555e-06,0.06587851858805702,0.9454799797140564
31.200000000000003,0.98,0.11970670784734605,-5.211024347035989e-06,0.06431136136448355,0.945606435805317
31.400000000000002,0.98,0.11962703217021954,-5.129874670644583e-06,0.06275023533270652,0.9457318327604809
31.6,0.98,0.11954859658984004,-5.0499342710380445e-06,0.06119503049752822,0.9458561894367932
31.8,0.98,0.11947138196148391,-4.971180317458284e-06,0.05964563836951455,0.9459795242810054
32.0,0.98,0.11939536950632132,-4.893590516443068e-06,0.0581019519343454,0.9461018553381166
32.2,0.98,0.11932054080735047,-4.8171431664032835e-06,0.056563865635687785,0.9462232002597423
32.4,0.98,0.11924687779400608,-4.741817027517819e-06,0.05503127533871019,0.9463435763116211
32.6,0.98,0.11917436274392108,-4.6675914624571205e-06,0.053504078321760004,0.9464630003809961
32.800000000000004,0.98,0.11910297826054683,-4.594446187679855e-06,0.05198217322739298,0.9465814889828185
33.0,0.98,0.11903270728639471,-4.522361591642332e-06,0.0504654600722744,0.9466990582663266
33.2,0.98,0.11896353306532034,-4.451318234827974e-06,0.04895384017194278,0.9468157240197745
33.4,0.98,0.11889543917916502,-4.3812975365170055e-06,0.04744721618871794,0.9469315016765623
33.6,0.98,0.11882840947731901,-4.312280745958378e-06,0.04594549200147024,0.94704640631809
33.800000000000004,0.98,0.11876242816178023,-4.244250398698682e-06,0.04444857283300587,0.9471604526801432
34.0,0.98,0.1186974796476845,-4.1771881785292386e-06,0.042956365004788034,0.9472736551529873
34.2,0.98,0.11863354874920154,-4.111077981445354e-06,0.04146877623059561,0.9473860277894157
34.4,0.98,0.118570620395114,-4.045901455663057e-06,0.039985715130635854,0.9474975843001902
34.6,0.98,0.11850868002526835,-3.9816444266151205e-06,0.03850709187309439,0.9476083380666566
34.800000000000004,0.98,0.11844771300243095,-3.918287578617149e-06,0.037032817184920006,0.9477183021274806
35.0,0.98,0.11838770544887524,-3.8558199079861826e-06,0.03556280372134691,0.9478274892018439
35.2,0.98,0.11832864302238251,-3.7942192434256324e-06,0.034096964023510784,0.9479359116589694
35.4,0.98,0.11827051267331763,-3.733480394553477e-06,0.03263521341152802,0.9480435815643629
35.6,0.98,0.11821330008992154,-3.673574423465432e-06,0.031177465737827644,0.9481505106143016
35.800000000000004,0.98,0.11815699338093834,-3.614507520816016e-06,0.02972363946957614,0.9482567102310587
36.0,0.98,0.11810157773630861,-3.556235846438817e-06,0.028273648827154,0.9483621914251039
36.2,0.98,0.11804704313848496,-3.498788644022669e-06,0.02682741654465755,0.9484669649932873
36.4,0.98,0.11799337319628356,-3.442090221309707e-06,0.025384855344335395,0.9485710412310484
36.6,0.98,0.11794056128539782,-3.3862172043127983e-06,0.023945894683101935,0.9486744303457197
36.800000000000004,0.98,0.11788858719238877,-3.331026929649352e-06,0.022510441986412555,0.9487771418574691
37.0,0.98,0.11783745088165547,-3.276693134829388e-06,0.02107843868532489,0.9488791854583446
37.2,0.98,0.11778712367868942,-3.2229358993566136e-06,0.019649779073297787,0.9489805697740181
37.4,0.98,0.11773761876884213,-3.170118405757134e-06,0.018224427619362008,0.9490813041192154
37.6,0.98,0.11768888963681974,-3.1177086932304996e-06,0.016802249333818593,0.9491813960208634
37.800000000000004,0.98,0.11764097577702622,-3.0663380165614287e-06,0.015383254504877309,0.9492808545174285
38.0,0.98,0.11759379625803734,-3.0153078746142434e-06,0.013967246727456417,0.949379686037687
38.2,0.98,0.11754743596019838,-2.9645639013670814e-06,0.01255432483463263,0.9494778977500621
38.400000000000006,0.98,0.11750177448012616,-2.9166698264501103e-06,0.01114417975685976,0.949575499335427
38.6,0.98,0.1174568981549693,-2.8580600959586134e-06,0.009737037878569782,0.9496724756811694
38.800000000000004,0.98,0.11741292331429305,-2.833350549918563e-06,0.00833252769861687,0.9497688920794235
39.0,0.98,0.11736902242809966,-2.687630881077399e-06,0.006930590604440136,0.9498645119437608
39.2,0.98,0.11732881943430919,-2.8696163476334084e-06,0.005532415877645881,0.9499599591059225
39.400000000000006,0.98,0.1172811553314861,-2.0283698420672138e-06,0.004132168258167713,0.9500531542183392
39.6,0.98,0.11726183781482968,-3.3813168555067247e-06,0.002749353884956839,0.9501488273000351
39.800000000000004,0.98,0.11717976239546063,-3.3721454754955145e-06,0.0013247200806894843,0.9502400033285313
40.0,0.98,0.11717976239546063,0.0,0.0,0.9502400033285313
0.0,1.0,0.0,0.0,0.7039713980893535,1.0
0.2,1.0,0.0,0.0,0.7039713980893535,1.0
0.4,1.0,0.0,0.0,0.5631006252038239,1.0
0.6000000000000001,1.0,0.0,0.0,0.5753185660607858,1.0
0.8,1.0,0.0,0.0,0.5410986881222423,1.0
1.0,1.0,0.0,0.0,0.5411736123010867,1.0
1.2000000000000002,1.0,0.0,0.0,0.5238650850920112,1.0
1.4000000000000001,1.0,0.0,0.0,0.5184712689652736,1.0
1.6,1.0,0.0,0.0,0.5068497941381317,1.0
1.8,1.0,0.0,0.0,0.499945338651801,1.0
2.0,1.0,0.0,0.0,0.49087670796499766,1.0
2.2,1.0,0.0,0.0,0.48381581344565505,1.0
2.4000000000000004,1.0,0.0,0.0,0.47608234993472154,1.0
2.6,1.0,0.0,0.0,0.46928136800617526,1.0
2.8000000000000003,1.0,0.0,0.0,0.4623506739945152,1.0
3.0,1.0,0.0,0.0,0.4559082654147674,1.0
3.2,1.0,0.0,0.0,0.44952525905012847,1.0
3.4000000000000004,1.0,0.0,0.0,0.44343724377041766,1.0
3.6,1.0,0.0,0.0,0.4374664158841914,1.0
3.8000000000000003,1.0,0.0,0.0,0.43169985978277714,1.0
4.0,1.0,0.0,0.0,0.42606073965980384,1.0
4.2,1.0,0.0,0.0,0.42057870908070466,1.0
4.4,1.0,0.0,0.0,0.41521831250182345,1.0
4.6000000000000005,1.0,0.0,0.0,0.4099873395652639,1.0
4.800000000000001,1.0,0.0,0.0,0.4048677780743891,1.0
5.0,1.0,0.0,0.0,0.3998594216504054,1.0
5.2,1.0,0.0,0.0,0.39495193863088957,1.0
5.4,1.0,0.0,0.0,0.39014248400216606,1.0
5.6000000000000005,1.0,0.0,0.0,0.38542433858806785,1.0
5.800000000000001,1.0,0.0,0.0,0.3807940389882306,1.0
6.0,1.0,0.0,0.0,0.3762467281669529,1.0
6.2,1.0,0.0,0.0,0.3717790436599062,1.0
6.4,1.0,0.0,0.0,0.36738720007909814,1.0
6.6000000000000005,1.0,0.0,0.0,0.36306815616287186,1.0
6.800000000000001,1.0,0.0,0.0,0.3588188153092996,1.0
7.0,1.0,0.0,0.0,0.3546364932296084,1.0
7.2,1.0,0.0,0.0,0.35051857893704513,1.0
7.4,1.0,0.0,0.0,0.3464627183804293,1.0
7.6000000000000005,1.0,0.0,0.0,0.3424666666575455,1.0
7.800000000000001,1.0,0.0,0.0,0.3385283568115666,1.0
8.0,1.0,0.0,0.0,0.3346458324323297,1.0
8.200000000000001,1.0,0.0,0.0,0.33081727055023935,1.0
8.4,1.0,0.0,0.0,0.3270409486848896,1.0
8.6,1.0,0.0,0.0,0.32331524986372584,1.0
8.8,1.0,0.0,0.0,0.31963864489708316,1.0
9.0,1.0,0.0,0.0,0.3160096908399361,1.0
9.200000000000001,1.0,0.0,0.0,0.31242702033799813,1.0
9.4,1.0,0.0,0.0,0.3088893380320278,1.0
9.600000000000001,1.0,0.0,0.0,0.3053954134372458,1.0
9.8,1.0,0.0,0.0,0.3019440770181404,1.0
10.0,1.0,0.0,0.0,0.2985342150111463,1.0
10.200000000000001,1.0,0.0,0.0,0.29516476578244394,1.0
10.4,1.0,0.0,0.0,0.29183471583881193,1.0
10.600000000000001,1.0,0.0,0.0,0.2885430966412734,1.0
10.8,1.0,0.0,0.0,0.2852889814161863,1.0
11.0,1.0,0.0,0.0,0.2820714824320665,1.0
11.200000000000001,1.0,0.0,0.0,0.2788897483910131,1.0
11.4,1.0,0.0,0.0,0.2757429621201937,1.0
11.600000000000001,1.0,0.0,0.0,0.2726303384054177,1.0
11.8,1.0,0.0,0.0,0.2695511220357138,1.0
12.0,1.0,0.0,0.0,0.26650458598413107,1.0
12.200000000000001,1.0,0.0,0.0,0.26349002974648755,1.0
12.4,1.0,0.0,0.0,0.2605067777999151,1.0
12.600000000000001,1.0,0.0,0.0,0.25755417818450044,1.0
12.8,1.0,0.0,0.0,0.2546316011866399,1.0
13.0,1.0,0.0,0.0,0.2517384381208093,1.0
13.200000000000001,1.0,0.0,0.0,0.2488741001965212,1.0
13.4,1.0,0.0,0.0,0.2460380174653261,1.0
13.600000000000001,1.0,0.0,0.0,0.24322963783894386,1.0
13.8,1.0,0.0,0.0,0.24044842617337345,1.0
14.0,1.0,0.0,0.0,0.23769386341255294,1.0
14.200000000000001,1.0,0.0,0.0,0.2349654457870421,1.0
14.4,1.0,0.0,0.0,0.23226268406289688,1.0
14.600000000000001,1.0,0.0,0.0,0.22958510283693323,1.0
14.8,1.0,0.0,0.0,0.22693223987466357,1.0
15.0,1.0,0.0,0.0,0.22430364548779458,1.0
15.200000000000001,1.0,0.0,0.0,0.2216988819483586,1.0
15.4,1.0,0.0,0.0,0.2191175229369559,1.0
15.600000000000001,1.0,0.0,0.0,0.21655915302277315,1.0
15.8,1.0,0.0,0.0,0.21402336717331896,1.0
16.0,1.0,0.0,0.0,0.21150977029200208,1.0
16.2,1.0,0.0,0.0,0.20901797678185907,1.0
16.400000000000002,1.0,0.0,0.0,0.20654761013387002,1.0
16.6,1.0,0.0,0.0,0.20409830253847241,1.0
16.8,1.0,0.0,0.0,0.20166969451895592,1.0
17.0,1.0,0.0,0.0,0.19926143458554324,1.0
17.2,1.0,0.0,0.0,0.1968731789090463,1.0
17.400000000000002,1.0,0.0,0.0,0.19450459101303613,1.0
17.6,1.0,0.0,0.0,0.19215534148355,1.0
17.8,1.0,0.0,0.0,0.18982510769541186,1.0
18.0,1.0,0.0,0.0,0.1875135735542536,1.0
18.2,1.0,0.0,0.0,0.18522042925342141,1.0
18.400000000000002,1.0,0.0,0.0,0.18294537104493236,1.0
18.6,1.0,0.0,0.0,0.1806881010237148,1.0
18.8,1.0,0.0,0.0,0.178448326924381,1.0
19.0,1.0,0.0,0.0,0.17622576192979764,1.0
19.200000000000003,1.0,0.0,0.0,0.1740201244907873,1.0
19.400000000000002,1.0,0.0,0.0,0.17183113815625947,1.0
19.6,1.0,0.0,0.0,0.1696585314131496,1.0
19.8,1.0,0.0,0.0,0.16750203753553913,1.0
20.0,1.0,0.0,0.0,0.16536139444236495,1.0
20.200000000000003,1.0,0.0,0.0,0.1632363445631485,1.0
20.400000000000002,1.0,0.0,0.0,0.16112663471120545,1.0
20.6,1.0,0.0,0.0,0.1590320159638138,1.0
20.8,1.0,0.0,0.0,0.15695224354885115,1.0
21.0,1.0,0.0,0.0,0.15488707673743432,1.0
21.200000000000003,1.0,0.0,0.0,0.15283627874212394,1.0
21.400000000000002,1.0,0.0,0.0,0.15079961662026994,1.0
21.6,1.0,0.0,0.0,0.14877686118211544,1.0
21.8,1.0,0.0,0.0,0.146767786903283,1.0
22.0,1.0,0.0,0.0,0.1447721718413155,1.0
22.200000000000003,1.0,0.0,0.0,0.1427897975559442,1.0
22.400000000000002,1.0,0.0,0.0,0.14082044903278818,1.0
22.6,1.0,0.0,0.0,0.13886391461022274,1.0
22.8,1.0,0.0,0.0,0.1369199859091583,1.0
23.0,1.0,0.0,0.0,0.13498845776550591,1.0
23.200000000000003,1.0,0.0,0.0,0.13306912816512115,1.0
23.400000000000002,1.0,0.0,0.0,0.1311617981810363,1.0
23.6,1.0,0.0,0.0,0.12926627191281476,1.0
23.8,1.0,0.0,0.0,0.1273823564278691,1.0
24.0,1.0,0.0,0.0,0.12550986170460882,1.0
24.200000000000003,1.0,0.0,0.0,0.12364860057729588,1.0
24.400000000000002,1.0,0.0,0.0,0.12179838868250215,1.0
24.6,1.0,0.0,0.0,0.11995904440706874,1.0
24.8,1.0,0.0,0.0,0.11813038883749064,1.0
25.0,1.0,0.0,0.0,0.11631224571064061,1.0
25.200000000000003,1.0,0.0,0.0,0.11450444136578118,1.0
25.400000000000002,1.0,0.0,0.0,0.11270680469780339,1.0
25.6,1.0,0.0,0.0,0.11091916711163692,1.0
25.8,1.0,0.0,0.0,0.10914136247779124,1.0
26.0,1.0,0.0,0.0,0.10737322708900163,1.0
26.200000000000003,1.0,0.0,0.0,0.10561459961791675,1.0
26.400000000000002,1.0,0.0,0.0,0.10386532107582556,1.0
26.6,1.0,0.0,0.0,0.10212523477237735,1.0
26.8,1.0,0.0,0.0,0.10039418627626759,1.0
27.0,1.0,0.0,0.0,0.09867202337687465,1.0
27.200000000000003,1.0,0.0,0.0,0.09695859604680453,1.0
27.400000000000002,1.0,0.0,0.0,0.09525375640533051,1.0
27.6,1.0,0.0,0.0,0.09355735868269696,1.0
27.8,1.0,0.0,0.0,0.09186925918526372,1.0
28.0,1.0,0.0,0.0,0.09018931626144613,1.0
28.200000000000003,1.0,0.0,0.0,0.08851739026844803,1.0
28.400000000000002,1.0,0.0,0.0,0.08685334353973828,1.0
28.6,1.0,0.0,0.0,0.08519704035324811,1.0
28.8,1.0,0.0,0.0,0.08354834690023279,1.0
29.0,1.0,0.0,0.0,0.08190713125482099,1.0
29.200000000000003,1.0,0.0,0.0,0.08027326334412187,1.0
29.400000000000002,1.0,0.0,0.0,0.07864661491898252,1.0
29.6,1.0,0.0,0.0,0.07702705952518174,1.0
29.8,1.0,0.0,0.0,0.07541447247527104,1.0
30.0,1.0,0.0,0.0,0.07380873082066122,1.0
30.200000000000003,1.0,0.0,0.0,0.07220971332445687,1.0
30.400000000000002,1.0,0.0,0.0,0.07061730043419914,1.0
30.6,1.0,0.0,0.0,0.06903137425564679,1.0
30.8,1.0,0.0,0.0,0.06745181852586736,1.0
31.0,1.0,0.0,0.0,0.06587851858805702,1.0
31.200000000000003,1.0,0.0,0.0,0.06431136136448355,1.0
31.400000000000002,1.0,0.0,0.0,0.06275023533270652,1.0
31.6,1.0,0.0,0.0,0.06119503049752822,1.0
31.8,1.0,0.0,0.0,0.05964563836951455,1.0
32.0,1.0,0.0,0.0,0.0581019519343454,1.0
32.2,1.0,0.0,0.0,0.056563865635687785,1.0
32.4,1.0,0.0,0.0,0.05503127533871019,1.0
32.6,1.0,0.0,0.0,0.053504078321760004,1.0
32.800000000000004,1.0,0.0,0.0,0.05198217322739298,1.0
33.0,1.0,0.0,0.0,0.0504654600722744,1.0
33.2,1.0,0.0,0.0,0.04895384017194278,1.0
33.4,1.0,0.0,0.0,0.04744721618871794,1.0
33.6,1.0,0.0,0.0,0.04594549200147024,1.0
33.800000000000004,1.0,0.0,0.0,0.04444857283300587,1.0
34.0,1.0,0.0,0.0,0.042956365004788034,1.0
34.2,1.0,0.0,0.0,0.04146877623059561,1.0
34.4,1.0,0.0,0.0,0.039985715130635854,1.0
34.6,1.0,0.0,0.0,0.03850709187309439,1.0
34.800000000000004,1.0,0.0,0.0,0.037032817184920006,1.0
35.0,1.0,0.0,0.0,0.03556280372134691,1.0
35.2,1.0,0.0,0.0,0.034096964023510784,1.0
35.4,1.0,0.0,0.0,0.03263521341152802,1.0
35.6,1.0,0.0,0.0,0.031177465737827644,1.0
35.800000000000004,1.0,0.0,0.0,0.02972363946957614,1.0
36.0,1.0,0.0,0.0,0.028273648827154,1.0
36.2,1.0,0.0,0.0,0.02682741654465755,1.0
36.4,1.0,0.0,0.0,0.025384855344335395,1.0
36.6,1.0,0.0,0.0,0.023945894683101935,1.0
36.800000000000004,1.0,0.0,0.0,0.022510441986412555,1.0
37.0,1.0,0.0,0.0,0.02107843868532489,1.0
37.2,1.0,0.0,0.0,0.019649779073297787,1.0
37.4,1.0,0.0,0.0,0.018224427619362008,1.0
37.6,1.0,0.0,0.0,0.016802249333818593,1.0
37.800000000000004,1.0,0.0,0.0,0.015383254504877309,1.0
38.0,1.0,0.0,0.0,0.013967246727456417,1.0
38.2,1.0,0.0,0.0,0.01255432483463263,1.0
38.400000000000006,1.0,0.0,0.0,0.01114417975685976,1.0
38.6,1.0,0.0,0.0,0.009737037878569782,1.0
38.800000000000004,1.0,0.0,0.0,0.00833252769861687,1.0
39.0,1.0,0.0,0.0,0.006930590604440136,1.0
39.2,1.0,0.0,0.0,0.005532415877645881,1.0
39.400000000000006,1.0,0.0,0.0,0.004132168258167713,1.0
39.6,1.0,0.0,0.0,0.002749353884956839,1.0
39.800000000000004,1.0,0.0,0.0,0.0013247200806894843,1.0
40.0,1.0,0.0,0.0,0.0,1.0
