x,y,u,v,p,T
0.0,0.0,0.0,0.0,6.089991797800958,1.0
0.2,0.0,0.0,0.0,6.089991797800958,1.0
0.4,0.0,0.0,0.0,5.824200337379986,1.0
0.6000000000000001,0.0,0.0,0.0,5.854844213034809,1.0
0.8,0.0,0.0,0.0,5.741168371357153,1.0
1.0,0.0,0.0,0.0,5.727348581036202,1.0
1.2000000000000002,0.0,0.0,0.0,5.661931092137349,1.0
1.4000000000000001,0.0,0.0,0.0,5.633219798063089,1.0
1.6,0.0,0.0,0.0,5.586517538415242,1.0
1.8,0.0,0.0,0.0,5.5538757692902365,1.0
2.0,0.0,0.0,0.0,5.515224672466673,1.0
2.2,0.0,0.0,0.0,5.482235102798507,1.0
2.4000000000000004,0.0,0.0,0.0,5.44744595284043,1.0
2.6,0.0,0.0,0.0,5.415098463431124,1.0
2.8000000000000003,0.0,0.0,0.0,5.3823772582106315,1.0
3.0,0.0,0.0,0.0,5.3508075151373085,1.0
3.2,0.0,0.0,0.0,5.319304441343408,1.0
3.4000000000000004,0.0,0.0,0.0,5.2884023777956815,1.0
3.6,0.0,0.0,0.0,5.2576696468109505,1.0
3.8000000000000003,0.0,0.0,0.0,5.227282477825858,1.0
4.0,0.0,0.0,0.0,5.1970604811557815,1.0
4.2,0.0,0.0,0.0,5.1670534384533875,1.0
4.4,0.0,0.0,0.0,5.137180479075586,1.0
4.6000000000000005,0.0,0.0,0.0,5.107449032730054,1.0
4.800000000000001,0.0,0.0,0.0,5.0778195099688865,1.0
5.0,0.0,0.0,0.0,5.048286900358441,1.0
5.2,0.0,0.0,0.0,5.0188299308915925,1.0
5.4,0.0,0.0,0.0,4.989441278054765,1.0
5.6000000000000005,0.0,0.0,0.0,4.960108462417349,1.0
5.800000000000001,0.0,0.0,0.0,4.93082525059276,1.0
6.0,0.0,0.0,0.0,4.901584002721608,1.0
6.2,0.0,0.0,0.0,4.872379886910657,1.0
6.4,0.0,0.0,0.0,4.84320794754627,1.0
6.6000000000000005,0.0,0.0,0.0,4.814064626064918,1.0
6.800000000000001,0.0,0.0,0.0,4.784946598553981,1.0
7.0,0.0,0.0,0.0,4.75585130156305,1.0
7.2,0.0,0.0,0.0,4.7267764538570605,1.0
7.4,0.0,0.0,0.0,4.697720221861813,1.0
7.6000000000000005,0.0,0.0,0.0,4.668681011722873,1.0
7.800000000000001,0.0,0.0,0.0,4.639657508933873,1.0
8.0,0.0,0.0,0.0,4.61064858090807,1.0
8.200000000000001,0.0,0.0,0.0,4.581653276192704,1.0
8.4,0.0,0.0,0.0,4.552670774680452,1.0
8.6,0.0,0.0,0.0,4.523700376502933,1.0
8.8,0.0,0.0,0.0,4.494741474299655,1.0
9.0,0.0,0.0,0.0,4.465793541596253,1.0
9.200000000000001,0.0,0.0,0.0,4.436856116175898,1.0
9.4,0.0,0.0,0.0,4.4079287905738616,1.0
9.600000000000001,0.0,0.0,0.0,4.379011201557924,1.0
9.8,0.0,0.0,0.0,4.350103023028697,1.0
10.0,0.0,0.0,0.0,4.321203959147017,1.0
10.200000000000001,0.0,0.0,0.0,4.292313739257849,1.0
10.4,0.0,0.0,0.0,4.263432113315608,1.0
10.600000000000001,0.0,0.0,0.0,4.234558848329273,1.0
10.8,0.0,0.0,0.0,4.205693725276635,1.0
11.0,0.0,0.0,0.0,4.176836536635845,1.0
11.200000000000001,0.0,0.0,0.0,4.147987084285566,1.0
11.4,0.0,0.0,0.0,4.1191451777998305,1.0
11.600000000000001,0.0,0.0,0.0,4.090310633015138,1.0
11.8,0.0,0.0,0.0,4.061483270857858,1.0
12.0,0.0,0.0,0.0,4.032662916366698,1.0
12.200000000000001,0.0,0.0,0.0,4.0038493978887875,1.0
12.4,0.0,0.0,0.0,3.9750425464125763,1.0
12.600000000000001,0.0,0.0,0.0,3.946242195018045,1.0
12.8,0.0,0.0,0.0,3.917448178421399,1.0
13.0,0.0,0.0,0.0,3.88866033260025,1.0
13.200000000000001,0.0,0.0,0.0,3.859878494483779,1.0
13.4,0.0,0.0,0.0,3.8311025016982665,1.0
13.600000000000001,0.0,0.0,0.0,3.802332192357848,1.0
13.8,0.0,0.0,0.0,3.7735674048925967,1.0
14.0,0.0,0.0,0.0,3.7448079779085215,1.0
14.200000000000001,0.0,0.0,0.0,3.71605375007236,1.0
14.4,0.0,0.0,0.0,3.6873045600184433,1.0
14.600000000000001,0.0,0.0,0.0,3.6585602462719504,1.0
14.8,0.0,0.0,0.0,3.6298206471859054,1.0
15.0,0.0,0.0,0.0,3.6010856008892254,1.0
15.200000000000001,0.0,0.0,0.0,3.5723549452423518,1.0
15.4,0.0,0.0,0.0,3.543628517800456,1.0
15.600000000000001,0.0,0.0,0.0,3.514906155781625,1.0
15.8,0.0,0.0,0.0,3.48618769604018,1.0
16.0,0.0,0.0,0.0,3.4574729750447264,1.0
16.2,0.0,0.0,0.0,3.4287618288602055,1.0
16.400000000000002,0.0,0.0,0.0,3.400054093134289,1.0
16.6,0.0,0.0,0.0,3.371349603087247,1.0
16.8,0.0,0.0,0.0,3.3426481935043766,1.0
17.0,0.0,0.0,0.0,3.3139496987313284,1.0
17.2,0.0,0.0,0.0,3.285253952669922,1.0
17.400000000000002,0.0,0.0,0.0,3.256560788776152,1.0
17.6,0.0,0.0,0.0,3.2278700400577245,1.0
17.8,0.0,0.0,0.0,3.19918153907272,1.0
18.0,0.0,0.0,0.0,3.1704951179286045,1.0
18.2,0.0,0.0,0.0,3.1418106082809785,1.0
18.400000000000002,0.0,0.0,0.0,3.113127841333759,1.0
18.6,0.0,0.0,0.0,3.084446647838693,1.0
18.8,0.0,0.0,0.0,3.0557668580960367,1.0
19.0,0.0,0.0,0.0,3.0270883019549593,1.0
19.200000000000003,0.0,0.0,0.0,2.9984108088147137,1.0
19.400000000000002,0.0,0.0,0.0,2.9697342076256548,1.0
19.6,0.0,0.0,0.0,2.941058326891058,1.0
19.8,0.0,0.0,0.0,2.9123829946690343,1.0
20.0,0.0,0.0,0.0,2.8837080385748566,1.0
20.200000000000003,0.0,0.0,0.0,2.8550332857841765,1.0
20.400000000000002,0.0,0.0,0.0,2.8263585630364294,1.0
20.6,0.0,0.0,0.0,2.797683696639316,1.0
20.8,0.0,0.0,0.0,2.7690085124740946,1.0
21.0,0.0,0.0,0.0,2.7403328360019383,1.0
21.200000000000003,0.0,0.0,0.0,2.7116564922721413,1.0
21.400000000000002,0.0,0.0,0.0,2.682979305931912,1.0
21.6,0.0,0.0,0.0,2.6543011012389326,1.0
21.8,0.0,0.0,0.0,2.6256217020768404,1.0
22.0,0.0,0.0,0.0,2.596940931974388,1.0
22.200000000000003,0.0,0.0,0.0,2.5682586141294967,1.0
22.400000000000002,0.0,0.0,0.0,2.539574571438485,1.0
22.6,0.0,0.0,0.0,2.5108886265323735,1.0
22.8,0.0,0.0,0.0,2.482200601821258,1.0
23.0,0.0,0.0,0.0,2.4535103195483026,1.0
23.200000000000003,0.0,0.0,0.0,2.424817601856262,1.0
23.400000000000002,0.0,0.0,0.0,2.3961222708678176,1.0
23.6,0.0,0.0,0.0,2.367424148783648,1.0
23.8,0.0,0.0,0.0,2.3387230580011282,1.0
24.0,0.0,0.0,0.0,2.3100188212572754,1.0
24.200000000000003,0.0,0.0,0.0,2.281311261801023,1.0
24.400000000000002,0.0,0.0,0.0,2.252600203598507,1.0
24.6,0.0,0.0,0.0,2.223885471577642,1.0
24.8,0.0,0.0,0.0,2.1951668919169394,1.0
25.0,0.0,0.0,0.0,2.166444292384293,1.0
25.200000000000003,0.0,0.0,0.0,2.1377175027326043,1.0
25.400000000000002,0.0,0.0,0.0,2.108986355157056,1.0
25.6,0.0,0.0,0.0,2.0802506848209545,1.0
25.8,0.0,0.0,0.0,2.0515103304549194,1.0
26.0,0.0,0.0,0.0,2.0227651350340303,1.0
26.200000000000003,0.0,0.0,0.0,1.994014946536848,1.0
26.400000000000002,0.0,0.0,0.0,1.9652596187880738,1.0
26.6,0.0,0.0,0.0,1.9364990123852417,1.0
26.8,0.0,0.0,0.0,1.9077329957077445,1.0
27.0,0.0,0.0,0.0,1.87896144600302,1.0
27.200000000000003,0.0,0.0,0.0,1.8501842505428392,1.0
27.400000000000002,0.0,0.0,0.0,1.8214013078381313,1.0
27.6,0.0,0.0,0.0,1.7926125288979808,1.0
27.8,0.0,0.0,0.0,1.7638178385137362,1.0
28.0,0.0,0.0,0.0,1.7350171765459168,1.0
28.200000000000003,0.0,0.0,0.0,1.7062104991875093,1.0
28.400000000000002,0.0,0.0,0.0,1.6773977801731665,1.0
28.6,0.0,0.0,0.0,1.6485790119021324,1.0
28.8,0.0,0.0,0.0,1.6197542064385246,1.0
29.0,0.0,0.0,0.0,1.590923396352934,1.0
29.200000000000003,0.0,0.0,0.0,1.5620866353679763,1.0
29.400000000000002,0.0,0.0,0.0,1.5332439987714472,1.0
29.6,0.0,0.0,0.0,1.5043955835642215,1.0
29.8,0.0,0.0,0.0,1.4755415083123595,1.0
30.0,0.0,0.0,0.0,1.4466819126802704,1.0
30.200000000000003,0.0,0.0,0.0,1.4178169566266177,1.0
30.400000000000002,0.0,0.0,0.0,1.3889468192555066,1.0
30.6,0.0,0.0,0.0,1.3600716973210467,1.0
30.8,0.0,0.0,0.0,1.3311918033985248,1.0
31.0,0.0,0.0,0.0,1.3023073637385425,1.0
31.200000000000003,0.0,0.0,0.0,1.2734186158405905,1.0
31.400000000000002,0.0,0.0,0.0,1.2445258057778936,1.0
31.6,0.0,0.0,0.0,1.2156291853343817,1.0
31.8,0.0,0.0,0.0,1.1867290089922033,1.0
32.0,0.0,0.0,0.0,1.1578255308553487,1.0
32.2,0.0,0.0,0.0,1.1289190015385664,1.0
32.4,0.0,0.0,0.0,1.1000096651355635,1.0
32.6,0.0,0.0,0.0,1.0710977562594557,1.0
32.800000000000004,0.0,0.0,0.0,1.042183497314882,1.0
33.0,0.0,0.0,0.0,1.0132670959106191,1.0
33.2,0.0,0.0,0.0,0.9843487426661351,1.0
33.4,0.0,0.0,0.0,0.955428609146755,1.0
33.6,0.0,0.0,0.0,0.9265068463913246,1.0
33.800000000000004,0.0,0.0,0.0,0.8975835834096938,1.0
34.0,0.0,0.0,0.0,0.8686589265886456,1.0
34.2,0.0,0.0,0.0,0.8397329586308924,1.0
34.4,0.0,0.0,0.0,0.8108057390335895,1.0
34.6,0.0,0.0,0.0,0.7818773030972977,1.0
34.800000000000004,0.0,0.0,0.0,0.7529476638710502,1.0
35.0,0.0,0.0,0.0,0.7240168104037473,1.0
35.2,0.0,0.0,0.0,0.6950847121117498,1.0
35.4,0.0,0.0,0.0,0.6661513144998154,1.0
35.6,0.0,0.0,0.0,0.6372165482717309,1.0
35.800000000000004,0.0,0.0,0.0,0.6082803186504383,1.0
36.0,0.0,0.0,0.0,0.579342524717765,1.0
36.2,0.0,0.0,0.0,0.5504030336968523,1.0
36.4,0.0,0.0,0.0,0.5214617232510808,1.0
36.6,0.0,0.0,0.0,0.4925184212018047,1.0
36.800000000000004,0.0,0.0,0.0,0.4635730000313473,1.0
37.0,0.0,0.0,0.0,0.43462523765051564,1.0
37.2,0.0,0.0,0.0,0.4056750309343328,1.0
37.4,0.0,0.0,0.0,0.37672207654874684,1.0
37.6,0.0,0.0,0.0,0.34776635573392917,1.0
37.800000000000004,0.0,0.0,0.0,0.318807405639984,1.0
38.0,0.0,0.0,0.0,0.28984542117391165,1.0
38.2,0.0,0.0,0.0,0.2608795960429155,1.0
38.400000000000006,0.0,0.0,0.0,0.2319106254936883,1.0
38.6,0.0,0.0,0.0,0.20293693799147042,1.0
38.800000000000004,0.0,0.0,0.0,0.17396037148946822,1.0
39.0,0.0,0.0,0.0,0.14497763218867862,1.0
39.2,0.0,0.0,0.0,0.11599314448810906,1.0
39.400000000000006,0.0,0.0,0.0,0.08699973310709065,1.0
39.6,0.0,0.0,0.0,0.05800766020710667,1.0
39.800000000000004,0.0,0.0,0.0,0.029000960233580272,1.0
40.0,0.0,0.0,0.0,0.0,1.0
0.0,0.002,1.0,0.0,6.089991797800958,0.0
0.2,0.002,0.22748655458785236,0.003938159244888595,6.089991797800958,0.8201967955524471
0.4,0.002,0.1865473428277287,0.0004624614061101252,5.824200337379986,0.8834785258363747
0.6000000000000001,0.002,0.14878071636105694,0.00013963413341399418,5.854844213034809,0.9049486238454967
0.8,0.002,0.14688766121475397,8.344000616110396e-05,5.741168371357153,0.9162597889391915
1.0,0.002,0.13387881983003042,4.4753194466131197e-05,5.727348581036202,0.9238662669567267
1.2000000000000002,0.002,0.13232866038345106,3.3384666846980485e-05,5.661931092137349,0.9292910894430453
1.4000000000000001,0.002,0.12646557661169125,2.025053904306688e-05,5.633219798063089,0.9335147610430103
1.6,0.002,0.12487429383363194,1.520035276370782e-05,5.586517538415242,0.9368818332851709
1.8,0.002,0.12181570219382809,9.261888145950293e-06,5.5538757692902365,0.9396870634162607
2.0,0.002,0.12045809216979791,6.301034922948737e-06,5.515224672466673,0.9420629218241656
2.2,0.002,0.11867049167258346,3.1506349977556785e-06,5.482235102798507,0.9441285830958036
2.4000000000000004,0.002,0.11760984679113531,1.2362830453370578e-06,5.44744595284043,0.9459494425513535
2.6,0.002,0.11647178002590278,-6.162712417058913e-07,5.415098463431124,0.9475830516271929
2.8000000000000003,0.002,0.11567267480274407,-1.8969760613208113e-06,5.3823772582106315,0.9490659289601644
3.0,0.002,0.11490232781983925,-3.057746750934968e-06,5.3508075151373085,0.9504291866391597
3.2,0.002,0.11430633072962657,-3.924212076066031e-06,5.319304441343408,0.9516945211048409
3.4000000000000004,0.002,0.11376113482386246,-4.677183331069877e-06,5.2884023777956815,0.9528799653665999
3.6,0.002,0.11331437661586158,-5.262959569546295e-06,5.2576696468109505,0.9539988396609158
3.8000000000000003,0.002,0.11291441028209687,-5.758634262340122e-06,5.227282477825858,0.9550620319834758
4.0,0.002,0.11257441414242983,-6.15196351846858e-06,5.1970604811557815,0.9560778675778405
4.2,0.002,0.11227124028874655,-6.478476088603379e-06,5.1670534384533875,0.9570530915121426
4.4,0.002,0.11200663578639858,-6.739123220651831e-06,5.137180479075586,0.9579929714264372
4.6000000000000005,0.002,0.11176928005013786,-6.951828843962681e-06,5.107449032730054,0.9589017599996253
4.800000000000001,0.002,0.11155763405162546,-7.1207813109007575e-06,5.0778195099688865,0.9597828257180935
5.0,0.002,0.11136562525679652,-7.255888621996291e-06,5.048286900358441,0.9606388931602979
5.2,0.002,0.11119116168574482,-7.3613940574696276e-06,5.0188299308915925,0.9614721480300712
5.4,0.002,0.11103069754392482,-7.4427032577260065e-06,4.989441278054765,0.9622843759872468
5.6000000000000005,0.002,0.11088230175239745,-7.502844954046593e-06,4.960108462417349,0.9630770339203156
5.800000000000001,0.002,0.1107436972678644,-7.5459295525759075e-06,4.93082525059276,0.9638513180304411
6.0,0.002,0.1106134416071721,-7.574749131928635e-06,4.901584002721608,0.964608216084603
6.2,0.002,0.11049008778036677,-7.59188794721958e-06,4.872379886910657,0.9653485552086981
6.4,0.002,0.11037260008636554,-7.599243665978989e-06,4.84320794754627,0.9660730347622414
6.6000000000000005,0.002,0.11026002460949919,-7.598509875300722e-06,4.814064626064918,0.9667822543349711
6.800000000000001,0.002,0.11015163222288812,-7.59100155056109e-06,4.784946598553981,0.9674767341947877
7.0,0.002,0.11004678257812762,-7.577855707877317e-06,4.75585130156305,0.9681569321293914
7.2,0.002,0.10994496827779311,-7.559981855430667e-06,4.7267764538570605,0.9688232561118583
7.4,0.002,0.10984575538333977,-7.538152267899162e-06,4.697720221861813,0.9694760745266421
7.6000000000000005,0.002,0.10974879332226034,-7.512995137774756e-06,4.668681011722873,0.9701157239932249
7.800000000000001,0.002,0.10965378678278212,-7.485038653392379e-06,4.639657508933873,0.9707425156060124
8.0,0.002,0.10956049476772117,-7.45471653166686e-06,4.61064858090807,0.9713567397541327
8.200000000000001,0.002,0.10946871608690904,-7.4223913775097265e-06,4.581653276192704,0.9719586699357755
8.4,0.002,0.10937828576476999,-7.388362406152056e-06,4.552670774680452,0.9725485657198465
8.6,0.002,0.10928906688274781,-7.352878855991385e-06,4.523700376502933,0.9731266750786544
8.8,0.002,0.10920094699683976,-7.316146879616847e-06,4.494741474299655,0.9736932362049375
9.0,0.002,0.10911383321256167,-7.278337894976268e-06,4.465793541596253,0.9742484789397382
9.200000000000001,0.002,0.10902764929815502,-7.239593951973851e-06,4.436856116175898,0.9747926258878826
9.4,0.002,0.10894233255118324,-7.200033142454766e-06,4.4079287905738616,0.9753258932947931
9.600000000000001,0.002,0.10885783165031099,-7.1597534691150865e-06,4.379011201557924,0.9758484917342837
9.8,0.002,0.10877410459469665,-7.1188364086009295e-06,4.350103023028697,0.9763606266510801
10.0,0.002,0.10869111716617808,-7.077349620761027e-06,4.321203959147017,0.9768624987893928
10.200000000000001,0.002,0.10860884155006625,-7.035349318283554e-06,4.292313739257849,0.9773543045337428
10.4,0.002,0.10852725525720572,-6.9928822127432035e-06,4.263432113315608,0.9778362361814756
10.600000000000001,0.002,0.10844634019147216,-6.9499871390784975e-06,4.234558848329273,0.9783084821627317
10.8,0.002,0.10836608190150718,-6.906696397227027e-06,4.205693725276635,0.9787712272197264
11.0,0.002,0.10828646894554889,-6.863036909674577e-06,4.176836536635845,0.9792246525547995
11.200000000000001,0.002,0.10820749237408095,-6.819031149991678e-06,4.147987084285566,0.9796689359543838
11.4,0.002,0.10812914529521378,-6.774697913586296e-06,4.1191451777998305,0.9801042518945222
11.600000000000001,0.002,0.10805142251814091,-6.730052974483511e-06,4.090310633015138,0.980530771632209
11.8,0.002,0.10797432025556236,-6.685109570766217e-06,4.061483270857858,0.9809486632858678
12.0,0.002,0.1078978358786791,-6.639878886889994e-06,4.032662916366698,0.9813580919075081
12.200000000000001,0.002,0.1078219677134844,-6.59437038770193e-06,4.0038493978887875,0.9817592195485015
12.4,0.002,0.10774671487263966,-6.548592129460704e-06,3.9750425464125763,0.9821522053204403
12.600000000000001,0.002,0.10767207711602535,-6.502550988635999e-06,3.946242195018045,0.9825372054522211
12.8,0.002,0.10759805473543074,-6.456252889270211e-06,3.917448178421399,0.9829143733441775
13.0,0.002,0.10752464845912034,-6.409702940504601e-06,3.88866033260025,0.983283859619912
13.200000000000001,0.002,0.10745185937294972,-6.3629055983771e-06,3.859878494483779,0.9836458121762933
13.4,0.002,0.10737968885506177,-6.315864775917867e-06,3.8311025016982665,0.984000376231971
13.600000000000001,0.002,0.10730813852208676,-6.268583908995734e-06,3.802332192357848,0.9843476943746782
13.8,0.002,0.10723721018470284,-6.221066073116241e-06,3.7735674048925967,0.9846879066074913
14.0,0.002,0.10716690581104711,-6.1733140035004736e-06,3.7448079779085215,0.9850211503942139
14.200000000000001,0.002,0.1070972274967028,-6.125330182355859e-06,3.71605375007236,0.9853475607039538
14.4,0.002,0.10702817743996053,-6.077116860518089e-06,3.6873045600184433,0.9856672700549888
14.600000000000001,0.002,0.10695975792168594,-6.028676115309165e-06,3.6585602462719504,0.9859804085579589
14.8,0.002,0.10689197128864342,-5.9800098665999885e-06,3.6298206471859054,0.9862871039584274
15.0,0.002,0.10682481993982669,-5.931119925521465e-06,3.6010856008892254,0.9865874816788308
15.200000000000001,0.002,0.10675830631504327,-5.882008017543829e-06,3.5723549452423518,0.9868816648598406
15.4,0.002,0.10669243288526697,-5.832675790528079e-06,3.543628517800456,0.9871697744011444
15.600000000000001,0.002,0.10662720214456518,-5.783124861071103e-06,3.514906155781625,0.9874519290016499
15.8,0.002,0.10656261660311474,-5.733356794995848e-06,3.48618769604018,0.9877282451991197
16.0,0.002,0.10649867878140787,-5.683373143867395e-06,3.4574729750447264,0.9879988374092314
16.2,0.002,0.10643539120533237,-5.63317542151782e-06,3.4287618288602055,0.9882638179640698
16.400000000000002,0.002,0.10637275640213906,-5.5827651285910705e-06,3.400054093134289,0.9885232971500375
16.6,0.002,0.1063107768972539,-5.532143742321867e-06,3.371349603087247,0.9887773832451918
16.8,0.002,0.106249455211702,-5.481312717242302e-06,3.3426481935043766,0.9890261825559957
17.0,0.002,0.10618879386012359,-5.430273492005311e-06,3.3139496987313284,0.9892697994534821
17.2,0.002,0.10612879534923865,-5.379027486286671e-06,3.285253952669922,0.9895083364088151
17.400000000000002,0.002,0.10606946217648303,-5.327576117013151e-06,3.256560788776152,0.9897418940282515
17.6,0.002,0.10601079682903082,-5.275920798213164e-06,3.2278700400577245,0.9899705710874774
17.8,0.002,0.105952801782774,-5.224062931377498e-06,3.19918153907272,0.9901944645653129
18.0,0.002,0.10589547950157252,-5.172003930710399e-06,3.1704951179286045,0.990413669676762
18.2,0.002,0.10583883243650796,-5.119745207617359e-06,3.1418106082809785,0.9906282799053941
18.400000000000002,0.002,0.10578286302521993,-5.067288179982001e-06,3.113127841333759,0.9908383870350272
18.6,0.002,0.10572757369138124,-5.014634267686841e-06,3.084446647838693,0.9910440811806928
18.8,0.002,0.10567296684416518,-4.961784910538152e-06,3.0557668580960367,0.9912454508188552
19.0,0.002,0.10561904487780398,-4.908741549400939e-06,3.0270883019549593,0.9914425828168515
19.200000000000003,0.002,0.10556581017113446,-4.855505628819865e-06,2.9984108088147137,0.9916355624615276
19.400000000000002,0.002,0.10551326508721673,-4.802078617187749e-06,2.9697342076256548,0.9918244734870302
19.6,0.002,0.1054614119728663,-4.74846198825671e-06,2.941058326891058,0.9920093981017299
19.8,0.002,0.1054102531582961,-4.694657224748274e-06,2.9123829946690343,0.9921904170142359
20.0,0.002,0.10535979095665145,-4.640665831930514e-06,2.8837080385748566,0.9923676094584726
20.200000000000003,0.002,0.1053100276635551,-4.586489324654881e-06,2.8550332857841765,0.9925410532177934
20.400000000000002,0.002,0.10526096555662416,-4.532129235499682e-06,2.8263585630364294,0.992710824648099
20.6,0.002,0.10521260689485452,-4.4775871136001324e-06,2.797683696639316,0.992876998699942
20.8,0.002,0.10516495391797383,-4.422864534856224e-06,2.7690085124740946,0.9930396489396084
21.0,0.002,0.10511800884562095,-4.367963095316266e-06,2.7403328360019383,0.99319884756916
21.200000000000003,0.002,0.10507177387637118,-4.31288442147546e-06,2.7116564922721413,0.9933546654454442
21.400000000000002,0.002,0.10502625118659935,-4.257630167979979e-06,2.682979305931912,0.9935071720980853
21.6,0.002,0.1049814429290373,-4.2022020303144594e-06,2.6543011012389326,0.9936564357464749
21.8,0.002,0.10493735123113457,-4.146601750264829e-06,2.6256217020768404,0.9938025233158019
22.0,0.002,0.10489397819296144,-4.090831115753284e-06,2.596940931974388,0.99394550045217
22.200000000000003,0.002,0.10485132588470698,-4.034891991492932e-06,2.5682586141294967,0.9940854315368621
22.400000000000002,0.002,0.10480939634361422,-3.978786313825656e-06,2.539574571438485,0.9942223796998306
22.6,0.002,0.10476819157011281,-3.92251612948865e-06,2.5108886265323735,0.994356406832503
22.8,0.002,0.10472771352314891,-3.866083604583033e-06,2.482200601821258,0.9944875736000036
23.0,0.002,0.10468796411435327,-3.809491061192667e-06,2.4535103195483026,0.9946159394529044
23.200000000000003,0.002,0.10464894520090198,-3.7527410192656307e-06,2.424817601856262,0.994741562638631
23.400000000000002,0.002,0.10461065857680507,-3.6958362226966767e-06,2.3961222708678176,0.9948645002126554
23.6,0.002,0.10457310596228343,-3.638779714594215e-06,2.367424148783648,0.9949848080496126
23.8,0.002,0.10453628899101518,-3.5815748750549235e-06,2.3387230580011282,0.9951025408544829
24.0,0.002,0.10450020919483186,-3.524225508714992e-06,2.3100188212572754,0.9952177521739819
24.200000000000003,0.002,0.10446486798555422,-3.4667359117206126e-06,2.281311261801023,0.9953304944083013
24.400000000000002,0.002,0.10443026663357528,-3.4091109772175215e-06,2.252600203598507,0.9954408188233295
24.6,0.002,0.10439640624276572,-3.3513563012021283e-06,2.223885471577642,0.9955487755634816
24.8,0.002,0.10436328772142146,-3.293478292665288e-06,2.1951668919169394,0.9956544136652516
25.0,0.002,0.10433091174872225,-3.235484333611952e-06,2.166444292384293,0.9957577810715885
25.200000000000003,0.002,0.10429927873646955,-3.1773829112596107e-06,2.1377175027326043,0.9958589246471777
25.400000000000002,0.002,0.1042683887857996,-3.119183802791613e-06,2.108986355157056,0.9959578901946915
25.6,0.002,0.10423824163850187,-3.060898254752551e-06,2.0802506848209545,0.9960547224720545
25.8,0.002,0.104208836623075,-3.002539184598169e-06,2.0515103304549194,0.9961494652107469
26.0,0.002,0.10418017259527272,-2.9441213902558664e-06,2.0227651350340303,0.9962421611351391
26.200000000000003,0.002,0.10415224787348304,-2.88566177992317e-06,1.994014946536848,0.9963328519828444
26.400000000000002,0.002,0.10412506016927651,-2.827179594566806e-06,1.9652596187880738,0.9964215785260399
26.6,0.002,0.10409860651367248,-2.7686966342521716e-06,1.9364990123852417,0.9965083805936902
26.8,0.002,0.10407288318014993,-2.710237480005762e-06,1.9077329957077445,0.996593297094596
27.0,0.002,0.1040478856054288,-2.6518297070832282e-06,1.87896144600302,0.9966763660411622
27.200000000000003,0.002,0.10402360830964925,-2.5935040604302095e-06,1.8501842505428392,0.9967576245737728
27.400000000000002,0.002,0.10400004481765543,-2.5352946051417225e-06,1.8214013078381313,0.9968371089856485
27.6,0.002,0.10397718758358442,-2.477238847487954e-06,1.7926125288979808,0.9969148547480483
27.8,0.002,0.1039550279211709,-2.4193777691777696e-06,1.7638178385137362,0.9969908965356784
28.0,0.002,0.10393355594235335,-2.3617558259746513e-06,1.7350171765459168,0.997065268252165
28.200000000000003,0.002,0.10391276050718339,-2.3044208595795152e-06,1.7062104991875093,0.9971380030554485
28.400000000000002,0.002,0.10389262918784653,-2.247423918641668e-06,1.6773977801731665,0.9972091333829586
28.6,0.002,0.10387314824982827,-2.1908189893164287e-06,1.6485790119021324,0.9972786909764416
28.8,0.002,0.10385430265309362,-2.134662636999731e-06,1.6197542064385246,0.9973467069063112
29.0,0.002,0.10383607607578052,-2.0790135220723566e-06,1.590923396352934,0.9974132115954091
29.200000000000003,0.002,0.10381845096278743,-2.0239318319381463e-06,1.5620866353679763,0.9974782348420741
29.400000000000002,0.002,0.10380140860080715,-1.9694786025184655e-06,1.5332439987714472,0.9975418058424241
29.6,0.002,0.10378492922091931,-1.915714950744003e-06,1.5043955835642215,0.9976039532117834
29.8,0.002,0.10376899212898527,-1.862701227244337e-06,1.4755415083123595,0.9976647050051787
30.0,0.002,0.10375357586325866,-1.8104960952995833e-06,1.4466819126802704,0.9977240887368697
30.200000000000003,0.002,0.10373865837753916,-1.7591555840416538e-06,1.4178169566266177,0.9977821313988693
30.400000000000002,0.002,0.10372421724753253,-1.7087320971838819e-06,1.3889468192555066,0.9978388594784325
30.6,0.002,0.10371022989659287,-1.6592734453464952e-06,1.3600716973210467,0.9978942989745121
30.8,0.002,0.10369667383693165,-1.6108219011398327e-06,1.3311918033985248,0.9979484754131747
31.0,0.002,0.10368352692040031,-1.5634133292490058e-06,1.3023073637385425,0.9980014138619967
31.200000000000003,0.002,0.10367076759406653,-1.5170763885295057e-06,1.2734186158405905,0.9980531389434649
31.400000000000002,0.002,0.10365837515294943,-1.4718318776251035e-06,1.2445258057778936,0.9981036748474073
31.6,0.002,0.10364632998544954,-1.4276922018460988e-06,1.2156291853343817,0.9981530453424993
31.8,0.002,0.10363461380247675,-1.3846610159071564e-06,1.1867290089922033,0.9982012737868912
32.0,0.002,0.10362320984801154,-1.3427330310901386e-06,1.1578255308553487,0.9982483831380023
32.2,0.002,0.10361210308040873,-1.3018940215212499e-06,1.1289190015385664,0.9982943959615432
32.4,0.002,0.10360128032743939,-1.2621210082239842e-06,1.1000096651355635,0.9983393344398178
32.6,0.002,0.10359073040055237,-1.2233826175005782e-06,1.0710977562594557,0.9983832203793698
32.800000000000004,0.002,0.10358044418179475,-1.1856396311857827e-06,1.042183497314882,0.9984260752180264
33.0,0.002,0.10357041465921746,-1.1488456484854065e-06,1.0132670959106191,0.9984679200314087
33.2,0.002,0.10356063694419043,-1.1129479318115146e-06,0.9843487426661351,0.9985087755389543
33.4,0.002,0.10355110822339016,-1.0778882903099744e-06,0.955428609146755,0.9985486621095254
33.6,0.002,0.10354182771867194,-1.0436041190755971e-06,0.9265068463913246,0.9985875997666372
33.800000000000004,0.002,0.10353279655429941,-1.0100293544534653e-06,0.8975835834096938,0.9986256081933795
34.0,0.002,0.1035240176886032,-9.770956392947326e-07,0.8686589265886456,0.9986627067370565
34.2,0.002,0.10351549568854362,-9.447331758683054e-07,0.8397329586308924,0.9986989144136136
34.4,0.002,0.10350723668765618,-9.128719857022731e-07,0.8108057390335895,0.9987342499118598
34.6,0.002,0.10349924803318217,-8.814424161277672e-07,0.7818773030972977,0.9987687315975655
34.800000000000004,0.002,0.10349153837237768,-8.503766176661984e-07,0.7529476638710502,0.9988023775174024
35.0,0.002,0.10348411706806744,-8.196083372391263e-07,0.7240168104037473,0.9988352054028462
35.2,0.002,0.1034769946187875,-7.890749912552594e-07,0.6950847121117498,0.9988672326739305
35.4,0.002,0.10347018157702086,-7.587160374474646e-07,0.6661513144998154,0.9988984764430665
35.6,0.002,0.10346368974507326,-7.284766616185792e-07,0.6372165482717309,0.9989289535186592
35.800000000000004,0.002,0.10345752996222642,-6.983031580467881e-07,0.6082803186504383,0.9989586804089491
36.0,0.002,0.10345171506283071,-6.681506028985935e-07,0.579342524717765,0.9989876733254781
36.2,0.002,0.10344625506257189,-6.379717066796901e-07,0.5504030336968523,0.9990159481870874
36.4,0.002,0.10344116411589285,-6.077338891636235e-07,0.5214617232510808,0.9990435206231196
36.6,0.002,0.10343644973030768,-5.773935152085587e-07,0.4925184212018047,0.9990704059777983
36.800000000000004,0.002,0.10343212881899133,-5.469346772248789e-07,0.4635730000313473,0.9990966193128805
37.0,0.002,0.10342820324925146,-5.163103811707305e-07,0.43462523765051564,0.9991221754128614
37.2,0.002,0.10342469659574163,-4.855309181388128e-07,0.4056750309343328,0.9991470887864329
37.4,0.002,0.10342159851332662,-4.5453012601078354e-07,0.37672207654874684,0.9991713736734599
37.6,0.002,0.10341894857398211,-4.2336646928138087e-07,0.34776635573392917,0.99919504404385
37.800000000000004,0.002,0.10341670970968878,-3.9191953505395366e-07,0.318807405639984,0.9992181136083288
38.0,0.002,0.10341495897396484,-3.6034644695908095e-07,0.28984542117391165,0.9992405958117327
38.2,0.002,0.10341360000298726,-3.283944263270448e-07,0.2608795960429155,0.9992625038519333
38.400000000000006,0.002,0.10341279611158372,-2.96434119262014e-07,0.2319106254936883,0.9992838506611637
38.6,0.002,0.10341231824803371,-2.639057303143483e-07,0.20293693799147042,0.9993046489424121
38.800000000000004,0.002,0.10341252613521955,-2.316528857211987e-07,0.17396037148946822,0.9993249111251445
39.0,0.002,0.10341289273776048,-1.9841732246657214e-07,0.14497763218867862,0.9993446494390831
39.2,0.002,0.10341422209186775,-1.6609975153442772e-07,0.11599314448810906,0.9993638758145459
39.400000000000006,0.002,0.10341531769340934,-1.3195456817309104e-07,0.08699973310709065,0.9993826020230466
39.6,0.002,0.10341800395132833,-1.0136003145930161e-07,0.05800766020710667,0.9994008394341003
39.800000000000004,0.002,0.10341980584106802,-4.543044867697602e-08,0.029000960233580272,0.9994185816728807
40.0,0.002,0.10341980584106802,0.0,0.0,0.9994185816728807
0.0,0.004,1.0,0.0,6.089886975907791,0.0
0.2,0.004,0.4220437426260352,0.007457920009595956,6.089886975907791,0.6578353425382123
0.4,0.004,0.3556076069602514,0.001086116585764326,5.824234410628499,0.7679236471680584
0.6000000000000001,0.004,0.29080025297848655,0.00037017506277020406,5.854857257892696,0.8101783087531691
0.8,0.004,0.284357649988592,0.00020706246949855033,5.741173879163299,0.8326643549751078
1.0,0.004,0.26164378367829927,0.000123739290804955,5.7273532440995005,0.8478343994828685
1.2000000000000002,0.004,0.2576352258708952,8.639936820674877e-05,5.661933736031377,0.8586545798861751
1.4000000000000001,0.004,0.24720372231724244,5.838509514140524e-05,5.633222213814717,0.8670895502427255
1.6,0.004,0.24379857831067905,4.2415319570790775e-05,5.5865191512064,0.8738124199574413
1.8,0.004,0.23824745300728128,2.9290402439572206e-05,5.553877217872413,0.8794170705389875
2.0,0.004,0.23553232973199437,2.060373655310177e-05,5.515225745100334,0.8841633507195514
2.2,0.004,0.2322337455041785,1.3322550814690848e-05,5.4822360451321845,0.8882913438016106
2.4000000000000004,0.004,0.23017051568835967,8.02302164455403e-06,5.447446696090095,0.8919300470554492
2.6,0.004,0.22804519580844265,3.5796665200899163e-06,5.415099108073499,0.895195163963989
2.8000000000000003,0.004,0.22650937819857891,1.5781680282949636e-07,5.382377786771638,0.898159065519577
3.0,0.004,0.22505885465188943,-2.699818867997461e-06,5.350807971920521,0.9008841651911507
3.2,0.004,0.22391873852648939,-4.971605498685926e-06,5.319304825580228,0.9034135953781122
3.4000000000000004,0.004,0.22288595889129637,-6.859200369797961e-06,5.288402710867158,0.9057834712301808
3.6,0.004,0.22203197466682129,-8.38323813044695e-06,5.257669932487145,0.9080203252445536
3.8000000000000003,0.004,0.22127051360379016,-9.643236023871075e-06,5.227282727464222,0.9101459396219327
4.0,0.004,0.22061957928012463,-1.0666717050977044e-05,5.1970606989749655,0.9121769171488833
4.2,0.004,0.22003966480873688,-1.1507840855813873e-05,5.167053631032889,0.9141267431969314
4.4,0.004,0.21953151074338256,-1.219090273805121e-05,5.137180649930969,0.9160059304224342
4.6000000000000005,0.004,0.21907532315476252,-1.2747872045296175e-05,5.107449185931677,0.9178229783179065
4.800000000000001,0.004,0.21866724998907874,-1.3197547492114464e-05,5.07781964816574,0.9195846125124802
5.0,0.004,0.21829642800007523,-1.3559963301982194e-05,5.048287026183725,0.9212962775442476
5.2,0.004,0.21795856083570614,-1.3848887113146563e-05,5.01883004626147,0.9229623388377635
5.4,0.004,0.2176471842160448,-1.407615437175113e-05,4.989441384751465,0.9245863643722595
5.6000000000000005,0.004,0.21735854065371069,-1.4250611148322337e-05,4.960108561845458,0.9261712645015565
5.800000000000001,0.004,0.21708842676097911,-1.4381858589146792e-05,4.9308253439746395,0.927719429817001
6.0,0.004,0.21683407231175747,-1.447737999177257e-05,4.901584091023512,0.9292328341454517
6.2,0.004,0.21659278062029794,-1.4543433320299569e-05,4.872379970953033,0.9307131306129104
6.4,0.004,0.2163625797439987,-1.4584981349837023e-05,4.843208027992285,0.9321617169564341
6.6000000000000005,0.004,0.21614168302138445,-1.4606201243021806e-05,4.814064703471879,0.9335797916738892
6.800000000000001,0.004,0.21592870857924296,-1.461047906063617e-05,4.784946673377484,0.9349683947349985
7.0,0.004,0.21572245367888082,-1.4600649271884143e-05,4.755851374183535,0.9363284413044212
7.2,0.004,0.2155219590967621,-1.4579034124039857e-05,4.726776524587332,0.9376607469932439
7.4,0.004,0.21532640855677618,-1.454757058314113e-05,4.697720290962026,0.9389660483160474
7.6000000000000005,0.004,0.2151351402705899,-1.450785510154696e-05,4.668681079407486,0.9402450183024035
7.800000000000001,0.004,0.21494759832095225,-1.446121674074388e-05,4.639657575380743,0.9414982789734528
8.0,0.004,0.2147633281818387,-1.4408754623393724e-05,4.610648646263922,0.9427264109648167
8.200000000000001,0.004,0.21458195101614547,-1.4351382631933886e-05,4.581653340578927,0.9439299611514025
8.4,0.004,0.21440315588581155,-1.428985768746213e-05,4.55267083819716,0.9451094485627055
8.6,0.004,0.21422668499375552,-1.4224808451576054e-05,4.5237004392327576,0.9462653690453522
8.8,0.004,0.2140523265454779,-1.4156755919814966e-05,4.494741536310637,0.9473981988932595
9.0,0.004,0.2138799056967211,-1.4086132596385803e-05,4.465793602944392,0.9485083977016525
9.200000000000001,0.004,0.21370927896500094,-1.401329714598901e-05,4.436856176907182,0.9495964105961417
9.4,0.004,0.21354032840932574,-1.3938547376874012e-05,4.407928850726001,0.9506626699854144
9.600000000000001,0.004,0.2133729575251285,-1.3862130446748146e-05,4.3790112611617555,0.951707596935952
9.8,0.004,0.21320708739262495,-1.3784251605937632e-05,4.350103082109379,0.9527316022566408
10.0,0.004,0.21304265375723155,-1.3705081221468484e-05,4.321204017725004,0.9537350873555616
10.200000000000001,0.004,0.21287960444207976,-1.3624760761284295e-05,4.292313797349697,0.9547184449214989
10.4,0.004,0.21271789730798318,-1.3543407652398026e-05,4.263432170934651,0.9556820594688813
10.600000000000001,0.004,0.21255749849993652,-1.3461119434035777e-05,4.23455890548618,0.956626307777713
10.8,0.004,0.21239838103312436,-1.3377977177770977e-05,4.205693781979863,0.9575515592521652
11.0,0.004,0.21224052359684212,-1.3294048314609936e-05,4.176836592892028,0.9584581762167338
11.200000000000001,0.004,0.21208390957774972,-1.3209389032311462e-05,4.147987140099824,0.9593465141642445
11.4,0.004,0.21192852624096345,-1.3124046222001661e-05,4.119145233176038,0.9602169219669654
11.600000000000001,0.004,0.21177436405730482,-1.3038059068080115e-05,4.090310687956144,0.961069742059363
11.8,0.004,0.2116214161424769,-1.295146040046129e-05,4.061483325365654,0.9619053105991298
12.0,0.004,0.21146967779491022,-1.286427780062051e-05,4.032662970442576,0.962723957611569
12.200000000000001,0.004,0.21131914611176847,-1.2776534487453062e-05,4.003849451533463,0.9635260071212012
12.4,0.004,0.21116981967187687,-1.2688250106244422e-05,3.975042599626289,0.9643117772735377
12.600000000000001,0.004,0.21102169827282502,-1.2599441324422491e-05,3.946242247800643,0.9650815804492889
12.8,0.004,0.21087478271354756,-1.2510122369579087e-05,3.9174482307724108,0.9658357233726692
13.0,0.004,0.21072907461443183,-1.2420305416200497e-05,3.8886603845189383,0.9665745072150876
13.200000000000001,0.004,0.2105845762686043,-1.233000098390803e-05,3.859878545969192,0.9672982276951666
13.4,0.004,0.21044129051888955,-1.2239218189977237e-05,3.8311025527492792,0.9680071751757928
13.600000000000001,0.004,0.2102992206564179,-1.214796498615062e-05,3.802332242973191,0.9687016347587286
13.8,0.004,0.21015837033690463,-1.2056248369736366e-05,3.7735674550708875,0.9693818863771486
14.0,0.004,0.21001874351173735,-1.1964074517756182e-05,3.7448080276482805,0.9700482048864026
14.200000000000001,0.004,0.20988034437141492,-1.187144896563507e-05,3.7160537993720326,0.9707008601531791
14.4,0.004,0.2097431772989395,-1.1778376663418032e-05,3.6873046088764134,0.9713401171432311
14.600000000000001,0.004,0.20960724683180443,-1.1684862120833416e-05,3.6585602946865605,0.9719662360077592
14.8,0.004,0.2094725576305047,-1.1590909474589952e-05,3.6298206951554493,0.9725794721685254
15.0,0.004,0.209339114452651,-1.1496522565156214e-05,3.6010856484119738,0.9731800764017465
15.200000000000001,0.004,0.2092069221313291,-1.140170500209308e-05,3.5723549923165523,0.9737682949208093
15.4,0.004,0.2090759855568141,-1.1306460224862951e-05,3.5436285644243313,0.9743443694578178
15.600000000000001,0.004,0.20894630966126726,-1.121079154037303e-05,3.514906201953393,0.9749085373439912
15.8,0.004,0.20881789940554984,-1.1114702143673387e-05,3.486187741758047,0.9754610315889202
16.0,0.004,0.20869075976829685,-1.1018195157533424e-05,3.4574730203068937,0.9760020809586726
16.2,0.004,0.20856489573671877,-1.0921273628100427e-05,3.4287618736648726,0.9765319100527642
16.400000000000002,0.004,0.20844031229905385,-1.0823940539778059e-05,3.4000541374796573,0.9770507393799686
16.6,0.004,0.2083170144386287,-1.0726198824410281e-05,3.3713496469715185,0.9775587854329755
16.8,0.004,0.2081950071290508,-1.062805136104928e-05,3.34264823692576,0.9780562607618836
17.0,0.004,0.20807429533048435,-1.0529500982983045e-05,3.3139497416880395,0.9785433740465187
17.2,0.004,0.20795488398673442,-1.0430550478808102e-05,3.2852539951601782,0.9790203301675493
17.400000000000002,0.004,0.2078367780226869,-1.0331202631586537e-05,3.25656083079818,0.9794873302764043
17.6,0.004,0.207719982342388,-1.0231460202235273e-05,3.2278700816097614,0.9799445718639442
17.8,0.004,0.20760450182713883,-1.0131325934380895e-05,3.199181580153009,0.9803922488278698
18.0,0.004,0.2074903413340211,-1.0030802578389038e-05,3.170495158535397,0.9808305515388299
18.2,0.004,0.20737750569448468,-9.929892889382171e-06,3.141810648412537,0.9812596669051925
18.400000000000002,0.004,0.2072659997130982,-9.828599626237077e-06,3.113127880988356,0.9816797784364265
18.6,0.004,0.20715582816652953,-9.726925554807045e-06,3.0844466870146072,0.9820910663050508
18.8,0.004,0.2070469958025478,-9.62487346688447e-06,3.0557668967915617,0.982493707407101
19.0,0.004,0.20693950733916827,-9.522446158100912e-06,3.0270883401683975,0.9828878754210433
19.200000000000003,0.004,0.20683336746381595,-9.419646441716909e-06,2.9984108465443775,0.9832737408650841
19.400000000000002,0.004,0.20672858083256992,-9.316477159598739e-06,2.9697342448698696,0.9836514711528062
19.6,0.004,0.2066251520693206,-9.212941170903065e-06,2.941058363648161,0.9840212306470684
19.8,0.004,0.20652308576507608,-9.109041351271842e-06,2.9123830309373715,0.9843831807120984
20.0,0.004,0.206422386477108,-9.004780615462614e-06,2.883708074352788,0.9847374797637217
20.200000000000003,0.004,0.20632305872812384,-8.900161895542793e-06,2.8550333210700765,0.9850842833176643
20.400000000000002,0.004,0.20622510700536698,-8.79518816085332e-06,2.826358597828684,0.9854237440358786
20.6,0.004,0.2061285357595091,-8.689862410143684e-06,2.7976837309363227,0.9857560117708482
20.8,0.004,0.20603334940347193,-8.584187687297535e-06,2.7690085462742657,0.9860812336078469
21.0,0.004,0.20593955231096875,-8.47816707915004e-06,2.7403328693037,0.9863995539051301
21.200000000000003,0.004,0.20584714881476546,-8.371803723640111e-06,2.7116565250739373,0.9867111143320618
21.400000000000002,0.004,0.20575614320466593,-8.265100816437253e-06,2.682979338232199,0.9870160539052062
21.6,0.004,0.20566653972497634,-8.158061623295988e-06,2.654301133036185,0.9873145090224192
21.8,0.004,0.20557834257161503,-8.050689496202699e-06,2.6256217333695533,0.987606613495015
22.0,0.004,0.20549155588844187,-7.942987874846088e-06,2.5969409627610727,0.9878924985781029
22.200000000000003,0.004,0.20540618376284353,-7.834960330016172e-06,2.5682586444086897,0.9881722929992153
22.400000000000002,0.004,0.20532223022034635,-7.726610579321132e-06,2.5395746012087455,0.9884461229853742
22.6,0.004,0.20523969921779023,-7.6179425245514574e-06,2.510888655792287,0.9887141122887776
22.8,0.004,0.20515859463508015,-7.508960298030181e-06,2.482200630569443,0.9889763822113069
23.0,0.004,0.20507892026485777,-7.399668312723907e-06,2.453510347783411,0.9892330516280733
23.200000000000003,0.004,0.2050006797998457,-7.290071342625032e-06,2.4248176295769874,0.9894842370102588
23.400000000000002,0.004,0.2049238768173867,-7.1801745816755896e-06,2.396122298072899,0.9897300524475088
23.6,0.004,0.20484851476055269,-7.069983753846611e-06,2.36742417547188,0.9899706096701509
23.8,0.004,0.20477459691545907,-6.959505217390788e-06,2.33872308417137,0.9902060180715246
24.0,0.004,0.20470212638398666,-6.848746094181963e-06,2.3100188469084655,0.9904363847307036
24.200000000000003,0.004,0.20463110605137133,-6.737714419732148e-06,2.281311286932184,0.99066181443589
24.400000000000002,0.004,0.20456153854793574,-6.626419319375438e-06,2.25260022820877,0.9908824097087525
24.6,0.004,0.2044934262041672,-6.51487120506389e-06,2.2238854956662637,0.991098270829959
24.8,0.004,0.20442677099861506,-6.403081992902785e-06,2.1951669154833193,0.9913094958661298
25.0,0.004,0.20436157449762546,-6.291065380113477e-06,2.1664443154280044,0.9915161806984221
25.200000000000003,0.004,0.20429783778643293,-6.1788371117063015e-06,2.1377175252534175,0.991718419052907
25.400000000000002,0.004,0.20423556139098967,-6.066415294224829e-06,2.108986377154971,0.9919163025328723
25.6,0.004,0.20417474518986978,-5.953820768848426e-06,2.0802507062962396,0.992109920653143
25.8,0.004,0.20411538831628065,-5.84107745696854e-06,2.0515103514081474,0.9922993608764661
26.0,0.004,0.20405748904976992,-5.7282127657422195e-06,2.022765155466122,0.9924847086519614
26.200000000000003,0.004,0.20400104469804858,-5.615258020785582e-06,1.9940149664491176,0.9926660474555994
26.400000000000002,0.004,0.20394605146948178,-5.5022488888032235e-06,1.9652596381822809,0.9928434588326215
26.6,0.004,0.2038925043370925,-5.389225802851058e-06,1.9364990312636443,0.9930170224417733
26.8,0.004,0.20384039689579914,-5.2762343986736225e-06,1.9077330140731479,0.9931868161011924
27.0,0.004,0.20378972121463945,-5.163325910104377e-06,1.8789614638588386,0.9933529158357518
27.200000000000003,0.004,0.20374046768680487,-5.050557533051855e-06,1.8501842678931493,0.9935153959256267
27.400000000000002,0.004,0.2036926248804428,-4.93799271618075e-06,1.8214013246877236,0.9936743289558448
27.6,0.004,0.20364617939413188,-4.825701406813407e-06,1.7926125452524144,0.9938297858665464
27.8,0.004,0.20360111572135703,-4.713760163010219e-06,1.7638178543793812,0.9939818360036722
28.0,0.004,0.20355741612860828,-4.602252164137333e-06,1.735017191929998,0.9941305471698054
28.200000000000003,0.004,0.20351506055256835,-4.491267088385849e-06,1.7062105140981327,0.994275985674872
28.400000000000002,0.004,0.2034740265215828,-4.380900815158936e-06,1.6773977946193463,0.9944182163864289
28.6,0.004,0.2034342891070181,-4.27125496360347e-06,1.6485790258937896,0.9945573027792732
28.8,0.004,0.20339582090992303,-4.162436253280399e-06,1.6197542199864883,0.9946933069841187
29.0,0.004,0.2033585920878339,-4.054555647481012e-06,1.590923409468913,0.9948262898351122
29.200000000000003,0.004,0.20332257042635887,-3.9477273242833824e-06,1.5620866480645188,0.994956310915983
29.400000000000002,0.004,0.2032877214588298,-3.842067439968714e-06,1.533244011061882,0.9950834286046345
29.6,0.004,0.20325400863650328,-3.7376927244789536e-06,1.504395595462577,0.9952077001160394
29.8,0.004,0.20322139355031987,-3.634718910829514e-06,1.4755415198332673,0.9953291815432894
30.0,0.004,0.20318983620373415,-3.5332590361258265e-06,1.4466819238388453,0.9954479278967205
30.200000000000003,0.004,0.2031592953341969,-3.4334216503184996e-06,1.4178169674383272,0.995563993141028
30.400000000000002,0.004,0.20312972877961483,-3.3353089701583704e-06,1.38894682973602,0.9956774302303311
30.6,0.004,0.20310109388343797,-3.2390150363476818e-06,1.3600717074860724,0.9957882911411715
30.8,0.004,0.2030733479317057,-3.144623906716773e-06,1.33119181326364,0.9958966269034424
31.0,0.004,0.20304644861183033,-3.052207973255719e-06,1.3023073733190198,0.9960024876292807
31.200000000000003,0.004,0.20302035448457764,-2.9618264152722783e-06,1.2734186251512167,0.9961059225399662
31.400000000000002,0.004,0.20299502545571044,-2.8735238841734943e-06,1.2445258148327978,0.9962069799908898
31.6,0.004,0.20297042323887832,-2.7873294228751034e-06,1.215629194146869,0.9963057074946672
31.8,0.004,0.20294651179359544,-2.7032557007938603e-06,1.1867290175746013,0.996402151742497
32.0,0.004,0.20292325773327302,-2.621298558396565e-06,1.1578255392188646,0.9964963586238487
32.2,0.004,0.2029006306841335,-2.541436897675189e-06,1.128919009693173,0.9965883732446064
32.4,0.004,0.2028786035986256,-2.4636329398605437e-06,1.1000096730899,0.9966782399437669
32.6,0.004,0.2028571529978081,-2.3878327857777283e-06,1.0710977640207568,0.9967660023088222
32.800000000000004,0.004,0.20283625916382378,-2.313967352647865e-06,1.0421835048889327,0.9968517031899332
33.0,0.004,0.20281590624109433,-2.2419535490030606e-06,1.013267103301731,0.9969353847130287
33.2,0.004,0.20279608230092358,-2.1716957649783952e-06,0.9843487498771576,0.9970170882919265
33.4,0.004,0.20277677929018192,-2.1030874978026417e-06,0.9554286161791009,0.9970968546396126
33.6,0.004,0.20275799298540645,-2.0360132277279828e-06,0.9265068532450303,0.9971747237787636
33.800000000000004,0.004,0.2027397227848801,-1.9703502388104165e-06,0.8975835900834873,0.9972507350516374
34.0,0.004,0.20272197159989727,-1.9059707303345257e-06,0.8686589330800435,0.9973249271294046
34.2,0.004,0.20270474547727316,-1.842743522091266e-06,0.8397329649362976,0.9973973380210343
34.4,0.004,0.20268805351938243,-1.7805363048465287e-06,0.8108057451484212,0.9974680050817786
34.6,0.004,0.20267190728135784,-1.7192168548861607e-06,0.7818773090160902,0.9975369650213847
34.800000000000004,0.004,0.2026563208920436,-1.6586555133112458e-06,0.7529476695876163,0.9976042539120065
35.0,0.004,0.20264131005630023,-1.598725381312281e-06,0.7240168159112512,0.9976699071960045
35.2,0.004,0.20262689272157336,-1.5393055026053733e-06,0.6950847174029123,0.9977339596934885
35.4,0.004,0.20261308724813837,-1.4802790524624036e-06,0.6661513195669134,0.9977964456099216
35.6,0.004,0.20259991435865574,-1.4215385662835741e-06,0.6372165531068931,0.997857398543408
35.800000000000004,0.004,0.2025873934283383,-1.362980013192763e-06,0.6082803232454752,0.9979168514922888
36.0,0.004,0.20257554735843936,-1.304513245728756e-06,0.5793425290646806,0.9979748368621885
36.2,0.004,0.20256439455003705,-1.2460472269228744e-06,0.5504030377873039,0.9980313864738173
36.4,0.004,0.20255396041765547,-1.1875129517513832e-06,0.5214617270774026,0.9980865315696363
36.6,0.004,0.2025442594533237,-1.1288290423388208e-06,0.49251842475564306,0.998140302822199
36.800000000000004,0.004,0.20253532184144885,-1.0699536023747263e-06,0.4635730033058777,0.9981927303400334
37.0,0.004,0.20252715284200717,-1.0108055615576347e-06,0.434625240637231,0.998243843677166
37.2,0.004,0.20251979377488638,-9.513827508958471e-07,0.40567503362799917,0.9982936718372989
37.4,0.004,0.2025132296518675,-8.915830760235426e-07,0.37672207894002047,0.9983422432858728
37.6,0.004,0.20250752833605495,-8.31473132113681e-07,0.3477663578205569,0.9983895859505363
37.800000000000004,0.004,0.20250263041263428,-7.708825914664195e-07,0.3188074074099834,0.998435727238655
38.0,0.004,0.20249866589096127,-7.100137829678188e-07,0.2898454226309355,0.9984806940297725
38.2,0.004,0.20249547677210125,-6.485234301204731e-07,0.260879597168111,0.9985245127048257
38.400000000000006,0.004,0.20249333616804777,-5.869023878385553e-07,0.23191062630307244,0.9985672091213783
38.6,0.004,0.20249186555606785,-5.244009268828354e-07,0.20293693844969396,0.998608808667995
38.800000000000004,0.004,0.20249166405581676,-4.621439971764617e-07,0.17396037163936517,0.9986493362025255
39.0,0.004,0.20249185803333566,-3.9845253397631575e-07,0.14497763195674696,0.9986888161604714
39.2,0.004,0.20249378439241175,-3.3586581634325493e-07,0.11599314397622579,0.9987272724127672
39.400000000000006,0.004,0.20249545771586763,-2.7082044357031126e-07,0.08699973214978532,0.9987647284642931
39.6,0.004,0.20249991091295982,-2.1137027113025836e-07,0.05800765901779824,0.9988012070986293
39.800000000000004,0.004,0.20250292234695408,-9.451581038547453e-08,0.029000959642592646,0.9988366967467782
40.0,0.004,0.20250292234695408,0.0,0.0,0.9988366967467782
0.0,0.006,1.0,0.0,6.0897649632650905,0.0
0.2,0.006,0.5818030414275246,0.010143702112419755,6.0897649632650905,0.5190106140980788
0.4,0.006,0.5062524251190705,0.0019293202699368146,5.824273646229074,0.6563651075682028
0.6000000000000001,0.006,0.4245479725407566,0.0007486808613639994,5.854867940010397,0.7167268488171994
0.8,0.006,0.4124209483464491,0.0004030613738851333,5.741178896710633,0.7497691034619108
1.0,0.006,0.3828122764320917,0.0002613103509263866,5.7273568070437895,0.7722572158012534
1.2000000000000002,0.006,0.3758931495480009,0.00017507030962314826,5.6619360272338675,0.7883449264330281
1.4000000000000001,0.006,0.36200742396314284,0.00012760290920864938,5.633224074244799,0.8009191330106429
1.6,0.006,0.35672707410532056,9.130075143593002e-05,5.5865205009284,0.8109488761945126
1.8,0.006,0.34918874889984003,6.821815820901153e-05,5.553878348115954,0.8193210131165558
2.0,0.006,0.34517753176614757,4.925613024637197e-05,5.515226623600154,0.8264136714087568
2.2,0.006,0.3406258899732844,3.5898689635853836e-05,5.4822367877496845,0.8325868335885485
2.4000000000000004,0.006,0.33764316655612286,2.4734350824905297e-05,5.447447297893084,0.8380298546881321
2.6,0.006,0.33467688993662587,1.63150766795264e-05,5.415099619746275,0.8429162172943712
2.8000000000000003,0.006,0.3324778006951579,9.273708050416471e-06,5.382378212666154,0.8473528368268198
3.0,0.006,0.3304373921427036,3.740552682372921e-06,5.350808336501183,0.8514331821525734
3.2,0.006,0.3288106328787412,-8.734566142236797e-07,5.319305135100652,0.8552212465157215
3.4000000000000004,0.006,0.327349134526632,-4.581635589574219e-06,5.2884029783223845,0.8587710547256853
3.6,0.006,0.3261305466613286,-7.661322653832083e-06,5.257670163354716,0.8621220710078173
3.8000000000000003,0.006,0.3250473909746324,-1.0164818118979082e-05,5.22728292926815,0.8653068540019719
4.0,0.006,0.3241164608216843,-1.2234954458372467e-05,5.197060875983546,0.8683501384799779
4.2,0.006,0.32328736397048063,-1.3924776000782588e-05,5.167053787902843,0.8712720727924886
4.4,0.006,0.3225579614389785,-1.5315411168533484e-05,5.1371807897850505,0.8740883345477835
4.6000000000000005,0.006,0.3219023578103091,-1.64498087462597e-05,5.1074493117787805,0.8768116206946854
4.800000000000001,0.006,0.3213139547856417,-1.7377529131423162e-05,5.077819762222348,0.8794519683130009
5.0,0.006,0.32077821227526454,-1.8130534001422502e-05,5.048287130448219,0.8820175109107268
5.2,0.006,0.3202886532833194,-1.874059055950352e-05,5.018830142291207,0.8845147668980033
5.4,0.006,0.3198364674115806,-1.9228334067621012e-05,4.989441473913163,0.886949067041587
5.6000000000000005,0.006,0.3194162293711927,-1.9613048504990775e-05,4.960108645252966,0.8893247589927601
5.800000000000001,0.006,0.3190221436473081,-1.9912418271593652e-05,4.930825422580181,0.8916454161989248
6.0,0.006,0.31865025327695673,-2.0141833359397385e-05,4.901584165597434,0.8939139892707106
6.2,0.006,0.3182968065353948,-2.031322476182919e-05,4.872380042139319,0.8961329503270831
6.4,0.006,0.31795900716473335,-2.0436637752236982e-05,4.843208096317309,0.8983043899005836
6.6000000000000005,0.006,0.3176343581369021,-2.0520158537720963e-05,4.8140647693741725,0.9004301011271418
6.800000000000001,0.006,0.31732090773946997,-2.057056391157782e-05,4.784946737217724,0.9025116402961392
7.0,0.006,0.31701697077663316,-2.0593387705753682e-05,4.755851436261457,0.9045503773263311
7.2,0.006,0.3167211954864722,-2.0593248313543607e-05,4.726776585150182,0.906547533382224
7.4,0.006,0.31643243663991405,-2.0573945451113057e-05,4.697720350214873,0.9085042114641637
7.6000000000000005,0.006,0.3161497628512881,-2.0538642839442975e-05,4.668681137519662,0.9104214196880784
7.800000000000001,0.006,0.31587239368960796,-2.048995420807005e-05,4.639657632492438,0.9123000899331334
8.0,0.006,0.3155996900127694,-2.0430052958143404e-05,4.610648702490877,0.9141410922013459
8.200000000000001,0.006,0.3153311198924828,-2.0360738416895522e-05,4.581653396016806,0.9159452460114986
8.4,0.006,0.31506624639149267,-2.0283505277941637e-05,4.552670892924853,0.9177133292305871
8.6,0.006,0.31480470759082635,-2.0199591988107576e-05,4.523700493315333,0.919446085041033
8.8,0.006,0.31454620607332057,-2.0110026536985197e-05,4.494741589801651,0.9211442273626468
9.0,0.006,0.3142904964874711,-2.0015661065015385e-05,4.465793655887899,0.9228084451178398
9.200000000000001,0.006,0.3140373775081648,-1.991720274195064e-05,4.436856229339328,0.9244394055621935
9.4,0.006,0.3137866837628044,-1.9815238078777354e-05,4.407928902676395,0.9260377569043549
9.600000000000001,0.006,0.31353827999122746,-1.9710253825425606e-05,4.3790113126545815,0.9276041303608848
9.8,0.006,0.31329205567212043,-1.9602653812758026e-05,4.3501031331643425,0.929139141778063
10.0,0.006,0.3130479208927775,-1.94927731286011e-05,4.321204068358085,0.9306433929131702
10.200000000000001,0.006,0.31280580272707353,-1.9380889747101006e-05,4.292313847573816,0.932117472454013
10.4,0.006,0.31256564235752543,-1.926723432392006e-05,4.263432220760174,0.9335619568343162
10.600000000000001,0.006,0.31232739261557674,-1.915199824497514e-05,4.234558954921367,0.9349774108922272
10.8,0.006,0.31209101598954714,-1.9035340411258596e-05,4.205693831031241,0.9363643884072187
11.0,0.006,0.3118564829448282,-1.891739281819634e-05,4.176836641564678,0.9377234325436693
11.200000000000001,0.006,0.3116237705489266,-1.8798265249713092e-05,4.147987188397631,0.939055076222435
11.4,0.006,0.31139286132077615,-1.8678049084258793e-05,4.119145281101915,0.9403598424372434
11.600000000000001,0.006,0.3111637422842049,-1.855682049719325e-05,4.090310735512178,0.9416382445286656
11.8,0.006,0.31093640417967416,-1.8434643074742735e-05,4.061483372553267,0.9428907864255778
12.0,0.006,0.31071084081422934,-1.831157000736726e-05,4.0326630172626405,0.9441179628616985
12.200000000000001,0.006,0.3104870485216856,-1.818764587019243e-05,4.00384949798639,0.9453202595729956
12.4,0.006,0.3102650257167133,-1.8062908151717395e-05,3.9750426457121137,0.9464981534803614
12.600000000000001,0.006,0.3100447725252112,-1.7937388433518014e-05,3.9462422935190977,0.9476521128609424
12.8,0.006,0.3098262904786197,-1.7811113454193366e-05,3.917448276122976,0.9487825975106192
13.0,0.006,0.3096095822610089,-1.7684105921675577e-05,3.88866042950088,0.9498900588995602
13.200000000000001,0.006,0.30939465150002576,-1.755638521934522e-05,3.8598785905816153,0.9509749403222634
13.4,0.006,0.30918150259398014,-1.742796798355382e-05,3.8311025969911436,0.952037677043139
13.600000000000001,0.006,0.3089701405693424,-1.7298868541752705e-05,3.8023322868433524,0.9530786964384235
13.8,0.006,0.30876057096309845,-1.7169099347421146e-05,3.773567498568106,0.9540984181349795
14.0,0.006,0.3085527997259267,-1.703867123942908e-05,3.7448080707712434,0.9550972541464241
14.200000000000001,0.006,0.3083468331426972,-1.6907593781522123e-05,3.716053842119373,0.9560756090068524
14.4,0.006,0.3081426777669705,-1.6775875434775494e-05,3.687304651246713,0.9570338799023987
14.600000000000001,0.006,0.3079403403674637,-1.6643523765888414e-05,3.658560336678367,0.9579724568007787
14.8,0.006,0.3077398278837056,-1.6510545624663997e-05,3.6298207367672797,0.9588917225789217
15.0,0.006,0.30754114738950056,-1.637694726510561e-05,3.6010856896423222,0.9597920531487689
15.200000000000001,0.006,0.30734430606236696,-1.6242734481388545e-05,3.572355033163889,0.960673817581296
15.4,0.006,0.3071493111577179,-1.61079127052081e-05,3.543628604887124,0.9615373782287866
15.600000000000001,0.006,0.306956169987254,-1.5972487086442956e-05,3.5149062420300945,0.9623830908453717
15.8,0.006,0.30676488990040834,-1.5836462543168662e-05,3.486187781447105,0.9632113047058608
16.0,0.006,0.3065754782690053,-1.569984380882778e-05,3.4574730596067513,0.9640223627228423
16.2,0.006,0.30638794247438905,-1.5562635473952052e-05,3.428761912573974,0.9648166015620828
16.400000000000002,0.006,0.3062022898969043,-1.542484197921464e-05,3.400054175996447,0.9655943517561844
16.6,0.006,0.3060185279075884,-1.5286467664030696e-05,3.3713496850944438,0.9663559378165202
16.8,0.006,0.3058366638614743,-1.5147516760310562e-05,3.342648274653274,0.967101678343422
17.0,0.006,0.3056567050923598,-1.5007993409080693e-05,3.3139497790186,0.9678318861346055
17.2,0.006,0.30547865890867815,-1.4867901688212684e-05,3.2852540320922485,0.9685468682918086
17.400000000000002,0.006,0.30530253258989404,-1.472724562070137e-05,3.25656086733023,0.9692469263256229
17.6,0.006,0.30512833338373235,-1.4586029206604316e-05,3.2278701177402715,0.969932356258476
17.8,0.006,0.3049560685034965,-1.444425640788528e-05,3.199181615880465,0.9706034487257188
18.0,0.006,0.3047857451259352,-1.4301931180080447e-05,3.170495193858288,0.9712604890747777
18.2,0.006,0.3046173703892535,-1.4159057480376478e-05,3.1418106833293655,0.9719037574623061
18.400000000000002,0.006,0.3044509513913402,-1.4015639271357547e-05,3.11312791549763,0.9725335289492675
18.6,0.006,0.3042864951883004,-1.3871680514757284e-05,3.0844467211148476,0.9731500735938865
18.8,0.006,0.3041240087930576,-1.3727185198524284e-05,3.055766930481294,0.973753656542382
19.0,0.006,0.3039634991741273,-1.3582157324404014e-05,3.0270883734461584,0.974344538117395
19.200000000000003,0.006,0.30380497325443157,-1.3436600907475547e-05,2.9984108794087114,0.9749229739040248
19.400000000000002,0.006,0.3036484379102297,-1.3290520002632047e-05,2.969734277319335,0.9754892148333714
19.6,0.006,0.30349389996993903,-1.3143918685692758e-05,2.941058395681324,0.9760435072634929
19.8,0.006,0.30334136621315105,-1.2996801058317388e-05,2.9123830625528058,0.9765860930576724
20.0,0.006,0.3031908433694512,-1.2849171266955223e-05,2.883708105549082,0.9771172096599081
20.200000000000003,0.006,0.3030423381172744,-1.270103348590826e-05,2.855033351845825,0.97763709016753
20.400000000000002,0.006,0.3028958570826566,-1.2552391936538823e-05,2.8263586281824957,0.978145963400873
20.6,0.006,0.3027514068377278,-1.2403250878496217e-05,2.7976837608668164,0.9786440539699324
20.8,0.006,0.3026089938991117,-1.225361463789265e-05,2.769008575780073,0.979131582337965
21.0,0.006,0.3024686247259567,-1.2103487584990962e-05,2.7403328983834645,0.9796087648820007
21.200000000000003,0.006,0.3023303057176124,-1.195287416764319e-05,2.7116565537263133,0.9800758139502693
21.400000000000002,0.006,0.3021940432109407,-1.180177890214659e-05,2.6829793664558577,0.9805329379165753
21.6,0.006,0.3020598434769639,-1.1650206397563357e-05,2.654301160829809,0.9809803412316733
21.8,0.006,0.301927712717024,-1.149816137701414e-05,2.625621760731845,0.9814182244717574
22.0,0.006,0.30179765705793016,-1.1345648675264911e-05,2.5969409896907445,0.981846784384191
22.200000000000003,0.006,0.30166968254612025,-1.119267329844798e-05,2.5682586709044757,0.9822662139306638
22.400000000000002,0.006,0.3015437951405073,-1.1039240432834233e-05,2.5395746272694035,0.9826767023279827
22.6,0.006,0.3014200007034269,-1.088535551626355e-05,2.510888681416593,0.9830784350867708
22.8,0.006,0.30129830498965854,-1.0731024269383687e-05,2.4822006557561993,0.9834715940483644
23.0,0.006,0.30117871363268545,-1.0576252794595934e-05,2.453510372531446,0.983856357420233
23.200000000000003,0.006,0.3010612321278119,-1.0421047634508245e-05,2.424817653885167,0.9842328998102995
23.400000000000002,0.006,0.300945865811534,-1.0265415893724416e-05,2.3961223219401253,0.9846013922605421
23.6,0.006,0.3008326198363062,-1.010936535196416e-05,2.3674241988970985,0.9849620022802869
23.8,0.006,0.300721499140193,-9.952904613187683e-06,2.3387231071535806,0.9853148938796136
24.0,0.006,0.3006125084103538,-9.796043265994454e-06,2.310018869446726,0.9856602276032976
24.200000000000003,0.006,0.3005056520395911,-9.638792082989787e-06,2.281311309025629,0.9859981605657065
24.400000000000002,0.006,0.3004009340749895,-9.481163246164468e-06,2.252600249856616,0.9863288464870561
24.6,0.006,0.3002983581575272,-9.323170614479501e-06,2.2238855168678278,0.9866524357314064
24.8,0.006,0.3001979274519123,-9.16483000352259e-06,2.195166936238036,0.9869690753467427
25.0,0.006,0.3000996445652831,-9.006159540972684e-06,2.1664443357354455,0.987278909107455
25.200000000000003,0.006,0.30000351145406073,-8.847180032726259e-06,2.1377175451133157,0.9875820775594684
25.400000000000002,0.006,0.29990952931802667,-8.687915385053229e-06,2.1089863965672406,0.9878787180682248
25.6,0.006,0.29981769848067047,-8.528393073144897e-06,2.080250725261014,0.9881689648696703
25.8,0.006,0.29972801825571804,-8.368644641217255e-06,2.0515103699258064,0.9884529491243126
26.0,0.006,0.29964048679918215,-8.208706227998696e-06,2.0227651735373215,0.98873079897437
26.200000000000003,0.006,0.29955510094736926,-8.048619159359056e-06,1.9940149840748347,0.9890026396039563
26.400000000000002,0.006,0.29947185604142973,-7.888430525571792e-06,1.9652596553638533,0.989268593302182
26.6,0.006,0.2993907457394662,-7.7281937735473e-06,1.9364990480028093,0.98952877952899
26.8,0.006,0.2993117618183331,-7.567969311179972e-06,1.9077330303720907,0.9897833149834895
27.0,0.006,0.2992348939673709,-7.407825077347837e-06,1.8789614797202363,0.9900323136745014
27.200000000000003,0.006,0.29916012957772115,-7.247837055404829e-06,1.850184283320219,0.9902758869929728
27.400000000000002,0.006,0.2990874535311115,-7.0880897322701616e-06,1.821401339684263,0.9905141437858994
27.6,0.006,0.2990168479932566,-6.928676462428672e-06,1.7926125598228486,0.9907471904313591
27.8,0.006,0.29894829221767194,-6.7696997003186385e-06,1.7638178685288015,0.9909751309142312
28.0,0.006,0.29888176236614683,-6.611271083821963e-06,1.7350172056641924,0.9911980669021905
28.200000000000003,0.006,0.2988172313532711,-6.4535113511442975e-06,1.7062105274236201,0.991416097821542
28.400000000000002,0.006,0.29875466872217715,-6.296550029236503e-06,1.6773978075433909,0.9916293209324828
28.6,0.006,0.29869404055927373,-6.140524911828259e-06,1.6485790384244103,0.9918378314033927
28.8,0.006,0.2986353094555592,-5.985581287544489e-06,1.6197542321324572,0.9920417223837733
29.0,0.006,0.29857843452146415,-5.831870890945045e-06,1.5909234212397398,0.9922410850754897
29.200000000000003,0.006,0.2985233714619496,-5.6795506086374814e-06,1.5620866594704206,0.9924360088020024
29.400000000000002,0.006,0.29847007271688764,-5.528780896675233e-06,1.5332440221137364,0.9926265810753016
29.6,0.006,0.29841848767072815,-5.379723962481942e-06,1.5043956061718649,0.9928128876603276
29.8,0.006,0.2983685629335349,-5.232541713153755e-06,1.4755415302119914,0.9929950126366593
30.0,0.006,0.2983202426934816,-5.087393496689778e-06,1.4466819338994434,0.9931730384573356
30.200000000000003,0.006,0.29827346913834735,-4.944433708825127e-06,1.4178169771935605,0.9933470460046889
30.400000000000002,0.006,0.2982281829417516,-4.80380928650265e-06,1.3889468391988558,0.9935171146431231
30.6,0.006,0.29818432380633425,-4.665657179044701e-06,1.3600717166695564,0.993683322268802
30.8,0.006,0.2981418310553738,-4.530101841280704e-06,1.3311918221807548,0.9938457453562537
31.0,0.006,0.2981006442596846,-4.397252844382974e-06,1.3023073819825424,0.9940044590019235
31.200000000000003,0.006,0.2980607038883546,-4.267202663797059e-06,1.2734186335735742,0.9941595369647457
31.400000000000002,0.006,0.29802195196547454,-4.1400247183384975e-06,1.244525823025924,0.9943110517038212
31.6,0.006,0.29798433272102526,-4.015771722490485e-06,1.2156292021220645,0.9944590744133182
31.8,0.006,0.297947793214309,-3.894474436585607e-06,1.186729025342403,0.9946036750547306
32.0,0.006,0.2979122839218862,-3.7761408116593746e-06,1.157825546788934,0.9947449223866373
32.2,0.006,0.29787775926440196,-3.6607556013002905e-06,1.1289190170741858,0.9948828839921307
32.4,0.006,0.29784417807477204,-3.548280457629912e-06,1.1000096802894692,0.9950176263040761
32.6,0.006,0.2978115039743291,-3.438654464275816e-06,1.0710977710453624,0.9951492146283828
32.800000000000004,0.006,0.2977797056810888,-3.33179515621968e-06,1.0421835117438782,0.9952777131654573
33.0,0.006,0.29774875719758614,-3.2275999297808173e-06,1.0132671099911228,0.995403185030025
33.2,0.006,0.2977186379442178,-3.125947852248405e-06,0.9843487564038998,0.9955256922694803
33.4,0.006,0.29768933273940323,-3.026701753229989e-06,0.9554286225449177,0.99564529588095
33.6,0.006,0.2976608317751582,-2.9297106084067766e-06,0.9265068594505,0.9957620558272157
33.800000000000004,0.006,0.2976331303817407,-2.8348120090590354e-06,0.8975835961280983,0.9958760310516646
34.0,0.006,0.29760622890269034,-2.741834876617202e-06,0.8686589389622664,0.9959872794923937
34.2,0.006,0.2975801322281259,-2.650601973878125e-06,0.8397329706536608,0.9960958580956212
34.4,0.006,0.297554849683292,-2.560932697226566e-06,0.8108057506976113,0.9962018228284932
34.6,0.006,0.29753039426471556,-2.4726452744501078e-06,0.7818773143930374,0.9963052286914442
34.800000000000004,0.006,0.29750678275755005,-2.3855595298443497e-06,0.7529476747876118,0.9964061297301312
35.0,0.006,0.2974840344708151,-2.2994983386614403e-06,0.7240168209290258,0.9965045790471266
35.2,0.006,0.2974621720122715,-2.214290506473333e-06,0.6950847222327763,0.9966006288133065
35.4,0.006,0.297441218991131,-2.129770879381869e-06,0.6661513242027955,0.9966943302791785
35.6,0.006,0.297421202362141,-2.0457839738751216e-06,0.637216557542525,0.9967857337859325
35.800000000000004,0.006,0.297402147813588,-1.962181606579774e-06,0.6082803274743409,0.9968748887766479
36.0,0.006,0.2973840857021636,-1.8788289283818848e-06,0.5793425330803086,0.9969618438070984
36.2,0.006,0.29736704113739376,-1.795597109786367e-06,0.5504030415830188,0.9970466465570584
36.4,0.006,0.2973510480780489,-1.7123756018052647e-06,0.5214617306468751,0.9971293438408185
36.6,0.006,0.29733612724325187,-1.6290542858412088e-06,0.49251842809221463,0.9972099816188589
36.800000000000004,0.006,0.2973223187711271,-1.5455506095348267e-06,0.463573006403717,0.9972886050078196
37.0,0.006,0.2973096322640737,-1.461768426791841e-06,0.43462524348970294,0.9973652582930086
37.2,0.006,0.2972981216913101,-1.3776594992973195e-06,0.405675036230223,0.9974399849371828
37.4,0.006,0.2972877718416115,-1.2931299953402265e-06,0.37672208128509505,0.9975128275948537
37.6,0.006,0.2972786693097053,-1.2081802341037834e-06,0.3477663599053117,0.9975838281184425
37.800000000000004,0.006,0.2972707442239979,-1.1226931740263083e-06,0.31880740922636847,0.9976530275764615
38.0,0.006,0.29726415945285156,-1.036751208244818e-06,0.2898454241790226,0.9977204662539348
38.2,0.006,0.29725872379328455,-9.501585881266572e-07,0.2608795984365567,0.9977861836789672
38.400000000000006,0.006,0.29725477581559534,-8.631574186261619e-07,0.23191062729851775,0.9978502186107234
38.6,0.006,0.29725185301242973,-7.753512103358987e-07,0.20293693915258315,0.9979126090841788
38.800000000000004,0.006,0.29725069444088625,-6.873186161420673e-07,0.17396037207031897,0.9979733923712065
39.0,0.006,0.29725022867163964,-5.98190518901684e-07,0.14497763207689618,0.9980326050647296
39.2,0.006,0.2972521014669463,-5.092893088575266e-07,0.11599314383651754,0.998090282979614
39.400000000000006,0.006,0.2972538748945118,-4.1906777621402155e-07,0.08699973166513221,0.9981464612852539
39.6,0.006,0.29725927976191324,-3.339379948492242e-07,0.05800765834970245,0.9982011742404281
39.800000000000004,0.006,0.29726296487147374,-1.490427056042904e-07,0.029000959060110333,0.9982544068969488
40.0,0.006,0.29726296487147374,0.0,0.0,0.9982544068969488
0.0,0.008,1.0,0.0,6.089622152041533,0.0
0.2,0.008,0.7094291876892284,0.01213905615065434,6.089622152041533,0.40439519621578474
0.4,0.008,0.6379049439487317,0.0028395619920434786,5.82432335731758,0.5520160533754019
0.6000000000000001,0.008,0.5483580657838281,0.0012177402120065641,5.854878797746355,0.6260725222580477
0.8,0.008,0.5309498599061591,0.0006565262254540742,5.741184233605185,0.6684177804726614
1.0,0.008,0.49681377745384164,0.00044206351293892666,5.72736001251726,0.697675723740377
1.2000000000000002,0.008,0.48701648469808384,0.000293488276018907,5.661938316734169,0.7187580772165553
1.4000000000000001,0.008,0.4706246000051297,0.00022081135449719222,5.6332257352859125,0.735305126208588
1.6,0.008,0.4635822074941063,0.0001582034236105381,5.586521800284086,0.7485361158193573
1.8,0.008,0.4545070371914039,0.0001221013241676591,5.553879364369215,0.7596021431533557
2.0,0.008,0.4493291335312653,8.976056826187551e-05,5.515227450001194,0.7689886911054887
2.2,0.008,0.44376681297699033,6.844368950344668e-05,5.482237460168132,0.7771678540405929
2.4000000000000004,0.008,0.439976327309072,4.9618590980602656e-05,5.447447856846026,0.7843854310799656
2.6,0.008,0.43631291119333404,3.598891938625514e-05,5.415100085575298,0.7908698602616254
2.8000000000000003,0.008,0.43353722448982485,2.4210439135446678e-05,5.382378605968189,0.7967608649764097
3.0,0.008,0.4309983729334633,1.516910709896455e-05,5.350808669949568,0.8021817129601241
3.2,0.008,0.42894913141812796,7.485609952605591e-06,5.3193054204733805,0.8072163819544773
3.4000000000000004,0.008,0.4271199884357613,1.388510340626749e-06,5.288403223950562,0.8119361590356776
3.6,0.008,0.4255833752594289,-3.732618881108354e-06,5.257670376614675,0.81639297333687
3.8000000000000003,0.008,0.424220306425883,-7.870425321022089e-06,5.227283115657027,0.8206298024350949
4.0,0.008,0.42304277593475803,-1.1317737915395238e-05,5.197061040220419,0.824679239769468
4.2,0.008,0.4219936263528629,-1.4126566661672646e-05,5.1670539337177726,0.8285678887872303
4.4,0.008,0.4210669033076036,-1.6452126764371286e-05,5.137180920323068,0.8323164308298125
4.6000000000000005,0.008,0.4202324973494428,-1.8351866317019082e-05,5.10744942957823,0.835941636363906
4.800000000000001,0.008,0.4194809982178746,-1.9915472061548652e-05,5.077819869404059,0.8394567573024132
5.0,0.008,0.41879513555939396,-2.1190512288380847e-05,5.048287228747999,0.8428725412823638
5.2,0.008,0.418166424911595,-2.22321897719003e-05,5.018830233158962,0.8461976013035396
5.4,0.008,0.4175842301369278,-2.307272442004948e-05,4.989441558546107,0.8494389850277276
5.6000000000000005,0.008,0.4170416773178026,-2.3745051894210826e-05,4.960108724661382,0.8526024415137764
5.800000000000001,0.008,0.41653169926920885,-2.4277249137612712e-05,4.930825497615088,0.8556926997691445
6.0,0.008,0.4160493240854025,-2.469495975930498e-05,4.901584236963902,0.8587136660400057
6.2,0.008,0.41558993960210044,-2.501750311616513e-05,4.872380110417433,0.861668614990033
6.4,0.008,0.41515005248654957,-2.5261549842571536e-05,4.843208161986454,0.8645603171236524
6.6000000000000005,0.008,0.41472658081110086,-2.5440282964843136e-05,4.814064832830262,0.8673911502150526
6.800000000000001,0.008,0.4143170942812463,-2.5564901020796986e-05,4.784946798788346,0.8701631790465371
7.0,0.008,0.413919508480329,-2.5644458044161035e-05,4.755851496217521,0.8728782221479512
7.2,0.008,0.4135321433149995,-2.568656707844141e-05,4.726776643715879,0.875537901388417
7.4,0.008,0.41315358069991437,-2.5697457227449642e-05,4.697720407575638,0.8781436824040297
7.6000000000000005,0.008,0.4127826643411478,-2.568233624258833e-05,4.6686811938288715,0.8806969053136204
7.800000000000001,0.008,0.41241842741578283,-2.5645493220787735e-05,4.6396576878768645,0.8831988093605165
8.0,0.008,0.41206007707144804,-2.559050246671881e-05,4.610648757055269,0.885650551870895
8.200000000000001,0.008,0.4117069543016235,-2.5520317876275523e-05,4.581653449847627,0.8880532233113947
8.4,0.008,0.4113585174569981,-2.543739608297725e-05,4.552670946093445,0.8904078589550558
8.6,0.008,0.4110143182759374,-2.5343770557042894e-05,4.523700545880476,0.8927154480908195
8.8,0.008,0.4106739883364802,-2.5241130218728705e-05,4.4947416418117365,0.8949769411892652
9.0,0.008,0.4103372239309839,-2.5130874253360388e-05,4.465793707382672,0.8971932555424224
9.200000000000001,0.008,0.4100037759024156,-2.50141640302629e-05,4.436856280351402,0.8993652796678537
9.4,0.008,0.4096734397415348,-2.489196225481335e-05,4.407928953232459,0.9014938767745446
9.600000000000001,0.008,0.40934604827000703,-2.476506781370581e-05,4.379011362776405,0.9035798874818138
9.8,0.008,0.40902146501711517,-2.4634143141245806e-05,4.350103182869639,0.9056241319662337
10.0,0.008,0.40869957906898396,-2.4499737760673415e-05,4.321204117661213,0.9076274116583662
10.200000000000001,0.008,0.4083803005914056,-2.4362307339029092e-05,4.292313896486331,0.9095905105935808
10.4,0.008,0.4080635572490772,-2.4222229806434234e-05,4.263432269291345,0.9115141964929493
10.600000000000001,0.008,0.4077492911598462,-2.4079818583661014e-05,4.23455900307856,0.9133992216366905
10.8,0.008,0.4074374564190478,-2.3935333727591003e-05,4.205693878820238,0.9152463235767597
11.0,0.008,0.4071280170174145,-2.3788991076362694e-05,4.1768366889899555,0.9170562257259587
11.200000000000001,0.008,0.4068209451334824,-2.364096993302809e-05,4.147987235462595,0.918829637851739
11.4,0.008,0.4065162197066998,-2.3491419323348538e-05,4.119145327809073,0.920567256496938
11.600000000000001,0.008,0.40621382526238353,-2.3340463267172037e-05,4.090310781863312,0.9222697653443258
11.8,0.008,0.40591375093400967,-2.3188205063590297e-05,4.061483418549542,0.9239378355380611
12.0,0.008,0.4056159896564199,-2.30347308932942e-05,4.032663062904718,0.9255721259720943
12.200000000000001,0.008,0.405320537496141,-2.288011276407311e-05,4.0038495432745265,0.9271732835531888
12.4,0.008,0.40502739309802716,-2.272441098674444e-05,3.9750426906462306,0.9287419434443741
12.600000000000001,0.008,0.4047365572266735,-2.25676761645589e-05,3.946242338098833,0.9302787292933198
12.8,0.008,0.4044480323871439,-2.2409950915056954e-05,3.917448320347737,0.9317842534489376
13.0,0.008,0.404161822511202,-2.2251271217239437e-05,3.8886604733698937,0.9332591171687571
13.200000000000001,0.008,0.4038779326979779,-2.2091667574820963e-05,3.8598786340939473,0.9347039108189573
13.4,0.008,0.4035963689995115,-2.1931165962586417e-05,3.8311026401457466,0.9361192140684438
13.600000000000001,0.008,0.4033171382440008,-2.1769788574744167e-05,3.8023323296390683,0.9375055960780269
13.8,0.008,0.4030402478899054,-2.1607554509767572e-05,3.7735675410037066,0.9388636156854417
14.0,0.008,0.40276570590589156,-2.1444480247453404e-05,3.7448081128454254,0.9401938215867838
14.200000000000001,0.008,0.402493520672191,-2.128058016051931e-05,3.7160538838307806,0.9414967525147394
14.4,0.008,0.4022237008993554,-2.1115866829706068e-05,3.6873046925939548,0.9427729374139133
14.600000000000001,0.008,0.4019562555617418,-2.095035136969972e-05,3.65856037766002,0.9440228956134552
14.8,0.008,0.4016911938424035,-2.0784043723608135e-05,3.6298207773818874,0.9452471369971311
15.0,0.008,0.40142852508762183,-2.0616952849981203e-05,3.601085729888415,0.9464461621709365
15.200000000000001,0.008,0.4011682587688337,-2.0449086942401297e-05,3.57235507303998,0.9476204626283381
15.4,0.008,0.4009104044505067,-2.0280453572165248e-05,3.543628644391709,0.9487705209131699
15.600000000000001,0.008,0.400654971763222,-2.011105983249773e-05,3.514906281161667,0.9498968107802176
15.8,0.008,0.40040197038066294,-1.9940912412694713e-05,3.4861878202041563,0.9509997973535154
16.0,0.008,0.4001514100005766,-1.9770017682239274e-05,3.4574730979877617,0.952079937282338
16.2,0.008,0.39990330032887855,-1.9598381741621482e-05,3.4287619505774334,0.9531376788949181
16.400000000000002,0.008,0.3996576510666703,-1.9426010462655244e-05,3.400054213620841,0.9541734623498489
16.6,0.008,0.3994144718999795,-1.9252909537955823e-05,3.371349722338263,0.9551877197851889
16.8,0.008,0.3991737724914849,-1.9079084463101784e-05,3.3426483115150147,0.956180875465243
17.0,0.008,0.3989355624740372,-1.8904540611338756e-05,3.3139498154967613,0.9571533459250003
17.2,0.008,0.398699851445486,-1.8729283242273497e-05,3.2852540681853415,0.9581055401121982
17.400000000000002,0.008,0.39846664896421047,-1.8553317530782982e-05,3.2565609030367653,0.9590378595269853
17.6,0.008,0.39823596454559673,-1.8376648582832604e-05,3.227870153058772,0.9599506983591327
17.8,0.008,0.39800780765870863,-1.8199281465668257e-05,3.1991816508094617,0.960844443622733
18.0,0.008,0.397782187723579,-1.8021221214662662e-05,3.170495228396315,0.9617194752883342
18.2,0.008,0.3975591141087254,-1.7842472862248116e-05,3.141810717474968,0.9625761664124253
18.400000000000002,0.008,0.397338596128929,-1.7663041431405717e-05,3.1131279492493613,0.963414883264188
18.6,0.008,0.3971206430433859,-1.7482931941428664e-05,3.0844467544712693,0.9642359854494249
18.8,0.008,0.3969052640539488,-1.73021494367485e-05,3.055766963440977,0.9650398260315604
19.0,0.008,0.3966924683035838,-1.7120698974526515e-05,3.0270884060076817,0.9658267516495942
19.200000000000003,0.008,0.3964822648748855,-1.6938585627489607e-05,2.998410911570663,0.9665971026328968
19.400000000000002,0.008,0.3962746627887268,-1.675581450644075e-05,2.9697343090803123,0.9673512131127107
19.6,0.008,0.39606967100279933,-1.657239074816573e-05,2.9410584270399376,0.9680894111302396
19.8,0.008,0.39586729841036905,-1.638831952309155e-05,2.9123830935076707,0.9688120187411838
20.0,0.008,0.39566755383883223,-1.6203606048245545e-05,2.8837081360988273,0.9695193521166054
20.200000000000003,0.008,0.3954704460482942,-1.6018255574991652e-05,2.85503338198909,0.9702117216399984
20.400000000000002,0.008,0.3952759837300349,-1.583227340778124e-05,2.8263586579179294,0.9708894320004642
20.6,0.008,0.39508417550468317,-1.5645664900631535e-05,2.797683790193077,0.9715527822818939
20.8,0.008,0.3948950299202694,-1.5458435476971025e-05,2.7690086046958347,0.9722020660481052
21.0,0.008,0.39470855544986344,-1.5270590617151013e-05,2.740332926887408,0.9728375714238804
21.200000000000003,0.008,0.3945247604888015,-1.508213588947594e-05,2.7116565818171363,0.9734595811719114
21.400000000000002,0.008,0.39434365335148397,-1.4893076943569649e-05,2.6829793941322686,0.9740683727656818
21.6,0.008,0.39416524226741567,-1.470341953394789e-05,2.6543011880905274,0.9746642184583592
21.8,0.008,0.3939895353766487,-1.4513169538373413e-05,2.62562178757561,0.97524738534783
22.0,0.008,0.39381654072405997,-1.4322332973522985e-05,2.596941016116307,0.9758181354380454
22.200000000000003,0.008,0.39364626625244836,-1.4130916039323272e-05,2.5682586969106103,0.9763767256969098
22.400000000000002,0.008,0.39347871979405896,-1.3938925151493882e-05,2.539574652854896,0.9769234081109899
22.6,0.008,0.3933139090598737,-1.3746367003018498e-05,2.5108887065802548,0.9774584297373856
22.8,0.008,0.393151841626577,-1.3553248612567713e-05,2.482200680496863,0.977982032753148
23.0,0.008,0.3929925249202467,-1.3359577430499419e-05,2.453510396847977,0.9784944545026707
23.200000000000003,0.008,0.3928359661962892,-1.3165361407893813e-05,2.424817677776454,0.9789959275435399
23.400000000000002,0.008,0.39268217251489557,-1.2970609133055336e-05,2.396122345405097,0.9794866796913528
23.6,0.008,0.39253115071100686,-1.2775329965326704e-05,2.367424221934722,0.9799669340640379
23.8,0.008,0.3923829073581436,-1.2579534194754992e-05,2.338723129762873,0.9804369091262368
24.0,0.008,0.3922374487248592,-1.2383233241114782e-05,2.310018891626763,0.98089681873431
24.200000000000003,0.008,0.39209478072285414,-1.21864398630479e-05,2.28131133077555,0.9813468721825197
24.400000000000002,0.008,0.39195490884557543,-1.1989168435919141e-05,2.252600271175638,0.9817872742509341
24.6,0.008,0.3918178380959441,-1.1791435244665112e-05,2.2238855377552635,0.982218225255559
24.8,0.008,0.3916835729022231,-1.1593258819664987e-05,2.1951669566933054,0.9826399211011654
25.0,0.008,0.39155211702040243,-1.139466033599636e-05,2.1664443557580944,0.9830525533372326
25.200000000000003,0.008,0.3914234734221312,-1.1195664051606365e-05,2.1377175647030375,0.9834563092173577
25.400000000000002,0.008,0.3912976441670073,-1.099629779059575e-05,2.108986415723901,0.9838513717624069
25.6,0.008,0.3911746302580233,-1.0796593506321727e-05,2.080250743984675,0.9842379198276208
25.8,0.008,0.3910544314798509,-1.0596587855838021e-05,2.0515103882167596,0.9846161281737811
26.0,0.008,0.3909370462191453,-1.0396322842133442e-05,2.0227651913961178,0.9849861675424755
26.200000000000003,0.008,0.39082247126714875,-1.0195846502242657e-05,1.9940150015023193,0.9853482047354001
26.400000000000002,0.008,0.39071070160519833,-9.995213619309172e-06,1.9652596723612057,0.9857024026975552
26.6,0.008,0.3906017301741446,-9.794486439546387e-06,1.9364990645715836,0.9860489206041079
26.8,0.008,0.39049554763006034,-9.593735408273674e-06,1.9077330465142517,0.9863879139506142
27.0,0.008,0.3903921420887844,-9.39303988258924e-06,1.8789614954382123,0.9867195346462351
27.200000000000003,0.008,0.3902914988634646,-9.192488790625392e-06,1.8501842986169372,0.9870439311094977
27.400000000000002,0.008,0.39019360019965027,-8.9921812268818e-06,1.8214013545631962,0.9873612483661348
27.6,0.008,0.39009842501396585,-8.792226952105795e-06,1.7926125742880554,0.9876716281484674
27.8,0.008,0.3900059486432389,-8.592746744740098e-06,1.7638178825849622,0.9879752089957903
28.0,0.008,0.38991614261157836,-8.393872596816336e-06,1.735017219316646,0.9882721263551963
28.200000000000003,0.008,0.3898289744242826,-8.195747704425234e-06,1.70621054067839,0.9885625126822749
28.400000000000002,0.008,0.3897444073973164,-7.998526219825517e-06,1.6773978204072053,0.9888464975411294
28.6,0.008,0.3896624005319108,-7.802372746484006e-06,1.6485790509047111,0.9891242077031838
28.8,0.008,0.389582908443682,-7.607461533764934e-06,1.6197542442374013,0.9893957672442654
29.0,0.008,0.3895058813550835,-7.413975367267256e-06,1.5909234329781892,0.9896612976395023
29.200000000000003,0.008,0.38943126515974796,-7.222104151087959e-06,1.5620866708519143,0.9899209178556106
29.400000000000002,0.008,0.38935900156544334,-7.0320431309239666e-06,1.5332440331484511,0.9901747444401888
29.6,0.008,0.3892890283211766,-6.8439908433512425e-06,1.5043956168705608,0.9904228916077144
29.8,0.008,0.38922127953175756,-6.658146756275697e-06,1.4755415405859444,0.9906654713219563
30.0,0.008,0.38915568606082385,-6.474708646601377e-06,1.4466819439603582,0.9909025933746097
30.200000000000003,0.008,0.38909217602029406,-6.293869781796704e-06,1.417816986953477,0.9911343654599876
30.400000000000002,0.008,0.3890306753419912,-6.1158159428433776e-06,1.3889468486700383,0.9913608932456717
30.6,0.008,0.38897110842300975,-5.940722372927131e-06,1.3600717258643704,0.991582280439074
30.8,0.008,0.38891339883525766,-5.768750721267841e-06,1.3311918311115425,0.9917986288499061
31.0,0.008,0.3888574700841717,-5.600046080601832e-06,1.3023073906614853,0.9920100384485973
31.200000000000003,0.008,0.388803246403087,-5.434734194058694e-06,1.273418642012558,0.9922166074207492
31.400000000000002,0.008,0.3887506535624102,-5.272918921814309e-06,1.2445258312364036,0.9924184322177401
31.6,0.008,0.3886996196789249,-5.114680050499145e-06,1.21562921011493,0.9926156076036254
31.8,0.008,0.38865007599967727,-4.9600715349326794e-06,1.1867290331278606,0.9928082266985176
32.0,0.008,0.38860195764937483,-4.809120193449562e-06,1.1578255543763878,0.992996381018626
32.2,0.008,0.388555204311038,-4.661824953206962e-06,1.1289190244721405,0.9931801605131825
32.4,0.008,0.3885097608400687,-4.518156637519398e-06,1.1000096875054455,0.9933596535984616
32.6,0.008,0.38846557777301954,-4.378058315607861e-06,1.071097778085834,0.9935349471891349
32.800000000000004,0.008,0.38842261175496356,-4.241446213653964e-06,1.042183518614222,0.9937061267271878
33.0,0.008,0.38838082582637073,-4.1082111392386115e-06,1.0132671166955944,0.993873276208635
33.2,0.008,0.38834018963922406,-3.978220382034334e-06,0.9843487629456269,0.9940364782082615
33.4,0.008,0.3883006794939769,-3.851320049318146e-06,0.9554286289259094,0.9941958139026145
33.6,0.008,0.38826227835751126,-3.7273376825423704e-06,0.926506865671685,0.9943513630914617
33.800000000000004,0.008,0.3882249756378501,-3.606085211426933e-06,0.8975836021893637,0.9945032042179148
34.0,0.008,0.388188767063937,-3.487361969089835e-06,0.8686589448625252,0.9946514143874168
34.2,0.008,0.38815365418068654,-3.3709579192986913e-06,0.8397329763909226,0.9947960693857558
34.4,0.008,0.3881196442156448,-3.2566566887371636e-06,0.8108057562690669,0.9949372436962801
34.6,0.008,0.38808674922605974,-3.144238779081747e-06,0.781877319795144,0.99507501051645
34.800000000000004,0.008,0.3880549861901056,-3.0334842263131015e-06,0.7529476800161959,0.9952094417738561
35.0,0.008,0.3880243755905614,-2.9241756596308407e-06,0.7240168259793651,0.9953406081418138
35.2,0.008,0.3879949422014941,-2.816100154594908e-06,0.6950847270997145,0.995468579054646
35.4,0.008,0.3879667125390873,-2.7090522268036087e-06,0.6661513288808069,0.9955934227226987
35.6,0.008,0.3879397173388442,-2.6028343696947008e-06,0.6372165620258436,0.9957152061472175
35.800000000000004,0.008,0.38791398649076536,-2.4972604929795987e-06,0.6082803317569839,0.9958339951350538
36.0,0.008,0.38788955540476094,-2.39215419669279e-06,0.5793425371562432,0.9959498543133602
36.2,0.008,0.38786645419669497,-2.2873540733285222e-06,0.5504030454460958,0.9960628471441478
36.4,0.008,0.38784472290170385,-2.1827076434635995e-06,0.5214617342911005,0.9961730359389559
36.6,0.008,0.38782438746957737,-2.078081808479235e-06,0.49251843151148894,0.996280481873327
36.800000000000004,0.008,0.38780549510357337,-1.973347703623107e-06,0.46357300959235914,0.9963852450015492
37.0,0.008,0.38778806005824124,-1.8684037538774774e-06,0.43462524644177264,0.9964873842710462
37.2,0.008,0.38777214477637156,-1.76314045489146e-06,0.40567503894064066,0.9965869575372693
37.4,0.008,0.387757736763275,-1.6574929710053497e-06,0.37672208374803345,0.9966840215779249
37.6,0.008,0.3877449338860541,-1.5513605491523567e-06,0.34776636211668643,0.9967786321081081
37.800000000000004,0.008,0.3877336643744618,-1.444727143355623e-06,0.31880741118013556,0.9968708437942118
38.0,0.008,0.3877241086840281,-1.3374776577765738e-06,0.28984542587279394,0.9969607102694387
38.2,0.008,0.387716063356193,-1.229674016485572e-06,0.2608795998631815,0.997048284147169
38.400000000000006,0.008,0.38770989910548853,-1.1211366598628166e-06,0.23191062845876,0.9971336170370146
38.6,0.008,0.38770511809387986,-1.0120744380562369e-06,0.2029369400360801,0.9972167595574278
38.800000000000004,0.008,0.38770252490090684,-9.021326966363271e-07,0.17396037268418896,0.9972977613523811
39.0,0.008,0.3877009612089787,-7.918248909649625e-07,0.14497763240276798,0.9973766711033142
39.2,0.008,0.3877022142620035,-6.803924066231358e-07,0.11599314389477167,0.9974535365430537
39.400000000000006,0.008,0.3877036445379495,-5.696188061110056e-07,0.08699973141975283,0.9975284044222481
39.6,0.008,0.3877092973073889,-4.615769656475689e-07,0.05800765792786545,0.9976013205116867
39.800000000000004,0.008,0.38771317423063195,-2.0599008350856262e-07,0.02900095826111525,0.9976722684816566
40.0,0.008,0.38771317423063195,0.0,0.0,0.9976722684816566
0.0,0.01,1.0,0.0,6.089464503686879,0.0
0.2,0.01,0.8094550664072404,0.013538216596982818,6.089464503686879,0.31196886529257895
0.4,0.01,0.7507193766798881,0.0037179627894301376,5.824382974348906,0.4573548012385509
0.6000000000000001,0.01,0.6608245136508349,0.001730354268639514,5.854890402202996,0.539856751754262
0.8,0.01,0.6397011767494135,0.0009513714270880738,5.741190041581727,0.5896390221975238
1.0,0.01,0.603086014053631,0.0006541576431223708,5.727362953858382,0.6247808108951894
1.2000000000000002,0.01,0.590859113106928,0.0004361543019158889,5.661940634869439,0.6504054290771253
1.4000000000000001,0.01,0.5727930933635432,0.00033283655143577685,5.633227221983457,0.6706422362194532
1.6,0.01,0.564256923921066,0.00024012688340853825,5.5865230590947785,0.6868955199311916
1.8,0.01,0.5540591524180931,0.0001881077135648346,5.5538802752854854,0.7005285225890281
2.0,0.01,0.5479065466761929,0.00014020642520165815,5.515228228261116,0.7121191883709678
2.2,0.01,0.5415679659281113,0.00010922131863976199,5.482238065798718,0.7222365499057705
2.4000000000000004,0.01,0.537108956577129,8.138757203108951e-05,5.447448374673004,0.7311775163618331
2.6,0.01,0.5328930714326993,6.14686504608104e-05,5.415100506948023,0.739219873051388
2.8000000000000003,0.01,0.5296407931537839,4.408015194079438e-05,5.382378967359098,0.7465336723028341
3.0,0.01,0.5266979012264046,3.0821182882340573e-05,5.350808972754272,0.7532695254561793
3.2,0.01,0.5242974291403628,1.94864343763756e-05,5.319305681978382,0.7595300730634905
3.4000000000000004,0.01,0.5221644044141736,1.0523157442395859e-05,5.288403447826648,0.7654026465361382
3.6,0.01,0.5203605956989753,2.967340625387968e-06,5.257670571997526,0.770950868236812
3.8000000000000003,0.01,0.5187619042991368,-3.1287855256993522e-06,5.227283286247125,0.7762274922691552
4.0,0.01,0.5173739271305853,-8.221780125150175e-06,5.197061191217458,0.781272526754729
4.2,0.01,0.5161357525747681,-1.2372406908647613e-05,5.167054067949264,0.786118654625298
4.4,0.01,0.5150374853286144,-1.5818324656375907e-05,5.137181040960482,0.790791289346717
4.6000000000000005,0.01,0.5140462994686367,-1.863793653924645e-05,5.107449538705525,0.7953110537884625
4.800000000000001,0.01,0.5131502309534884,-2.0966583922900635e-05,5.077819969051568,0.799694249382395
5.0,0.01,0.5123300964181348,-2.2871788381614364e-05,5.048287320397639,0.8039541053655666
5.2,0.01,0.5115757123800727,-2.4435823332721037e-05,5.018830318156812,0.8081012284017457
5.4,0.01,0.5108751011084859,-2.57053012745115e-05,4.9894416379227575,0.8121443023234902
5.6000000000000005,0.01,0.5102202159259509,-2.6729142885066278e-05,4.960108799325054,0.8160904153310441
5.800000000000001,0.01,0.5096030315132832,-2.7547832167186775e-05,4.930825568319722,0.819945403675026
6.0,0.01,0.5090177630558103,-2.8199036153364596e-05,4.9015843043525305,0.8237140921329422
6.2,0.01,0.5084591361161446,-2.871092823936202e-05,4.872380175008985,0.8274005288521368
6.4,0.01,0.5079231034433206,-2.9108020544880884e-05,4.843208224215421,0.8310081417693588
6.6000000000000005,0.01,0.5074061287340108,-2.940959154127171e-05,4.814064893051679,0.8345398756304655
6.800000000000001,0.01,0.5069054034392154,-2.9632089205302474e-05,4.784946857298099,0.8379982899182127
7.0,0.01,0.5064185316083066,-2.978877048685533e-05,4.755851553258858,0.8413856409109917
7.2,0.01,0.5059435745513038,-2.989080936341145e-05,4.726776699490883,0.8447039426195581
7.4,0.01,0.505478900847322,-2.994733264727736e-05,4.69772046225091,0.8479550165032497
7.6000000000000005,0.01,0.5050231775151685,-2.9965980713984626e-05,4.6686812475424855,0.8511405292334009
7.800000000000001,0.01,0.5045752919522646,-2.9953039839145627e-05,4.639657740742718,0.8542620230070055
8.0,0.01,0.5041343308275339,-2.991375219068427e-05,4.610648809167563,0.8573209388680623
8.200000000000001,0.01,0.5036995358313063,-2.9852447463487648e-05,4.581653501284039,0.8603186352390692
8.4,0.01,0.5032702834474138,-2.977272771681968e-05,4.552670996918074,0.8632564022798904
8.6,0.01,0.502846058078607,-2.9677573538890565e-05,4.523700596146102,0.8661354732277692
8.8,0.01,0.5024264359693117,-2.956946091028616e-05,4.494741691561782,0.8689570332227072
9.0,0.01,0.502011068055053,-2.9450440580535875e-05,4.465793756652809,0.8717222262564004
9.200000000000001,0.01,0.5015996680733819,-2.9322214735224737e-05,4.436856329170866,0.8744321606003982
9.4,0.01,0.5011920012566898,-2.9186194053098465e-05,4.407929001625151,0.8770879130799869
9.600000000000001,0.01,0.5007878758335168,-2.904354897867738e-05,4.379011410761812,0.8796905324285496
9.8,0.01,0.5003871354355361,-2.8895249782009306e-05,4.3501032304636,0.8822410419378547
10.0,0.01,0.4999896531366534,-2.874210118571257e-05,4.321204164876525,0.8847404415539882
10.200000000000001,0.01,0.49959532630832904,-2.858477026894249e-05,4.292313943333311,0.8871897095472798
10.4,0.01,0.4992040724832976,-2.8423810162115938e-05,4.263432315778225,0.8895898038496697
10.600000000000001,0.01,0.4988158258508247,-2.8259679425878648e-05,4.234559049211856,0.8919416631364269
10.8,0.01,0.4984305343996534,-2.8092758379226833e-05,4.205693924605058,0.8942462077095523
11.0,0.01,0.49804815752025683,-2.7923362486014414e-05,4.17683673443023,0.8965043402288809
11.200000000000001,0.01,0.4976686640352418,-2.77517536098152e-05,4.147987280561285,0.8987169463255728
11.4,0.01,0.4972920305555171,-2.757814920460501e-05,4.119145372568342,0.9008848951253863
11.600000000000001,0.01,0.4969182401253817,-2.740273000915899e-05,4.090310826284655,0.9030090397025263
11.8,0.01,0.49654728109592416,-2.7225646353189376e-05,4.061483462633912,0.9050902174802156
12.0,0.01,0.49617914619488085,-2.7047023451256013e-05,4.03266310665262,0.9071292505903582
12.200000000000001,0.01,0.4958138317548662,-2.6866965685054786e-05,4.003849586686097,0.9091269462017577
12.4,0.01,0.4954513370754694,-2.6685560271112696e-05,3.9750427337212924,0.9110840968240745
12.600000000000001,0.01,0.49509166389472214,-2.6502880177463975e-05,3.946242380836968,0.913001480593047
12.8,0.01,0.4947348159519512,-2.631898663263396e-05,3.917448362748321,0.9148798615410759
13.0,0.01,0.4943807986261588,-2.613393111759412e-05,3.8886605154321288,0.9167199898563195
13.200000000000001,0.01,0.49402961863715433,-2.5947757082442538e-05,3.8598786758169066,0.9185226021326174
13.4,0.01,0.493681283798451,-2.5760501307451175e-05,3.831102681528387,0.9202884216119821
13.600000000000001,0.01,0.493335802813595,-2.5572195054436614e-05,3.8023323706802605,0.9220181584209515
13.8,0.01,0.49299318510807655,-2.5382865038372142e-05,3.7735675817022476,0.9237125098017333
14.0,0.01,0.4926534406909978,-2.5192534144745272e-05,3.7448081532000494,0.9253721603388517
14.200000000000001,0.01,0.4923165800414136,-2.5001222173098105e-05,3.716053923840185,0.9269977821817651
14.4,0.01,0.4919826140146706,-2.480894630903407e-05,3.687304732256796,0.9285900352638418
14.600000000000001,0.01,0.49165155376566844,-2.4615721597022177e-05,3.658560416974922,0.9301495675179352
14.8,0.01,0.4913234106852545,-2.442156135863208e-05,3.6298208163474572,0.931677015088753
15.0,0.01,0.4909981963476741,-2.4226477474886006e-05,3.60108576850324,0.9331730025421315
15.200000000000001,0.01,0.4906759224665601,-2.403048068788753e-05,3.5723551113026297,0.9346381430713344
15.4,0.01,0.4903566008578051,-2.383358081815779e-05,3.5436286823007483,0.9360730387004038
15.600000000000001,0.01,0.49004024340844216,-2.363578694554733e-05,3.5149063187156546,0.9374782804846147
15.8,0.01,0.4897268620501128,-2.3437107558638776e-05,3.4861878574016445,0.9388544487080587
16.0,0.01,0.48941646873711664,-2.32375506458424e-05,3.457473134827303,0.9402021130783461
16.2,0.01,0.48910907542813703,-2.30371237853534e-05,3.4287619870575763,0.9415218329184583
16.400000000000002,0.01,0.4888046940713321,-2.283583422817011e-05,3.40005424974014,0.942814157355713
16.6,0.01,0.48850333659253214,-2.263368893108508e-05,3.3713497580952816,0.9440796255078585
16.8,0.01,0.4882050148857362,-2.2430694593647146e-05,3.3426483469083115,0.9453187666662694
17.0,0.01,0.4879097408056253,-2.2226857713804746e-05,3.3139498505249025,0.946532100476226
17.2,0.01,0.4876175261615695,-2.202218463384134e-05,3.2852541028469036,0.9477201371142352
17.400000000000002,0.01,0.48732838271245965,-2.181668155823591e-05,3.2565609373303346,0.9488833774623675
17.6,0.01,0.4870423221625699,-2.16103545956551e-05,3.227870186982934,0.9500223132795469
17.8,0.01,0.4867593561577169,-2.1403209790291416e-05,3.199181684362814,0.9511374273697206
18.0,0.01,0.48647949628206355,-2.119525313521763e-05,3.170495261577457,0.9522291937468512
18.2,0.01,0.4862027540552361,-2.0986490592734902e-05,3.1418107502825134,0.9532980777966235
18.400000000000002,0.01,0.48592914092974065,-2.0776928119172898e-05,3.1131279816819304,0.9543445364347661
18.6,0.01,0.4856586682887743,-2.056657165028496e-05,3.08444678652749,0.9553690182618856
18.8,0.01,0.4853913474441852,-2.03554271514062e-05,3.055766995119484,0.9563719637146705
19.0,0.01,0.48512718963465024,-2.014350058145201e-05,3.0270884373071194,0.9573538052133403
19.200000000000003,0.01,0.48486620602393804,-1.9930797921822915e-05,2.998410942489688,0.9583149673051848
19.400000000000002,0.01,0.48460840769931957,-1.9717325194686176e-05,2.9697343396175864,0.9592558668040374
19.6,0.01,0.4843538056698769,-1.9503088442852955e-05,2.941058457194135,0.9601769129255332
19.8,0.01,0.4841024108650283,-1.9288093746626302e-05,2.912383123277471,0.9610785074179766
20.0,0.01,0.4838542341328712,-1.9072347240210496e-05,2.883708165482926,0.9619610446886742
20.200000000000003,0.01,0.48360928623852195,-1.885585508836364e-05,2.8550334109861857,0.9628249119255745
20.400000000000002,0.01,0.48336757786235224,-1.8638623518613738e-05,2.8263586865267345,0.9636704892140888
20.6,0.01,0.4831291195978993,-1.8420658808827634e-05,2.797683818412314,0.9644981496489696
20.8,0.01,0.48289392194964964,-1.8201967312368488e-05,2.769008632524237,0.9653082594411697
21.0,0.01,0.4826619953303636,-1.7982555453096487e-05,2.740332954323719,0.9661011780196181
21.200000000000003,0.01,0.4824333500579622,-1.776242973302409e-05,2.7116566088601113,0.966877258127907
21.400000000000002,0.01,0.48220799635193834,-1.754159675345847e-05,2.682979420780678,0.9676368459159169
21.6,0.01,0.4819859443289448,-1.732006322504555e-05,2.6543012143431532,0.9683802810264688
21.8,0.01,0.4817672039977042,-1.7097835991814344e-05,2.6256218134312475,0.9691078966771445
22.0,0.01,0.4815517852526518,-1.6874922045627873e-05,2.5969410415737673,0.9698200197374877
22.200000000000003,0.01,0.4813396978662365,-1.6651328571920428e-05,2.5682587219687165,0.9705169708018488
22.400000000000002,0.01,0.4811309514794814,-1.6427062980790044e-05,2.5395746775124977,0.9711990642582142
22.6,0.01,0.4809255555900463,-1.620213298603076e-05,2.510888730836215,0.9718666083534268
22.8,0.01,0.4807235195376675,-1.5976546639368567e-05,2.482200704350068,0.9725199052552683
23.0,0.01,0.48052485248594745,-1.5750312454326806e-05,2.453510420297336,0.9731592511119216
23.200000000000003,0.01,0.48032956339992255,-1.552343947387981e-05,2.424817700820908,0.9737849361094052
23.400000000000002,0.01,0.4801376610186079,-1.52959374117997e-05,2.3961223680436174,0.9743972445276037
23.6,0.01,0.4799491538213786,-1.5067816809172406e-05,2.3674242441663194,0.9749964547955549
23.8,0.01,0.479764049987449,-1.4839089191536496e-05,2.3387231515866014,0.9755828395466828
24.0,0.01,0.47958235734705723,-1.4609767272496228e-05,2.310018913041728,0.9761566656746737
24.200000000000003,0.01,0.4794040833232395,-1.4379865209484589e-05,2.2813113517809183,0.9767181943906845
24.400000000000002,0.01,0.4792292348628629,-1.4149398861568487e-05,2.25260029177065,0.9772676812825631
24.6,0.01,0.4790578183553508,-1.3918386133526569e-05,2.2238855579392394,0.9778053763767192
24.8,0.01,0.4788898395379328,-1.3686847328159533e-05,2.1951669764656705,0.9783315242032334
25.0,0.01,0.4787253033855575,-1.3454805568741566e-05,2.1664443751183833,0.9788463638647428
25.200000000000003,0.01,0.4785642139842889,-1.3222287288863537e-05,2.137717583650925,0.9793501291095479
25.400000000000002,0.01,0.47840657438675277,-1.2989322757466241e-05,2.1089864342592124,0.9798430484093072
25.6,0.01,0.4782523864481965,-1.2755946679077412e-05,2.0802507621074224,0.9803253450415945
25.8,0.01,0.47810165064265153,-1.2522198846429843e-05,2.0515104059271625,0.9807972371774764
26.0,0.01,0.4779543658581622,-1.2288124838382897e-05,2.022765208694631,0.981258937974173
26.200000000000003,0.01,0.4778105291712068,-1.2053776797599885e-05,1.9940150183896705,0.9817106556727481
26.400000000000002,0.01,0.47767013560084054,-1.1819214217438133e-05,1.9652596888384275,0.9821525937006688
26.6,0.01,0.4775331778434968,-1.1584504749916617e-05,1.9364990806400508,0.982584950778973
26.8,0.01,0.4773996459909217,-1.1349725065737908e-05,1.9077330621757234,0.983007921033678
27.0,0.01,0.47726952723394156,-1.1114961662817884e-05,1.8789615106948658,0.9834216941109897
27.200000000000003,0.01,0.47714280555651545,-1.0880311643253486e-05,1.8501843134714175,0.983826455295778
27.400000000000002,0.01,0.4770194614250824,-1.0645883442345434e-05,1.821401369018647,0.9842223856327323
27.6,0.01,0.4768994714798099,-1.0411797438410045e-05,1.7926125883481663,0.9846096620495587
27.8,0.01,0.47678280823538355,-1.0178186439662797e-05,1.7638178962539985,0.9849884574815355
28.0,0.01,0.47666943979977366,-9.945195990991105e-06,1.7350172325994837,0.9853589409967418
28.200000000000003,0.01,0.4765593296209294,-9.712984473712013e-06,1.7062105535805436,0.9857212779212491
28.400000000000002,0.01,0.47645243627141454,-9.481722954081152e-06,1.6773978329348462,0.9860756299635894
28.6,0.01,0.4763487132819155,-9.251594752006789e-06,1.6485790630646822,0.9864221553378286
28.8,0.01,0.4762481090345113,-9.022794687858558e-06,1.6197542560372142,0.9867610088846102
29.0,0.01,0.47615056672609296,-8.795527989261261e-06,1.590923444426018,0.9870923421895776
29.200000000000003,0.01,0.47605602441207284,-8.570008853945544e-06,1.56208668195658,0.9874163036986461
29.400000000000002,0.01,0.47596441513866666,-8.34645862399632e-06,1.533244043919377,0.9877330388296316
29.6,0.01,0.47587566717074903,-8.125103615649622e-06,1.5043956273177328,0.9880426900798477
29.8,0.01,0.4757897043198711,-7.906172613387251e-06,1.4755415507198444,0.9883453971293076
30.0,0.01,0.47570644637452764,-7.689894033889378e-06,1.4466819537918933,0.9886412969392713
30.200000000000003,0.01,0.4756258096313887,-7.476492854267945e-06,1.4178169964938854,0.9889305238459286
30.400000000000002,0.01,0.4755477075236404,-7.266187310130096e-06,1.3889468579307935,0.9892132096490832
30.6,0.01,0.4754720513379937,-7.059185492826121e-06,1.36007173485707,0.9894894836957677
30.8,0.01,0.47539875101032614,-6.855681877631721e-06,1.3311918398477878,0.9897594729587768
31.0,0.01,0.4753277159840001,-6.655853926646126e-06,1.302307399152758,0.9900233021101644
31.200000000000003,0.01,0.4752588561159398,-6.459858815422765e-06,1.273418650270095,0.9902810935898035
31.400000000000002,0.01,0.4751920826077054,-6.2678304202173785e-06,1.2445258392710667,0.9905329676691427
31.6,0.01,0.4751273089446588,-6.0798766352268965e-06,1.2156292179370842,0.9907790425103435
31.8,0.01,0.4750644518149616,-5.896077125970673e-06,1.1867290407472555,0.9910194342210087
32.0,0.01,0.4750034319945519,-5.716481577735535e-06,1.1578255618020525,0.9912542569047365
32.2,0.01,0.47494417516462634,-5.5411085138254514e-06,1.1289190317122844,0.9914836227077639
32.4,0.01,0.4748866126589145,-5.3699447166381115e-06,1.1000096945673787,0.9917076418619712
32.6,0.01,0.4748306820986784,-5.202945271474188e-06,1.0710977849759016,0.9919264227245258
32.800000000000004,0.01,0.47477632793693747,-5.0400342364829216e-06,1.0421835253377574,0.9921400718144631
33.0,0.01,0.47472350184962353,-4.881105934715652e-06,1.0132671232568893,0.9923486938464847
33.2,0.01,0.4746721630421687,-4.72602674593126e-06,0.9843487693479213,0.9925523917622634
33.4,0.01,0.4746222783600581,-4.5746375165817316e-06,0.955428635171403,0.9927512667595273
33.6,0.01,0.4745738223643323,-4.4267562044679955e-06,0.9265068717615537,0.9929454183191967
33.800000000000004,0.01,0.474526777144178,-4.282181121461828e-06,0.8975836081238078,0.9931349442308127
34.0,0.01,0.4744811322192165,-4.140694048225203e-06,0.8686589506408193,0.9933199406165202
34.2,0.01,0.4744368840356169,-4.002064020467496e-06,0.8397329820114822,0.9935005019537834
34.4,0.01,0.4743940358229219,-3.866050387782378e-06,0.810805761729526,0.9936767210970915
34.6,0.01,0.4743525967073138,-3.7324069689132382e-06,0.7818773250924334,0.9938486892987621
34.800000000000004,0.01,0.4743125817682107,-3.6008843647671892e-06,0.7529476851466292,0.994016496229105
35.0,0.01,0.47427401055616003,-3.4712346740437023e-06,0.7240168309387331,0.9941802299959371
35.2,0.01,0.47423690783300426,-3.3432120182449215e-06,0.6950847318833644,0.9943399771638023
35.4,0.01,0.47420130092480034,-3.2165786957909765e-06,0.6661513334837386,0.9944958227726545
35.6,0.01,0.47416722216146395,-3.0911020772468107e-06,0.6372165664427816,0.9946478503565975
35.800000000000004,0.01,0.47413470367137867,-2.9665646250474677e-06,0.6082803359824713,0.9947961419620165
36.0,0.01,0.4741037837547775,-2.8427532294798316e-06,0.5793425411846931,0.9949407781662263
36.2,0.01,0.4740744958507931,-2.719478920363731e-06,0.5504030492718901,0.9950818380951248
36.4,0.01,0.47404688387633603,-2.596549843611921e-06,0.5214617379086002,0.9952193994421565
36.6,0.01,0.47402097783106006,-2.473814094696044e-06,0.49251843491516095,0.9953535384852836
36.800000000000004,0.01,0.4739968295335461,-2.3510962346668635e-06,0.46357301277671276,0.9954843301068368
37.0,0.01,0.4739744576356426,-2.2282938465429196e-06,0.4346252494015672,0.9956118478091636
37.2,0.01,0.4739539297720557,-2.1052317307451458e-06,0.40567504167066265,0.99573616373642
37.4,0.01,0.4739352377464998,-1.9818816709415705e-06,0.3767220862435144,0.9958573486874188
37.6,0.01,0.4739184852346551,-1.8580298993222657e-06,0.34776636437273295,0.9959754721415094
37.800000000000004,0.01,0.47390360402592824,-1.7337776648714191e-06,0.31880741319264355,0.996090602265476
38.0,0.01,0.4738907814385924,-1.6087850524592222e-06,0.2898454276371118,0.9962028059480097
38.2,0.01,0.4738798157050199,-1.4834090478684018e-06,0.2608796013761518,0.996312148794059
38.400000000000006,0.01,0.4738710867356552,-1.3569876321514545e-06,0.231910629715668,0.9964186951773312
38.6,0.01,0.47386409422370623,-1.2304211190028161e-06,0.2029369410352579,0.9965225082083605
38.800000000000004,0.01,0.47385965739566344,-1.1022863147257572e-06,0.17396037342009774,0.9966236498247754
39.0,0.01,0.47385660634949456,-9.746762071059326e-07,0.14497763287636867,0.9967221807045867
39.2,0.01,0.47385675568088687,-8.444528427497431e-07,0.11599314409781593,0.9968181604316447
39.400000000000006,0.01,0.47385743483515064,-7.171667794548381e-07,0.08699973136300403,0.9969116472421395
39.6,0.01,0.4738627405701641,-5.888586664941796e-07,0.05800765768894385,0.997002698408246
39.800000000000004,0.01,0.47386638112885937,-2.6308756337226697e-07,0.02900095711502366,0.9970912981023466
40.0,0.01,0.47386638112885937,0.0,0.0,0.9970912981023466
0.0,0.012,1.0,0.0,6.089297575843652,0.0
0.2,0.012,0.886764689360839,0.014433323156135828,6.089297575843652,0.2386683902786411
0.4,0.012,0.8456237292982165,0.0044963868758161486,5.824451041465236,0.3737920253271684
0.6000000000000001,0.012,0.7610563978196389,0.002242536745391973,5.854903247552808,0.4595842133339419
0.8,0.012,0.7384188463450332,0.0012677126956253302,5.741196507208588,0.5145142430953016
1.0,0.012,0.7011477889916443,0.0008847742698337823,5.727365786159159,0.5543505069184733
1.2000000000000002,0.012,0.6872438646390644,0.0005959436143744865,5.66194304844357,0.583877148078577
1.4000000000000001,0.012,0.668269000288638,0.0004580296046161404,5.633228595374989,0.6073955920972476
1.6,0.012,0.6586284613217603,0.0003333612462501968,5.586524310954667,0.6264087907958559
1.8,0.012,0.6477054112831291,0.0002631166890014517,5.553881111398863,0.6424214335627859
2.0,0.012,0.6408214466876668,0.00019832034294463223,5.515228978355597,0.6560828168676718
2.2,0.012,0.6339404214172081,0.0001563023076239065,5.482238622263306,0.6680372528168277
2.4000000000000004,0.012,0.6289758999859492,0.00011854592303915166,5.447448864211889,0.6786250720121056
2.6,0.012,0.6243559607475279,9.148841075323903e-05,5.415100894923372,0.688165181555822
2.8000000000000003,0.012,0.6207392319721531,6.786605037973689e-05,5.3823793054085876,0.6968543543678064
3.0,0.012,0.617490848145422,4.98388028762259e-05,5.350809252185019,0.7048668905778892
3.2,0.012,0.6148172095297838,3.442569438777539e-05,5.319305925429562,0.7123221507295455
3.4000000000000004,0.012,0.6124475297448233,2.2229105913900358e-05,5.288403654956105,0.719321684289643
3.6,0.012,0.6104312440371993,1.1944896442453014e-05,5.257670753637276,0.7259396862317545
3.8000000000000003,0.012,0.6086437863053666,3.642909322224153e-06,5.227283444359879,0.7322376791440975
4.0,0.012,0.6070843051282631,-3.2964894537579436e-06,5.19706133164613,0.7382624258958639
4.2,0.012,0.6056901643964571,-8.957312589049125e-06,5.167054192835775,0.7440521410460489
4.4,0.012,0.6044480189602555,-1.3662534611993676e-05,5.137181153550295,0.7496365621920047
4.6000000000000005,0.012,0.603323558253121,-1.7518768488520545e-05,5.107449640707311,0.755039830479055
4.800000000000001,0.012,0.6023027755506757,-2.070968980681906e-05,5.077820062449732,0.760281047632195
5.0,0.012,0.6013653096880273,-2.3326951936242567e-05,5.048287406469564,0.7653757239456289
5.2,0.012,0.6004996958746146,-2.5482061583464363e-05,5.0188303981773,0.7703363071957376
5.4,0.012,0.5996930806696668,-2.7238491127626017e-05,4.989441712785608,0.7751729952848979
5.6000000000000005,0.012,0.5989365682053871,-2.866268405711151e-05,4.960108869859094,0.7798941214282905
5.800000000000001,0.012,0.5982214884909282,-2.9809115913914106e-05,4.930825635204354,0.7845065556167441
6.0,0.012,0.5975414725262249,-3.072868955138812e-05,4.901584368186587,0.7890159847157576
6.2,0.012,0.596890788257867,-3.145956954407675e-05,4.872380236265513,0.7934271861224806
6.4,0.012,0.5962649925754894,-3.203498796663947e-05,4.843208283296111,0.797744210903752
6.6000000000000005,0.012,0.5956602316910398,-3.248108619905358e-05,4.814064950280943,0.8019705438626583
6.800000000000001,0.012,0.5950734279786237,-3.2820172050809e-05,4.784946912948412,0.806109218160669
7.0,0.012,0.5945019667145467,-3.307022598918258e-05,4.755851607552765,0.8101629112508429
7.2,0.012,0.5939437258991761,-3.3246404920039434e-05,4.726776752614063,0.8141340162122077
7.4,0.012,0.5933969240447046,-3.3361088836632875e-05,4.697720514355858,0.8180246999173093
7.6000000000000005,0.012,0.5928601033182594,-3.342464192162804e-05,4.668681298755891,0.8218369472572422
7.800000000000001,0.012,0.5923320486231354,-3.34455911766197e-05,4.639657791168872,0.8255725966363564
8.0,0.012,0.5918117617880618,-3.3431047284417896e-05,4.610648858892818,0.829233367299509
8.200000000000001,0.012,0.5912984148476963,-3.338688289043016e-05,4.581653550379496,0.8328208810480939
8.4,0.012,0.5907913268871928,-3.331798360416227e-05,4.5526710454424535,0.8363366790767127
8.6,0.012,0.5902899352786258,-3.3228391944029994e-05,4.523700644147699,0.8397822352731182
8.8,0.012,0.5897937777055497,-3.3121465939649504e-05,4.494741739080354,0.8431589665750077
9.0,0.012,0.5893024736403936,-3.299998674389943e-05,4.465793803720971,0.8464682411279438
9.200000000000001,0.012,0.5888157111921328,-3.286626263190329e-05,4.436856375815356,0.8497113846620552
9.4,0.012,0.5883332348272888,-3.272220635113144e-05,4.407929047867814,0.8528896855156409
9.600000000000001,0.012,0.5878548360181052,-3.2569404719995486e-05,4.379011456620441,0.8560043985810859
9.8,0.012,0.587380344970893,-3.240917291179778e-05,4.350103275952644,0.8590567484250753
10.0,0.012,0.586909624084938,-3.224260156126126e-05,4.321204210007666,0.8620479317586575
10.200000000000001,0.012,0.5864425623378725,-3.207059459133941e-05,4.292313988115918,0.8649791194074179
10.4,0.012,0.5859790707532682,-3.189390136068199e-05,4.263432360219781,0.8678514578913145
10.600000000000001,0.012,0.5855190785716615,-3.171314295793502e-05,4.234559093318281,0.8706660707042697
10.8,0.012,0.5850625301221715,-3.152883433856222e-05,4.205693968380969,0.8734240593607562
11.0,0.012,0.5846093822013373,-3.134140248007039e-05,4.1768367778791635,0.8761265042633074
11.200000000000001,0.012,0.5841596019173337,-3.1151201626192244e-05,4.1479873236858955,0.8787744654316655
11.4,0.012,0.5837131648923984,-3.09585257408432e-05,4.1191454153705465,0.8813689831256948
11.600000000000001,0.012,0.5832700537801748,-3.076361895830422e-05,4.090310868765772,0.8839110783864705
11.8,0.012,0.5828302570335191,-3.056668414296618e-05,4.061483504794746,0.8864017535145151
12.0,0.012,0.5823937678867402,-3.0367890045880414e-05,4.032663148493576,0.8888419924997145
12.200000000000001,0.012,0.5819605835114172,-3.0167377145216405e-05,4.003849628207229,0.8912327614140231
12.4,0.012,0.5815307043184504,-2.9965262607754354e-05,3.9750427749223873,0.8935750087754355
12.600000000000001,0.012,0.5811041333798989,-2.9761644255679853e-05,3.9462424217175798,0.8958696658897035
12.8,0.012,0.5806808759507307,-2.9556603953358343e-05,3.917448403307814,0.8981176471746509
13.0,0.012,0.580260939073259,-2.9350210345244774e-05,3.8886605556697185,0.9003198504707811
13.200000000000001,0.012,0.5798443312502098,-2.9142521170353364e-05,3.859878715731677,0.9024771573409305
13.4,0.012,0.5794310621744657,-2.8933585106739767e-05,3.83110272111933,0.9045904333610141
13.600000000000001,0.012,0.5790211425063011,-2.872344335641159e-05,3.802332409946273,0.9066605284033997
13.8,0.012,0.5786145836895606,-2.8512130936443475e-05,3.773567620642179,0.9086882769140181
14.0,0.012,0.5782113978003751,-2.829967770667514e-05,3.7448081918126808,0.9106744981840487
14.200000000000001,0.012,0.5778115974228373,-2.8086109323110082e-05,3.7160539621242576,0.9126199966167441
14.4,0.012,0.5774151955465437,-2.7871447912021998e-05,3.6873047702110253,0.9145255619898577
14.600000000000001,0.012,0.5770222054825735,-2.765571270672836e-05,3.6585604545979957,0.9163919697139594
14.8,0.012,0.5766326407938391,-2.743892059608213e-05,3.629820853638034,0.9182199810868741
15.0,0.012,0.576246515237466,-2.7221086516865848e-05,3.6010858054599755,0.9200103435443885
15.200000000000001,0.012,0.575863842716537,-2.700222384585308e-05,3.57235514792416,0.921763790907353
15.4,0.012,0.5754846372393697,-2.6782344692964342e-05,3.543628718585701,0.923481043625237
15.600000000000001,0.012,0.575108912885379,-2.656146014011462e-05,3.5149063546626502,0.9251628090161833
15.8,0.012,0.5747366837760178,-2.6339580457125043e-05,3.486187893009309,0.9268097815036115
16.0,0.012,0.5743679640507321,-2.6116715208044327e-05,3.4574731700942505,0.9284226428493536
16.2,0.012,0.5740027678469853,-2.5892873404434624e-05,3.4287620219824273,0.9300020623833645
16.400000000000002,0.012,0.5736411092839739,-2.5668063586469913e-05,3.4000542843215174,0.9315486972299744
16.6,0.012,0.5732830024497183,-2.544229390138784e-05,3.37134979233181,0.9330631925306945
16.8,0.012,0.5729284613906803,-2.521557215340502e-05,3.342648380798623,0.934546181663559
17.0,0.012,0.572577500103556,-2.498790586137089e-05,3.313949884067631,0.9359982864589744
17.2,0.012,0.5722301325286854,-2.4759302337625728e-05,3.285254136040698,0.9374201174120426
17.400000000000002,0.012,0.5718863725443794,-2.4529768708627973e-05,3.256560970173838,0.9388122738913153
17.6,0.012,0.5715462339623238,-2.4299311965437023e-05,3.2278702194748066,0.9401753443439259
17.8,0.012,0.5712097305233561,-2.406793899655007e-05,3.1991817165017187,0.9415099064969994
18.0,0.012,0.5708768758939081,-2.383565662561722e-05,3.1704952933620683,0.9428165275552882
18.2,0.012,0.5705476836628065,-2.360247162506519e-05,3.1418107817115053,0.9440957643949044
18.400000000000002,0.012,0.5702221673384127,-2.3368390737785396e-05,3.11312801275399,0.9453481637530337
18.6,0.012,0.5699003403461702,-2.3133420685595646e-05,3.0844468172413104,0.9465742624135136
18.8,0.012,0.5695822160263299,-2.2897568201071542e-05,3.0557670254737723,0.947774587388113
19.0,0.012,0.5692678076319081,-2.2660840013011427e-05,3.027088467300584,0.9489496560933606
19.200000000000003,0.012,0.5689571283267428,-2.242324286799835e-05,2.998410972121047,0.9500999765227481
19.400000000000002,0.012,0.5686501911837036,-2.2184783545022823e-05,2.969734368885569,0.9512260474141226
19.6,0.012,0.5683470091828158,-2.194546884458219e-05,2.94105848609748,0.9523283584120861
19.8,0.012,0.5680475952095876,-2.1705305613756737e-05,2.912383151814922,0.9534073902252059
20.0,0.012,0.5677519620531769,-2.1464300736017726e-05,2.8837081936532414,0.9544636147778486
20.200000000000003,0.012,0.567460122404539,-2.1222461146178055e-05,2.8550334387881313,0.9554974953564619
20.400000000000002,0.012,0.5671720888544669,-2.097979382967739e-05,2.826358713959085,0.9565094867501395
20.6,0.012,0.5668878738913015,-2.0736305834114245e-05,2.797683845473854,0.9575000353853242
20.8,0.012,0.5666074898984886,-2.0492004277912154e-05,2.7690086592137626,0.9584695794545458
21.0,0.012,0.5663309491516701,-2.0246896352725427e-05,2.740332980640038,0.9594185490391166
21.200000000000003,0.012,0.5660582638153123,-2.0000989340425178e-05,2.7116566348020417,0.9603473662257586
21.400000000000002,0.012,0.5657894459388185,-1.9754290617162118e-05,2.6829794463470473,0.9612564452171909
21.6,0.012,0.5655245074517932,-1.9506807671954503e-05,2.654301239532801,0.9621461924367652
21.8,0.012,0.5652634601585507,-1.925854813164587e-05,2.6256218382430303,0.9630170066273086
22.0,0.012,0.5650063157313001,-1.9009519778024797e-05,2.5969410660065524,0.9638692789444013
22.200000000000003,0.012,0.5647530857018689,-1.8759730581673674e-05,2.5682587460213937,0.9647033930443987
22.400000000000002,0.012,0.5645037814515553,-1.8509188753466e-05,2.5395747011839616,0.9655197251675793
22.6,0.012,0.5642584141982993,-1.8257902802432016e-05,2.5108887541253875,0.9663186442168895
22.8,0.012,0.5640169949810144,-1.8005881587565547e-05,2.482200727255885,0.9671005118328252
23.0,0.012,0.5637795346399872,-1.7753134432402717e-05,2.453510442818766,0.967865682465061
23.200000000000003,0.012,0.5635460437927221,-1.7499671200038105e-05,2.424817722956939,0.9686145034415125
23.400000000000002,0.012,0.5633165328043509,-1.7245502441460455e-05,2.396122389793266,0.9693473150355647
23.6,0.012,0.5630910117513969,-1.699063953528541e-05,2.36742426552864,0.9700644505322474
23.8,0.012,0.5628694903780675,-1.6735094866971935e-05,2.3387231725606923,0.9707662362941714
24.0,0.012,0.5626519780435573,-1.6478882032042965e-05,2.310018933626728,0.9714529918280513
24.200000000000003,0.012,0.5624384836591573,-1.6222016090292156e-05,2.2813113719760283,0.972125029852644
24.400000000000002,0.012,0.5622290156136831,-1.596451383895124e-05,2.252600311575129,0.9727826563689099
24.6,0.012,0.5620235816855174,-1.5706394167080223e-05,2.2238855773524295,0.9734261707331693
24.8,0.012,0.5618221889399321,-1.5447678397153557e-05,2.1951669954870066,0.974055865733973
25.0,0.012,0.5616248436096403,-1.5188390758827069e-05,2.1664443937474007,0.9746720276733315
25.200000000000003,0.012,0.561431550957224,-1.4928558865660376e-05,2.1377176018872843,0.9752749364528631
25.400000000000002,0.012,0.5612423151177756,-1.4668214275825896e-05,2.1089864521027217,0.9758648656653168
25.6,0.012,0.561057138920139,-1.4407393119516823e-05,2.0802507795580505,0.9764420826918169
25.8,0.012,0.5608760236860092,-1.4146136784831522e-05,2.0515104229850727,0.977006848805051
26.0,0.012,0.56069896900568,-1.3884492656667073e-05,2.0227652253602026,0.9775594192784965
26.200000000000003,0.012,0.560525972490382,-1.3622514941639669e-05,1.9940150346635366,0.9781000435016518
26.400000000000002,0.012,0.5603570295016126,-1.3360265504682971e-05,1.965259704721502,0.9786289651011096
26.6,0.012,0.5601921328582943,-1.3097814760734022e-05,1.9364990961335615,0.9791464220671801
26.8,0.012,0.5600312725242087,-1.283524258931563e-05,1.907733077281252,0.9796526468856604
27.0,0.012,0.5598744352784626,-1.2572639231422163e-05,1.878961525414387,0.9801478666742375
27.200000000000003,0.012,0.5597216043735758,-1.231010617406842e-05,1.8501843278073316,0.9806323033229094
27.400000000000002,0.012,0.5595727591864462,-1.2047756955697755e-05,1.821401382973825,0.9811061736377459
27.6,0.012,0.5594278748691895,-1.178571789843985e-05,1.7926126019259803,0.9815696894872292
27.8,0.012,0.5592869220079731,-1.1524128713404156e-05,1.7638179094583608,0.9820230579503822
28.0,0.012,0.5591498662989638,-1.1263142914919074e-05,1.7350172454348753,0.9824664814658552
28.200000000000003,0.012,0.5590166682520967,-1.1002928038127846e-05,1.7062105660520448,0.9829001579811413
28.400000000000002,0.012,0.5588872829336441,-1.0743665617302509e-05,1.6773978450481526,0.9833242811010875
28.6,0.012,0.5587616597595674,-1.0485550843630004e-05,1.648579074826118,0.9837390402349014
28.8,0.012,0.5586397423517404,-1.0228791927795494e-05,1.6197542674537397,0.9841446207408859
29.0,0.012,0.5585214684687094,-9.973609077654383e-06,1.5909234555052203,0.984541204068188
29.200000000000003,0.012,0.5584067700224725,-9.72023312039036e-06,1.562086692706655,0.9849289678949098
29.400000000000002,0.012,0.5582955731909396,-9.46890371568279e-06,1.5332440543491046,0.9853080862619952
29.6,0.012,0.5581877986344043,-9.21986717888934e-06,1.5043956374364278,0.9856787297023959
29.8,0.012,0.5580833618218916,-8.97337394055571e-06,1.4755415605373068,0.9860410653650838
30.0,0.012,0.557982173470587,-8.72967562503618e-06,1.4466819633183339,0.986395257133574
30.200000000000003,0.012,0.5578841400980146,-8.489021853386572e-06,1.4178170057398514,0.9867414657386989
30.400000000000002,0.012,0.5577891646837716,-8.251656768001076e-06,1.3889468669070737,0.9870798488654587
30.6,0.012,0.5576971474327926,-8.017815401764492e-06,1.3600717435745908,0.9874105612538465
30.8,0.012,0.5576079866301009,-7.787719941361042e-06,1.3311918483175051,0.9877337547936296
31.0,0.012,0.5575215795708014,-7.56157600057661e-06,1.302307407385542,0.9880495786131195
31.200000000000003,0.012,0.5574378235495819,-7.3395689995115764e-06,1.2734186582766087,0.9883581791620467
31.400000000000002,0.012,0.557356616885909,-7.12186076156939e-06,1.2445258470616478,0.9886597002886911
31.6,0.012,0.5572778599663568,-6.908586402775883e-06,1.215629225521627,0.9889542833114752
31.8,0.012,0.557201456274111,-6.699851676753556e-06,1.1867290481351016,0.989242067085268
32.0,0.012,0.5571273133893635,-6.495730772698523e-06,1.157825569001884,0.9895231880626768
32.2,0.012,0.557055343925073,-6.29626472679139e-06,1.1289190387320311,0.9897977803506306
32.4,0.012,0.5569854663923468,-6.101460425998554e-06,1.1000097014141432,0.9900659757625785
32.6,0.012,0.5569176059514545,-5.911290311343109e-06,1.0710977916558917,0.9903279038666353
32.800000000000004,0.012,0.5568516950664422,-5.725692704928998e-06,1.0421835318562362,0.9905836920300205
33.0,0.012,0.5567876740000419,-5.5445728638658555e-06,1.013267129618149,0.9908334654601265
33.2,0.012,0.5567254912131534,-5.367804547220444e-06,0.9843487755552655,0.9910773472425615
33.4,0.012,0.5566651035584963,-5.195232342949375e-06,0.9554286412271504,0.9913154583764839
33.6,0.012,0.5566064764236216,-5.026674189136201e-06,0.9265068776670631,0.9915479178075675
33.800000000000004,0.012,0.5565495836005865,-4.8619247433800955e-06,0.8975836138795081,0.9917748424588626
34.0,0.012,0.5564944072250843,-4.700758438553003e-06,0.8686589562462584,0.9919963472598915
34.2,0.012,0.556440937302433,-4.542933657143552e-06,0.8397329874653888,0.9922125451741621
34.4,0.012,0.5563891715676311,-4.38819567363962e-06,0.8108057670298734,0.9924235472254495
34.6,0.012,0.5563391146053314,-4.236281594206259e-06,0.7818773302365234,0.9926294625229143
34.800000000000004,0.012,0.5562907778737215,-4.086922225883459e-06,0.7529476901311597,0.9928303982854647
35.0,0.012,0.5562441782169607,-3.9398482894294085e-06,0.7240168357598972,0.9930264598652271
35.2,0.012,0.5561993385307857,-3.794789589102017e-06,0.6950847365369107,0.9932177507707233
35.4,0.012,0.5561562851199914,-3.651484159471944e-06,0.6661513379650882,0.9934043726892268
35.6,0.012,0.5561150500033355,-3.5096716018517516e-06,0.6372165707470506,0.9935864255093649
35.800000000000004,0.012,0.5560756657668154,-3.3691094382138748e-06,0.6082803401046308,0.993764007342651
36.0,0.012,0.556038171692359,-3.229553793159201e-06,0.5793425451195122,0.99393721454607
36.2,0.012,0.556002602929662,-3.090793067920251e-06,0.5504030530141861,0.9941061417427731
36.4,0.012,0.5559690053574092,-2.9526006286053927e-06,0.5214617414530183,0.9942708818453173
36.6,0.012,0.5559374117400251,-2.8148090298780134e-06,0.49251843825664654,0.9944315260750414
36.800000000000004,0.012,0.5559078764631906,-2.6771997637401535e-06,0.46357301590991606,0.9945881639870282
37.0,0.012,0.5558804218967851,-2.539671021531932e-06,0.4346252523218494,0.994740883486861
37.2,0.012,0.5558551183516435,-2.401984864315982e-06,0.40567504437266955,0.9948897708593784
37.4,0.012,0.5558319624288247,-2.2641488904516043e-06,0.37672208872340457,0.9950349107798858
37.6,0.012,0.5558110598089981,-2.1258398157629905e-06,0.3477663666248826,0.9951763863509923
37.800000000000004,0.012,0.5557923487802937,-1.9872719434008583e-06,0.31880741521466127,0.9953142791020124
38.0,0.012,0.5557760165446498,-1.847886827566737e-06,0.2898454294223272,0.9954486690429378
38.2,0.012,0.5557618712447276,-1.7083259301664503e-06,0.2608796029249533,0.9955796346387958
38.400000000000006,0.012,0.5557502875510171,-1.5674586875159752e-06,0.23191063101846754,0.9957072528998606
38.6,0.012,0.5557407826028736,-1.4268531385588189e-06,0.2029369420981181,0.9958315993031392
38.800000000000004,0.012,0.5557341587189462,-1.2840497408868712e-06,0.17396037422622798,0.9959527479590653
39.0,0.012,0.5557292804980802,-1.1426688601320344e-06,0.14497763344392472,0.996070771421751
39.2,0.012,0.5557279194683421,-9.97269961913726e-07,0.11599314439319154,0.9961857410123139
39.400000000000006,0.012,0.555727478623221,-8.570168829301385e-07,0.08699973143878821,0.9962977263390594
39.6,0.012,0.5557319430183717,-7.110269436639568e-07,0.0580076575603936,0.9964067961051267
39.800000000000004,0.012,0.5557349734135156,-3.182621037837184e-07,0.029000955503496705,0.9965129365838
40.0,0.012,0.5557349734135156,0.0,0.0,0.9965129365838
0.0,0.014,1.0,0.0,6.0891263918188905,0.0
0.2,0.014,0.9458802807915376,0.014908674125346254,6.0891263918188905,0.1812549442503576
0.4,0.014,0.9241377535812613,0.005135228608365768,5.824525520398489,0.3017375561151332
0.6000000000000001,0.014,0.8487591534370308,0.002718042624670984,5.854917533909356,0.3864082341548439
0.8,0.014,0.8269471293735635,0.0015848079604213296,5.741203740004254,0.44404644659134684
1.0,0.014,0.7906504846564454,0.0011208565604805619,5.727368640892918,0.4871760248290862
1.2000000000000002,0.014,0.7760037446907685,0.0007647464114107897,5.661945613135864,0.5197984422217304
1.4000000000000001,0.014,0.7568490394226608,0.0005904681788590296,5.633229911614784,0.5460722671100356
1.6,0.014,0.7465769351853799,0.00043373168648686684,5.586525585992162,0.5674982228117561
1.8,0.014,0.7353217401244653,0.00034383267199443815,5.5538819013193645,0.585640905712989
2.0,0.014,0.7279879191431835,0.0002615959972606882,5.515229718647218,0.6011930433124276
2.2,0.014,0.7208022923582744,0.00020764233365352187,5.482239146114518,0.6148477314972073
2.4000000000000004,0.014,0.7155140872391341,0.00015947007308743974,5.4474493373667485,0.6269781549057231
2.6,0.014,0.7106437754239926,0.00012470502764836243,5.415101259863321,0.6379339131593622
2.8000000000000003,0.014,0.706784878382047,9.447497853258702e-05,5.38237962807497,0.6479335087960785
3.0,0.014,0.7033341014799026,7.1311392117766e-05,5.350809515024585,0.6571701736892985
3.2,0.014,0.7004712986049174,5.155173563332698e-05,5.319306156226378,0.6657773056709474
3.4000000000000004,0.014,0.6979356846620476,3.587774052753762e-05,5.288403849870426,0.6738682496124199
3.6,0.014,0.6957653656796133,2.2676091681698594e-05,5.257670925293671,0.681526228438762
3.8000000000000003,0.014,0.6938383503818403,1.200329969034539e-05,5.227283593203348,0.6888202037464137
4.0,0.014,0.6921486339807853,3.0867548752486085e-06,5.1970614640222035,0.69580274698667
4.2,0.014,0.6906335327962789,-4.194642068401869e-06,5.167054310389774,0.7025168485779618
4.4,0.014,0.6892769310371241,-1.0248915986211974e-05,5.137181259748729,0.7089960377427924
4.6000000000000005,0.014,0.688044109790244,-1.52180893037835e-05,5.10744973695436,0.7152675175303252
4.800000000000001,0.014,0.6869197116212309,-1.933471130150453e-05,5.077820150724844,0.7213528462781083
5.0,0.014,0.6858828909224068,-2.271797098782595e-05,5.048287487892181,0.7272695402767315
5.2,0.014,0.6849214005013221,-2.550955174938667e-05,5.018830473980841,0.7330316779572533
5.4,0.014,0.6840219728981547,-2.7791647923361294e-05,4.989441783755429,0.7386508035130966
5.6000000000000005,0.014,0.683175223605799,-2.9649035587925094e-05,4.960108936765441,0.7441363654116107
5.800000000000001,0.014,0.6823721559364998,-3.115124629231232e-05,4.930825698673133,0.7494961658831314
6.0,0.014,0.6816060670275614,-3.236309911234156e-05,4.901584428789023,0.7547366757254795
6.2,0.014,0.6808709796867123,-3.3333507157603424e-05,4.8723802944430945,0.7598633403999004
6.4,0.014,0.6801622257751366,-3.4104960229638374e-05,4.843208339429111,0.764880786586227
6.6000000000000005,0.014,0.6794757775723351,-3.4710971638183334e-05,4.814065004672772,0.7697930018619027
6.800000000000001,0.014,0.6788084054183154,-3.518009494029299e-05,4.784946965855925,0.7746034639040447
7.0,0.014,0.6781573736072414,-3.5535377452610716e-05,4.755851659184343,0.779315248334457
7.2,0.014,0.677520457168623,-3.5796230010359155e-05,4.726776803144315,0.7839311091277799
7.4,0.014,0.6768957914402957,-3.597851933232073e-05,4.697720563927674,0.788453544086844
7.6000000000000005,0.014,0.6762818489099157,-3.609552188683465e-05,4.668681347488249,0.7928848447145057
7.800000000000001,0.014,0.6756773578244691,-3.6158165040838934e-05,4.6396578391595,0.7972271362157066
8.0,0.014,0.6750812730513944,-3.617555840355551e-05,4.610648906222746,0.801482408335008
8.200000000000001,0.014,0.6744927283926793,-3.615522696490936e-05,4.581653597115374,0.80565253985851
8.4,0.014,0.6739110115207231,-3.610342983252978e-05,4.552671091639341,0.809739317629807
8.6,0.014,0.6733355343081944,-3.602534650121679e-05,4.523700689850869,0.8137444515741191
8.8,0.014,0.6727658136835043,-3.5925278978458545e-05,4.494741784327067,0.8176695864084426
9.0,0.014,0.6722014523931993,-3.5806790305140404e-05,4.465793848541803,0.8215163108697292
9.200000000000001,0.014,0.6716421250992077,-3.56728374247533e-05,4.436856420235358,0.8252861649350777
9.4,0.014,0.6710875655732436,-3.552587046377479e-05,4.407929091907443,0.8289806455141312
9.600000000000001,0.014,0.6705375568489691,-3.536792180107246e-05,4.379011500296378,0.832601210925384
9.8,0.014,0.6699919225752966,-3.5200675727322894e-05,4.35010331927841,0.8361492844397117
10.0,0.014,0.6694505201421913,-3.502552880898667e-05,4.321204252994178,0.8396262570895324
10.200000000000001,0.014,0.6689132348037127,-3.484363835750151e-05,4.292314030771968,0.8430334899128293
10.4,0.014,0.6683799749198358,-3.465596366491981e-05,4.263432402552369,0.8463723157557851
10.600000000000001,0.014,0.667850667945503,-3.4463299676586164e-05,4.2345591353329235,0.8496440407356036
10.8,0.014,0.667325257148193,-3.4266305346202804e-05,4.205694010081979,0.8528499454394874
11.0,0.014,0.6668036988609229,-3.406552689194916e-05,4.176836819269838,0.8559912859206378
11.200000000000001,0.014,0.6662859602209095,-3.3861417288665366e-05,4.147987364768705,0.8590692945372964
11.4,0.014,0.6657720172852102,-3.365435228217106e-05,4.119145456147271,0.8620851806711358
11.600000000000001,0.014,0.6652618534756569,-3.344464371662368e-05,4.09031090923762,0.865040131352608
11.8,0.014,0.6647554582869578,-3.32325505351992e-05,4.061483544962461,0.8679353118147262
12.0,0.014,0.6642528262192904,-3.30182879380056e-05,4.032663188357517,0.8707718659917271
12.200000000000001,0.014,0.6637539558931238,-3.280203489814961e-05,4.003849667767434,0.8735509169752059
12.4,0.014,0.6632588493172561,-3.258394046765128e-05,3.975042814178632,0.8762735674373436
12.600000000000001,0.014,0.6627675112825214,-3.2364128912757514e-05,3.946242460669428,0.8789409000285803
12.8,0.014,0.6622799488602734,-3.214270402732233e-05,3.9174484419546536,0.881553977755245
13.0,0.014,0.6617961709875757,-3.1919752657885666e-05,3.8886605940107866,0.8841138443413591
13.200000000000001,0.014,0.6613161881243936,-3.169534766451137e-05,3.859878753766104,0.8866215245777412
13.4,0.014,0.6608400119702345,-3.146955029034433e-05,3.8311027588461473,0.8890780246607604
13.600000000000001,0.014,0.6603676552305865,-3.124241220631216e-05,3.8023324473644387,0.8914843325224914
13.8,0.014,0.6598991314242119,-3.1013977156422186e-05,3.7735676577505854,0.8938414181535419
14.0,0.014,0.6594344547245523,-3.0784282289393265e-05,3.7448082286101685,0.8961502339195235
14.200000000000001,0.014,0.6589736398293804,-3.055335936267997e-05,3.7160539986096364,0.8984117148718124
14.4,0.014,0.6585167018533821,-3.0321235621230873e-05,3.687304806383071,0.9006267790531398
14.600000000000001,0.014,0.6580636562399941,-3.008793461685394e-05,3.658560490455454,0.9027963277983452
14.8,0.014,0.6576145186883262,-2.9853476887388777e-05,3.6298208891796397,0.9049212460305639
15.0,0.014,0.6571693050926403,-2.9617880473628717e-05,3.601085840684448,0.9070024025530276
15.200000000000001,0.014,0.6567280314916245,-2.938116139053539e-05,3.5723551828302003,0.9090406503366231
15.4,0.014,0.656290714025604,-2.914333402929569e-05,3.543628753172011,0.9110368268032838
15.600000000000001,0.014,0.6558573689006201,-2.8904411448097286e-05,3.514906388927921,0.9129917541052771
15.8,0.014,0.6554280123578935,-2.8664405626314294e-05,3.486187926952232,0.9149062394004438
16.0,0.014,0.6550026606485392,-2.8423327647938178e-05,3.457473203713515,0.9167810751233836
16.2,0.014,0.6545813300125918,-2.8181187861186287e-05,3.428762055276724,0.9186170392526366
16.400000000000002,0.014,0.6541640366619235,-2.7937996021019233e-05,3.4000543172895368,0.9204148955738309
16.6,0.014,0.6537507967666812,-2.7693761356775104e-05,3.3713498249722536,0.9221753939388172
16.8,0.014,0.6533416264444043,-2.7448492664191126e-05,3.342648413110191,0.9238992705207678
17.0,0.014,0.6529365417513924,-2.7202198386392588e-05,3.3139499160490264,0.925587248065223
17.2,0.014,0.6525355586757705,-2.69548866825239e-05,3.285254167690634,0.92724003613704
17.400000000000002,0.014,0.6521386931315103,-2.670656547462064e-05,3.25656100149104,0.92885833136321
17.6,0.014,0.6517459609535605,-2.6457242523092708e-05,3.2278702504579995,0.930442817671473
17.8,0.014,0.6513573778933672,-2.6206925429242023e-05,3.1991817471496327,0.9319941665246421
18.0,0.014,0.6509729596150954,-2.5955621720154435e-05,3.170495323673441,0.933513037150555
18.2,0.014,0.6505927216922023,-2.5703338838379007e-05,3.1418108116850894,0.9350000767675339
18.400000000000002,0.014,0.6502166796043949,-2.5450084190705302e-05,3.1131280423885412,0.9364559208052109
18.6,0.014,0.6498448487349775,-2.5195865137374414e-05,3.0844468465355925,0.9378811931205912
18.8,0.014,0.6494772443684139,-2.494068904936184e-05,3.0557670544265525,0.9392765062091756
19.0,0.014,0.6491138816881089,-2.4684563283060128e-05,3.0270884959106406,0.940642461410965
19.200000000000003,0.014,0.6487547757743162,-2.4427495201759073e-05,2.9984110003871716,0.9419796491111508
19.400000000000002,0.014,0.6483999416021813,-2.4169492202906256e-05,2.969734396806556,0.9432886489352834
19.6,0.014,0.6480493940397223,-2.391056170106431e-05,2.941058513672133,0.9445700299387031
19.8,0.014,0.6477031478460016,-2.3650711155023344e-05,2.912383179042055,0.9458243507900147
20.0,0.014,0.6473612176691399,-2.3389948057879695e-05,2.883708220531676,0.9470521599483868
20.200000000000003,0.014,0.6470236180443194,-2.3128279956427076e-05,2.8550334653166978,0.9482539958344651
20.400000000000002,0.014,0.646690363391656,-2.2865714446839e-05,2.8263587401366235,0.9494303869947137
20.6,0.014,0.6463614680137578,-2.260225918350486e-05,2.7976838712992165,0.9505818522590053
20.8,0.014,0.6460369460931017,-2.2337921902715883e-05,2.769008684685808,0.9517089008913352
21.0,0.014,0.6457168116889442,-2.207271040424849e-05,2.7403330057576336,0.9528120327335569
21.200000000000003,0.014,0.6454010787337505,-2.1806632582753318e-05,2.711656659564069,0.9538917383421018
21.400000000000002,0.014,0.6450897610290892,-2.1539696429270218e-05,2.682979470752401,0.9549484991176983
21.6,0.014,0.6447828722406577,-2.1271910045251915e-05,2.654301263580385,0.9559827874281757
21.8,0.014,0.6444804258924944,-2.1003281672134146e-05,2.625621861931758,0.956995066724521
22.0,0.014,0.6441824353598342,-2.0733819700244702e-05,2.5969410893353566,0.9579857916504335
22.200000000000003,0.014,0.6438889138604217,-2.0463532711822612e-05,2.568258768989212,0.9589554081457089
22.400000000000002,0.014,0.6435998744438481,-2.0192429524889305e-05,2.53957472378976,0.9599043535438808
22.6,0.014,0.6433153299780978,-1.9920519254050587e-05,2.510888776368141,0.9608330566646394
22.8,0.014,0.6430352931330775,-1.9647811358932104e-05,2.482200749134589,0.9617419379016312
23.0,0.014,0.6427597763600307,-1.937431575451456e-05,2.453510464332436,0.9626314093063311
23.200000000000003,0.014,0.6424887918661512,-1.910004288808871e-05,2.424817744104615,0.963501874668757
23.400000000000002,0.014,0.6422223515834703,-1.88250038892657e-05,2.3961224105740193,0.9643537295958664
23.6,0.014,0.6419604671307519,-1.8549210696733052e-05,2.3674242859415724,0.96518736158852
23.8,0.014,0.6417031497674999,-1.8272676249441902e-05,2.3387231926049403,0.9660031501179536
24.0,0.014,0.6414504103384818,-1.799541467613753e-05,2.310018953301475,0.9668014667027035
24.200000000000003,0.014,0.6412022592074743,-1.7717441552333735e-05,2.2813113912805063,0.9675826749869471
24.400000000000002,0.014,0.6409587061786473,-1.743877417305152e-05,2.252600330508633,0.9683471308212005
24.6,0.014,0.640719760403754,-1.715943189793196e-05,2.223885595914325,0.9690951823462746
24.8,0.014,0.6404854302736681,-1.6879436507112786e-05,2.19516701367674,0.9698271700813336
25.0,0.014,0.6402557232920648,-1.6598812661324386e-05,2.1664444115645183,0.9705434270168282
25.200000000000003,0.014,0.640030645929747,-1.6317588388808257e-05,2.1377176193314464,0.9712442787129695
25.400000000000002,0.014,0.6398102034577552,-1.60357956569575e-05,2.1089864691737152,0.9719300434042992
25.6,0.014,0.6395943997574981,-1.575347099413468e-05,2.0802507962558203,0.9726010321107887
25.8,0.014,0.6393832371069528,-1.5470656202819397e-05,2.0515104393097405,0.9732575487557584
26.0,0.014,0.6391767159415541,-1.5187399105705714e-05,2.0227652413120887,0.9738998902907531
26.200000000000003,0.014,0.6389748345895347,-1.4903754406787809e-05,1.9940150502431946,0.9745283468273789
26.400000000000002,0.014,0.6387775889819663,-1.4619784542526513e-05,1.965259719929741,0.9751432017759379
26.6,0.014,0.638584972338204,-1.4335560624651634e-05,1.9364991109714875,0.975744731990564
26.8,0.014,0.6383969748291005,-1.4051163396890304e-05,1.907733091750298,0.9763332079204122
27.0,0.014,0.6382135832207054,-1.3766684193514409e-05,1.8789615395163426,0.9769088937663483
27.200000000000003,0.014,0.6380347805030683,-1.3482225881496563e-05,1.850184341544393,0.9774720476424397
27.400000000000002,0.014,0.6378605455095255,-1.3197903752653939e-05,1.8214013963486186,0.9780229217414889
27.6,0.014,0.6376908525336521,-1.2913846348196792e-05,1.7926126149416013,0.9785617625037434
27.8,0.014,0.637525670952315,-1.2630196144656568e-05,1.763817922118411,0.9790888107878764
28.0,0.014,0.6373649648643839,-1.2347110097319859e-05,1.7350172577434875,0.9796043020432829
28.200000000000003,0.014,0.6372086927563145,-1.2064759962731913e-05,1.7062105780139112,0.9801084664827375
28.400000000000002,0.014,0.6370568072062978,-1.1783332405127927e-05,1.6773978566685468,0.9806015292544387
28.6,0.014,0.63690925463972,-1.1503028776015651e-05,1.6485790861109066,0.9810837106125159
28.8,0.014,0.6367659751489483,-1.122406459803608e-05,1.6197542784093883,0.9815552260850916
29.0,0.014,0.6366269023901304,-1.0946668680353127e-05,1.5909234661387903,0.9820162866390647
29.200000000000003,0.014,0.6364919635695837,-1.0671081833703618e-05,1.56208670302579,0.9824670988408387
29.400000000000002,0.014,0.6363610795306086,-1.0397555185133083e-05,1.533244064362001,0.9829078650123071
29.6,0.014,0.6362341649502473,-1.0126348085678702e-05,1.5043956471518012,0.9833387833814875
29.8,0.014,0.6361111286530234,-9.857725609863292e-06,1.4755415699643402,0.9837600482273
30.0,0.014,0.6359918740459892,-9.591955661069927e-06,1.446681972466618,0.984171850018069
30.200000000000003,0.014,0.6358762996757565,-9.32930574861154e-06,1.4178170146193043,0.9845743755434335
30.400000000000002,0.014,0.6357642999051647,-9.070039456787326e-06,1.388946875527862,0.9849678080394468
30.6,0.014,0.6356557657022233,-8.81441270824042e-06,1.360071751947033,0.9853523273067268
30.8,0.014,0.6355505855316371,-8.562669872198534e-06,1.3311918564519696,0.9857281098216206
31.0,0.014,0.6354486463328439,-8.315039841805618e-06,1.302307415292336,0.9860953288404107
31.200000000000003,0.014,0.635349834568495,-8.071732162385583e-06,1.273418665965869,0.9864541544966802
31.400000000000002,0.014,0.6352540373191709,-7.83293334138338e-06,1.244525854543227,0.9868047538919998
31.6,0.014,0.6351611434046482,-7.598803411364851e-06,1.2156292328049783,0.9871472911801751
31.8,0.014,0.6350710445008284,-7.369472908643568e-06,1.1867290552291765,0.9874819276453223
32.0,0.014,0.6349836362340909,-7.145040299484728e-06,1.1578255759150329,0.9878088217740971
32.2,0.014,0.6348988192163358,-6.925569994091879e-06,1.1289190454719122,0.9881281293224135
32.4,0.014,0.6348165000121335,-6.711090954894201e-06,1.1000097079876434,0.9884400033770326
32.6,0.014,0.634736591993051,-6.5015960223035375e-06,1.0710977980690646,0.9887445944123934
32.800000000000004,0.014,0.634659016093187,-6.297041874201931e-06,1.0421835381142543,0.9890420503430912
33.0,0.014,0.6345837014029413,-6.097349766511685e-06,1.0132671357252685,0.9893325165723841
33.2,0.014,0.6345105856595706,-5.902406797560282e-06,0.9843487815148123,0.989616136037132
33.4,0.014,0.6344396155274944,-5.712068041585067e-06,0.9554286470415241,0.98989304924953
33.6,0.014,0.634370746814206,-5.526158841532721e-06,0.9265068833377431,0.9901633943360318
33.800000000000004,0.014,0.6343039444089191,-5.344478162251619e-06,0.8975836194070939,0.9904273070737671
34.0,0.014,0.634239182269293,-5.166801473297991e-06,0.8686589616305054,0.9906849209248507
34.2,0.014,0.6341764429971508,-4.9928851434182954e-06,0.839732992705268,0.9909363670687887
34.4,0.014,0.634115717714363,-4.822469176279628e-06,0.8108057721236297,0.9911817744334068
34.6,0.014,0.6340570052178156,-4.655282739932026e-06,0.7818773351817532,0.9914212697243505
34.800000000000004,0.014,0.6340003119789841,-4.491045561702945e-06,0.7529476949248705,0.9916549774536815
35.0,0.014,0.6339456506911287,-4.329475389175337e-06,0.724016840398613,0.991883019967343
35.2,0.014,0.633893040853644,-4.170285913166248e-06,0.695084741016707,0.9921055174723021
35.4,0.014,0.6338425061973041,-4.013198503464716e-06,0.6661513422817323,0.9923225880625951
35.6,0.014,0.6337940768108483,-3.857932405971595e-06,0.637216574895984,0.9925343477457604
35.800000000000004,0.014,0.633747784167528,-3.70422662909754e-06,0.6082803440811804,0.9927409104677817
36.0,0.014,0.6337036668818063,-3.551813069830825e-06,0.5793425489187438,0.992942388139532
36.2,0.014,0.633661760319679,-3.400462404232524e-06,0.550403056631289,0.9931388906605352
36.4,0.014,0.6336221106664682,-3.2499190648951513e-06,0.5214617448828724,0.9933305259463333
36.6,0.014,0.6335847521448771,-3.100002955052855e-06,0.49251844149460583,0.9935173999503492
36.800000000000004,0.014,0.6335497400078249,-2.9504583241054615e-06,0.4635730189507473,0.9936996166936919
37.0,0.014,0.6335170993942065,-2.8011838643338113e-06,0.43462525516143713,0.9938772782832499
37.2,0.014,0.6334869013830182,-2.651886299528514e-06,0.40567504700553103,0.9940504849468993
37.4,0.014,0.6334591471025541,-2.50260373785097e-06,0.3767220911465139,0.9942193350436364
37.6,0.014,0.6334339416962208,-2.352915936492364e-06,0.3477663688319646,0.9943839251103634
37.800000000000004,0.014,0.633411231044778,-2.2031346704563783e-06,0.3188074172048433,0.9945443498550672
38.0,0.014,0.6333911980549919,-2.052508648382935e-06,0.2898454311871499,0.9947007022282303
38.2,0.014,0.6333736647629495,-1.9019263306930646e-06,0.26087960446794867,0.9948530733799954
38.400000000000006,0.014,0.633358992496307,-1.749845237830368e-06,0.23191063232573245,0.9950015527838054
38.6,0.014,0.6333467261481073,-1.598415382411096e-06,0.2029369431825702,0.9951462281173352
38.800000000000004,0.014,0.6333376339313392,-1.4442683955018216e-06,0.17396037506110956,0.9952871854966338
39.0,0.014,0.6333306393250031,-1.2923587702338002e-06,0.1449776340626442,0.9954245091961831
39.2,0.014,0.6333274328477306,-1.1352324779891656e-06,0.11599314473974709,0.9955582821113133
39.400000000000006,0.014,0.6333255466141887,-9.85173648648934e-07,0.08699973160265417,0.9956885850825369
39.6,0.014,0.6333287657773079,-8.240898497905328e-07,0.05800765748308437,0.9958154981086549
39.800000000000004,0.014,0.6333308668544122,-3.697062968950285e-07,0.02900095333654656,0.9959390108030504
40.0,0.014,0.6333308668544122,0.0,0.0,0.9959390108030504
0.0,0.016,1.0,0.0,6.08895509784209,0.0
0.2,0.016,0.9906900793866334,0.015039494415405748,6.08895509784209,0.13672485279265104
0.4,0.016,0.9881278386656132,0.0056168060498763255,5.824604246736757,0.24083756926638739
0.6000000000000001,0.016,0.9241901413894389,0.003129929316028412,5.854933225320479,0.32103102951017193
0.8,0.016,0.9053145128445754,0.001883282111375448,5.741211766158739,0.37905426736367803
1.0,0.016,0.8714128222213633,0.0013496771542762813,5.727371621638905,0.42398805761230884
1.2000000000000002,0.016,0.8570240542913107,0.0009339671349966906,5.661948370011903,0.4587824029912845
1.4000000000000001,0.016,0.8383897946912905,0.0007240304485827735,5.633231221613522,0.4871889279664969
1.6,0.016,0.828005349060506,0.000536733061132699,5.586526910233903,0.5106039965301153
1.8,0.016,0.8168109949947644,0.0004267970570347231,5.553882672082962,0.5305687769966868
2.0,0.016,0.8093333302067615,0.00032733861498096165,5.515230465977257,0.5477862280930618
2.2,0.016,0.8020859485532821,0.0002610856654081567,5.4822396532343065,0.5629689353340269
2.4000000000000004,0.016,0.7966690708744806,0.00020242506922612264,5.447449805360188,0.576509620784653
2.6,0.016,0.7917071193853052,0.00015970024134958916,5.415101611770629,0.5887764967381811
2.8000000000000003,0.016,0.7877358790889355,0.00012274451256620995,5.382379942964788,0.600003398248117
3.0,0.016,0.7841898358756102,9.427742525249232e-05,5.350809767838471,0.6103967917995499
3.2,0.016,0.7812264682545065,7.006796431453194e-05,5.319306379566392,0.6201006636326244
3.4000000000000004,0.016,0.7785986232750542,5.0805398424580206e-05,5.288404036975707,0.6292371818161093
3.6,0.016,0.7763356734254138,3.460731741350416e-05,5.257671090519223,0.6378966119692082
3.8000000000000003,0.016,0.7743204666987281,2.148824718002016e-05,5.227283735842362,0.6461536955448346
4.0,0.016,0.7725435461021144,1.0536804600146751e-05,5.197061590906229,0.6540656315061134
4.2,0.016,0.7709439312471572,1.5847620408892434e-06,5.167054422639262,0.6616791795554551
4.4,0.016,0.7695037418646934,-5.856937020257537e-06,5.137181361160117,0.6690309711129223
4.6000000000000005,0.016,0.7681886569072239,-1.197249662873782e-05,5.107449828779794,0.676150721412942
4.800000000000001,0.016,0.7669827790596182,-1.7042627576765045e-05,5.077820234974251,0.6830620029738519
5.0,0.016,0.7658654558157684,-2.1216280025549916e-05,5.048287565573581,0.6897839864720074
5.2,0.016,0.7648242115829086,-2.4665167143858672e-05,5.018830546314224,0.6963321100383388
5.4,0.016,0.7638458299439813,-2.7491281173880086e-05,4.989441851445285,0.7027190490938353
5.6000000000000005,0.016,0.7629208241874661,-2.9797834862360016e-05,4.960109000543112,0.7089552003824244
5.800000000000001,0.016,0.7620401947425463,-3.166989622164615e-05,4.9308257591312215,0.7150491677277983
6.0,0.016,0.7611971708058295,-3.318635818554546e-05,4.901584486486873,0.7210081049291387
6.2,0.016,0.7603857497060773,-3.4407222773804535e-05,4.872380349804486,0.7268380465753601
6.4,0.016,0.7596012188388052,-3.538442666399069e-05,4.8432083928237475,0.7325441335399255
6.6000000000000005,0.016,0.7588395258828232,-3.6159083869329156e-05,4.814065056392361,0.73813080798263
6.800000000000001,0.016,0.758097412369451,-3.676614637479319e-05,4.784947016149172,0.7436019543297595
7.0,0.016,0.7573721236521028,-3.7233881479422184e-05,4.755851708251778,0.74896101655607
7.2,0.016,0.7566614161741342,-3.758606684819214e-05,4.726776851154636,0.7542110859359457
7.4,0.016,0.7559634120133207,-3.78421594827404e-05,4.6977206110184495,0.7593549723739879
7.6000000000000005,0.016,0.7552765718514292,-3.8018428665805896e-05,4.668681393774287,0.764395258865057
7.800000000000001,0.016,0.7545996152298173,-3.8128272629274196e-05,4.639657884734936,0.7693343451429333
8.0,0.016,0.7539314897582136,-3.8182856301940645e-05,4.610648951165726,0.7741744813858752
8.200000000000001,0.016,0.7532713238927398,-3.81914051797011e-05,4.581653641490097,0.7789177949928415
8.4,0.016,0.7526184011190207,-3.816159099305558e-05,4.552671135498902,0.7835663113922066
8.6,0.016,0.75197213035024,-3.809976316449593e-05,4.523700733238889,0.7881219704865513
8.8,0.016,0.7513320264107629,-3.801119469032793e-05,4.494741827279485,0.7925866394855968
9.0,0.016,0.750697690751261,-3.7900253077007206e-05,4.465793891088077,0.7969621230255343
9.200000000000001,0.016,0.7500687973452306,-3.7770562481099674e-05,4.436856462399659,0.8012501710965665
9.4,0.016,0.7494450798153203,-3.762512587634651e-05,4.40792913370951,0.8054524852993435
9.600000000000001,0.016,0.7488263214681276,-3.7466433930019124e-05,4.379011541752291,0.8095707237722748
9.8,0.016,0.7482123465874424,-3.729655061318647e-05,4.350103360401224,0.8136065050978555
10.0,0.016,0.7476030134874475,-3.711718712452109e-05,4.3212042937944615,0.8175614114053362
10.200000000000001,0.016,0.7469982085897419,-3.69297613836897e-05,4.2923140712581835,0.8214369908541971
10.4,0.016,0.7463978416184831,-3.67354485626248e-05,4.263432442731284,0.8252347596338717
10.600000000000001,0.016,0.7458018415560529,-3.65352223781383e-05,4.234559175209894,0.8289562035906264
10.8,0.016,0.7452101533296419,-3.6329889822762013e-05,4.20569404966118,0.8326027795647453
11.0,0.016,0.744622735040479,-3.612011968343546e-05,4.176836858554478,0.8361759165045723
11.200000000000001,0.016,0.7440395556814497,-3.590646641952373e-05,4.147987403761182,0.8396770164078144
11.4,0.016,0.7434605932360011,-3.568938977998469e-05,4.119145494849327,0.8431074551298593
11.600000000000001,0.016,0.7428858331086523,-3.546927116653111e-05,4.090310947650458,0.8464685830893826
11.8,0.016,0.742315266821416,-3.5246427098547874e-05,4.0614835830868135,0.8497617258948023
12.0,0.016,0.7417488909365034,-3.502112044727344e-05,4.03266322619375,0.852988184909628
12.200000000000001,0.016,0.7411867061630552,-3.479356964314472e-05,4.003849705315614,0.8561492377705557
12.4,0.016,0.7406287166183957,-3.456395642963098e-05,3.9750428514385674,0.8592461388688879
12.600000000000001,0.016,0.7400749292161557,-3.433243214476236e-05,3.9462424976407275,0.8622801198033756
12.8,0.016,0.73952535316011,-3.409912300916307e-05,3.917448478636747,0.8652523898105746
13.0,0.016,0.7389799995255525,-3.386413446452133e-05,3.8886606304029754,0.868164136177362
13.200000000000001,0.016,0.7384388809133303,-3.3627554789334456e-05,3.8598787898675697,0.8710165246390907
13.4,0.016,0.7379020111639198,-3.338945802346852e-05,3.8311027946559846,0.8738106997659816
13.600000000000001,0.016,0.7373694051217413,-3.314990647645933e-05,3.8023324828816576,0.8765477853397042
13.8,0.016,0.7368410784407441,-3.290895271895729e-05,3.773567692974158,0.8792288847215709
14.0,0.016,0.7363170474244062,-3.266664128019378e-05,3.7448082635390008,0.8818550812134255
14.200000000000001,0.016,0.7357973288942385,-3.24230100480169e-05,3.7160540332426,0.8844274384119603
14.4,0.016,0.7352819400814204,-3.217809140804616e-05,3.6873048407190123,0.8869470005570732
14.600000000000001,0.016,0.7347708985378189,-3.1931913218964814e-05,3.6585605244931956,0.8894147928746384
14.8,0.016,0.7342642220622269,-3.168449963508138e-05,3.6298209229179847,0.8918318219140071
15.0,0.016,0.7337619286391992,-3.143587174383794e-05,3.6010858741221887,0.8941990758804477
15.200000000000001,0.016,0.7332640363877794,-3.118604815050268e-05,3.5723552159661116,0.8965175249626859
15.4,0.016,0.7327705635181857,-3.0935045454903236e-05,3.5436287860048648,0.8987881216556532
15.600000000000001,0.016,0.7322815282954281,-3.0682878590584456e-05,3.5149064214564834,0.9010118010785059
15.8,0.016,0.7317969490083717,-3.0429561166888287e-05,3.4861879591752687,0.9031894812879966
16.0,0.016,0.7313168439441019,-3.0175105682216103e-05,3.4574732356297857,0.9053220635871976
16.2,0.016,0.7308412313666762,-2.9919523721700745e-05,3.428762086884989,0.9074104328296381
16.400000000000002,0.016,0.7303701294998337,-2.9662826125946282e-05,3.400054348588567,0.9094554577188313
16.6,0.016,0.7299035565132695,-2.9405023103107776e-05,3.3713498559608155,0.9114579911032205
16.8,0.016,0.7294415305116317,-2.9146124324735685e-05,3.342648443787058,0.9134188702665273
17.0,0.016,0.7289840695257943,-2.888613902881989e-05,3.3139499464129787,0.9153389172134863
17.2,0.016,0.7285311915058336,-2.862507609884679e-05,3.285254197740461,0.9172189389509243
17.400000000000002,0.016,0.7280829143149671,-2.836294413948693e-05,3.256561031225525,0.9190597277641498
17.6,0.016,0.7276392557245857,-2.8099751536834965e-05,3.2278702798759458,0.9208620614885815
17.8,0.016,0.7272002334096861,-2.7835506494404367e-05,3.199181776249841,0.92262670377652
18.0,0.016,0.7267658649449803,-2.7570217092412666e-05,3.1704953524547275,0.9243544043589791
18.2,0.016,0.7263361678013636,-2.730389133210043e-05,3.141810840146268,0.9260458993024464
18.400000000000002,0.016,0.7259111593427712,-2.703653713241092e-05,3.1131280705284405,0.927701911260419
18.6,0.016,0.7254908568234044,-2.676816237694284e-05,3.084446874353041,0.9293231497195806
18.8,0.016,0.7250752773851911,-2.6498774921644237e-05,3.0557670819203935,0.9309103112404128
19.0,0.016,0.7246644380554531,-2.622838261867501e-05,3.027088523079724,0.9324640796920594
19.200000000000003,0.016,0.7242583557447042,-2.5956993310414932e-05,2.9984110272303504,0.9339851264812162
19.400000000000002,0.016,0.7238570472445767,-2.5684614873986115e-05,2.9697344233226928,0.9354741107748205
19.6,0.016,0.7234605292256943,-2.541125519427059e-05,2.941058539860104,0.9369316797162988
19.8,0.016,0.723068818235715,-2.513692219515042e-05,2.9123832049007374,0.9383584686351236
20.0,0.016,0.7226819306972448,-2.486162384421366e-05,2.8837082460599617,0.9397551012494348
20.200000000000003,0.016,0.7222998829057029,-2.4585368146611916e-05,2.855033490513484,0.941122189861484
20.400000000000002,0.016,0.7219226910270835,-2.4308163163060067e-05,2.826358765000819,0.9424603355456858
20.6,0.016,0.7215503710953819,-2.4030017014058482e-05,2.797683895829733,0.9437701283290688
20.8,0.016,0.7211829390098349,-2.3750937891450756e-05,2.769008708881576,0.9450521473639755
21.0,0.016,0.7208204105316922,-2.347093406065661e-05,2.7403330296175863,0.9463069610928802
21.200000000000003,0.016,0.720462801280499,-2.3190013873056736e-05,2.7116566830871527,0.9475351274052761
21.400000000000002,0.016,0.7201101267298251,-2.2908185778972692e-05,2.6829794939375704,0.9487371937866217
21.6,0.016,0.7197624022021112,-2.26254583327856e-05,2.654301286426604,0.9499136974594354
21.8,0.016,0.7194196428626765,-2.234184022897677e-05,2.6256218844380084,0.9510651655166982
22.0,0.016,0.7190818637123325,-2.2057340308416323e-05,2.5969411115006276,0.9521921150478231
22.200000000000003,0.016,0.7187490795784092,-2.1771967593020317e-05,2.568258790812512,0.9532950532575426
22.400000000000002,0.016,0.7184213051037295,-2.1485731342445376e-05,2.5395747452701025,0.9543744775781718
22.6,0.016,0.7180985547327221,-2.1198641087214533e-05,2.5108887975045637,0.9554308757758116
22.8,0.016,0.7177808426943925,-2.0910706710518916e-05,2.4822007699261426,0.956464726051149
23.0,0.016,0.7174681829810573,-2.062193852078006e-05,2.4535104847781986,0.9574764971356157
23.200000000000003,0.016,0.7171605893221035,-2.0332347347582545e-05,2.424817764203679,0.9584666483837564
23.400000000000002,0.016,0.7168580751518205,-2.0041944673674697e-05,2.396122430325505,0.9594356298627339
23.6,0.016,0.7165606535700118,-1.9750742766227334e-05,2.3674243053446293,0.9603838824399639
23.8,0.016,0.7162683372944018,-1.9458754855033683e-05,2.338723211658758,0.9613118378699327
24.0,0.016,0.7159811386032418,-1.916599531828687e-05,2.310018972005273,0.9622199188812579
24.200000000000003,0.016,0.7156990692667048,-1.887247993341622e-05,2.281311409633561,0.9631085392650882
24.400000000000002,0.016,0.7154221404654336,-1.8578226137473748e-05,2.252600348510269,0.9639781039659072
24.6,0.016,0.715150362694321,-1.8283253371198182e-05,2.2238856135639335,0.9648290091757766
24.8,0.016,0.7148837456499384,-1.798758341859863e-05,2.195167030973792,0.9656616424329892
25.0,0.016,0.7146222980993269,-1.7691240856872675e-05,2.166444428508571,0.9664763827260299
25.200000000000003,0.016,0.7143660277284867,-1.739425354728514e-05,2.1377176359221592,0.9672736006036213
25.400000000000002,0.016,0.7141149409685805,-1.709665317921549e-05,2.1089864854108753,0.9680536582915241
25.6,0.016,0.7138690427979435,-1.6798475912597075e-05,2.080250812139349,0.968816909816608
25.8,0.016,0.7136283365187457,-1.6499763058339143e-05,2.0515104548397263,0.9695637011385634
26.0,0.016,0.7133928235068094,-1.6200561849443002e-05,2.022765256488799,0.9702943702894559
26.200000000000003,0.016,0.7131625029341357,-1.5900926283922937e-05,1.9940150650671182,0.9710092475211579
26.400000000000002,0.016,0.7129373714642481,-1.560091800350909e-05,1.9652597344016034,0.9717086554605243
26.6,0.016,0.7127174229209108,-1.530060724123831e-05,1.9364991250922834,0.972392909272006
26.8,0.016,0.7125026479324446,-1.5000073808395424e-05,1.907733105521324,0.9730623168272429
27.0,0.016,0.7122930335542929,-1.4699408072803102e-05,1.8789615529392376,0.973717178881031
27.200000000000003,0.016,0.712088562874375,-1.4398711967472984e-05,1.8501843546211596,0.9743577892529125
27.400000000000002,0.016,0.7118892146066518,-1.409809991798117e-05,1.8214014090816666,0.9749844350135481
27.6,0.016,0.7116949626801259,-1.3797699732255427e-05,1.792612627333781,0.9755973966749132
27.8,0.016,0.7115057758318949,-1.3497653394231684e-05,1.76381793417304,0.9761969483833067
28.0,0.016,0.711321617214034,-1.3198117665074219e-05,1.7350172694643835,0.9767833581140984
28.200000000000003,0.016,0.7111424440258949,-1.2899264541535799e-05,1.7062105894054194,0.9773568878671369
28.400000000000002,0.016,0.710968207183935,-1.2601281460566796e-05,1.6773978677355565,0.9779177938617135
28.6,0.016,0.7107988510424126,-1.2304371223588332e-05,1.6485790968588685,0.978466326730024
28.8,0.016,0.7106343131786137,-1.200875161099497e-05,1.6197542888443166,0.9790027317080945
29.0,0.016,0.7104745242561079,-1.1714654639227214e-05,1.5909234762672706,0.9795272488232051
29.200000000000003,0.016,0.7103194079794537,-1.1422325414419076e-05,1.562086712854958,0.980040113076916
29.400000000000002,0.016,0.710168881152183,-1.1132020601283506e-05,1.5332440738995259,0.9805415546228959
29.6,0.016,0.7100228538485841,-1.084400644410923e-05,1.504395656405849,0.9810317989388401
29.8,0.016,0.7098812297073837,-1.0558556391994926e-05,1.4755415789435324,0.9815110669918802
30.0,0.016,0.7097439063526928,-1.02759482927013e-05,1.44668198117997,0.9819795753969909
30.200000000000003,0.016,0.7096107759439181,-9.996461238890979e-06,1.4178170230761635,0.9824375365680064
30.400000000000002,0.016,0.7094817258531899,-9.720372067716585e-06,1.3889468837378247,0.9828851588609813
30.6,0.016,0.7093566394637858,-9.447951623555441e-06,1.3600717599198577,0.983322646709714
30.8,0.016,0.7092353970804149,-9.17946080891323e-06,1.33119186419748,0.9837502007533728
31.0,0.016,0.7091178769358132,-8.915146571646745e-06,1.3023074228203213,0.9841680179562402
31.200000000000003,0.016,0.7090039562776057,-8.655237894436295e-06,1.2734186732859754,0.9845762917196881
31.400000000000002,0.016,0.7088935125113134,-8.399941905201718e-06,1.2445258616648514,0.9849752119865618
31.6,0.016,0.7087864243791676,-8.149440208058805e-06,1.2156292397371646,0.9853649653382228
31.8,0.016,0.7086825731434953,-7.90388558535536e-06,1.1867290619805095,0.9857457350845547
32.0,0.016,0.7085818437549716,-7.663399101504492e-06,1.157825582493544,0.9861177013472832
32.2,0.016,0.7084841259684251,-7.428067783910839e-06,1.1289190518849919,0.9864810411369905
32.4,0.016,0.7083893153951469,-7.1979428619169535e-06,1.1000097142419674,0.9868359284242492
32.6,0.016,0.7082973144464999,-6.973038728755021e-06,1.0710978041705281,0.9871825342052921
32.800000000000004,0.016,0.7082080331789943,-6.7533325232785685e-06,1.0421835440679246,0.987521026562676
33.0,0.016,0.7081213899789348,-6.538764535224919e-06,1.0132671415353502,0.9878515707213662
33.2,0.016,0.7080373121390051,-6.329239108613681e-06,0.9843487871846296,0.9881743291007031
33.4,0.016,0.7079557362241525,-6.124626526307977e-06,0.9554286525735163,0.9884894613626557
33.6,0.016,0.7078766083618898,-5.924764990347458e-06,0.9265068887334824,0.9887971244568129
33.800000000000004,0.016,0.7077998842558508,-5.729463856086489e-06,0.8975836246673069,0.9890974726624572
34.0,0.016,0.7077255292273147,-5.5385062574582945e-06,0.8686589667551112,0.9893906576281721
34.2,0.016,0.707653517853154,-5.351653575080965e-06,0.8397329976934336,0.9896768284092184
34.4,0.016,0.7075838338685319,-5.168647906443155e-06,0.8108057769738164,0.9899561315031637
34.6,0.016,0.7075164693754505,-4.989217984647408e-06,0.7818773398918016,0.9902287108838177
34.800000000000004,0.016,0.7074514248295175,-4.813080112049201e-06,0.7529476994920434,0.9904947080340896
35.0,0.016,0.7073887076470825,-4.639946570325481e-06,0.724016844819707,0.9907542619774802
35.2,0.016,0.7073283327149416,-4.469522494609689e-06,0.6950847452880715,0.9910075093091771
35.4,0.016,0.7072703199186481,-4.301519661063067e-06,0.6661513463994267,0.9912545842258106
35.6,0.016,0.707214696082663,-4.135644137468406e-06,0.6372165788557216,0.9914956185556631
35.800000000000004,0.016,0.7071614902262607,-3.971622631932103e-06,0.6082803478785894,0.9917307417870472
36.0,0.016,0.7071107389054986,-3.809169523978509e-06,0.5793425525491424,0.991960081098493
36.2,0.016,0.7070624763657556,-3.6480426410298245e-06,0.5504030600901794,0.9921837613856375
36.4,0.016,0.7070167476954508,-3.487963963141899e-06,0.5214617481653364,0.992401905292499
36.6,0.016,0.7069735873201768,-3.3287435676318207e-06,0.49251844459635064,0.9926146332360046
36.800000000000004,0.016,0.7069330499570503,-3.1700955431247556e-06,0.46357302186663707,0.9928220634402055
37.0,0.016,0.7068951624351543,-3.011918461414943e-06,0.4346252578878111,0.9930243119561607
37.2,0.016,0.7068599951551787,-2.853873455493662e-06,0.40567504953679095,0.9932214927027363
37.4,0.016,0.7068275530209892,-2.6960220105856823e-06,0.37672209348034513,0.9934137174767143
37.6,0.016,0.7067979389914463,-2.5378640537415873e-06,0.3477663709615281,0.9936010960077659
37.800000000000004,0.016,0.7067711064083427,-2.379788253235166e-06,0.3188074191305873,0.9937837359477615
38.0,0.016,0.7067472316369751,-2.2208856234071025e-06,0.28984543289906195,0.9939617429559502
38.2,0.016,0.706726151725682,-2.0622418555208404e-06,0.26087960597230053,0.9941352206440628
38.400000000000006,0.016,0.706708210886445,-1.9019796333544412e-06,0.23191063360486894,0.9943042707256504
38.6,0.016,0.7066929855406432,-1.7427163865589147e-06,0.20293694425537986,0.9944689928675088
38.800000000000004,0.016,0.7066812023880144,-1.5803476371197294e-06,0.17396037589216584,0.9946294849749265
39.0,0.016,0.7066718533804107,-1.4209027077988554e-06,0.14497763469864028,0.9947858428451226
39.2,0.016,0.7066665322195115,-1.2553024713867068e-06,0.11599314510525682,0.9949381607343186
39.400000000000006,0.016,0.7066629223473062,-1.0982972364983873e-06,0.08699973181870534,0.9950865305394341
39.6,0.016,0.7066645726601203,-9.247529580088154e-07,0.05800765740917342,0.9952310433538963
39.800000000000004,0.016,0.7066654791845186,-4.1587771665849783e-07,0.029000950555729422,0.9953716930015322
40.0,0.016,0.7066654791845186,0.0,0.0,0.9953716930015322
0.0,0.018000000000000002,1.0,0.0,6.088786934171196,0.0
0.2,0.018000000000000002,1.0243992343914423,0.014891270848987897,6.088786934171196,0.10247001800746743
0.4,0.018000000000000002,1.0395864638899823,0.005939010407910858,5.824685166689297,0.19024029396119138
0.6000000000000001,0.018000000000000002,0.9880438402479432,0.003460637352613035,5.854950111276734,0.2637034850330673
0.8,0.018000000000000002,0.973771918897334,0.0021467915789401375,5.741220530948816,0.32010654491815776
1.0,0.018000000000000002,0.943438456390022,0.0015595705262775972,5.727374795982257,0.3653949819556968
1.2000000000000002,0.018000000000000002,0.9302770188939217,0.0010950924823087704,5.661951340538305,0.401384902722424
1.4000000000000001,0.018000000000000002,0.9128238414453674,0.0008525965506582764,5.633232566938002,0.43123873202139285
1.6,0.018000000000000002,0.9028581513813935,0.0006377150740640962,5.586528303049267,0.45616002999262234
1.8,0.018000000000000002,0.8921134723786659,0.0005084605546961477,5.5538834471328435,0.4775902816250975
2.0,0.018000000000000002,0.8848088083077775,0.0003927396885633748,5.515231234252816,0.4962073996207598
2.2,0.018000000000000002,0.8777449456587427,0.000314400451288599,5.482240157698616,0.5127136219320706
2.4000000000000004,0.018000000000000002,0.8724014181759863,0.0002456007150730105,5.44745027787357,0.5275058967802398
2.6,0.018000000000000002,0.8675096752638523,0.00019500144165679364,5.415101959587195,0.5409579845004254
2.8000000000000003,0.018000000000000002,0.8635603115537802,0.00015146301920847252,5.382380256776108,0.5533114650111898
3.0,0.018000000000000002,0.8600287121198766,0.00011773779340695381,5.350810016516122,0.5647796254410428
3.2,0.018000000000000002,0.8570561925525808,8.914508208071634e-05,5.319306600073097,0.5755128996993089
3.4000000000000004,0.018000000000000002,0.8544117509947851,6.632244878010706e-05,5.288404220228878,0.5856388399493463
3.6,0.018000000000000002,0.8521194365934243,4.7162663449071966e-05,5.2576712524986675,0.5952523589051227
3.8000000000000003,0.018000000000000002,0.850068811491003,3.1615971825260376e-05,5.227283874950887,0.6044320224722397
4.0,0.018000000000000002,0.8482490018952303,1.8648675042941648e-05,5.197061714586912,0.6132382275524215
4.2,0.018000000000000002,0.8466020642487216,8.038114125095403e-06,5.167054531516818,0.6217203540433577
4.4,0.018000000000000002,0.845110032944514,-7.774884218675919e-07,5.137181459246396,0.6299171995499336
4.6000000000000005,0.018000000000000002,0.8437395852549262,-8.02842393891299e-06,5.1074499173742725,0.6378603695778257
4.800000000000001,0.018000000000000002,0.8424750748849071,-1.4042928214835813e-05,5.077820316176827,0.6455749301787547
5.0,0.018000000000000002,0.8412967147986674,-1.9000675358499543e-05,5.048287640324861,0.6530812814442045
5.2,0.018000000000000002,0.840192386708645,-2.3102238634607876e-05,5.018830615844477,0.6603958914720992
5.4,0.018000000000000002,0.8391493943542019,-2.646958558544524e-05,4.989441916403683,0.6675323061037972
5.6000000000000005,0.018000000000000002,0.8381585498546015,-2.922376456275309e-05,4.960109061639054,0.6745016671777327
5.800000000000001,0.018000000000000002,0.8372111783277184,-3.146523674982923e-05,4.93082581694206,0.6813132211240678
6.0,0.018000000000000002,0.8363007158112343,-3.3286606968002795e-05,4.901584541573821,0.6879746815290062
6.2,0.018000000000000002,0.8354213583865646,-3.47588672081754e-05,4.872380402585987,0.694492575787219
6.4,0.018000000000000002,0.8345685353961768,-3.5943234558723564e-05,4.843208443668591,0.7008724838662043
6.6000000000000005,0.018000000000000002,0.8337383229678818,-3.688835798479497e-05,4.8140651055888615,0.7071192435547803
6.800000000000001,0.018000000000000002,0.8329275608800643,-3.7635500195677515e-05,4.784947063944566,0.7132370997315518
7.0,0.018000000000000002,0.8321335803236761,-3.821810258636245e-05,4.755851754844384,0.7192298281285223
7.2,0.018000000000000002,0.8313542060886516,-3.8664258854881074e-05,4.726776896711829,0.7251008282926013
7.4,0.018000000000000002,0.8305876188514498,-3.899698419535512e-05,4.697720655676355,0.7308531990249343
7.6000000000000005,0.018000000000000002,0.8298323270777292,-3.923550920269867e-05,4.668681437646709,0.7364897961311242
7.800000000000001,0.018000000000000002,0.8290870909119529,-3.939568057050036e-05,4.639657927915046,0.7420132786759357
8.0,0.018000000000000002,0.8283508915738719,-3.949069806317434e-05,4.610648993730959,0.7474261447708094
8.200000000000001,0.018000000000000002,0.8276228860001811,-3.953147207008799e-05,4.581653683504044,0.7527307600033929
8.4,0.018000000000000002,0.8269023815082434,-3.9527073246397604e-05,4.552671177014172,0.757929379566159
8.6,0.018000000000000002,0.8261888072383103,-3.948501009397482e-05,4.523700774298712,0.7630241657522754
8.8,0.018000000000000002,0.8254816951023288,-3.941151730019495e-05,4.494741867919485,0.7680172016291531
9.0,0.018000000000000002,0.8247806611286684,-3.9311759303745886e-05,4.465793931337485,0.7729105018303141
9.200000000000001,0.018000000000000002,0.8240853917298284,-3.9190021118342625e-05,4.436856502282447,0.7777060210235195
9.4,0.018000000000000002,0.8233956312285573,-3.904985331503627e-05,4.407929173245273,0.7824056606030846
9.600000000000001,0.018000000000000002,0.8227111721672511,-3.889420046674468e-05,4.379011580957024,0.7870112739707925
9.8,0.018000000000000002,0.8220318468637242,-3.8725502606874054e-05,4.350103399287912,0.7915246707307803
10.0,0.018000000000000002,0.8213575206607145,-3.8545782515578516e-05,4.3212043323736,0.7959476200296469
10.200000000000001,0.018000000000000002,0.8206880861789464,-3.8356716202164974e-05,4.292314109538247,0.8002818532370212
10.4,0.018000000000000002,0.820023458650195,-3.815969261000214e-05,4.263432480719041,0.8045290661106509
10.600000000000001,0.018000000000000002,0.8193635719922601,-3.795586244831942e-05,4.234559212910699,0.8086909205636144
10.8,0.018000000000000002,0.8187083755913321,-3.774617929249372e-05,4.205694087079236,0.8127690461221146
11.0,0.018000000000000002,0.818057831612378,-3.7531433252848735e-05,4.17683689569302,0.8167650411445507
11.200000000000001,0.018000000000000002,0.817411912782727,-3.7312279228200686e-05,4.147987440622663,0.8206804738555351
11.4,0.018000000000000002,0.8167706005462629,-3.708926010001888e-05,4.119145531435532,0.8245168832371603
11.600000000000001,0.018000000000000002,0.8161338835392027,-3.686282606533337e-05,4.090310983962634,0.8282757798097955
11.8,0.018000000000000002,0.8155017563242282,-3.663335058476709e-05,4.061483619125764,0.8319586463275407
12.0,0.018000000000000002,0.8148742183442088,-3.640114364299343e-05,4.032663261959912,0.8355669384076126
12.200000000000001,0.018000000000000002,0.8142512730547017,-3.616646266480188e-05,4.003849740809111,0.8391020851084687
12.4,0.018000000000000002,0.81363292720643,-3.5929521673379246e-05,3.97504288665928,0.8425654894680089
12.600000000000001,0.018000000000000002,0.813019190251007,-3.5690498698446456e-05,3.946242532588332,0.8459585290105308
12.8,0.018000000000000002,0.8124100738492961,-3.544954208737609e-05,3.9174485133107484,0.8492825562289923
13.0,0.018000000000000002,0.8118055914648199,-3.520677557292464e-05,3.8886606648027406,0.8525388990475803
13.200000000000001,0.018000000000000002,0.8112057580277471,-3.496230260624976e-05,3.8598788239923607,0.8557288612683428
13.4,0.018000000000000002,0.8106105896572124,-3.47162097876063e-05,3.8311028285049655,0.8588537230047076
13.600000000000001,0.018000000000000002,0.8100201034324594,-3.446856985009451e-05,3.8023325164539306,0.8619147411039936
13.8,0.018000000000000002,0.8094343172040798,-3.4219444008388696e-05,3.7735677262687473,0.8649131495604846
14.0,0.018000000000000002,0.8088532494387066,-3.396888397053483e-05,3.744808296554899,0.8678501599202378
14.200000000000001,0.018000000000000002,0.8082769190913807,-3.371693360830603e-05,3.716054065978758,0.8707269616784484
14.4,0.018000000000000002,0.8077053455003845,-3.346363026400475e-05,3.687304873174351,0.8735447226700384
14.600000000000001,0.018000000000000002,0.8071385483008782,-3.320900596199186e-05,3.6585605566666115,0.8763045894538948
14.8,0.018000000000000002,0.8065765473532674,-3.2953088322624585e-05,3.6298209548083595,0.879007687691111
15.0,0.018000000000000002,0.8060193626837661,-3.2695901345292895e-05,3.601085905728386,0.8816551225174727
15.200000000000001,0.018000000000000002,0.8054670144345023,-3.243746608337772e-05,3.572355247286979,0.884247978910372
15.4,0.018000000000000002,0.8049195228213114,-3.2177801192358795e-05,3.5436288170392585,0.8867873220502848
15.600000000000001,0.018000000000000002,0.8043769080982182,-3.191692336454883e-05,3.5149064522032396,0.8892741976768855
15.8,0.018000000000000002,0.8038391905272148,-3.165484769595134e-05,3.4861879896332275,0.8917096324399031
16.0,0.018000000000000002,0.8033063903531725,-3.139158796454782e-05,3.457473265797785,0.8940946342447283
16.2,0.018000000000000002,0.8027785277830767,-3.112715685806046e-05,3.428762116761868,0.8964301925928494
16.400000000000002,0.018000000000000002,0.8022556229691287,-3.0861566179256224e-05,3.4000543781731603,0.8987172789170984
16.6,0.018000000000000002,0.8017376959953477,-3.05948269737836e-05,3.3713498852519734,0.9009568469117539
16.8,0.018000000000000002,0.8012247668668593,-3.032694966117785e-05,3.342648472783625,0.9031498328574832
17.0,0.018000000000000002,0.8007168555013998,-3.005794414704698e-05,3.313949975113807,0.905297155941118
17.2,0.018000000000000002,0.8002139817224777,-2.9787819911310756e-05,3.285254226144404,0.907399718570228
17.400000000000002,0.018000000000000002,0.7997161652534647,-2.9516586102013768e-05,3.256561059331454,0.9094584066824536
17.6,0.018000000000000002,0.7992234257127154,-2.9244251609506437e-05,3.22787030768273,0.9114740900495338
17.8,0.018000000000000002,0.7987357826090631,-2.897082510126628e-05,3.1991818037563564,0.9134476225759307
18.0,0.018000000000000002,0.7982532553379613,-2.869631509432815e-05,3.170495379659848,0.9153798425919583
18.2,0.018000000000000002,0.7977758631779507,-2.842072999917106e-05,3.141810867048895,0.9172715731412857
18.400000000000002,0.018000000000000002,0.797303625287506,-2.8144078130230686e-05,3.1131280971274635,0.9191236222626498
18.6,0.018000000000000002,0.796836560702219,-2.7866367743083622e-05,3.0844469006473716,0.9209367832656341
18.8,0.018000000000000002,0.796374688332226,-2.7587607068034146e-05,3.0557671079089337,0.9227118350002907
19.0,0.018000000000000002,0.7959180269598143,-2.730780430398625e-05,3.0270885487613937,0.9244495421204134
19.200000000000003,0.018000000000000002,0.795466595237158,-2.7026967644512073e-05,2.998411052604078,0.926150655340211
19.400000000000002,0.018000000000000002,0.7950204116841714,-2.6745105301539202e-05,2.9697344483874115,0.9278159116841379
19.6,0.018000000000000002,0.79457949468631,-2.6462225496926092e-05,2.9410585646147536,0.9294460347296142
19.8,0.018000000000000002,0.794143862492525,-2.6178336489655034e-05,2.9123832293442677,0.9310417348423631
20.0,0.018000000000000002,0.7937135332130932,-2.589344656750184e-05,2.88370827019133,0.9326037094040909
20.200000000000003,0.018000000000000002,0.793288524817392,-2.560756406425992e-05,2.8550335143316565,0.9341326430322424
20.400000000000002,0.018000000000000002,0.7928688551315631,-2.5320697362073152e-05,2.8263587885047667,0.9356292077915813
20.6,0.018000000000000002,0.7924545418358473,-2.5032854900618413e-05,2.797683919018443,0.9370940633973668
20.8,0.018000000000000002,0.7920456024617173,-2.4744045190623557e-05,2.7690087317540364,0.9385278574099366
21.0,0.018000000000000002,0.7916420543885417,-2.445427681104905e-05,2.740333052172797,0.9399312254205534
21.200000000000003,0.018000000000000002,0.7912439148397599,-2.4163558427533685e-05,2.7116567053241254,0.9413047912284276
21.400000000000002,0.018000000000000002,0.7908512008784854,-2.3871898798677265e-05,2.6829795158553265,0.9426491670089014
21.6,0.018000000000000002,0.7904639294022286,-2.357930678710939e-05,2.6543013080241757,0.9439649534728619
21.8,0.018000000000000002,0.7900821171367494,-2.3285791384407335e-05,2.6256219057144334,0.9452527400175418
22.0,0.018000000000000002,0.789705780628508,-2.299136173110618e-05,2.596941132454965,0.9465131048689681
22.200000000000003,0.018000000000000002,0.7893349362354894,-2.2696027132641038e-05,2.56825881144382,0.9477466152164207
22.400000000000002,0.018000000000000002,0.7889696001159332,-2.239979712312712e-05,2.5395747655774703,0.9489538273393836
22.6,0.018000000000000002,0.7886097882141581,-2.2102681504562696e-05,2.5108888174870803,0.9501352867275868
22.8,0.018000000000000002,0.7882555162431528,-2.1804690395709728e-05,2.4822007895829223,0.951291528194838
23.0,0.018000000000000002,0.7879067996628644,-2.150583433283709e-05,2.4535105041083676,0.9524230759874724
23.200000000000003,0.018000000000000002,0.787563653653389,-2.1206124342482647e-05,2.4248177832063877,0.9535304438883316
23.400000000000002,0.018000000000000002,0.7872260930821088,-2.0905572069958154e-05,2.3961224489999307,0.9546141353172913
23.6,0.018000000000000002,0.7868941324634485,-2.060418990461569e-05,2.367424323689972,0.9556746434294217
23.8,0.018000000000000002,0.786567785910231,-2.0301991149505403e-05,2.3387232296742493,0.9567124512119345
24.0,0.018000000000000002,0.7862470670750005,-1.9998990203652374e-05,2.3100189896901844,0.9577280315810996
24.200000000000003,0.018000000000000002,0.785931989079855,-1.9695202780759863e-05,2.281311426987202,0.9587218474803391
24.400000000000002,0.018000000000000002,0.7856225644330895,-1.9390646185757666e-05,2.252600365532003,0.9596943519806961
24.6,0.018000000000000002,0.7853188049306753,-1.9085339616961145e-05,2.2238856302531866,0.9606459883848361
24.8,0.018000000000000002,0.7850207215408946,-1.8779304517994538e-05,2.195167047330057,0.9615771903356867
25.0,0.018000000000000002,0.7847283242697674,-1.8472564990017528e-05,2.1664444445314204,0.9624883819307324
25.200000000000003,0.018000000000000002,0.7844416220055027,-1.8165148275395037e-05,2.137717651611267,0.9633799778428648
25.400000000000002,0.018000000000000002,0.7841606223398596,-1.785708528041759e-05,2.108986500766018,0.9642523834485655
25.6,0.018000000000000002,0.7838853313644045,-1.75484112049559e-05,2.0802508271604405,0.9651059949640389
25.8,0.018000000000000002,0.783615753440342,-1.7239166197905585e-05,2.051510469526827,0.9659411995897529
26.0,0.018000000000000002,0.7833518909403013,-1.6929396129455427e-05,2.0227652708421417,0.9667583756636504
26.200000000000003,0.018000000000000002,0.7830937439614559,-1.6619153400144087e-05,1.9940150790871305,0.9675578928231284
26.400000000000002,0.018000000000000002,0.7828413100099376,-1.630849782620335e-05,1.9652597480889322,0.9683401121756717
26.6,0.018000000000000002,0.7825945836569537,-1.599749758235156e-05,1.9364991384478298,0.969105386477858
26.8,0.018000000000000002,0.7823535561686644,-1.568623018394926e-05,1.907733118546273,0.9698540603222595
27.0,0.018000000000000002,0.782118215112389,-1.5374783488502333e-05,1.8789615656350742,0.9705864703316076
27.200000000000003,0.018000000000000002,0.7818885439435211,-1.5063256708241235e-05,1.850184366989728,0.9713029453594269
27.400000000000002,0.018000000000000002,0.7816645215785738,-1.4751761394896013e-05,1.8214014211251794,0.9720038066962227
27.6,0.018000000000000002,0.781446121961519,-1.444042235328012e-05,1.792612639054858,0.9726893682801856
27.8,0.018000000000000002,0.7812333136320874,-1.4129378502326546e-05,1.7638179455747471,0.9733599369113047
28.0,0.018000000000000002,0.7810260593059382,-1.3818783563229143e-05,1.735017280550251,0.9740158124677013
28.200000000000003,0.018000000000000002,0.7808243154784312,-1.3508806592511068e-05,1.7062106001794723,0.9746572881229879
28.400000000000002,0.018000000000000002,0.7806280320644318,-1.3199632304748687e-05,1.677397878202332,0.9752846505634265
28.6,0.018000000000000002,0.7804371520878313,-1.2891461121406019e-05,1.6485791070234332,0.9758981802036928
28.8,0.018000000000000002,0.7802516114349258,-1.2584508913554722e-05,1.6197542987122757,0.9764981514000858
29.0,0.018000000000000002,0.7800713386857409,-1.2279006416515736e-05,1.590923485844766,0.9770848326600886
29.200000000000003,0.018000000000000002,0.7798962550373708,-1.197519824791648e-05,1.5620867221486583,0.9776584868472636
29.400000000000002,0.018000000000000002,0.7797262743319598,-1.1673341524327824e-05,1.533244082916609,0.9782193713805638
29.6,0.018000000000000002,0.7795613032006737,-1.1373704062746785e-05,1.5043956651539718,0.9787677384272402
29.8,0.018000000000000002,0.7794012413326857,-1.107656215339176e-05,1.4755415874307922,0.9793038350886547
30.0,0.018000000000000002,0.7792459818754716,-1.0782197910542498e-05,1.4466819894148517,0.9798279035784168
30.200000000000003,0.018000000000000002,0.7790954119691019,-1.0490896242744802e-05,1.4178170310674747,0.980340181392385
30.400000000000002,0.018000000000000002,0.7789494134139684,-1.020294145874007e-05,1.3889468914946255,0.9808409014702119
30.6,0.018000000000000002,0.7788078634663455,-9.918613609376886e-06,1.360071767451381,0.9813302923482048
30.8,0.018000000000000002,0.7786706357533455,-9.638184571437471e-06,1.3311918715130384,0.9818085783034118
31.0,0.018000000000000002,0.7785376012924365,-9.361914040765203e-06,1.3023074299292092,0.9822759794889298
31.200000000000003,0.018000000000000002,0.7784086295997815,-9.090045454629834e-06,1.2734186801973748,0.9827327120605416
31.400000000000002,0.018000000000000002,0.7782835898637019,-8.822802020116208e-06,1.2445258683877272,0.9831789882948636
31.6,0.018000000000000002,0.7781623521626515,-8.560382891315704e-06,1.2156292462801594,0.9836150166992711
31.8,0.018000000000000002,0.7780447886965639,-8.302959676910952e-06,1.186729068351852,0.9840410021139236
32.0,0.018000000000000002,0.7779307750108361,-8.050673304915695e-06,1.1578255887009528,0.9844571458062803
32.2,0.018000000000000002,0.7778201911755428,-7.803631426109859e-06,1.1289190579355937,0.9848636455585135
32.4,0.018000000000000002,0.777712922906799,-7.561906333745182e-06,1.100009720142219,0.9852606957482953
32.6,0.018000000000000002,0.7776088625852494,-7.325533607225681e-06,1.0710978099261559,0.9856484874234106
32.800000000000004,0.018000000000000002,0.7775079101783327,-7.094511322510801e-06,1.042183549683877,0.9860272083707092
33.0,0.018000000000000002,0.7774099740058712,-6.868800122121483e-06,1.0132671470157608,0.9863970431798686
33.2,0.018000000000000002,0.7773149713953563,-6.648323756284393e-06,0.9843487925327954,0.98675817330248
33.4,0.018000000000000002,0.7772228291289324,-6.432970658756036e-06,0.9554286577919009,0.9871107771069069
33.6,0.018000000000000002,0.7771334838064173,-6.222595593843362e-06,0.9265068938237115,0.9874550299294239
33.800000000000004,0.018000000000000002,0.7770468819350527,-6.017022674546884e-06,0.8975836296302042,0.9877911041220153
34.0,0.018000000000000002,0.7769629800297078,-5.816047690050661e-06,0.8686589715907228,0.9881191690973399
34.2,0.018000000000000002,0.776881744319734,-5.619442517320151e-06,0.8397330024010822,0.9884393913711266
34.4,0.018000000000000002,0.7768031506871116,-5.426957290349016e-06,0.8108057815521459,0.9887519346025432
34.6,0.018000000000000002,0.7767271839397212,-5.238326519099816e-06,0.7818773443388546,0.9890569596325978
34.800000000000004,0.018000000000000002,0.7766538377973107,-5.053269609925526e-06,0.7529477038052987,0.9893546245212658
35.0,0.018000000000000002,0.7765831135730034,-4.871499907746011e-06,0.7240168489961949,0.9896450845830239
35.2,0.018000000000000002,0.7765150206219081,-4.692720745544573e-06,0.6950847493243751,0.9899284924218775
35.4,0.018000000000000002,0.7764495739891629,-4.516640725677556e-06,0.6661513502918558,0.9902049979648321
35.6,0.018000000000000002,0.7763867961764903,-4.342959452630247e-06,0.637216582600226,0.9904747484958127
35.800000000000004,0.018000000000000002,0.7763267126460686,-4.171397201274903e-06,0.6082803514710596,0.990737888687499
36.0,0.018000000000000002,0.7762693567568559,-4.001657410848415e-06,0.5793425559851159,0.9909945606351143
36.2,0.018000000000000002,0.7762147604813515,-3.83348984803987e-06,0.5504030633654353,0.9912449038865222
36.4,0.018000000000000002,0.7761629666456373,-3.666600702752013e-06,0.5214617512751341,0.9914890554771427
36.6,0.018000000000000002,0.7761140087302022,-3.5007931280282334e-06,0.4925184475367038,0.991727149957362
36.800000000000004,0.018000000000000002,0.7760679397678547,-3.3357586440667773e-06,0.46357302463250266,0.9919593194306503
37.0,0.018000000000000002,0.7760247871814019,-3.171395172735862e-06,0.4346252604759217,0.9921856935757782
37.2,0.018000000000000002,0.7759846195915305,-3.007328924988062e-06,0.4056750519414641,0.9924063996921899
37.4,0.018000000000000002,0.7759474446765278,-2.84363747009341e-06,0.37672209569987664,0.9926215627113549
37.6,0.018000000000000002,0.775913362166245,-2.6797596437977187e-06,0.34776637298860996,0.9928313052578316
37.800000000000004,0.018000000000000002,0.7758823320063373,-2.5161394780040723e-06,0.3188074209667986,0.9930357476375322
38.0,0.018000000000000002,0.775854523012896,-2.351748429070972e-06,0.2898454345330851,0.9932350079322863
38.2,0.018000000000000002,0.7758297866061745,-2.187816765143329e-06,0.2608796074127359,0.9934292019390355
38.400000000000006,0.018000000000000002,0.7758084488338388,-2.022215398637318e-06,0.23191063483089583,0.9936184433356234
38.6,0.018000000000000002,0.7757901173617491,-1.8579072709465413e-06,0.20293694529095155,0.9938028435159484
38.800000000000004,0.018000000000000002,0.7757754760918675,-1.6902372128015384e-06,0.17396037669452363,0.993982511906743
39.0,0.018000000000000002,0.7757635858222852,-1.5260325687939982e-06,0.14497763532574415,0.994157555582668
39.2,0.018000000000000002,0.7757559414513259,-1.3550038259262065e-06,0.11599314546527478,0.9943280798967314
39.400000000000006,0.018000000000000002,0.7757503791731271,-1.1936708388236008e-06,0.08699973205858473,0.9944941875822034
39.6,0.018000000000000002,0.7757502082525388,-1.0103664018407857e-06,0.058007657301961495,0.9946559805617482
39.800000000000004,0.018000000000000002,0.7757497071590805,-4.554983151123562e-07,0.029000947136059666,0.9948134574016794
40.0,0.018000000000000002,0.7757497071590805,0.0,0.0,0.9948134574016794
0.0,0.02,1.0,0.0,6.088624335303439,0.0
0.2,0.02,1.0495815008572973,0.014519801905895992,6.088624335303439,0.07631058911818128
0.4,0.02,1.0804689635189477,0.006109866624288761,5.8247664564133865,0.14882348518564167
0.6000000000000001,0.02,1.0413134813133322,0.003700970768379903,5.854967873094954,0.21428925359208068
0.8,0.02,1.0327877626412187,0.002362942020705148,5.741229913251541,0.26749997300251444
1.0,0.02,1.0069159232827913,0.0017405855321120987,5.7273781933847285,0.3118408678233887
1.2000000000000002,0.02,0.9958441310305368,0.001240228394334529,5.66195452472089,0.3480669851146545
1.4000000000000001,0.02,0.9801714835938343,0.0009703088209473705,5.633233977097191,0.3786608999583656
1.6,0.02,0.9711362583788103,0.000732087558865795,5.586529775588719,0.40457040810488687
1.8,0.02,0.9612160066474071,0.0005852903581870879,5.553884244843727,0.4270754752893806
2.0,0.02,0.9543984338345204,0.00045496707619956,5.515232033493564,0.4467955540184264
2.2,0.02,0.9477603276110365,0.0003653323796341047,5.482240670942486,0.4643944469752719
2.4000000000000004,0.02,0.9426925153113609,0.0002871577947706003,5.4474507624509,0.48025721771648705
2.6,0.02,0.9380325293557126,0.000229112714716748,5.415102310686609,0.49474988394166447
2.8000000000000003,0.02,0.9342399888210757,0.00017939634745837993,5.38238057491207,0.5081134045575695
3.0,0.02,0.9308328607049969,0.00014067536793623009,5.3508102659461905,0.5205610413687773
3.2,0.02,0.9279432130740266,0.00010793775141218366,5.319306821538844,0.5322450081798462
3.4000000000000004,0.02,0.9253581994454445,8.17261982102055e-05,5.288404402924805,0.5432944560164338
3.6,0.02,0.9231002471337202,5.975488633472772e-05,5.257671413866089,0.5538062138679283
3.8000000000000003,0.02,0.9210673239439431,4.189518514749285e-05,5.22728401276698,0.5638604774220536
4.0,0.02,0.9192492961665596,2.700986141456767e-05,5.1970618368682535,0.573519201446187
4.2,0.02,0.9175925298497087,1.4817395807197641e-05,5.167054638668313,0.5828330792321262
4.4,0.02,0.9160803511028281,4.693253862060699e-06,5.137181555351287,0.5918420699394433
4.6000000000000005,0.02,0.9146817366324971,-3.6380081628279653e-06,5.107450003712252,0.6005788002579698
4.800000000000001,0.02,0.9133817148551108,-1.0550118137254291e-05,5.077820395139198,0.6090693223975411
5.0,0.02,0.9121620391406848,-1.6254426288412604e-05,5.0482877128163635,0.6173347744415318
5.2,0.02,0.9110115445939808,-2.097815060828784e-05,5.018830683123464,0.6253922723074876
5.4,0.02,0.9099185228407495,-2.4862451555384576e-05,4.98944197908544,0.6332559307372072
5.6000000000000005,0.02,0.9088744887329531,-2.8044901419585925e-05,4.960109120424378,0.6409374011106815
5.800000000000001,0.02,0.907871418236054,-3.0640569441527695e-05,4.930825872408041,0.6484463881039391
6.0,0.02,0.9069032303803691,-3.275489485010024e-05,4.901584594294568,0.6557910218031431
6.2,0.02,0.905964544424433,-3.4469313144080604e-05,4.87238045298493,0.6629782103659252
6.4,0.02,0.9050511192356091,-3.5853797483065225e-05,4.8432084921214384,0.6700138853068818
6.6000000000000005,0.02,0.9041593130187272,-3.696416521499849e-05,4.8140651523874824,0.6769032112456189
6.800000000000001,0.02,0.9032861916981113,-3.7847658585738745e-05,4.784947109340182,0.6836507393549973
7.0,0.02,0.9024292776248467,-3.854264387225538e-05,4.755851799037818,0.6902605342346371
7.2,0.02,0.9015865514537663,-3.9081313722077424e-05,4.726776939872935,0.6967362695902806
7.4,0.02,0.9007563247433691,-3.949007093082852e-05,4.697720697943003,0.7030813057775832
7.6000000000000005,0.02,0.8999372137343212,-3.979096188787684e-05,4.668681479134319,0.7092987493300023
7.800000000000001,0.02,0.8991280687912846,-4.0002164534040344e-05,4.639657968718042,0.7153915006196451
8.0,0.02,0.8983279458849737,-4.013881468132789e-05,4.610649033927877,0.7213622908115149
8.200000000000001,0.02,0.8975360644754722,-4.021342692788329e-05,4.581653723159342,0.727213711227612
8.4,0.02,0.8967517839157002,-4.023640335307181e-05,4.5526712161812375,0.7329482362447975
8.6,0.02,0.895974576908737,-4.021635598226457e-05,4.523700813021402,0.7385682414128054
8.8,0.02,0.8952040117711786,-4.0160434892488356e-05,4.494741906233985,0.7440760176395887
9.0,0.02,0.8944397350845672,-4.0074563231594484e-05,4.465793969273471,0.7494737824014011
9.200000000000001,0.02,0.8936814589125416,-3.9963655072396524e-05,4.436856539864313,0.7547636885569748
9.4,0.02,0.8929289491961084,-3.9831782292526316e-05,4.407929210492958,0.7599478313262813
9.600000000000001,0.02,0.892182016733152,-3.968232150746082e-05,4.379011617886813,0.7650282538112253
9.8,0.02,0.891440509320835,-3.951807071493483e-05,4.350103435913057,0.7700069513923119
10.0,0.02,0.8907043054725093,-3.9341349254000776e-05,4.321204368704859,0.7748858752404872
10.200000000000001,0.02,0.8899733090700979,-3.915407878420797e-05,4.292314145584272,0.7796669351451301
10.4,0.02,0.8892474450210822,-3.895785166535449e-05,4.26343251648679,0.7843520018071866
10.600000000000001,0.02,0.8885266556064173,-3.875398708563055e-05,4.234559248405698,0.788942908718759
10.8,0.02,0.8878108974863395,-3.854357805322652e-05,4.205694122305845,0.7934414537206994
11.0,0.02,0.887100139197509,-3.832753012551459e-05,4.17683693065462,0.7978494003112685
11.200000000000001,0.02,0.8863943590901671,-3.810659374475908e-05,4.147987475321828,0.8021684787614851
11.4,0.02,0.8856935436101061,-3.788139084419137e-05,4.1191455658741765,0.8064003870809764
11.600000000000001,0.02,0.8849976858798014,-3.765243703301735e-05,4.090311018142131,0.8105467918678437
11.8,0.02,0.8843067845199736,-3.742015989950961e-05,4.0614836530470155,0.814609329068644
12.0,0.02,0.8836208426755082,-3.7184914199469044e-05,4.032663295623456,0.818589604668542
12.200000000000001,0.02,0.8829398672077937,-3.6946994385312205e-05,4.003849774215174,0.8224891953270607
12.4,0.02,0.8822638680266291,-3.670664510067797e-05,3.975042919807848,0.8263096489712742
12.600000000000001,0.02,0.8815928575368774,-3.6464069719666965e-05,3.9462425654791664,0.8300524853555103
12.8,0.02,0.8809268501806474,-3.6219437537628246e-05,3.9174485459434507,0.8337191965944466
13.0,0.02,0.8802658620586847,-3.597288962475933e-05,3.888660697176772,0.8373112476748478
13.200000000000001,0.02,0.8796099106175008,-3.572454375619002e-05,3.859878856107066,0.8408300769499139
13.4,0.02,0.8789590143908339,-3.547449841165429e-05,3.8311028603595965,0.8442770966192258
13.600000000000001,0.02,0.8783131927866095,-3.5222836135204107e-05,3.802332548047661,0.8476536931965306
13.8,0.02,0.8776724659112698,-3.4969626276938956e-05,3.773567757600707,0.8509612279670417
14.0,0.02,0.8770368544252894,-3.471492728517269e-05,3.744808327624151,0.8542010374355125
14.200000000000001,0.02,0.8764063794244601,-3.445878861499081e-05,3.716054096784338,0.8573744337659811
14.4,0.02,0.8757810623421121,-3.420125225406976e-05,3.687304903715253,0.8604827052139034
14.600000000000001,0.02,0.8751609248688101,-3.3942354071946534e-05,3.6585605869418165,0.8635271165511501
14.8,0.02,0.8745459888857193,-3.3682124903949997e-05,3.629820984816827,0.8665089094842617
15.0,0.02,0.873936276409252,-3.3420591407210234e-05,3.6010859354690616,0.869429303066229
15.200000000000001,0.02,0.873331809544523,-3.315777687184228e-05,3.5723552767587954,0.8722894941020162
15.4,0.02,0.8727326104458651,-3.2893701815118476e-05,3.543628846241135,0.8750906575479847
15.600000000000001,0.02,0.8721387012835298,-3.262838448548923e-05,3.514906481134099,0.8778339469053094
15.8,0.02,0.8715501042152731,-3.236184129960425e-05,3.486188018291984,0.8805204946075142
16.0,0.02,0.8709668413627393,-3.209408714077612e-05,3.4574732941833526,0.8831514124021542
16.2,0.02,0.8703889347919138,-3.182513564990452e-05,3.428762144873157,0.885727791726733
16.400000000000002,0.02,0.8698164064972318,-3.155499943197339e-05,3.4000544060090907,0.8882507040788565
16.6,0.02,0.8692492783890048,-3.128369022379021e-05,3.3713499128114597,0.8907212013806783
16.8,0.02,0.8686875722834094,-3.101121905333717e-05,3.342648500065587,0.8931403163376278
17.0,0.02,0.8681313098945665,-3.073759634334821e-05,3.3139500021171755,0.8955090627914278
17.2,0.02,0.8675805128281562,-3.0462832041980684e-05,3.2852542528681163,0.8978284360673682
17.400000000000002,0.02,0.8670352025758971,-3.0186935704557408e-05,3.2565610857744374,0.9000994133158077
17.6,0.02,0.866495400510944,-2.990991659060674e-05,3.227870333843933,0.9023229538478329
17.8,0.02,0.8659611278836102,-2.9631783702312052e-05,3.1991818296347247,0.9044999994649895
18.0,0.02,0.8654324058176716,-2.9352545859081158e-05,3.1704954052543433,0.9066314747829803
18.2,0.02,0.8649092553069436,-2.907221175849093e-05,3.1418108923584738,0.9087182875492043
18.400000000000002,0.02,0.8643916972122097,-2.8790789972877004e-05,3.1131281221510942,0.910761328953965
18.6,0.02,0.8638797522584456,-2.8508289003068478e-05,3.084446925384024,0.9127614739351952
18.8,0.02,0.8633734410322697,-2.8224717316098263e-05,3.055767132357597,0.9147195814764657
19.0,0.02,0.8628727839795527,-2.794008333660837e-05,3.027088572921054,0.9166364948980714
19.200000000000003,0.02,0.862377801403135,-2.7654395465761975e-05,2.99841107647373,0.9185130421409318
19.400000000000002,0.02,0.8618885134606499,-2.736766213044753e-05,2.9697344719660563,0.9203500360430393
19.6,0.02,0.8614049401622869,-2.707989175276191e-05,2.941058587901404,0.92214827460817
19.8,0.02,0.8609271013686933,-2.679109278763852e-05,2.9123832523379405,0.923908541266559
20.0,0.02,0.8604550167887464,-2.650127371831981e-05,2.8837082928910514,0.925631605127241
20.200000000000003,0.02,0.8599887059772648,-2.6210443067345743e-05,2.8550335367364594,0.9273182212217604
20.400000000000002,0.02,0.8595281883326042,-2.5918609403177712e-05,2.8263588106136956,0.9289691307389708
20.6,0.02,0.8590734830939224,-2.562578134679515e-05,2.7976839408305425,0.9305850612506685
20.8,0.02,0.858624609338233,-2.533196759241425e-05,2.769008753268369,0.9321667269278379
21.0,0.02,0.8581815859769895,-2.5037176894890145e-05,2.7403330733884284,0.9337148287473407
21.200000000000003,0.02,0.857744431752178,-2.474141809004659e-05,2.711656726240133,0.935230054688935
21.400000000000002,0.02,0.8573131652318302,-2.4444700111631624e-05,2.682979536470793,0.9367130799225869
21.6,0.02,0.8568878048046549,-2.4147031983040224e-05,2.654301328338196,0.9381645669861283
21.8,0.02,0.856468368673784,-2.3848422856894742e-05,2.6256219257261133,0.9395851659534039
22.0,0.02,0.8560548748491098,-2.3548882019284736e-05,2.5969411521634194,0.9409755145931687
22.200000000000003,0.02,0.855647341137976,-2.3248418921087776e-05,2.568258830848181,0.9423362385191006
22.400000000000002,0.02,0.8552457851337489,-2.2947043220582626e-05,2.539574784676873,0.9436679513314242
22.6,0.02,0.854850224201454,-2.2644764833388204e-05,2.5108888362806847,0.9449712547507731
22.8,0.02,0.8544606754601373,-2.2341593970775127e-05,2.482200808069894,0.9462467387450224
23.0,0.02,0.8540771557608638,-2.203754122849583e-05,2.453510522287898,0.9474949816499715
23.200000000000003,0.02,0.8536996816595674,-2.1732617672516566e-05,2.424817801077682,0.9487165502848502
23.400000000000002,0.02,0.8533282693837528,-2.142683494279571e-05,2.3961224665622156,0.9499120000637385
23.6,0.02,0.8529629347917255,-2.1120205372142443e-05,2.367424340942499,0.9510818751040718
23.8,0.02,0.8526036933233031,-2.0812742152009983e-05,2.3387232466163015,0.952226708333482
24.0,0.02,0.8522505599403404,-2.0504459491773954e-05,2.310019006321078,0.9533470215962624
24.200000000000003,0.02,0.8519035490555931,-2.0195372852868184e-05,2.2813114433062927,0.954443325760782
24.400000000000002,0.02,0.851562674448162,-1.9885499163211877e-05,2.252600381538691,0.9555161208291635
24.6,0.02,0.8512279491635193,-1.9574857143384247e-05,2.2238856459469245,0.956565896050512
24.8,0.02,0.8508993853963492,-1.9263467613240554e-05,2.195167062710367,0.957593130038925
25.0,0.02,0.8505769943537984,-1.8951353902331098e-05,2.1664444595978964,0.9585982908974238
25.200000000000003,0.02,0.8502607860972646,-1.8638542290569004e-05,2.137717666363589,0.9595818363488329
25.400000000000002,0.02,0.8499507693605343,-1.832506252069781e-05,2.1089865152039735,0.9605442138744948
25.6,0.02,0.8496469513421419,-1.8010948399158126e-05,2.080250841283931,0.9614858608615463
25.8,0.02,0.8493493374704969,-1.7696238422016946e-05,2.051510483335891,0.9624072047593012
26.0,0.02,0.8490579311400703,-1.738097651723443e-05,2.0227652843369737,0.9633086632450871
26.200000000000003,0.02,0.8487727334178305,-1.7065212840645573e-05,1.9940150922681128,0.9641906443996886
26.400000000000002,0.02,0.8484937427197773,-1.674900462770464e-05,1.965259760956646,0.9650535468923301
26.6,0.02,0.8482209544578259,-1.6432417121540776e-05,1.9364991510030878,0.9658977601749369
26.8,0.02,0.8479543606589308,-1.6115524541667355e-05,1.9077331307901473,0.9667236646852032
27.0,0.02,0.8476939495589022,-1.5798411072675438e-05,1.8789615775689323,0.967531632057816
27.200000000000003,0.02,0.8474397051751388,-1.5481171890516397e-05,1.8501843786152468,0.9683220253430079
27.400000000000002,0.02,0.8471916068635975,-1.5163914143801103e-05,1.821401432444393,0.9690951992314601
27.6,0.02,0.8469496288670948,-1.4846757906895377e-05,1.792612650070183,0.9698515002844551
27.8,0.02,0.8467137398635362,-1.4529837075212337e-05,1.7638179562890037,0.9705912671680746
28.0,0.02,0.8464839025240234,-1.4213300107925403e-05,1.735017290966702,0.9713148308901595
28.200000000000003,0.02,0.846260073092613,-1.3897310639314243e-05,1.7062106103018442,0.9720225150387172
28.400000000000002,0.02,0.8460422010003119,-1.3582047890676306e-05,1.6773978880348321,0.9727146360204385
28.6,0.02,0.845830228527208,-1.3267706830131604e-05,1.6485791165707706,0.9733915032979974
28.8,0.02,0.84562409052718,-1.2954498047864193e-05,1.6197543079796626,0.9740534196248516
29.0,0.02,0.8454237142296821,-1.2642647318153004e-05,1.5909234948379267,0.9747006812763209
29.200000000000003,0.02,0.8452290191331675,-1.2332394775006142e-05,1.5620867308738213,0.9753335782758019
29.400000000000002,0.02,0.8450399170033704,-1.202399371137743e-05,1.533244091380487,0.9759523946150842
29.6,0.02,0.8448563119884834,-1.1717708957476702e-05,1.5043956733637396,0.9765574084678419
29.8,0.02,0.8446781008610131,-1.1413814842626711e-05,1.475541595394049,0.9771488923955014
30.0,0.02,0.844505173393439,-1.1112592733909421e-05,1.4466819971395732,0.9777271135448242
30.200000000000003,0.02,0.8443374128712378,-1.0814328174160822e-05,1.4178170385619593,0.9782923338366659
30.400000000000002,0.02,0.8441746967435833,-1.0519307658662302e-05,1.3889468987674225,0.9788448101455212
30.6,0.02,0.8440168974070269,-1.0227815105156465e-05,1.3600717745112172,0.9793847944695894
30.8,0.02,0.8438638831144851,-9.94012805585759e-06,1.3311918783687309,0.9799125340912213
31.0,0.02,0.8437155189955313,-9.656513734012291e-06,1.3023074365895837,0.9804282717277271
31.200000000000003,0.02,0.8435716681727452,-9.377225006163804e-06,1.2734186866711594,0.9809322456726391
31.400000000000002,0.02,0.8434321929510583,-9.102496393979966e-06,1.244525874683463,0.98142468992761
31.6,0.02,0.8432969560595179,-8.832540186426498e-06,1.215629252406105,0.9819058343252264
31.8,0.02,0.8431658219147292,-8.567542837360497e-06,1.1867290743158851,0.9823759046430753
32.0,0.02,0.8430386578846085,-8.30766166788598e-06,1.1578255945104825,0.9828351227094855
32.2,0.02,0.842915335515288,-8.053022062675353e-06,1.128919063597479,0.9832837065013807
32.4,0.02,0.8427957317065071,-7.803715140608801e-06,1.1000097256626968,0.9837218702347631
32.6,0.02,0.8426797297909515,-7.559796108774055e-06,1.0710978153107795,0.984149824448318
32.800000000000004,0.02,0.8425672205211624,-7.321283160973753e-06,1.0421835549374658,0.9845677760807042
33.0,0.02,0.8424581029051318,-7.088157227163459e-06,1.0132671521423644,0.9849759285420416
33.2,0.02,0.8423522849315283,-6.860362154889759e-06,0.9843487975356725,0.9853744817801623
33.4,0.02,0.8422496840909839,-6.6378059691214215e-06,0.95542866267351,0.9857636323421187
33.6,0.02,0.8421502278077364,-6.420362169668376e-06,0.9265068985857224,0.9861435734315052
33.800000000000004,0.02,0.842053853603388,-6.207872480867584e-06,0.8975836342735127,0.9865144949620135
34.0,0.02,0.8419605092567525,-6.000148851738012e-06,0.8686589761154808,0.9868765836077805
34.2,0.02,0.8418701525818073,-5.79697770905535e-06,0.8397330068067472,0.9872300228508236
34.4,0.02,0.8417827514072755,-5.598121818808864e-06,0.8108057858375161,0.9875749930261533
34.6,0.02,0.8416982829201747,-5.403326430917959e-06,0.781877348502149,0.9879116713646512
34.800000000000004,0.02,0.8416167336618279,-5.212319435840826e-06,0.752947707844187,0.9882402320344482
35.0,0.02,0.841538098290674,-5.024820757761443e-06,0.724016852907913,0.9885608461805016
35.2,0.02,0.8414623799858184,-4.84053779313684e-06,0.6950847531057156,0.9888736819635048
35.4,0.02,0.8413895882196765,-4.659181650189587e-06,0.6661513539393534,0.9891789045970756
35.6,0.02,0.8413197403742528,-4.4804515679404275e-06,0.6372165861100427,0.989476676385295
35.800000000000004,0.02,0.841252857489454,-4.304066799694412e-06,0.6082803548393212,0.9897671567580113
36.0,0.02,0.8411889688308697,-4.1297260651149e-06,0.57934255920756,0.9900505023080789
36.2,0.02,0.8411281031461334,-3.957175683236938e-06,0.5504030664380857,0.9903268668247308
36.4,0.02,0.8410703000587475,-3.786112577019724e-06,0.5214617541934177,0.9905964013318546
36.6,0.02,0.8410155911025261,-3.616335977092647e-06,0.4925184502969075,0.9908592541185026
36.800000000000004,0.02,0.8409640267002931,-3.447522431256687e-06,0.4635730272296788,0.9911155707803851
37.0,0.02,0.8409156338362277,-3.2795690703259634e-06,0.4346252629071451,0.99136549424496
37.2,0.02,0.8408704785099702,-3.1120778734643294e-06,0.4056750542009997,0.9916091648203499
37.4,0.02,0.8408285700943553,-2.9451359539654734e-06,0.37672209778653915,0.9918467202091945
37.6,0.02,0.8407900044380597,-2.7781396073115268e-06,0.3477663748947283,0.9920782955736982
37.800000000000004,0.02,0.8407547468751214,-2.6115680534816307e-06,0.31880742269488976,0.9923040235256647
38.0,0.02,0.8407229584008179,-2.4443104638873784e-06,0.2898454360707826,0.9925240342260485
38.2,0.02,0.8406945032172826,-2.27769158741998e-06,0.2608796087705573,0.9927384553243905
38.400000000000006,0.02,0.8406696897166217,-2.109411096793708e-06,0.23191063598544953,0.9929474121317805
38.6,0.02,0.8406481542756272,-1.942660707423907e-06,0.2029369462703389,0.9931510274530089
38.800000000000004,0.02,0.8406305401666874,-1.7724135898723713e-06,0.17396037745001547,0.9933494219152114
39.0,0.02,0.8406159722542504,-1.6060291966202128e-06,0.14497763592451132,0.993542713573019
39.2,0.02,0.8406058524079071,-1.432406076762005e-06,0.11599314580213063,0.9937310185608152
39.400000000000006,0.02,0.840598159403233,-1.2691666545533927e-06,0.08699973230062497,0.9939144501773816
39.6,0.02,0.8405959784809968,-1.0788724411789665e-06,0.05800765713549021,0.9940931208472888
39.800000000000004,0.02,0.840593906334756,-4.875474645889756e-07,0.02900094308603914,0.9942670341239279
40.0,0.02,0.840593906334756,0.0,0.0,0.9942670341239279
0.0,0.022,1.0,0.0,6.088469076626221,0.0
0.2,0.022,1.0682679238709507,0.013971752240596361,6.088469076626221,0.056468117231485405
0.4,0.022,1.1125894374105008,0.006143295630396732,5.824846566328742,0.1153636057002968
0.6000000000000001,0.022,1.0851599284390094,0.003848521544236862,5.854986140495488,0.17235832731787828
0.8,0.022,1.0830122836255995,0.002523534956642322,5.741239745171722,0.22127269513374667
1.0,0.022,1.062202509520127,0.0018849381483685725,5.727381807653563,0.2635861384913084
1.2000000000000002,0.022,1.0539246144289858,0.0013625466701523477,5.661957901650787,0.29916873794001203
1.4000000000000001,0.022,1.0405466513262882,0.0010718457635360958,5.63323546806405,0.3298160435776653
1.6,0.022,1.0329071642936212,0.0008155307546575186,5.586531329945604,0.3561885214053596
1.8,0.022,1.0241587931383769,0.0006539001694271213,5.55388507744658,0.37936195951259083
2.0,0.022,1.0181264002181576,0.0005112668138704469,5.515232869155289,0.39986949058012455
2.2,0.022,1.012145823597781,0.0004116732399580539,5.482241201097152,0.41831223469765416
2.4000000000000004,0.022,1.0075493749448272,0.00032528338261121137,5.447451264034228,0.4350478441781373
2.6,0.022,1.0032778634929975,0.00026055510912364056,5.415102670456804,0.45042188292455904
2.8000000000000003,0.022,0.9997737035344453,0.00020532086502447666,5.382380901166323,0.4646660842718044
3.0,0.022,0.9965984669257312,0.00016208040945113374,5.350810519744749,0.4779867438939633
3.2,0.022,0.9938817587205,0.0001256056065995684,5.319307046710921,0.4905328951457742
3.4000000000000004,0.022,0.9914306380824803,9.631761604347401e-05,5.288404587514216,0.5024313136103917
3.6,0.022,0.9892695612520503,7.179928343035576e-05,5.257671576558939,0.5137777919496948
3.8000000000000003,0.022,0.9873064850473557,5.1836422698525484e-05,5.2272841509588615,0.5246518020485409
4.0,0.022,0.9855341451789282,3.520893497071997e-05,5.197061959096154,0.5351150657487194
4.2,0.022,0.9839044404645563,2.1576224773778147e-05,5.167054745235885,0.545218169403581
4.4,0.022,0.9824032963541331,1.0260950746522766e-05,5.13718165049472,0.5550011416779428
4.6000000000000005,0.022,0.9810031008070924,9.470410366374432e-07,5.107450088630982,0.5644967107387617
4.800000000000001,0.022,0.9796904264820655,-6.779197782790721e-06,5.077820472450611,0.5737312483002752
5.0,0.022,0.9784489708872528,-1.316154924349986e-05,5.0482877835373925,0.5827261589844608
5.2,0.022,0.9772691076368021,-1.8451247195897934e-05,5.018830748553356,0.5914987832158406
5.4,0.022,0.976140572227404,-2.28069007813915e-05,4.989442039822525,0.6000634710632194
5.6000000000000005,0.022,0.9750559765576255,-2.6380587387631524e-05,4.96010917716966,0.6084321222618094
5.800000000000001,0.022,0.9740082644732599,-2.9300560282146843e-05,4.9308259257494775,0.6166146952099609
6.0,0.022,0.9729921072741522,-3.168371122049749e-05,4.901584644826869,0.6246195771196137
6.2,0.022,0.9720027661887446,-3.362093108538854e-05,4.872380501144165,0.632453932167395
6.4,0.022,0.9710365129454511,-3.51900725151809e-05,4.84320853829592,0.6401239457037857
6.6000000000000005,0.022,0.9700901379897676,-3.645345654771408e-05,4.81406519687776,0.6476350322552407
6.800000000000001,0.022,0.9691610585828717,-3.7463732736222416e-05,4.784947152405507,0.6549919885604515
7.0,0.022,0.9682470913304905,-3.826374118946756e-05,4.755851840884978,0.6621991198668495
7.2,0.022,0.9673464584834593,-3.888939129754312e-05,4.726776980677064,0.6692603355538196
7.4,0.022,0.9664576732881064,-3.937016522942685e-05,4.6977207378461125,0.6761792265778639
7.6000000000000005,0.022,0.9655795185473351,-3.9730666276715414e-05,4.668681518255393,0.6829591250966787
7.800000000000001,0.022,0.9647109834651965,-3.999119213652532e-05,4.639658007154363,0.6896031522114571
8.0,0.022,0.9638512390839986,-4.0168637962196165e-05,4.610649071760422,0.6961142550700907
8.200000000000001,0.022,0.962999600749272,-4.027697718696198e-05,4.58165376045458,0.7024952363696537
8.4,0.022,0.9621555074910725,-4.0327822200033983e-05,4.5526712529942435,0.7087487774106576
8.6,0.022,0.961318498444337,-4.033078855969354e-05,4.523700849397439,0.7148774563607909
8.8,0.022,0.960488197261007,-4.029385861335786e-05,4.494741942210411,0.7208837625857146
9.0,0.022,0.9596642967304916,-4.0223645435974175e-05,4.465794004880973,0.726770107994267
9.200000000000001,0.022,0.9588465475137875,-4.0125635072243484e-05,4.436856575128104,0.7325388359816342
9.4,0.022,0.9580347478674446,-4.000437341130838e-05,4.407929245433689,0.7381922285278575
9.600000000000001,0.022,0.9572287356811905,-3.986362989656391e-05,4.37901165252138,0.7437325118310619
9.8,0.022,0.9564283815244632,-3.970652798900579e-05,4.350103470255225,0.7491618608088413
10.0,0.022,0.9556335830965995,-3.953565664899857e-05,4.321204402765795,0.7544824027081808
10.200000000000001,0.022,0.9548442604973619,-3.935316085073602e-05,4.292314179373039,0.7596962200251111
10.4,0.022,0.9540603523902431,-3.9160817888328994e-05,4.263432550010661,0.7648053528838892
10.600000000000001,0.022,0.9532818127738948,-3.896010005421507e-05,4.2345592816704904,0.7698118009974322
10.8,0.022,0.9525086083365645,-3.8752227117562215e-05,4.205694155316163,0.7747175253011425
11.0,0.022,0.9517407162434783,-3.853820953579242e-05,4.176836963414063,0.7795244493336204
11.200000000000001,0.022,0.950978122313473,-3.8318884557303125e-05,4.1479875078331805,0.7842344604203358
11.4,0.022,0.9502208194997921,-3.8094945941998856e-05,4.119145598139521,0.788849410704454
11.600000000000001,0.022,0.9494688066354778,-3.786696869820327e-05,4.090311050162989,0.7933711180586807
11.8,0.022,0.9487220873910982,-3.763542955368338e-05,4.061483684824449,0.7978013669045447
12.0,0.022,0.9479806694132369,-3.7400723895417955e-05,4.032663327158147,0.8021419089594461
12.200000000000001,0.022,0.9472445636100599,-3.71631797541527e-05,4.003849805507473,0.8063944639271492
12.4,0.022,0.9465137835603088,-3.692306955622297e-05,3.9750429508578473,0.8105607201437772
12.600000000000001,0.022,0.945788345023741,-3.668061961231564e-05,3.9462425962867487,0.8146423351885712
12.8,0.022,0.945068265536057,-3.643601818818445e-05,3.9174485765083205,0.8186409364664581
13.0,0.022,0.944353564073909,-3.6189422018355736e-05,3.888660727498492,0.8225581217678217
13.200000000000001,0.022,0.9436442607780946,-3.5940961825867925e-05,3.859878886185078,0.8263954598095768
13.4,0.022,0.9429403767248387,-3.569074679201886e-05,3.831102890193248,0.8301544907606344
13.600000000000001,0.022,0.9422419337374072,-3.543886829631013e-05,3.80233257763623,0.8338367267540973
13.8,0.022,0.9415489542307929,-3.518540298973964e-05,3.7735677869433903,0.8374436523879478
14.0,0.022,0.9408614610840799,-3.493041536537558e-05,3.744808356720111,0.840976725215544
14.200000000000001,0.022,0.9401794775356174,-3.467395985721324e-05,3.716054125632692,0.8444373762268917
14.4,0.022,0.9395030270967187,-3.441608258420548e-05,3.687304932315087,0.8478270103214565
14.600000000000001,0.022,0.9388321334808231,-3.4156822824704744e-05,3.6585606152921852,0.8511470067730321
14.8,0.022,0.9381668205446582,-3.389621423553189e-05,3.6298210129167794,0.8543987196871019
15.0,0.022,0.9375071122392952,-3.3634285803355134e-05,3.601085963317616,0.8575834784509933
15.200000000000001,0.022,0.9368530325688702,-3.337106275844523e-05,3.5723553043549594,0.8607025881770655
15.4,0.022,0.9362046055554243,-3.310656721244458e-05,3.543628873583924,0.8637573301391243
15.600000000000001,0.022,0.935561855209121,-3.284081873497232e-05,3.5149065082225004,0.8667489622021753
15.8,0.022,0.934924805502739,-3.2573834838300217e-05,3.4861880451249934,0.8696787192456602
16.0,0.022,0.9342934803504032,-3.230563132345423e-05,3.4574733207599597,0.8725478135802361
16.2,0.022,0.9336679035899946,-3.2036222584861305e-05,3.428762171192357,0.8753574353581902
16.400000000000002,0.022,0.9330480989688593,-3.1765621862554044e-05,3.4000544320698687,0.8781087529775177
16.6,0.022,0.9324340901325515,-3.149384142445608e-05,3.3713499386128154,0.8808029134797325
16.8,0.022,0.9318259006159277,-3.122089274712411e-05,3.3426485256065175,0.8834410429414064
17.0,0.022,0.931223553836127,-3.094678662605015e-05,3.3139500273966784,0.8860242468594645
17.2,0.022,0.9306270730869224,-3.067153332684071e-05,3.2852542778851945,0.8885536105302065
17.400000000000002,0.022,0.9300364815338078,-3.0395142685138115e-05,3.2565611105281076,0.8910301994220333
17.6,0.022,0.9294518022098657,-3.0117624182797554e-05,3.22787035833321,0.8934550595418189
17.8,0.022,0.9288730580118778,-2.9838987027226662e-05,3.19918185385863,0.8958292177948334
18.0,0.022,0.9283002716969169,-2.955924021433002e-05,3.170495429211895,0.8981536823381292
18.2,0.022,0.9277334658791434,-2.9278392591113847e-05,3.14181091604872,0.9004294429272516
18.400000000000002,0.022,0.9271726630269095,-2.8996452860681312e-05,3.1131281455730666,0.9026574712561029
18.6,0.022,0.9266178854600976,-2.8713429648315892e-05,3.0844469485367743,0.9048387212898036
18.8,0.022,0.9260691553476639,-2.842933152555882e-05,3.0557671552401704,0.906974129590307
19.0,0.022,0.9255264947052948,-2.8144167011867826e-05,3.0270885955325126,0.909064615634552
19.200000000000003,0.022,0.9249899253931647,-2.7857944602219748e-05,2.9984110988131385,0.9111110821248776
19.400000000000002,0.022,0.9244594691137603,-2.7570672795600836e-05,2.96973449403249,0.9131144152914157
19.6,0.022,0.9239351474096439,-2.7282360096032034e-05,2.941058609693941,0.9150754851861571
19.8,0.022,0.9234169816613326,-2.6993015023009536e-05,2.9123832738556663,0.9169951459683751
20.0,0.022,0.9229049930850395,-2.6702646126415134e-05,2.8837083141330613,0.9188742361810751
20.200000000000003,0.022,0.9223992027303487,-2.641126199220764e-05,2.8550335577018546,0.9207135790181586
20.400000000000002,0.022,0.9218996314777612,-2.6118871239316842e-05,2.826358831301583,0.9225139825819859
20.6,0.022,0.9214063000359161,-2.5825482549620732e-05,2.797683961240041,0.9242762401310537
20.8,0.022,0.9209192289385856,-2.55311046584424e-05,2.769008773398602,0.9260011303175405
21.0,0.022,0.9204384385412036,-2.52357463749229e-05,2.740333093238527,0.927689417414519
21.200000000000003,0.022,0.9199639490168928,-2.4939416571140002e-05,2.711656745809237,0.9293418515326951
21.400000000000002,0.022,0.9194957803519173,-2.464212421584597e-05,2.682979555758057,0.9309591688266112
21.6,0.022,0.9190339523402481,-2.434387836177077e-05,2.6543013473427792,0.9325420916903496
21.8,0.022,0.918578484577232,-2.4044688188350394e-05,2.625621944447183,0.93409132894286
22.0,0.022,0.9181293964518582,-2.374456299694086e-05,2.596941170600156,0.9356075760031609
22.200000000000003,0.022,0.9176867071373637,-2.344351224291725e-05,2.5682588489997698,0.9370915150557876
22.400000000000002,0.022,0.9172504355797062,-2.314154556999211e-05,2.539574802542524,0.9385438152069793
22.6,0.022,0.9168206004830962,-2.2838672867009337e-05,2.510888853859607,0.9399651326322535
22.8,0.022,0.9163972202922223,-2.2534904294129986e-05,2.4822008253613213,0.9413561107161341
23.0,0.022,0.9159803131700969,-2.2230250370478933e-05,2.453510539291068,0.9427173801849409
23.200000000000003,0.022,0.9155698969707116,-2.192472204716005e-05,2.424817817791858,0.9440495592336781
23.400000000000002,0.022,0.9151659892055087,-2.1618330806497316e-05,2.396122482986684,0.9453532536481671
23.6,0.022,0.9147686070023282,-2.1311088774933042e-05,2.3674243570765636,0.9466290569236779
23.8,0.022,0.9143777670557651,-2.1003008866397175e-05,2.338723262459293,0.9478775503813933
24.0,0.022,0.9139934855672694,-2.0694104949281293e-05,2.3100190218723555,0.949099303284098
24.200000000000003,0.022,0.9136157781734682,-2.038439203403835e-05,2.2813114585652556,0.950294872952518
24.400000000000002,0.022,0.9132446598609512,-2.0073886502550302e-05,2.252600396504779,0.9514648048837486
24.6,0.022,0.9128801448654704,-1.976260639444772e-05,2.2238856606196302,0.9526096328731731
24.8,0.022,0.9125222465537437,-1.945057169590732e-05,2.195167077089237,0.9537298791412291
25.0,0.022,0.912170977285425,-1.913780472861314e-05,2.166444473682547,0.9548260544662843
25.200000000000003,0.022,0.911826348253287,-1.8824330561011243e-05,2.1377176801537203,0.9558986583247776
25.400000000000002,0.022,0.9114883692993629,-1.8510177489425085e-05,2.1089865286993676,0.9569481790396179
25.6,0.022,0.9111570487048466,-1.8195377604388266e-05,2.0802508544844898,0.957975093937689
25.8,0.022,0.9108323929521762,-1.787996739562671e-05,2.0515104962416406,0.9589798695170934
26.0,0.022,0.910514406457508,-1.756398843818525e-05,2.022765296948082,0.9599629616245734
26.200000000000003,0.022,0.9102030912726341,-1.7247488173988957e-05,1.994015104584914,0.9609248156433305
26.400000000000002,0.022,0.9098984467560605,-1.6930520717451636e-05,1.9652597729796608,0.9618658666912293
26.6,0.022,0.9096004692133646,-1.6613147757705815e-05,1.936499162733051,0.9627865398291541
26.8,0.022,0.9093091515085637,-1.6295439488664834e-05,1.9077331422280401,0.9636872502790708
27.0,0.022,0.9090244826488054,-1.59774755932298e-05,1.8789615887159887,0.9645684036511257
27.200000000000003,0.022,0.9087464473464456,-1.565934623395045e-05,1.850184389473013,0.9654303961789407
27.400000000000002,0.022,0.9084750255637114,-1.5341153041954575e-05,1.8214014430147314,0.9662736149620696
27.6,0.022,0.9082101920469088,-1.502301007652048e-05,1.7926126603553085,0.9670984382144658
27.8,0.022,0.9079519158586739,-1.4705044727159345e-05,1.7638179662915212,0.9679052355176658
28.0,0.022,0.9077001599181687,-1.4387398513602644e-05,1.7350173006896206,0.9686943680773217
28.200000000000003,0.022,0.9074548805609497,-1.407022773002122e-05,1.7062106197486078,0.9694661889816586
28.400000000000002,0.022,0.9072160271311581,-1.3753703948182722e-05,1.6773978972093375,0.9702210434604057
28.6,0.022,0.9069835416200079,-1.3438014263146424e-05,1.6485791254773832,0.9709592691427573
28.8,0.022,0.9067573583652002,-1.3123361292659846e-05,1.6197543166232282,0.9716811963129512
29.0,0.022,0.9065374038260223,-1.2809962862816512e-05,1.5909235032237736,0.9723871481621246
29.200000000000003,0.022,0.9063235964490283,-1.2498051358371294e-05,1.5620867390077533,0.9730774410351772
29.400000000000002,0.022,0.9061158466379733,-1.2187872684616112e-05,1.5332440992687733,0.973752384671492
29.6,0.022,0.9059140568405681,-1.1879684842477982e-05,1.5043956810130892,0.9744122824384748
29.8,0.022,0.9057181217624614,-1.157375608684092e-05,1.4755416028115815,0.9750574315570094
30.0,0.022,0.9055279287162686,-1.1270362671965724e-05,1.4466820043327757,0.9756881233180803
30.200000000000003,0.022,0.9053433581099916,-1.0969786207326416e-05,1.4178170455386292,0.9763046432899362
30.400000000000002,0.022,0.9051642840759296,-1.0672310613461415e-05,1.3889469055356107,0.9769072715153431
30.6,0.022,0.9049905752362624,-1.0378218793732067e-05,1.360071781079157,0.9774962826986021
30.8,0.022,0.9048220955983965,-1.0087788995900959e-05,1.3311918847447595,0.9780719463821504
31.0,0.022,0.9046587055669559,-9.801291002258831e-06,1.3023074427820525,0.9786345271127033
31.200000000000003,0.022,0.904500263057766,-9.518982194551364e-06,1.273418692688352,0.9791842845970055
31.400000000000002,0.022,0.9043466246915475,-9.241103626781345e-06,1.2445258805335015,0.9797214738473724
31.6,0.022,0.9041976470469882,-8.967876151035533e-06,1.215629258096853,0.9802463453173069
31.8,0.022,0.9040531879430699,-8.6994967777485e-06,1.1867290798548655,0.980759145027546
32.0,0.022,0.9039131077289619,-8.436135298106276e-06,1.1578255999047868,0.9812601146829754
32.2,0.022,0.9037772705448249,-8.177931343071842e-06,1.1289190688536912,0.9817494917808905
32.4,0.022,0.9036455455376837,-7.924991866923566e-06,1.100009730786821,0.982227509711147
32.6,0.022,0.9035178079885113,-7.677389283035231e-06,1.0710978203081782,0.9826943978487428
32.800000000000004,0.022,0.9033939403516481,-7.435160096227311e-06,1.0421835598128115,0.9831503816394294
33.0,0.022,0.9032738331492453,-7.198304355725046e-06,1.0132671568996068,0.9835956826789152
33.2,0.022,0.9031573857569558,-6.966785522202352e-06,0.9843488021780092,0.9840305187862727
33.4,0.022,0.9030445069913385,-6.740531411148254e-06,0.9554286672033863,0.9844551040720894
33.6,0.022,0.9029351156043143,-6.519435147142666e-06,0.9265069030048213,0.9848696490019573
33.800000000000004,0.022,0.9028291405163006,-6.303357608538992e-06,0.8975836385827857,0.9852743604557807
34.0,0.022,0.9027265210342544,-6.092129102537531e-06,0.8686589803151633,0.9856694417834854
34.2,0.022,0.9026272066995872,-5.885553382696993e-06,0.8397330108964078,0.9860550928574802
34.4,0.022,0.9025311573125478,-5.683409192609786e-06,0.8108057898160909,0.986431510122485
34.6,0.022,0.9024383423474905,-5.485456310354148e-06,0.7818773523680155,0.9867988866428635
34.800000000000004,0.022,0.9023487409676775,-5.291435383622175e-06,0.7529477115951864,0.9871574121482092
35.0,0.022,0.9022623408712311,-5.101077428122627e-06,0.7240168565414697,0.9875072730769363
35.2,0.022,0.9021791386652678,-4.914098847229781e-06,0.6950847566188151,0.9878486526190093
35.4,0.022,0.902099137760943,-4.730218145733352e-06,0.6661513573287369,0.9881817307568168
35.6,0.022,0.902022349866312,-4.54913958254151e-06,0.6372165893720735,0.9885066843062318
35.800000000000004,0.022,0.9019487909637928,-4.370586262761237e-06,0.6082803579703432,0.9888236869553741
36.0,0.022,0.9018784855585767,-4.194257900189584e-06,0.579342562203503,0.9891329093051382
36.2,0.022,0.9018114584268886,-4.019901712066257e-06,0.5504030692952029,0.9894345189058817
36.4,0.022,0.9017477452618959,-3.847211524376387e-06,0.5214617569073012,0.9897286802987972
36.6,0.022,0.9016873748189314,-3.6759856946105642e-06,0.4925184528640905,0.9900155550496865
36.800000000000004,0.022,0.9016303941850292,-3.5058930833271302e-06,0.46357302964532365,0.9902953017933447
37.0,0.022,0.9015768289917163,-3.336830352323962e-06,0.4346252651686254,0.9905680762619846
37.2,0.022,0.9015267419811198,-3.1683854427411703e-06,0.4056750563025759,0.990834031336754
37.4,0.022,0.9014801431778265,-3.000649615621559e-06,0.37672209972745685,0.9910933170651964
37.6,0.022,0.9014371241502002,-2.8329940020557863e-06,0.3477663766670659,0.991346080728372
37.800000000000004,0.022,0.9013976542960335,-2.6659153044884883e-06,0.31880742430191866,0.9915924668351684
38.0,0.022,0.9013618869202931,-2.498254781620529e-06,0.28984543749935465,0.9918326172228664
38.2,0.022,0.9013296970143947,-2.3313868490607008e-06,0.2608796100326936,0.9920666710023248
38.400000000000006,0.022,0.9013013766017158,-2.16291352058927e-06,0.23191063705580067,0.9922947647297508
38.6,0.022,0.9012765872057686,-1.996150058161161e-06,0.20293694718022803,0.9925170322477584
38.800000000000004,0.022,0.9012559353015037,-1.82586080684036e-06,0.17396037814612578,0.9927336050081742
39.0,0.022,0.9012386026225131,-1.659696779319954e-06,0.1449776364811478,0.9929446116927656
39.2,0.022,0.9012259074798599,-1.4861052110068957e-06,0.11599314610381851,0.9931501788499818
39.400000000000006,0.022,0.9012159556342814,-1.3232127320838371e-06,0.08699973252887158,0.9933504300179944
39.6,0.022,0.9012116332828656,-1.1287572371336735e-06,0.05800765689368703,0.9935454877368687
39.800000000000004,0.022,0.9012078732626116,-5.112510927538556e-07,0.02900093844607394,0.9937353605619307
40.0,0.022,0.9012078732626116,0.0,0.0,0.9937353605619307
0.0,0.024,1.0,0.0,6.088322422252109,0.0
0.2,0.024,1.08204155614115,0.01328551679560801,6.088322422252109,0.04151526721860943
0.4,0.024,1.1375649197515871,0.006056031009527289,5.824924222039822,0.0886494060117871
0.6000000000000001,0.024,1.1208034849686792,0.003905944042385168,5.85500453404988,0.1372846298896094
0.8,0.024,1.125225788656575,0.0026243123438046394,5.741249832156373,0.18124215531481547
1.0,0.024,1.1097958280710392,0.0019872163517402415,5.7273856027561685,0.22070919509756895
1.2000000000000002,0.024,1.1048309523958826,0.0014565994768427192,5.661961432035784,0.25489643240227355
1.4000000000000001,0.024,1.0941561281993342,0.0011526663245261404,5.633237042147664,0.28496941350959126
1.6,0.024,1.0883094306497942,0.0008841914747302524,5.586532959083803,0.31130075749589153
1.8,0.024,1.0810391442791107,0.0007111873771372378,5.5538859504713995,0.33474030057569343
2.0,0.024,1.0760615840411178,0.0005590696936178518,5.515233741786918,0.35571522839095004
2.2,0.024,1.070951447779719,0.00045133840869195676,5.482241752570116,0.37474520436109326
2.4000000000000004,0.024,1.0670080836400115,0.0003582522718181781,5.447451784673654,0.392146846104411
2.6,0.024,1.0632717100689129,0.00028791348372879817,5.415103042017973,0.40823390964577755
2.8000000000000003,0.024,1.060179676110941,0.00022806132207525248,5.3823812375132265,0.4232206463108453
3.0,0.024,1.0573377630329837,0.00018098047357770477,5.3508107800676665,0.4372997167618027
3.2,0.024,1.0548792649325527,0.00014133772451393103,5.319307277145511,0.4506119982215859
3.4000000000000004,0.024,1.0526326942484934,0.0001094210942333082,5.288404775478436,0.4632779129609324
3.6,0.024,1.0506279123070779,8.272998046698012e-05,5.257671741717664,0.4753891849566241
3.8000000000000003,0.024,1.0487843321746115,6.096536358008013e-05,5.2272842905414265,0.48702215038540536
4.0,0.024,1.047099552674616,4.2846656050750606e-05,5.19706208207695,0.49823643448732824
4.2,0.024,1.0455321562199562,2.797799345609772e-05,5.1670548519092225,0.5090810402950122
4.4,0.024,1.0440719027796397,1.5640372473784176e-05,5.13718174532039,0.5195949190580758
4.6000000000000005,0.024,1.042695410056454,5.482547601341556e-06,5.1074501726817605,0.529810001538693
4.800000000000001,0.024,1.041392038159316,-2.940279730207795e-06,5.077820548467667,0.5397521475593453
5.0,0.024,1.040147647372082,-9.90239618102001e-06,5.048287852771728,0.5494425915777238
5.2,0.024,1.038954673840937,-1.567717330246814e-05,5.0188308123670025,0.5588984594951456
5.4,0.024,1.037804727267483,-2.0438051685569043e-05,4.989442098807848,0.5681339832239594
5.6000000000000005,0.024,1.0366918880976015,-2.434891029395241e-05,4.960109232031715,0.5771610335396082
5.800000000000001,0.024,1.0356103663628147,-2.754914766951152e-05,4.930825977093885,0.5859896052469679
6.0,0.024,1.0345558391401268,-3.0165244979111145e-05,4.901584693272936,0.5946281729084675
6.2,0.024,1.0335244159088774,-3.229613905660104e-05,4.872380547145256,0.6030840236018571
6.4,0.024,1.032513054377849,-3.402634879163329e-05,4.843208582256119,0.6113634919322962
6.6000000000000005,0.024,1.0315191192165072,-3.542374859926001e-05,4.814065239109443,0.6194721597799271
6.800000000000001,0.024,1.0305404975125803,-3.654559168252327e-05,4.784947193178239,0.6274150040435127
7.0,0.024,1.0295753977779185,-3.743854670266322e-05,4.755851880413665,0.6351965184973419
7.2,0.024,1.028622365107636,-3.814169862039324e-05,4.726777019143763,0.642820806413852
7.4,0.024,1.0276801815656604,-3.868716794636552e-05,4.697720775398419,0.6502916555901155
7.6000000000000005,0.024,1.0267478522663667,-3.9101746681044364e-05,4.668681555016996,0.6576125962820939
7.800000000000001,0.024,1.0258245513676996,-3.9407549738112444e-05,4.63965804322642,0.6647869476273511
8.0,0.024,1.0249096032305016,-3.962297968288889e-05,4.610649107227146,0.6718178538147305
8.200000000000001,0.024,1.0240024507333656,-3.976326085531354e-05,4.581653795385115,0.6787083128803324
8.4,0.024,1.0231026388045548,-3.984104313746788e-05,4.552671287445912,0.685461199265409
8.6,0.024,1.022209794703937,-3.98668026503597e-05,4.523700883417367,0.6920792817189617
8.8,0.024,1.0213236153749212,-3.984923529867147e-05,4.494741975837535,0.6985652373832133
9.0,0.024,1.0204438546622245,-3.9795545811327654e-05,4.465794038147267,0.7049216629720616
9.200000000000001,0.024,1.0195703141013417,-3.971171064596555e-05,4.436856608059903,0.711151083611329
9.4,0.024,1.0187028344072735,-3.960268215737881e-05,4.407929278052568,0.7172559598788333
9.600000000000001,0.024,1.0178412889383945,-3.947256659788552e-05,4.379011684845002,0.7232386934139053
9.8,0.024,1.016985577948466,-3.9324766480529394e-05,4.350103502298018,0.7291016314194365
10.0,0.024,1.016135624022395,-3.9162101923027366e-05,4.32120443453952,0.7348470702907814
10.200000000000001,0.024,1.0152913681726106,-3.898690933756552e-05,4.2923142108872065,0.7404772585670697
10.4,0.024,1.0144527666817633,-3.880112454530059e-05,4.263432581272969,0.7459943993511228
10.600000000000001,0.024,1.013619788440605,-3.860635108000565e-05,4.2345593126871,0.7514006523166062
10.8,0.024,1.0127924127698387,-3.84039173355585e-05,4.205694186091995,0.7566981353925016
11.0,0.024,1.0119706275959723,-3.819492367147621e-05,4.17683699395299,0.7618889261967345
11.200000000000001,0.024,1.011154427948936,-3.7980281690840574e-05,4.147987538138209,0.7669750632739046
11.4,0.024,1.0103438147091486,-3.776074668374895e-05,4.119145628212958,0.7719585471804659
11.600000000000001,0.024,1.009538793573065,-3.753694451231266e-05,4.090311080006553,0.7768413414506562
11.8,0.024,1.008739374193324,-3.730939397160168e-05,4.061483714439359,0.7816253734691883
12.0,0.024,1.007945569468122,-3.707852519268875e-05,4.032663356545235,0.7863125352707797
12.200000000000001,0.024,1.0071573949517054,-3.6844694936066505e-05,4.0038498346672275,0.7909046842820401
12.4,0.024,1.0063748683666913,-3.6608199345748404e-05,3.9750429797905102,0.795403644017687
12.600000000000001,0.024,1.0055980091999874,-3.6369284328709784e-05,3.946242624992313,0.7998112047403201
12.8,0.024,1.004826838368425,-3.6128154312889835e-05,3.9174486049866126,0.8041291240907922
13.0,0.024,1.0040613779422236,-3.588497938952337e-05,3.8886607557491817,0.8083591276946013
13.200000000000001,0.024,1.0033016509165176,-3.5639901284241076e-05,3.8598789142077083,0.8125029097484351
13.4,0.024,1.0025476810226024,-3.5393038262099555e-05,3.8311029179872693,0.816562133590008
13.600000000000001,0.024,1.0017994925725648,-3.5144489185095244e-05,3.8023326052010002,0.8205384322535755
13.8,0.024,1.0010571103312595,-3.489433687408929e-05,3.7735678142782203,0.8244334090129427
14.0,0.024,1.0003205594112248,-3.4642650903116594e-05,3.7448083838242465,0.8282486379133256
14.200000000000001,0.024,0.9995898651864618,-3.438948989435571e-05,3.7160541525053374,0.8319856642930927
14.4,0.024,0.9988650532215222,-3.413490340450506e-05,3.687304958955408,0.8356460052961796
14.600000000000001,0.024,0.998146149213346,-3.387893355104753e-05,3.6585606416993293,0.8392311503757443
14.8,0.024,0.997433178942895,-3.3621616300948564e-05,3.629821039089869,0.8427425617895291
15.0,0.024,0.9967261682348165,-3.336298256006206e-05,3.601085989255756,0.8461816750872703
15.200000000000001,0.024,0.9960251429232608,-3.3103059112980256e-05,3.5723553300572477,0.8495498995904186
15.4,0.024,0.9953301288225411,-3.284186934418523e-05,3.5436288990494376,0.8528486188643989
15.600000000000001,0.024,0.9946411517021295,-3.2579433854759845e-05,3.514906533450322,0.8560791911835461
15.8,0.024,0.9939582372650643,-3.231577100309384e-05,3.4861880701141867,0.8592429499888842
16.0,0.024,0.993281411129889,-3.205089726836593e-05,3.4574733455095976,0.8623412043388371
16.2,0.024,0.9926106988156991,-3.178482759809252e-05,3.428762195701503,0.8653752393529783
16.400000000000002,0.024,0.9919461257300239,-3.1517575669190875e-05,3.4000544563375925,0.868346316648875
16.6,0.024,0.9912877171593596,-3.124915410047205e-05,3.3713499626381838,0.8712556747721039
16.8,0.024,0.9906354982617406,-3.097957464935782e-05,3.3426485493886027,0.8741045296194581
17.0,0.024,0.9899894940609489,-3.070884833281183e-05,3.3139500509345607,0.8768940748553804
17.2,0.024,0.9893497294418561,-3.0436985585948908e-05,3.2852543011779547,0.8796254823216096
17.400000000000002,0.024,0.9887162291463373,-3.0163996371375765e-05,3.256561133574824,0.8822999024400219
17.6,0.024,0.9880890177697946,-2.9889890268191755e-05,3.227870381132976,0.8849184646086198
17.8,0.024,0.9874681197577949,-2.9614676552212997e-05,3.1991818764105364,0.8874822775905792
18.0,0.024,0.9868535594030814,-2.933836426241392e-05,3.1704954515150496,0.8899924298962678
18.2,0.024,0.986245360842695,-2.906096226314749e-05,3.1418109381022226,0.8924499901581006
18.400000000000002,0.024,0.9856435480553332,-2.8782479275666253e-05,3.1131281673760265,0.8948560074980585
18.6,0.024,0.9850481448588839,-2.8502923916862178e-05,3.084446970088306,0.8972115118877121
18.8,0.024,0.9844591749081153,-2.822230474008599e-05,3.055767176539403,0.8995175145005004
19.0,0.024,0.9838766616924404,-2.794063023846996e-05,3.0270886165785726,0.9017750080560419
19.200000000000003,0.024,0.9833006285337483,-2.7657908872002442e-05,2.998411119605163,0.9039849671561895
19.400000000000002,0.024,0.982731098584275,-2.737414910154019e-05,2.969734514569615,0.9061483486125336
19.6,0.024,0.9821680948243974,-2.708935937654883e-05,2.9410586299753194,0.9082660917650309
19.8,0.024,0.9816116400605158,-2.6803548172580818e-05,2.9123832938804513,0.9103391187914215
20.0,0.024,0.9810617569227931,-2.6516723974972598e-05,2.8837083339004153,0.9123683350070851
20.200000000000003,0.024,0.9805184678628116,-2.6228895310530283e-05,2.8550335772109476,0.9143546291549967
20.400000000000002,0.024,0.9799817951510956,-2.594007073121206e-05,2.8263588505515913,0.9162988736854386
20.6,0.024,0.9794517608743005,-2.5650258846508223e-05,2.7976839802301448,0.9182019250251611
20.8,0.024,0.9789283869321763,-2.5359468322749723e-05,2.769008792127994,0.9200646238357084
21.0,0.024,0.9784116950340465,-2.5067707879400312e-05,2.7403331117064074,0.921887795260689
21.200000000000003,0.024,0.9779017066948005,-2.477498631547995e-05,2.7116567640148137,0.9236722491618107
21.400000000000002,0.024,0.9773984432302958,-2.448131250393028e-05,2.6829795737005413,0.9254187803436001
21.6,0.024,0.9769019257518756,-2.4186695403835537e-05,2.6543013650213916,0.9271281687668165
21.8,0.024,0.9764121751599929,-2.3891144093223585e-05,2.6256219618611563,0.9288011797506591
22.0,0.024,0.9759292121364306,-2.359466775690154e-05,2.596941187748731,0.9304385641640118
22.200000000000003,0.024,0.9754530571348539,-2.329727572419519e-05,2.568258865882205,0.932041058606084
22.400000000000002,0.024,0.9749837303692382,-2.2998977504824774e-05,2.5395748191580734,0.9336093855769455
22.6,0.024,0.9745212517993436,-2.269978282871664e-05,2.5108888702075505,0.9351442536386104
22.8,0.024,0.9740656411128877,-2.2399701670274824e-05,2.482200841440943,0.9366463575674582
23.0,0.024,0.9736169177033197,-2.2098744342125575e-05,2.4535105551016736,0.9381163784989296
23.200000000000003,0.024,0.9731751006424038,-2.179692154777544e-05,2.424817833332764,0.9395549840655808
23.400000000000002,0.024,0.9727402086465984,-2.1494244476144886e-05,2.3961224982572262,0.940962828529694
23.6,0.024,0.9723122600358971,-2.119072490771595e-05,2.3674243720760972,0.9423405529117672
23.8,0.024,0.9718912726840467,-2.088637534913857e-05,2.3387232771871993,0.9436887851162955
24.0,0.024,0.9714772639584853,-2.0581209169108187e-05,2.3100190363280473,0.9450081400563296
24.200000000000003,0.024,0.9710702506484435,-2.0275240793746235e-05,2.281311472748172,0.9462992197783334
24.400000000000002,0.024,0.9706702488794577,-1.996848590137736e-05,2.2526004104144,0.9475626135888897
24.6,0.024,0.9702772740122075,-1.966096169282257e-05,2.223885674255478,0.9487988981847734
24.8,0.024,0.9698913405238405,-1.9352687154700525e-05,2.195167090450891,0.9500086377878626
25.0,0.024,0.9695124618693267,-1.9043683425588976e-05,2.1664444867696466,0.9511923842862838
25.200000000000003,0.024,0.9691406503208205,-1.8733974169059004e-05,2.137717692965977,0.9523506773830511
25.400000000000002,0.024,0.9687759167827402,-1.842358602714034e-05,2.1089865412365834,0.9534840447533256
25.6,0.024,0.9684182705802897,-1.8112549156105025e-05,2.0802508667465576,0.9545930022112457
25.8,0.024,0.9680677192197685,-1.780089777306027e-05,2.0515105082285725,0.955678053887065
26.0,0.024,0.9677242681187893,-1.748867082592835e-05,2.022765308660018,0.95673969241513
26.200000000000003,0.024,0.9673879203053547,-1.717591270804879e-05,1.9940151160221538,0.9577783991329929
26.400000000000002,0.024,0.9670586760853782,-1.686267404165301e-05,1.9652597841426707,0.9587946442917034
26.6,0.024,0.9667365326786631,-1.6549012526425867e-05,1.9364991736224946,0.9597888872771012
26.8,0.024,0.9664214838249007,-1.623499383235858e-05,1.9077331528447976,0.9607615768416718
27.0,0.024,0.9661135193618804,-1.5920692545012077e-05,1.8789615990611968,0.9617131513463184
27.200000000000003,0.024,0.9658126247798033,-1.560619313628425e-05,1.8501843995480687,0.9626440390111762
27.400000000000002,0.024,0.9655187807567501,-1.529159091440472e-05,1.8214014528213405,0.9635546581744213
27.6,0.024,0.9652319626821269,-1.4976992989743727e-05,1.7926126698955076,0.9644454175578517
27.8,0.024,0.9649521401764383,-1.466251917108966e-05,1.7638179755676928,0.9653167165378926
28.0,0.024,0.9646792766171899,-1.4348302779426635e-05,1.7350173097045356,0.9661689454205656
28.200000000000003,0.024,0.9644133286825586,-1.4034491335490079e-05,1.706210628505439,0.9670024857189059
28.400000000000002,0.024,0.9641542459254472,-1.3721247109787252e-05,1.677397905711681,0.9678177104312659
28.6,0.024,0.9639019703919018,-1.340874745583399e-05,1.6485791337292761,0.9686149843189507
28.8,0.024,0.9636564362985987,-1.3097184889682174e-05,1.6197543246291572,0.9693946641816527
29.0,0.024,0.9634175697843029,-1.2786766924801253e-05,1.5909235109886792,0.9701570991292188
29.200000000000003,0.024,0.9631852887504107,-1.2477715546882725e-05,1.5620867465370318,0.9709026308483688
29.400000000000002,0.024,0.9629595028045679,-1.2170266351775368e-05,1.5332441065682576,0.9716315938630895
29.6,0.024,0.9627401133203279,-1.1864667309705576e-05,1.504395688089036,0.972344315787557
29.8,0.024,0.9625270136237485,-1.1561177128004189e-05,1.4755416096706406,0.9730411175705828
30.0,0.024,0.9623200893153215,-1.1260063212185847e-05,1.4466820109819454,0.9737223137307348
30.200000000000003,0.024,0.9621192187322483,-1.0961599244735638e-05,1.417817051985223,0.9743882125814292
30.400000000000002,0.024,0.9619242735528668,-1.0666062372566309e-05,1.388946911787185,0.9750391164454665
30.6,0.024,0.9617351195402062,-1.037373008961784e-05,1.3600717871434536,0.9756753218586297
30.8,0.024,0.9615516174185217,-1.0084876811235663e-05,1.33119189062963,0.9762971197621151
31.0,0.024,0.961373623870533,-9.799770247811039e-06,1.3023074484953843,0.976904795683723
31.200000000000003,0.024,0.9612009926413976,-9.518667628268736e-06,1.2734186982379767,0.9774986299078514
31.400000000000002,0.024,0.9610335757279466,-9.241811894924753e-06,1.2445258859271122,0.97807889763447
31.6,0.024,0.9608712246332759,-8.969427909302672e-06,1.2156292633419212,0.9786458691273552
31.8,0.024,0.9607137916572857,-8.701718857806675e-06,1.1867290849585488,0.9791998098519555
32.0,0.024,0.9605611312014399,-8.43886284530413e-06,1.1578256048738509,0.9797409806033451
32.2,0.024,0.960413101051724,-8.181009905719679e-06,1.1289190736944317,0.9802696376247709
32.4,0.024,0.9602695636231735,-7.928279366662534e-06,1.1000097355049956,0.9807860327173659
32.6,0.024,0.9601303871228951,-7.680757821929474e-06,1.0710978249089467,0.9812904133416138
32.800000000000004,0.024,0.9599954466307212,-7.438497555464376e-06,1.04218356430069,0.9817830227111989
33.0,0.024,0.9598646250417071,-7.201515755448596e-06,1.0132671612784276,0.9822640998798519
33.2,0.024,0.9597378139027003,-6.969794100755797e-06,0.9843488064508964,0.9827338798218399
33.4,0.024,0.9596149140570331,-6.743279403025026e-06,0.955428671372746,0.983192593506696
33.6,0.024,0.9594958361949315,-6.5218842506797884e-06,0.9265069070723468,0.9836404679688174
33.800000000000004,0.024,0.9593805011498038,-6.305489133315867e-06,0.8975836425494657,0.9840777263724605
34.0,0.024,0.9592688401711867,-6.0939438004928265e-06,0.8686589841813043,0.9845045880727554
34.2,0.024,0.9591607948391115,-5.8870709854806785e-06,0.839733014661683,0.984921268673132
34.4,0.024,0.9590563171343096,-5.6846676554483905e-06,0.8108057934795572,0.9853279800798019
34.6,0.024,0.9589553689236799,-5.4865108299255835e-06,0.7818773559281967,0.9857249305534849
34.800000000000004,0.024,0.9588579220001908,-5.29235715496224e-06,0.7529477150500868,0.9861123247591305
35.0,0.024,0.9587639570103832,-5.101952286543928e-06,0.724016859888693,0.9864903638134653
35.2,0.024,0.9586734638127707,-4.915025669361812e-06,0.6950847598555343,0.9868592453314508
35.4,0.024,0.9585864394890751,-4.731307298833053e-06,0.6661513604518928,0.9872191634707891
35.6,0.024,0.9585028897398956,-4.550511086051835e-06,0.6372165923782245,0.9875703089763909
35.800000000000004,0.024,0.9584228250707534,-4.372368269337031e-06,0.608280360856043,0.9879128692225533
36.0,0.024,0.958346264772572,-4.196584663068966e-06,0.5793425649648748,0.9882470282566166
36.2,0.024,0.958273229105638,-4.0229123906722675e-06,0.5504030719287146,0.9885729668389728
36.4,0.024,0.9582037493043275,-3.851047852361727e-06,0.5214617594087194,0.9888908624872804
36.6,0.024,0.9581378506938192,-3.680791552663987e-06,0.4925184552301776,0.9892008895136131
36.800000000000004,0.024,0.9580755764823821,-3.511811444214585e-06,0.46357303187137266,0.9895032190713025
37.0,0.024,0.9580169501850232,-3.344004468977575e-06,0.4346252672522717,0.9897980191870496
37.2,0.024,0.957962030819144,-3.1769539394050407e-06,0.4056750582381246,0.9900854548142313
37.4,0.024,0.9579108281273253,-3.010751095594528e-06,0.3767221015145057,0.9903656878548547
37.6,0.024,0.9578634291665666,-2.844757643319133e-06,0.34776637829756113,0.9906388772271418
37.800000000000004,0.024,0.957819806120757,-2.679472884588802e-06,0.31880742577970506,0.9909051788661547
38.0,0.024,0.9577801049331627,-2.513720771542636e-06,0.2898454388107702,0.9911647458220656
38.2,0.024,0.9577442093310993,-2.348886839370985e-06,0.2608796111908597,0.9914177282156016
38.400000000000006,0.024,0.9577123965555401,-2.18254028579495e-06,0.2319106380340148,0.9916642734016908
38.6,0.024,0.9576843494404125,-2.0180286000629273e-06,0.2029369480121238,0.9919045258292191
38.800000000000004,0.024,0.9576606420564646,-1.8500500604295653e-06,0.17396037877517032,0.9921386273433512
39.0,0.024,0.9576405050902524,-1.6863376348503048e-06,0.144977636986721,0.9923667168428811
39.2,0.024,0.9576251839483669,-1.5152018846685853e-06,0.11599314636318765,0.9925889308705885
39.400000000000006,0.024,0.957612894170922,-1.3547606423916813e-06,0.08699973273243841,0.9928054028200239
39.6,0.024,0.9576063511325287,-1.1590070974693323e-06,0.0580076565696027,0.9930162649043107
39.800000000000004,0.024,0.9576008298115377,-5.260684364886779e-07,0.029000933285797864,0.9932215305221047
40.0,0.024,0.9576008298115377,0.0,0.0,0.9932215305221047
0.0,0.026000000000000002,1.0,0.0,6.088185254061781,0.0
0.2,0.026000000000000002,1.092124663091131,0.012492233882210883,6.088185254061781,0.030320127597092433
0.4,0.026000000000000002,1.1567941685526286,0.005865511692203459,5.824998402086534,0.06755089401651632
0.6000000000000001,0.026000000000000002,1.14944347714929,0.00387933906807463,5.855022693556848,0.10833280350106173
0.8,0.026000000000000002,1.1602831382960088,0.0026643904626457685,5.741259970563516,0.14705529385024557
1.0,0.026000000000000002,1.15029808939077,0.0020443519808851203,5.727389520357086,0.18312439255310164
1.2000000000000002,0.026000000000000002,1.1489740954265166,0.001518486159518548,5.6619650620419115,0.21532251146061387
1.4000000000000001,0.026000000000000002,1.1412922155358585,0.0012091934399337692,5.6332386890370545,0.24428302172691838
1.6,0.026000000000000002,1.1375514878455912,0.0009348477577861037,5.586534647449242,0.2701159983352354
1.8,0.026000000000000002,1.1320116720643132,0.0007544623280139311,5.553886862704316,0.2934432671530446
2.0,0.026000000000000002,1.1283191662522973,0.000596094665352234,5.515234647012272,0.3145759377749978
2.2,0.026000000000000002,1.1242650972356723,0.00048244672850337886,5.482242325872852,0.33393989045168165
2.4000000000000004,0.026000000000000002,1.1211355954624835,0.00038449078166272595,5.447452323409075,0.35180003400204457
2.6,0.026000000000000002,1.1180654970067945,0.00030988682628638176,5.415103426075013,0.3684289824328583
2.8000000000000003,0.026000000000000002,1.115496998995066,0.00024653155431984624,5.382381583997754,0.3840161529724214
3.0,0.026000000000000002,1.1130802457755202,0.00019647314649559993,5.350811047502848,0.39873453793709834
3.2,0.026000000000000002,1.1109574490038197,0.00015437938210932016,5.319307513123449,0.4127121580037412
3.4000000000000004,0.026000000000000002,1.1089798598565488,0.0001204062577022227,5.288404967253224,0.42605930142345777
3.6,0.026000000000000002,1.1071856967535485,9.201788281138408e-05,5.257671909624509,0.4388606700857446
3.8000000000000003,0.026000000000000002,1.105507126838042,6.883758662757726e-05,5.227284431822725,0.451187109132913
4.0,0.026000000000000002,1.103948387504991,4.954816857089422e-05,5.19706220603467,0.4630943012611389
4.2,0.026000000000000002,1.1024757816388437,3.3705894764172006e-05,5.1670549588993655,0.4746282015841105
4.4,0.026000000000000002,1.1010840169035663,2.0562888017837406e-05,5.137181839977715,0.4858255357763626
4.6000000000000005,0.026000000000000002,1.0997546873313595,9.738659259310467e-06,5.107450256086047,0.4967165342119129
4.800000000000001,0.026000000000000002,1.0984808259770245,7.679047657660253e-07,5.077820623376754,0.5073257824146867
5.0,0.026000000000000002,1.097251112034689,-6.648747083748968e-06,5.048287920581831,0.5176737574267042
5.2,0.026000000000000002,1.096060294627945,-1.280481062127554e-05,5.018830874612235,0.5277770077780355
5.4,0.026000000000000002,1.0949022507134532,-1.7885747500500312e-05,4.98944215608169,0.5376492875101565
5.6000000000000005,0.026000000000000002,1.0937728642185471,-2.206390335687253e-05,4.96010928504179,0.547302156903506
5.800000000000001,0.026000000000000002,1.0926678801618976,-2.5487215053474755e-05,4.930826026465577,0.5567454263217326
6.0,0.026000000000000002,1.0915842098393116,-2.8289447346564044e-05,4.901584739650219,0.5659874846673614
6.2,0.026000000000000002,1.0905189972522125,-3.0575787529121456e-05,4.872380591000221,0.5750356058969692
6.4,0.026000000000000002,1.089470042686431,-3.2435898287386204e-05,4.8432086240091605,0.5838961665968054
6.6000000000000005,0.026000000000000002,1.0884354137229324,-3.394199406947859e-05,4.814065279085691,0.5925748309982156
6.800000000000001,0.026000000000000002,1.0874135748026246,-3.5154914295596416e-05,4.7849472316581485,0.6010766885012958
7.0,0.026000000000000002,1.0864032150653071,-3.612433111907723e-05,4.7558519176208645,0.6094063672274654
7.2,0.026000000000000002,1.0854032763180508,-3.689181639123057e-05,4.72677705526768,0.6175681206647674
7.4,0.026000000000000002,1.0844128705114742,-3.749156465190957e-05,4.697720810592656,0.6255658979405175
7.6000000000000005,0.026000000000000002,1.0834312758029092,-3.795208673867655e-05,4.66868158941029,0.6334033982556491
7.800000000000001,0.026000000000000002,1.0824578932795215,-3.829692751355425e-05,4.639658076924071,0.6410841145710107
8.0,0.026000000000000002,1.0814922354380225,-3.854567500898665e-05,4.610649140316845,0.6486113677438866
8.200000000000001,0.026000000000000002,1.0805339015020052,-3.871453833750348e-05,4.581653827938885,0.6559883337600287
8.4,0.026000000000000002,1.0795825661689127,-3.8816983801858266e-05,4.552671319523485,0.6632180651307515
8.6,0.026000000000000002,1.078637964571412,-3.886416511230949e-05,4.523700915067877,0.6703035079185696
8.8,0.026000000000000002,1.077699883288485,-3.8865339884814095e-05,4.494742007101583,0.6772475151788111
9.0,0.026000000000000002,1.0767681507327045,-3.882817868090214e-05,4.465794069058252,0.6840528576633724
9.200000000000001,0.026000000000000002,1.0758426304851199,-3.875904405394782e-05,4.436856638645319,0.6907222323210246
9.4,0.026000000000000002,1.074923214945983,-3.866320837690522e-05,4.407929308334981,0.6972582690968157
9.600000000000001,0.026000000000000002,1.074009820560132,-3.85450430515194e-05,4.379011714842927,0.7036635363782616
9.8,0.026000000000000002,1.0731023835490245,-3.8408170252073286e-05,4.3501035320265835,0.7099405453912926
10.0,0.026000000000000002,1.0722008565619081,-3.8255592050592266e-05,4.3212044640110605,0.7160917537667816
10.200000000000001,0.026000000000000002,1.071305205787267,-3.808979553354137e-05,4.292314240111773,0.7221195684616761
10.4,0.026000000000000002,1.0704154086326285,-3.7912841280362315e-05,4.263432610258683,0.7280263481728023
10.600000000000001,0.026000000000000002,1.0695314517591004,-3.772643609440313e-05,4.2345593414405105,0.7338144053553407
10.8,0.026000000000000002,1.0686533294788667,-3.753199382901917e-05,4.205694214618336,0.739486007931285
11.0,0.026000000000000002,1.0677810424090048,-3.7330685544882624e-05,4.17683702225642,0.7450433807559407
11.200000000000001,0.026000000000000002,1.0669145963643552,-3.7123481330690715e-05,4.147987566221993,0.7504887068946712
11.4,0.026000000000000002,1.0660540014322983,-3.6911184819037305e-05,4.119145656079613,0.7558241287511474
11.600000000000001,0.026000000000000002,1.0651992712093883,-3.669446185607382e-05,4.090311107657981,0.7610517490788717
11.8,0.026000000000000002,1.0643504221660698,-3.647386424033203e-05,4.061483741876973,0.7661736319008773
12.0,0.026000000000000002,1.0635074731218424,-3.6249849383165397e-05,4.032663383770026,0.7711918033568583
12.200000000000001,0.026000000000000002,1.0626704448095532,-3.6022796571706384e-05,4.003849861679838,0.7761082524926914
12.4,0.026000000000000002,1.0618393595149522,-3.579302051911761e-05,3.9750430065912976,0.780924932003912
12.600000000000001,0.026000000000000002,1.0610142407778733,-3.556078246394677e-05,3.9462426515814086,0.7856437589421115
12.8,0.026000000000000002,1.0601951131449194,-3.532629946127567e-05,3.9174486313639503,0.7902666153911202
13.0,0.026000000000000002,1.0593820019649136,-3.508975200546253e-05,3.8886607819145476,0.7947953491182993
13.200000000000001,0.026000000000000002,1.0585749332199328,-3.4851290394339626e-05,3.859878940160751,0.7992317742050188
13.4,0.026000000000000002,1.0577739333857603,-3.461103992523892e-05,3.831102943727539,0.8035776716594395
13.600000000000001,0.026000000000000002,1.0569790293171686,-3.4369105256320975e-05,3.802332630727966,0.8078347900139927
13.8,0.026000000000000002,1.0561902481534873,-3.4125573955988e-05,3.773567839591266,0.812004845909391
14.0,0.026000000000000002,1.0554076172412812,-3.38805194913736e-05,3.7448084089227134,0.8160895246665573
14.200000000000001,0.026000000000000002,1.054631164071039,-3.363400367411366e-05,3.7160541773885205,0.8200904808475357
14.4,0.026000000000000002,1.0538609162252055,-3.338607866759057e-05,3.687304983622563,0.8240093388062073
14.600000000000001,0.026000000000000002,1.0530969013356348,-3.313678870393024e-05,3.6585606661496852,0.827847693229422
14.8,0.026000000000000002,1.052339147048121,-3.2886171484518266e-05,3.6298210633226318,0.83160710966904
15.0,0.026000000000000002,1.0515876809926885,-3.263425929396367e-05,3.601086013270113,0.8352891250652619
15.200000000000001,0.026000000000000002,1.0508425307581581,-3.2381080041011105e-05,3.5723553538523682,0.8388952482615422
15.4,0.026000000000000002,1.050103723870007,-3.2126658005899676e-05,3.543628922624496,0.8424269605113445
15.600000000000001,0.026000000000000002,1.0493712877712695,-3.1871014487179706e-05,3.51490655680446,0.8458857159769061
15.8,0.026000000000000002,1.0486452498057985,-3.161416839238701e-05,3.486188093246558,0.8492729422202043
16.0,0.026000000000000002,1.047925637204183,-3.135613662388748e-05,3.457473368419346,0.8525900406862417
16.2,0.026000000000000002,1.047212477072054,-3.10969344442749e-05,3.4287622183877793,0.8558383871787801
16.400000000000002,0.026000000000000002,1.046505796380668,-3.083657576283645e-05,3.400054478799534,0.8590193323286007
16.6,0.026000000000000002,1.0458056219596508,-3.057507335537463e-05,3.371349984874938,0.8621342020543886
16.8,0.026000000000000002,1.045111980491405,-3.0312439090566523e-05,3.3426485713993195,0.8651842980162767
17.0,0.026000000000000002,1.0444248985068267,-3.004868403334832e-05,3.313950072718385,0.8681708980621035
17.2,0.026000000000000002,1.0437444023818874,-2.9783818637948587e-05,3.285254322734038,0.8710952566663801
17.400000000000002,0.026000000000000002,1.0430705183345694,-2.9517852852823562e-05,3.25656115490233,0.8739586053619646
17.6,0.026000000000000002,1.0424032724222103,-2.925079621458728e-05,3.2278704022310634,0.8767621531644013
17.8,0.026000000000000002,1.0417426905388047,-2.8982657926815945e-05,3.199181897278375,0.8795070869888483
18.0,0.026000000000000002,1.0410887984125488,-2.8713446947566903e-05,3.1704954721518015,0.8821945720595064
18.2,0.026000000000000002,1.0404416216033847,-2.8443172044430435e-05,3.1418109585070733,0.8848257523114214
18.400000000000002,0.026000000000000002,1.0398011855006881,-2.81718418161767e-05,3.1131281875481545,0.8874017507844907
18.6,0.026000000000000002,1.03916751532107,-2.789946475984495e-05,3.0844469900269043,0.8899236700095072
18.8,0.026000000000000002,1.0385406361062648,-2.762604928816113e-05,3.0557671962436577,0.892392592385996
19.0,0.026000000000000002,1.0379205727210508,-2.7351603753601414e-05,3.0270886360476843,0.8948095805516068
19.200000000000003,0.026000000000000002,1.0373073498511975,-2.707613645959902e-05,2.998411138838335,0.8971756777427738
19.400000000000002,0.026000000000000002,1.0367009920014147,-2.679965571433503e-05,2.969734533566063,0.8994919081463277
19.6,0.026000000000000002,1.0361015234932085,-2.6522169802167543e-05,2.9410586487342547,0.9017592772417278
19.8,0.026000000000000002,1.035508968462793,-2.6243687025828954e-05,2.9123833124011007,0.9039787721335593
20.0,0.026000000000000002,1.0349233508588471,-2.596421569732099e-05,2.8837083521820066,0.906151361873924
20.200000000000003,0.026000000000000002,1.0343446944401782,-2.5683764169633636e-05,2.8550335952527175,0.9082779977743632
20.400000000000002,0.026000000000000002,1.033773022773235,-2.540234080698994e-05,2.8263588683527794,0.9103596137069468
20.6,0.026000000000000002,1.033208359229285,-2.511995403540856e-05,2.7976839977900028,0.9123971263941872
20.8,0.026000000000000002,1.0326507269813558,-2.4836612323502996e-05,2.769008809445778,0.9143914356874749
21.0,0.026000000000000002,1.0321001490006885,-2.4552324200022725e-05,2.740333128781376,0.9163434248337768
21.200000000000003,0.026000000000000002,1.0315566480526972,-2.426709825899717e-05,2.71165678084624,0.9182539607303958
21.400000000000002,0.026000000000000002,1.031020246692343,-2.3980943168664914e-05,2.6829795902877045,0.9201238941676773
21.6,0.026000000000000002,1.0304909672586196,-2.369386766997663e-05,2.654301381363579,0.9219540600596499
21.8,0.026000000000000002,1.0299688318681484,-2.340588062068593e-05,2.625621977957663,0.9237452776626774
22.0,0.026000000000000002,1.0294538624073657,-2.311699097448362e-05,2.596941203598861,0.925498350782346
22.200000000000003,0.026000000000000002,1.028946080523062,-2.2827207812434074e-05,2.568258881485264,0.9272140679689335
22.400000000000002,0.026000000000000002,1.0284455076107841,-2.253654038702791e-05,2.5395748345133935,0.9288932027019545
22.6,0.026000000000000002,1.0279521648003045,-2.2244998154386333e-05,2.5108888853144613,0.9305365135644417
22.8,0.026000000000000002,1.0274660729377791,-2.1952590779739564e-05,2.482200856298792,0.9321447444077574
23.0,0.026000000000000002,1.0269872525635273,-2.1659328250007464e-05,2.4535105697098145,0.933718624507908
23.200000000000003,0.026000000000000002,1.0265157238846154,-2.136522089606126e-05,2.424817847690572,0.9352588687144674
23.400000000000002,0.026000000000000002,1.0260515067412488,-2.107027949695913e-05,2.3961225123640943,0.9367661775933634
23.6,0.026000000000000002,1.0255946205656261,-2.0774515365358382e-05,2.3674243859314315,0.9382412375649023
23.8,0.026000000000000002,1.0251450843321726,-2.0477940467993793e-05,2.338723290790433,0.9396847210385209
24.0,0.026000000000000002,1.0247029164975001,-2.0180567564174336e-05,2.310019049678631,0.9410972865458254
24.200000000000003,0.026000000000000002,1.024268134928515,-1.9882410363107238e-05,2.281311485845593,0.9424795788735391
24.400000000000002,0.026000000000000002,1.0238407568169352,-1.9583483716241797e-05,2.2526004232581784,0.9438322291980062
24.6,0.026000000000000002,1.0234207985780934,-1.9283803857473606e-05,2.223885686845177,0.9451558552228781
24.8,0.026000000000000002,1.0230082757321903,-1.898338864410992e-05,2.1951671027861153,0.9464510613215738
25.0,0.026000000000000002,1.0226032027655059,-1.868225789198471e-05,2.1664444988500637,0.9477184386860205
25.200000000000003,0.026000000000000002,1.0222055929695253,-1.838043372146759e-05,2.13771770479132,0.9489585654830588
25.400000000000002,0.026000000000000002,1.0218154582556258,-1.8077940978336608e-05,2.1089865528066523,0.9501720070197551
25.6,0.026000000000000002,1.0214328089430331,-1.777480771028723e-05,2.080250878061255,0.9513593159186814
25.8,0.026000000000000002,1.0210576535183007,-1.7471065699935603e-05,2.051510519287901,0.9525210323040042
26.0,0.026000000000000002,1.0206899983643687,-1.7166751066272714e-05,2.022765319464101,0.9536576839990129
26.200000000000003,0.026000000000000002,1.0203298474580762,-1.6861904945381983e-05,1.9940151265712491,0.954769786735459
26.400000000000002,0.026000000000000002,1.0199772020355857,-1.6556574212763518e-05,1.9652597944371952,0.9558578443748245
26.6,0.026000000000000002,1.019632060225644,-1.6250812296925648e-05,1.9364991836630445,0.9569223491413843
26.8,0.026000000000000002,1.01929441665209,-1.5944680001756572e-05,1.9077331626321774,0.9579637818666663
27.0,0.026000000000000002,1.0189642620076818,-1.5638246428946217e-05,1.8789616085964225,0.9589826122446665
27.200000000000003,0.026000000000000002,1.0186415826029638,-1.5331589888450762e-05,1.8501844088324253,0.9599792990969542
27.400000000000002,0.026000000000000002,1.0183263598950867,-1.5024798818403915e-05,1.8214014618563774,0.96095429064658
27.6,0.026000000000000002,1.018018570003235,-1.4717972731915194e-05,1.7926126786830772,0.9619080247995359
27.8,0.026000000000000002,1.0177181832188693,-1.4411223084074403e-05,1.7638179841099848,0.9628409294323524
28.0,0.026000000000000002,1.0174251635204308,-1.4104674098392712e-05,1.7350173180040849,0.9637534226843019
28.200000000000003,0.026000000000000002,1.0171394681040393,-1.3798463463755396e-05,1.7062106365651597,0.9646459132526009
28.400000000000002,0.026000000000000002,1.0168610469426944,-1.349274291861022e-05,1.6773979135348793,0.9655188006889562
28.6,0.026000000000000002,1.0165898423879194,-1.3187678648268535e-05,1.6485791413196715,0.9663724756957841
28.8,0.026000000000000002,1.0163257888285364,-1.2883451443951598e-05,1.619754331990888,0.9672073204204663
29.0,0.026000000000000002,1.016068812421543,-1.258025663227681e-05,1.5909235181263142,0.9680237087460489
29.200000000000003,0.026000000000000002,1.0158188309103113,-1.2278303695790412e-05,1.5620867534555616,0.9688220065768953
29.400000000000002,0.026000000000000002,1.0155757535443244,-1.1977815558083717e-05,1.5332441132730914,0.9696025721178924
29.6,0.026000000000000002,1.015339481113684,-1.1679027532533171e-05,1.50439569458598,0.9703657561459624
29.8,0.026000000000000002,1.0151099061096798,-1.1382185877537275e-05,1.475541615965879,0.971111902272762
30.0,0.026000000000000002,1.0148869130202598,-1.1087545988007634e-05,1.4466820170820012,0.9718413471976298
30.200000000000003,0.026000000000000002,1.014670378765993,-1.0795370195137844e-05,1.417817057896913,0.9725544209499918
30.400000000000002,0.026000000000000002,1.0144601732789198,-1.050592520366382e-05,1.3889469175175724,0.9732514471206248
30.6,0.026000000000000002,1.014256160221996,-1.0219479209747186e-05,1.3600717926997854,0.9739327430813294
30.8,0.026000000000000002,1.0140581978436722,-9.936298716012132e-06,1.3311918960192723,0.9745986201927395
31.0,0.026000000000000002,1.013866139956151,-9.656645129050943e-06,1.3023074537257404,0.9752493840001534
31.200000000000003,0.026000000000000002,1.0136798370240219,-9.380771184493765e-06,1.273418703316419,0.975885334417407
31.400000000000002,0.026000000000000002,1.0134991373426485,-9.108917315645866e-06,1.2445258908608974,0.9765067658989522
31.6,0.026000000000000002,1.0133238882868953,-8.841308006839005e-06,1.2156292681381018,0.9771139676004197
31.8,0.026000000000000002,1.0131539376015801,-8.578148285572996e-06,1.1867290896239036,0.9777072235280416
32.0,0.026000000000000002,1.0129891347120648,-8.319620383610802e-06,1.1578256094147963,0.9782868126774098
32.2,0.026000000000000002,1.0128293320196944,-8.06588074242383e-06,1.1289190781169551,0.9788530091620954
32.4,0.026000000000000002,1.0126743861649712,-7.817057331573254e-06,1.1000097398145872,0.979406082332737
32.6,0.026000000000000002,1.0125241592162244,-7.57324752963517e-06,1.0710978291105417,0.979946296887213
32.800000000000004,0.026000000000000002,1.0123785197813917,-7.334516395776727e-06,1.042183568398619,0.9804739129725737
33.0,0.026000000000000002,1.012237343988553,-7.100895696003953e-06,1.013267165276385,0.9809891862793795
33.2,0.026000000000000002,1.012100516364158,-6.872383257433825e-06,0.9843488103519116,0.9814923681291444
33.4,0.026000000000000002,1.011967930526118,-6.64894334643598e-06,0.9554286751791755,0.9819837055555138
33.6,0.026000000000000002,1.0118394897828114,-6.430507030588044e-06,0.926506910785864,0.9824634413798545
33.800000000000004,0.026000000000000002,1.0117151074854194,-6.216973992829622e-06,0.8975836461710832,0.9829318142818246
34.0,0.026000000000000002,1.011594707351191,-6.008213586869334e-06,0.8686589877113855,0.9833890588655828
34.2,0.026000000000000002,1.011478223439165,-5.8040682429275915e-06,0.8397330180999834,0.9838354057220766
34.4,0.026000000000000002,1.0113656002652698,-5.604354436190259e-06,0.8108057968252507,0.9842710814880736
34.6,0.026000000000000002,1.011256792354401,-5.408868199217256e-06,0.7818773591799452,0.9846963089021826
34.800000000000004,0.026000000000000002,1.0111517643093326,-5.217384481925247e-06,0.75294771820605,0.9851113068586073
35.0,0.026000000000000002,1.0110504898159147,-5.029666245634917e-06,0.7240168629466484,0.9855162904585526
35.2,0.026000000000000002,1.0109529519967544,-4.8454591468707705e-06,0.6950847628128382,0.9859114710603009
35.4,0.026000000000000002,1.0108591415303207,-4.664507994647165e-06,0.6661513633056814,0.9862970563272608
35.6,0.026000000000000002,1.0107690579728033,-4.486540222595202e-06,0.6372165951252561,0.9866732502757117
35.800000000000004,0.026000000000000002,1.0106827061306503,-4.311298870453399e-06,0.6082803634930806,0.9870402533203227
36.0,0.026000000000000002,1.0106000998213915,-4.138500315762126e-06,0.5793425674882394,0.9873982623207784
36.2,0.026000000000000002,1.0105212544368416,-3.967905185820971e-06,0.5504030743350913,0.9877474706250612
36.4,0.026000000000000002,1.0104461964092393,-3.799217556344353e-06,0.5214617616940604,0.9880880681162834
36.6,0.026000000000000002,1.0103749471624168,-3.6322429815510696e-06,0.49251845739146344,0.9884202412532488
36.800000000000004,0.026000000000000002,1.0103075456519337,-3.466654672397196e-06,0.4635730339040554,0.9887441731193879
37.0,0.026000000000000002,1.0102440126774461,-3.302350928059983e-06,0.4346252691542206,0.9890600434587792
37.2,0.026000000000000002,1.0101844032119538,-3.138918933663183e-06,0.4056750600037472,0.9893680287305915
37.4,0.026000000000000002,1.0101287259309568,-2.9764468648093008e-06,0.37672210314367993,0.9896683021361593
37.6,0.026000000000000002,1.0100770632695308,-2.814300959875719e-06,0.3477663797822223,0.9899610336857704
37.800000000000004,0.026000000000000002,1.0100293890557925,-2.6529709818879276e-06,0.31880742712410365,0.9902463902071074
38.0,0.026000000000000002,1.0099858422851156,-2.4912902389016654e-06,0.2898454400009999,0.9905245354386684
38.2,0.026000000000000002,1.0099463135012405,-2.3306230829266844e-06,0.26087961224074935,0.9907956299988534
38.400000000000006,0.026000000000000002,1.0099110667824513,-2.1685617519734354e-06,0.23191063891611327,0.9910598315361752
38.6,0.026000000000000002,1.0098798025949263,-2.0084086508029914e-06,0.20293694876148155,0.9913172946151162
38.800000000000004,0.026000000000000002,1.009853066943115,-1.8449182615957735e-06,0.1739603793333903,0.9915681709867821
39.0,0.026000000000000002,1.0098301317911837,-1.685727228359278e-06,0.1449776374362402,0.9918126092988437
39.2,0.026000000000000002,1.0098121800707174,-1.5192777119536055e-06,0.11599314657698427,0.9920507556159799
39.400000000000006,0.026000000000000002,1.0097975204266822,-1.3632540082946465e-06,0.08699973290463785,0.992282752744247
39.6,0.026000000000000002,1.0097887252620878,-1.1690690584663168e-06,0.05800765616420973,0.9925087420745399
39.800000000000004,0.026000000000000002,1.0097814093784208,-5.316777441613924e-07,0.029000927700355554,0.9927287415670774
40.0,0.026000000000000002,1.0097814093784208,0.0,0.0,0.9927287415670774
0.0,0.028,1.0,0.0,6.0880581759795565,0.0
0.2,0.028,1.0994536173258342,0.011616831234424497,6.0880581759795565,0.021993460966306857
0.4,0.028,1.1714590039745496,0.005588538103711266,5.825068305185088,0.05105584249620034
0.6000000000000001,0.028,1.172204142443941,0.0037768826961681414,5.855040294645645,0.08472773389012374
0.8,0.028,1.1890628313057219,0.002645550530037428,5.74126996128896,0.11824146071875061
1.0,0.028,1.1843780314955448,0.002055411387703667,5.7273934876916535,0.1506106095758345
1.2000000000000002,0.028,1.1868417484314384,0.0015458803745883323,5.661968727773529,0.1803963476526707
1.4000000000000001,0.028,1.1823198126440637,0.0012389208969977095,5.633240387738273,0.20781639408268943
1.6,0.028,1.1809052516494938,0.0009650292257254634,5.586536372155049,0.23276143844543884
1.8,0.028,1.1772847770255443,0.0007815570948068999,5.553887806631073,0.25563959134794584
2.0,0.028,1.175059181638542,0.0006204411776423327,5.515235575834445,0.276645084992924
2.2,0.028,1.1722118987505434,0.000503396265634624,5.482242917709217,0.29610436555227865
2.4000000000000004,0.028,1.170029677970601,0.00040263872579026776,5.4474528763390975,0.3142235498049511
2.6,0.028,1.1677361782476168,0.00032533861771761094,5.415103820922326,0.33122726776148925
2.8000000000000003,0.028,1.165785916753838,0.0002597756411840021,5.382381938742232,0.3472741150134343
3.0,0.028,1.1638729725890227,0.00020775966058128576,5.350811321058429,0.3625123424084732
3.2,0.028,1.162152624240686,0.0001640596522192133,5.319307753642672,0.3770529641788929
3.4000000000000004,0.028,1.160499782866212,0.00012871063261201757,5.2884051622172095,0.390992750495989
3.6,0.028,1.1589634505440853,9.91893633316083e-05,5.2576720796950385,0.40440666903130823
3.8000000000000003,0.028,1.157489605517326,7.505398869640342e-05,5.227284574395337,0.4173578962912256
4.0,0.028,1.1560906154223638,5.497575505341267e-05,5.19706233060432,0.4298964412280154
4.2,0.028,1.1547413773074404,3.847349399784214e-05,5.167055065930849,0.4420638321857042
4.4,0.028,1.1534424941014012,2.4784587461659883e-05,5.137181934226481,0.4538934787607271
4.6000000000000005,0.028,1.1521811755102755,1.3506808615594363e-05,5.107450338720442,0.4654130497644338
4.800000000000001,0.028,1.1509547153626256,4.164457136493471e-06,5.077820697079621,0.47664518837301967
5.0,0.028,1.149755487740243,-3.5586615325252656e-06,5.048287986820069,0.4876089307177338
5.2,0.028,1.148580638145696,-9.972008905650506e-06,5.0188309351526454,0.4983199580704622
5.4,0.028,1.1474266385682192,-1.5271012489635113e-05,4.989442211532284,0.5087912028414081
5.6000000000000005,0.028,1.1462914602863257,-1.963259982786594e-05,4.960109336106246,0.5190336430270095
5.800000000000001,0.028,1.1451726114015717,-2.321014036928334e-05,4.930826073786484,0.5290566908600062
6.0,0.028,1.14406843149206,-2.6141990041298908e-05,4.901584783892393,0.5388684816134521
6.2,0.028,1.1429772577032118,-2.8537455435267354e-05,4.872380632652674,0.5484761435213596
6.4,0.028,1.1418978666458368,-3.0489551013588512e-05,4.8432086635064735,0.5578859900266598
6.6000000000000005,0.028,1.1408291389972576,-3.2073387958000546e-05,4.814065316764508,0.5671036839592776
6.800000000000001,0.028,1.1397702088029842,-3.3352186623267765e-05,4.784947267808516,0.5761343601408453
7.0,0.028,1.1387203220624453,-3.437763924689065e-05,4.7558519524743,0.5849827269646497
7.2,0.028,1.1376788808312548,-3.5192985555269236e-05,4.726777089020172,0.593653144211403
7.4,0.028,1.1366453795142721,-3.5833820681921794e-05,4.697720843403225,0.6021496863344253
7.6000000000000005,0.028,1.1356194130023556,-3.63298142687838e-05,4.668681621412185,0.6104761916517959
7.800000000000001,0.028,1.1346006454728979,-3.670547873648998e-05,4.63965810822634,0.618636301933342
8.0,0.028,1.1335888075578664,-3.698120340091313e-05,4.610649171010303,0.6266334934418811
8.200000000000001,0.028,1.1325836796522413,-3.7173864271215e-05,4.581653858098159,0.6344711017731807
8.4,0.028,1.131585086790759,-3.729748019850965e-05,4.552671349210472,0.6421523414487108
8.6,0.028,1.130592888992426,-3.73636639097948e-05,4.523700944333516,0.6496803215645783
8.8,0.028,1.129606976550216,-3.738205336224509e-05,4.494742035988015,0.6570580582023365
9.0,0.028,1.1286272640809036,-3.7360634727229064e-05,4.465794097600117,0.6642884843588385
9.200000000000001,0.028,1.1276536868278069,-3.730603203477897e-05,4.436856666871204,0.6713744578758746
9.4,0.028,1.126686196816029,-3.7223734437970265e-05,4.407929336268347,0.678318767821301
9.600000000000001,0.028,1.1257247601285119,-3.7118292897863135e-05,4.379011742503039,0.6851241396355469
9.8,0.028,1.124769354354894,-3.699347835338645e-05,4.35010355942921,0.6917932393170059
10.0,0.028,1.1238199666563535,-3.685241605586189e-05,4.321204491169113,0.6983286768463777
10.200000000000001,0.028,1.1228765920553792,-3.6697695096465234e-05,4.292314267035736,0.7047330090167814
10.4,0.028,1.12193923208873,-3.6531460486813875e-05,4.263432636957095,0.7110087417951867
10.600000000000001,0.028,1.1210078936509646,-3.6355488911605374e-05,4.23455936792026,0.7171583323171177
10.8,0.028,1.1200825880609544,-3.61712520204457e-05,4.205694240884966,0.723184190592509
11.0,0.028,1.1191633302708812,-3.597996868764746e-05,4.17683704831435,0.7290886809849552
11.200000000000001,0.028,1.1182501382184202,-3.5782648516362204e-05,4.147987592074711,0.7348741235122548
11.4,0.028,1.1173430322822449,-3.5580127790539064e-05,4.119145681729849,0.7405427950061797
11.600000000000001,0.028,1.1164420348336872,-3.537309931454366e-05,4.090311133107838,0.7460969301608195
11.8,0.028,1.1155471698623824,-3.5162137153747106e-05,4.061483767128013,0.7515387224925472
12.0,0.028,1.1146584626673444,-3.4947717067814715e-05,4.032663408823388,0.7568703252295385
12.200000000000001,0.028,1.1137759395999782,-3.473023349081268e-05,4.003849886536304,0.762093852144813
12.4,0.028,1.1128996278514907,-3.4510013576133666e-05,3.975043031251369,0.7672113783436665
12.600000000000001,0.028,1.1120295552763988,-3.428732882632344e-05,3.946242676045327,0.7722249410139604
12.8,0.028,1.1111657502463774,-3.4062404718481906e-05,3.9174486556317727,0.7771365401457921
13.0,0.028,1.1103082415293648,-3.3835428664164525e-05,3.8886608059861607,0.7819481392256471
13.200000000000001,0.028,1.1094570581897554,-3.360655662147584e-05,3.8598789640359104,0.7866616659089545
13.4,0.028,1.108612229506026,-3.337591852963795e-05,3.8311029674058887,0.7912790126740944
13.600000000000001,0.028,1.1077737849032638,-3.3143622824551194e-05,3.802332654209061,0.7958020374601946
13.8,0.028,1.106941753897767,-3.290976016255446e-05,3.7735678628746,0.8002325642905479
14.0,0.028,1.10611616605198,-3.2674406505515765e-05,3.744808432007711,0.8045723838830385
14.200000000000001,0.028,1.1052970509378137,-3.243762568758885e-05,3.7160542002745625,0.8088232542486643
14.4,0.028,1.1044844381066847,-3.219947150128665e-05,3.6873050063089874,0.8129869012789989
14.600000000000001,0.028,1.1036783570651298,-3.1959989479463754e-05,3.658560688635804,0.8170650193232444
14.8,0.028,1.1028788372543243,-3.17192183477643e-05,3.6298210856077384,0.821059271755396
15.0,0.028,1.102085908032738,-3.147719119851286e-05,3.60108603535347,0.8249712915319295
15.200000000000001,0.028,1.1012995986608811,-3.1233936555918095e-05,3.572355375733235,0.8288026817403444
15.4,0.028,1.1005199382875535,-3.098947915446079e-05,3.543628944302109,0.8325550161388477
15.600000000000001,0.028,1.099746955937622,-3.074384063572282e-05,3.5149065782780573,0.8362298396873834
15.8,0.028,1.098980680500949,-3.0497040127528012e-05,3.486188114515361,0.8398286690702231
16.0,0.028,1.098221140722938,-3.0249094668897224e-05,3.4574733894825807,0.8433529932102706
16.2,0.028,1.0974683651966686,-3.00000195910937e-05,3.428762239244661,0.8468042737752278
16.400000000000002,0.028,1.0967223823566077,-2.97498288121673e-05,3.400054499449285,0.850183945675734
16.6,0.028,1.0959832204739497,-2.9498535059268655e-05,3.371350005316772,0.8534934175555875
16.8,0.028,1.0952509076531545,-2.9246150120328492e-05,3.3426485916324626,0.8567340722741166
17.0,0.028,1.0945254718294277,-2.8992684956976683e-05,3.313950092742062,0.859907267380759
17.2,0.028,1.0938069407667506,-2.8738149873958247e-05,3.285254342547478,0.8630143355818714
17.400000000000002,0.028,1.093095342056004,-2.8482554664445283e-05,3.2565611745047582,0.8660565851997735
17.6,0.028,1.0923907031132811,-2.822590867760858e-05,3.227870421621717,0.8690353006239983
17.8,0.028,1.091693051177971,-2.7968220921953925e-05,3.1991819164564874,0.8719517427546807
18.0,0.028,1.0910024133109342,-2.7709500145956163e-05,3.1704954911166245,0.8748071494380049
18.2,0.028,1.0903188163925508,-2.744975488832759e-05,3.14181097725785,0.877602735893587
18.400000000000002,0.028,1.0896422871208125,-2.7188993523303515e-05,3.1131282060841334,0.8803396951336293
18.6,0.028,1.0889728520094422,-2.692722429577459e-05,3.0844470083473428,0.883019198373679
18.8,0.028,1.0883105373860358,-2.666445537486509e-05,3.0557672143478216,0.8856423954347419
19.0,0.028,1.0876553693901758,-2.640069485220925e-05,3.027088653934841,0.8882104151365204
19.200000000000003,0.028,1.0870073739715338,-2.613595076848126e-05,2.9984111565077565,0.8907243656814688
19.400000000000002,0.028,1.0863665768879256,-2.587023116372049e-05,2.9697345510170243,0.8931853350293486
19.6,0.028,1.085733003703253,-2.5603544049205625e-05,2.9410586659660454,0.8955943912619403
19.8,0.028,1.0851066797854727,-2.5335897445854085e-05,2.9123833294130086,0.8979525829375354
20.0,0.028,1.0844876303043878,-2.506729938513701e-05,2.883708368973325,0.900260939434827
20.200000000000003,0.028,1.083875880229332,-2.4797757927527312e-05,2.855033611822753,0.9025204712858084
20.400000000000002,0.028,1.0832714543266988,-2.4527281151347443e-05,2.826358884700839,0.9047321704972978
20.6,0.028,1.0826743771571083,-2.4255877179998563e-05,2.7976840139154002,0.9068970108607173
20.8,0.028,1.082084673072347,-2.3983554184335145e-05,2.769008825347833,0.9090159482497965
21.0,0.028,1.0815023662118048,-2.3710320384048903e-05,2.7403331444594192,0.9110899209059121
21.200000000000003,0.028,1.0809274804984164,-2.3436184061291908e-05,2.7116567962996068,0.9131198497108368
21.400000000000002,0.028,1.0803600396340134,-2.3161153563321466e-05,2.6829796055157344,0.9151066384467498
21.6,0.028,1.07980006709379,-2.288523731346407e-05,2.654301396365617,0.9170511740434703
21.8,0.028,1.0792475861198831,-2.2608443829422434e-05,2.625621992733066,0.9189543268129682
22.0,0.028,1.0787026197135485,-2.2330781725763692e-05,2.5969412181469944,0.9208169506713532
22.200000000000003,0.028,1.0781651906256915,-2.205225972658455e-05,2.5682588958055055,0.922639883348672
22.400000000000002,0.028,1.0776353213452763,-2.1772886715669607e-05,2.539574848605116,0.924423946587003
22.6,0.028,1.0771130340848118,-2.1492671750304877e-05,2.5108888991770657,0.9261699463274998
22.8,0.028,1.076598350762537,-2.121162409675021e-05,2.4822008699316744,0.9278786728871898
23.0,0.028,1.0760912929802429,-2.0929753289293795e-05,2.4535105831123962,0.9295509011265142
23.200000000000003,0.028,1.0755918819959145,-2.0647069186100382e-05,2.4248178608622784,0.9311873906087434
23.400000000000002,0.028,1.0751001386902037,-2.0363582039864372e-05,2.3961225253043676,0.9327888857525602
23.6,0.028,1.0746160835253757,-2.007930258807903e-05,2.367424398639731,0.9343561159792385
23.8,0.028,1.074139736495668,-1.9794242153328104e-05,2.338723303266238,0.9358897958559624
24.0,0.028,1.0736711170673896,-1.9508412773019602e-05,2.310019061921448,0.9373906252369267
24.200000000000003,0.028,1.0732102441071978,-1.922182733844898e-05,2.281311497854949,0.9388592894039196
24.400000000000002,0.028,1.0727571357967975,-1.893449976275535e-05,2.2526004350336333,0.9402964592081287
24.6,0.028,1.0723118095319468,-1.864644521423843e-05,2.2238856983863244,0.9417027912149026
24.8,0.028,1.0718742818039122,-1.8357680308935888e-05,2.1951671140925963,0.9430789278531634
25.0,0.028,1.0714445680608773,-1.806822344831702e-05,2.1664445099215697,0.9444254975710935
25.200000000000003,0.028,1.0710226825472269,-1.7778095100421405e-05,2.137717715627596,0.9457431149995914
25.400000000000002,0.028,1.0706086381183375,-1.7487318202317774e-05,2.108986563407526,0.9470323811248578
25.6,0.028,1.0702024460285402,-1.7195918594851396e-05,2.080250888426621,0.9482938834712782
25.8,0.028,1.069804115690454,-1.690392550008792e-05,2.051510529417754,0.9495281962955545
26.0,0.028,1.0694136544036987,-1.6611372094450518e-05,2.0227653293585415,0.9507358807928071
26.200000000000003,0.028,1.0690310670517797,-1.6318296115220765e-05,1.9940151362305094,0.9519174853151052
26.400000000000002,0.028,1.0686563557665132,-1.6024740542674025e-05,1.9652598038616451,0.9530735456026188
26.6,0.028,1.0682895195598368,-1.5730754350474037e-05,1.9364991928532203,0.9542045850273099
26.8,0.028,1.0679305539242612,-1.5436393275445713e-05,1.9077331715887915,0.955311114848809
27.0,0.028,1.0675794504039484,-1.5141720685175441e-05,1.8789616173204062,0.9563936344818557
27.200000000000003,0.028,1.067236196139961,-1.4846808431390561e-05,1.850184417324927,0.9574526317744407
27.400000000000002,0.028,1.0669007733944669,-1.4551737729555576e-05,1.8214014701188035,0.9584885832955531
27.6,0.028,1.0665731590603824,-1.4256600055844626e-05,1.7926126867171193,0.9595019546312412
27.8,0.028,1.0662533241645062,-1.3961497996652456e-05,1.7638179919176236,0.9604932006875306
28.0,0.028,1.0659412333736304,-1.366654604594173e-05,1.735017325587636,0.9614627659985957
28.200000000000003,0.028,1.0656368445150257,-1.3371871309048259e-05,1.7062106439272822,0.9624110850385075
28.400000000000002,0.028,1.0653401081236675,-1.3077614102918569e-05,1.6773979206785954,0.9633385825347999
28.6,0.028,1.0650509670300614,-1.2783928385512143e-05,1.648579148248386,0.9642456737820971
28.8,0.028,1.0647693560032876,-1.249098198820668e-05,1.6197543387084004,0.965132764954045
29.0,0.028,1.0644952014642282,-1.2198956617780264e-05,1.5909235246368172,0.9660002534118531
29.200000000000003,0.028,1.0642284212842452,-1.1908047602584521e-05,1.5620867597636503,0.9668485280078364
29.400000000000002,0.028,1.063968924683647,-1.1618463307749441e-05,1.5332441193837483,0.9676779693824503
29.6,0.028,1.0637166122433668,-1.1330424258538157e-05,1.504395700504569,0.9684889502534598
29.8,0.028,1.06347137604142,-1.1044161883693626e-05,1.4755416216981148,0.9692818356960238
30.0,0.028,1.0632330999233468,-1.0759916917613893e-05,1.4466820226339216,0.9700569834126571
30.200000000000003,0.028,1.063001659912682,-1.0477937440336545e-05,1.417817063274846,0.9708147439921985
30.400000000000002,0.028,1.0627769247643624,-1.0198476557412564e-05,1.3889469227280788,0.9715554611571054
30.6,0.028,1.0625587566594092,-9.921789772313063e-06,1.3600717977496086,0.9722794719985649
30.8,0.028,1.0623470120360374,-9.648132062936355e-06,1.3311919009152753,0.9729871071990945
31.0,0.028,1.062141542546505,-9.377754727560322e-06,1.3023074584748413,0.9736786912424789
31.200000000000003,0.028,1.061942196127043,-9.110902048147728e-06,1.273418707925512,0.9743545426110328
31.400000000000002,0.028,1.0617488181610522,-8.847807881198137e-06,1.2445258953367793,0.9750149739703396
31.6,0.028,1.0615612527167004,-8.588692192714347e-06,1.2156292724874005,0.9756602923417348
31.8,0.028,1.0613793438311172,-8.333757712342556e-06,1.1867290938529926,0.9762907992629171
32.0,0.028,1.0612029368198634,-8.083186698307964e-06,1.1578256135297276,0.9769067909371743
32.2,0.028,1.0610318795771534,-7.837138015357165e-06,1.1289190821233872,0.9775085583717681
32.4,0.028,1.0608660238494896,-7.5957444643391235e-06,1.100009743717719,0.9780963875061154
32.6,0.028,1.0607052264413004,-7.359110629123608e-06,1.0710978329150624,0.9786705593304114
32.800000000000004,0.028,1.0605493503490901,-7.127311066138725e-06,1.0421835721086603,0.9792313499954024
33.0,0.028,1.0603982657710467,-6.900389189237276e-06,1.0132671688954833,0.9797790309140042
33.2,0.028,1.0602518510184056,-6.678356452538712e-06,0.9843488138829817,0.980313868855488
33.4,0.028,1.060109993248435,-6.4611924972087185e-06,0.9554286786244984,0.9808361260329204
33.6,0.028,1.0599725891046379,-6.248845274918235e-06,0.9265069141470879,0.9813460601845654
33.800000000000004,0.028,1.0598395451177103,-6.041232568051277e-06,0.8975836494492291,0.9818439246498634
34.0,0.028,1.0597107780737436,-5.838242770991053e-06,0.8686589909068607,0.9823299684406727
34.2,0.028,1.0595862150452526,-5.6397379590892135e-06,0.8397330212126259,0.9828044363082719
34.4,0.028,1.0594657935487592,-5.445554607118593e-06,0.8108057998543382,0.9832675688067894
34.6,0.028,1.0593494611585026,-5.2555087231037254e-06,0.7818773621242721,0.9837196023533832
34.800000000000004,0.028,1.0592371756061487,-5.069395057458164e-06,0.7529477210639303,0.9841607692858836
35.0,0.028,1.0591289038583518,-4.886995746152338e-06,0.7240168657160331,0.98459129791793
35.2,0.028,1.05902462247395,-4.70807504552458e-06,0.6950847654912707,0.9850114125925239
35.4,0.028,1.0589243158216117,-4.532395170949848e-06,0.6661513658904984,0.9854213337334997
35.6,0.028,1.058827977347517,-4.359700226486716e-06,0.6372165976134189,0.9858212778963972
35.800000000000004,0.028,1.0587356061127402,-4.189748111237258e-06,0.6082803658815635,0.9862114578172139
36.0,0.028,1.0586472103769697,-4.022269570727122e-06,0.5793425697735763,0.9865920824618275
36.2,0.028,1.0585628004883347,-3.857036896775995e-06,0.5504030765141796,0.9869633570724731
36.4,0.028,1.0584823979033045,-3.693766329168422e-06,0.5214617637630601,0.9873254832169753
36.6,0.028,1.0584060198466978,-3.5322711821017468e-06,0.49251845934756894,0.9876786588326987
36.800000000000004,0.028,1.0583337008039104,-3.3722354327628373e-06,0.4635730357429082,0.9880230782772639
37.0,0.028,1.0582654584282036,-3.2135600209034744e-06,0.43462527087390096,0.988358932368583
37.2,0.028,1.0582013434621371,-3.055843567616279e-06,0.40567506159882216,0.988686408439929
37.4,0.028,1.0581413628949754,-2.8991690828637025e-06,0.37672210461424377,0.9890056903725127
37.6,0.028,1.0580855945255048,-2.742919545062797e-06,0.347766381120321,0.9893169586605464
37.800000000000004,0.028,1.0580340128633086,-2.58756548872101e-06,0.3188074283342319,0.9896203904284828
38.0,0.028,1.0579867504005351,-2.431972486092441e-06,0.28984544106926813,0.989916159517771
38.2,0.028,1.057943702808533,-2.277457103200603e-06,0.26087961318132263,0.9902044364718591
38.400000000000006,0.028,1.057905122528267,-2.121682050092688e-06,0.23191063970136944,0.9904853886692518
38.6,0.028,1.057870724351329,-1.967840248716538e-06,0.20293694942703563,0.9907591802405171
38.800000000000004,0.028,1.0578410302005439,-1.8108455684130876e-06,0.17396037982028079,0.9910259722994961
39.0,0.028,1.0578153463562519,-1.6580890546874472e-06,0.14497763782802198,0.9912859227168128
39.2,0.028,1.057794802795502,-1.498369991864687e-06,0.11599314674520288,0.9915391865540952
39.400000000000006,0.028,1.0577777861632593,-1.3485975999942345e-06,0.08699973304243386,0.9917859155285382
39.6,0.028,1.057766751461913,-1.1588150639993309e-06,0.05800765568538552,0.9920262596639733
39.800000000000004,0.028,1.0577576447847379,-5.279617149632154e-07,0.029000921806122126,0.9922602411196256
40.0,0.028,1.0577576447847379,0.0,0.0,0.9922602411196256
0.0,0.03,1.0,0.0,6.08794159420302,0.0
0.2,0.03,1.1047408092099322,0.010679029462316345,6.08794159420302,0.015842220217236025
0.4,0.03,1.1825389556366794,0.005240492831008547,5.825133314493489,0.038284280086721544
0.6000000000000001,0.03,1.1901024385064882,0.003607747420359666,5.855057056500795,0.06570573562201351
0.8,0.03,1.212425174021192,0.002571510851557861,5.741279619166972,0.09426153697705483
1.0,0.03,1.2127345631258764,0.0020212702522185103,5.7273974247535815,0.12284490351046431
1.2000000000000002,0.03,1.2189731726730548,0.0015379423696435196,5.661972359768549,0.14996278788369533
1.4000000000000001,0.03,1.217659468334637,0.0012404418372600294,5.633242109037436,0.1755347572386319
1.6,0.03,1.2186954933830572,0.0009730868011602515,5.586538104554961,0.1992845138384295
1.8,0.03,1.2171137098781277,0.0007909049873998207,5.553888769265492,0.22143247360588808
2.0,0.03,1.216482118234406,0.0006306637966777125,5.51523651520708,0.24206317371999525
2.2,0.03,1.2149512443422865,0.0005129301212941598,5.482243521289739,0.2614041746209032
2.4000000000000004,0.03,1.2138169407047825,0.00041160533473495254,5.447453436853835,0.27959950024046387
2.6,0.03,1.21238484112909,0.00033334378697483724,5.415104222582882,0.29682168167340967
2.8000000000000003,0.03,1.2111268489997515,0.00026700694295401985,5.382382298054745,0.31319418883671196
3.0,0.03,1.2097798428271804,0.00021417728623365325,5.350811598234095,0.3288366724859543
3.2,0.03,1.2085151754335162,0.00016981820846565722,5.319307996475572,0.3438397759901104
3.4000000000000004,0.03,1.207231873760099,0.00013386183563860528,5.288405358732277,0.3582839453218797
3.6,0.03,1.2059915584612282,0.00010384462207132273,5.257672250511152,0.37223209595905393
3.8000000000000003,0.03,1.2047547639514449,7.927598815256569e-05,5.227284717160837,0.38573785414676937
4.0,0.03,1.2035431440754008,5.884143186812931e-05,5.197062454851735,0.39884403498746174
4.2,0.03,1.2023408518569598,4.203517715516965e-05,5.1670551722573235,0.4115865219348797
4.4,0.03,1.2011551295190592,2.8095035285807812e-05,5.137182027436892,0.4239944358920078
4.6000000000000005,0.03,1.1999793000134198,1.660619241712281e-05,5.107450420062233,0.43609211226656075
4.800000000000001,0.03,1.1988153841729874,7.091926472026425e-06,5.07782076920738,0.4478996473250525
5.0,0.03,1.1976599918324824,-7.710046328799121e-07,5.048288051195261,0.45943408123000895
5.2,0.03,1.1965130228511653,-7.301327401500891e-06,5.018830993675157,0.4707098469047536
5.4,0.03,1.1953736678200515,-1.2702529710944246e-05,4.989442264899392,0.48173880144351316
5.6000000000000005,0.03,1.1942422052154023,-1.7152102966057553e-05,4.960109385008823,0.4925310930350906
5.800000000000001,0.03,1.1931180828829009,-2.08053546924872e-05,4.930826118877379,0.5030955406924014
6.0,0.03,1.192001219537506,-2.3802228113826944e-05,4.901584825849745,0.5134398720067986
6.2,0.03,1.1908912691657416,-2.625374751742916e-05,4.872380671977513,0.5235709470919433
6.4,0.03,1.189788089619892,-2.82542694742978e-05,4.843208700642926,0.5334949184741881
6.6000000000000005,0.03,1.1886914613870547,-2.9880171472997563e-05,4.814065352057383,0.5432173690693896
6.800000000000001,0.03,1.187601260980283,-3.119569597177363e-05,4.784947301554477,0.552743415686962
7.0,0.03,1.1865173515819094,-3.225344161802091e-05,4.755851984910439,0.5620777953753532
7.2,0.03,1.185439645867969,-3.3097389433928286e-05,4.7267771203470685,0.5712249318454301
7.4,0.03,1.1843680624106419,-3.37637713777629e-05,4.6977208737837435,0.5801889897599073
7.6000000000000005,0.03,1.1833025475333065,-3.4282781109151326e-05,4.66868165098276,0.588973917106278
7.800000000000001,0.03,1.1822430572318818,-3.467937374146676e-05,4.639658137098685,0.5975834794500388
8.0,0.03,1.1811895641136465,-3.497430400069769e-05,4.610649199277446,0.6060212869145204
8.200000000000001,0.03,1.1801420494736754,-3.5184753857195154e-05,4.581653885836579,0.6142908158749252
8.4,0.03,1.1791005050277332,-3.532499513302557e-05,4.552671376483629,0.6223954261592014
8.6,0.03,1.1780649291967453,-3.540685135854576e-05,4.523700971193662,0.6303383748635943
8.8,0.03,1.1770353271678506,-3.544013494211541e-05,4.494742062478355,0.6381228273782289
9.0,0.03,1.1760117089982194,-3.5432977022815e-05,4.465794123756247,0.6457518662686723
9.200000000000001,0.03,1.1749940892219348,-3.53921216155863e-05,4.436856692722461,0.6532284984228323
9.4,0.03,1.1739824857821248,-3.532315740883086e-05,4.407929361838854,0.6605556608502797
9.600000000000001,0.03,1.1729769195879352,-3.523071773113626e-05,4.379011767812635,0.6677362254032064
9.8,0.03,1.171977413868676,-3.511864176499947e-05,4.3501035844941445,0.6747730026545792
10.0,0.03,1.1709839938102367,-3.499011122394552e-05,4.32120451600268,0.6816687451061794
10.200000000000001,0.03,1.1699966861531572,-3.4847761931868246e-05,4.2923142916488075,0.6884261498709802
10.4,0.03,1.1690155189270792,-3.469377755087723e-05,4.2634326613584985,0.6950478609388718
10.600000000000001,0.03,1.168040521192729,-3.452996673373005e-05,4.234559392117167,0.701536471114516
10.8,0.03,1.1670717228518057,-3.435782753846607e-05,4.205694264883142,0.7078945236953694
11.0,0.03,1.1661091544726412,-3.41786006418139e-05,4.176837072118432,0.7141245139444222
11.200000000000001,0.03,1.1651528471527248,-3.399331365761819e-05,4.1479876156883835,0.7202288903998013
11.4,0.03,1.1642028323971596,-3.38028176924031e-05,4.119145705156007,0.7262100560547461
11.600000000000001,0.03,1.1632591420203355,-3.360781777152373e-05,4.090311156348715,0.7320703694340155
11.8,0.03,1.162321808061479,-3.340889800545058e-05,4.061483790185336,0.737812145587287
12.0,0.03,1.1613908627156118,-3.320654239215262e-05,4.032663431698429,0.743437657015649
12.200000000000001,0.03,1.1604663382751412,-3.300115212778986e-05,4.003849909229975,0.7489491345437949
12.4,0.03,1.159548267081549,-3.2793059897992175e-05,3.9750430537642645,0.75434876814781
12.600000000000001,0.03,1.1586366814848168,-3.258254171131684e-05,3.9462426983778123,0.7596387077463029
12.8,0.03,1.1577316138096845,-3.2369826708924775e-05,3.9174486777839967,0.7648210639609122
13.0,0.03,1.1568330963276972,-3.2155105270576e-05,3.8886608279581187,0.7698979088509403
13.200000000000001,0.03,1.155941161234249,-3.193853575512048e-05,3.8598789858274487,0.7748712766258128
13.4,0.03,1.1550558406297322,-3.172025000659144e-05,3.8311029890167507,0.7797431643382593
13.600000000000001,0.03,1.1541771665045581,-3.150035799753058e-05,3.802332675638898,0.7845155325604711
13.8,0.03,1.1533051707271331,-3.127895158252302e-05,3.7735678841229783,0.7891903060450253
14.0,0.03,1.1524398850346291,-3.105610765617866e-05,3.744808453074145,0.7937693743719437
14.200000000000001,0.03,1.1515813410259028,-3.08318907768467e-05,3.7160542211585192,0.7982545925829856
14.4,0.03,1.150729570155983,-3.060635526192842e-05,3.6873050270098906,0.8026477818040341
14.600000000000001,0.03,1.1498846037318737,-3.037954703992081e-05,3.658560709153047,0.8069507298562479
14.8,0.03,1.149046472908731,-3.0151505084882105e-05,3.6298211059406906,0.8111651918565423
15.0,0.03,1.1482152086862671,-2.9922262647613418e-05,3.601086055501477,0.8152928908078286
15.200000000000001,0.03,1.1473908419048204,-2.9691848321092278e-05,3.572355395695629,0.8193355181793863
15.4,0.03,1.1465734032409314,-2.9460286828462246e-05,3.5436289640782133,0.8232947344776852
15.600000000000001,0.03,1.1457629232027866,-2.9227599741702315e-05,3.5149065978671734,0.827172169807894
15.8,0.03,1.1449594321254442,-2.899380606697281e-05,3.486188133916796,0.830969424426322
16.0,0.03,1.1441629601665535,-2.87589226736963e-05,3.45747340869563,0.8346880692839761
16.2,0.03,1.1433735373027403,-2.852296470083401e-05,3.428762258268627,0.8383296465614121
16.400000000000002,0.03,1.1425911933268185,-2.828594583348195e-05,3.400054518283458,0.8418956701950113
16.6,0.03,1.1418159578460125,-2.8047878554185183e-05,3.371350023960444,0.8453876263948265
16.8,0.03,1.1410478602808762,-2.7808774372321463e-05,3.342648610084929,0.8488069741540697
17.0,0.03,1.140286929864735,-2.7568643967886795e-05,3.313950111002619,0.8521551457503381
17.2,0.03,1.1395331956433254,-2.7327497356186486e-05,3.2852543606154203,0.8554335472385999
17.400000000000002,0.03,1.138786686474255,-2.7085344008261346e-05,3.2565611923793973,0.8586435589359709
17.6,0.03,1.1380474310263897,-2.684219296335536e-05,3.2278704393023516,0.8617865358982578
17.8,0.03,1.137315457778818,-2.659805290258123e-05,3.1991819339424308,0.8648638083882197
18.0,0.03,1.1365907950197336,-2.63529322383593e-05,3.1704955084071815,0.8678766823354667
18.2,0.03,1.1358734708450622,-2.6106839169334513e-05,3.141810994352345,0.8708264397878904
18.400000000000002,0.03,1.1351635131570041,-2.5859781720127694e-05,3.113128222981887,0.8737143393544554
18.6,0.03,1.1344609496625284,-2.5611767781337164e-05,3.084447025047684,0.8765416166391978
18.8,0.03,1.1337658078718007,-2.536280516727217e-05,3.0557672308500767,0.8793094846661774
19.0,0.03,1.1330781150965286,-2.511290160024277e-05,3.0270886702383484,0.8820191342951488
19.200000000000003,0.03,1.1323978984482452,-2.4862064757248666e-05,2.9984111726118536,0.8846717346276418
19.400000000000002,0.03,1.1317251848364986,-2.4610302302485053e-05,2.9697345669210615,0.8872684334031312
19.6,0.03,1.1310600009668998,-2.4357621870774755e-05,2.9410586816693707,0.8898103573849322
19.8,0.03,1.1304023733391666,-2.410403109786443e-05,2.912383344914981,0.8922986127354425
20.0,0.03,1.1297523282449653,-2.384953763172004e-05,2.8837083842733056,0.8947342853803273
20.200000000000003,0.03,1.129109891765637,-2.359414914367325e-05,2.8550336269201075,0.8971184413612391
20.400000000000002,0.03,1.1284750897697426,-2.3337873315831015e-05,2.8263588995949407,0.8994521271766698
20.6,0.03,1.127847947910247,-2.3080717871298368e-05,2.797684028605628,0.90173637011054
20.8,0.03,1.127228491621455,-2.2822690579917885e-05,2.769008839833573,0.9039721785481654
21.0,0.03,1.1266167461154466,-2.2563799251434744e-05,2.7403331587400577,0.906160542279289
21.200000000000003,0.03,1.1260127363780073,-2.2304051752241217e-05,2.711656810374542,0.9083024327879217
21.400000000000002,0.03,1.1254164871639698,-2.204345601114103e-05,2.6829796193843687,0.9103988035288142
21.6,0.03,1.1248280229916687,-2.1782020019915277e-05,2.654301410027365,0.9124505901904955
21.8,0.03,1.1242473681365093,-2.151975186289906e-05,2.6256220061873443,0.9144587109449054
22.0,0.03,1.1236745466231481,-2.1256659706779664e-05,2.5969412313932274,0.9164240666837979
22.200000000000003,0.03,1.1231095822160293,-2.0992751817234866e-05,2.5682589088431196,0.9183475412422308
22.400000000000002,0.03,1.122552498407812,-2.0728036609250616e-05,2.5395748614335627,0.9202300016096121
22.6,0.03,1.122003318404891,-2.046252264415113e-05,2.5108889117957855,0.9220722981289527
22.8,0.03,1.1214620651096356,-2.0196218673516402e-05,2.4822008823401345,0.9238752646851294
23.0,0.03,1.1209287610982814,-1.992913368765043e-05,2.4535105953100573,0.9256397188831599
23.200000000000003,0.03,1.12040342859366,-1.966127697178157e-05,2.4248178728486267,0.9273664622176363
23.400000000000002,0.03,1.1198860894318012,-1.939265814928023e-05,2.3961225370788997,0.9290562802346489
23.6,0.03,1.1193767650210253,-1.912328728910488e-05,2.367424410201956,0.9307099426876667
23.8,0.03,1.1188754762924846,-1.885317497084868e-05,2.3387233146156867,0.932328203688971
24.0,0.03,1.11838224364049,-1.8582332413857307e-05,2.3100190730576644,0.9339118018583515
24.200000000000003,0.03,1.1178970868510496,-1.831077160136059e-05,2.281311508777508,0.935461460470842
24.400000000000002,0.03,1.1174200250168749,-1.803850542551734e-05,2.252600445742134,0.9369778876053169
24.6,0.03,1.1169510764367325,-1.7765547890622818e-05,2.2238857088804043,0.9384617762957815
24.8,0.03,1.116490258497289,-1.749191431024642e-05,2.195167124371919,0.9399138046871506
25.0,0.03,1.116037587534931,-1.721762156766531e-05,2.1664445199858577,0.9413346361972408
25.200000000000003,0.03,1.115593078675487,-1.6942688413985795e-05,2.137717725476621,0.9427249196865893
25.400000000000002,0.03,1.115156745649445,-1.6667135801683312e-05,2.1089865730411126,0.9440852896375612
25.6,0.03,1.1147286005803205,-1.6390987295413735e-05,2.0802508978446785,0.9454163663440265
25.8,0.03,1.114308653744323,-1.611426948961466e-05,2.05151053862027,0.9467187561126573
26.0,0.03,1.1138969132992889,-1.5837012534791382e-05,2.022765338345607,0.9479930514766677
26.200000000000003,0.03,1.1134933849816209,-1.5559250697103564e-05,1.99401514500232,0.9492398314225351
26.400000000000002,0.03,1.1130980717705055,-1.5281022979007486e-05,1.9652598124185305,0.9504596616299764
26.6,0.03,1.1127109735192016,-1.5002373805151996e-05,1.9364992011956548,0.9516530947251528
26.8,0.03,1.1123320865545179,-1.4723353729994695e-05,1.9077331797174233,0.9528206705467966
27.0,0.03,1.1119614032463756,-1.4444020252741203e-05,1.8789616252360555,0.9539629164246679
27.200000000000003,0.03,1.1115989115508536,-1.4164438596592976e-05,1.850184425028639,0.9550803474694878
27.400000000000002,0.03,1.1112445945313623,-1.3884682539421323e-05,1.8214014776118437,0.9561734668732468
27.6,0.03,1.1108984298642834,-1.3604835256690883e-05,1.7926126940010054,0.957242766218572
27.8,0.03,1.1105603893369527,-1.332499013198906e-05,1.763817998994158,0.9582887257956557
28.0,0.03,1.1102304383473294,-1.3045251520409134e-05,1.7350173324589113,0.9593118149250883
28.200000000000003,0.03,1.109908535416577,-1.2765735426716313e-05,1.70621065059571,0.960312492284842
28.400000000000002,0.03,1.1095946317267933,-1.2486570123216854e-05,1.6773979271469246,0.9612912062395721
28.6,0.03,1.1092886706976064,-1.2207896579299798e-05,1.6485791545197142,0.9622483951703823
28.8,0.03,1.1089905876161816,-1.1929868752868018e-05,1.6197543447861873,0.9631844878031957
29.0,0.03,1.1087003093355265,-1.1652653652383259e-05,1.590923530524894,0.9640999035339399
29.200000000000003,0.03,1.10841775405637,-1.1376431173605244e-05,1.5620867654662138,0.964995052748821
29.400000000000002,0.03,1.1081428312069976,-1.1101393649175488e-05,1.533244124905361,0.9658703371380782
29.6,0.03,1.1078754414345968,-1.082774511112217e-05,1.5043957058501438,0.9667261500017508
29.8,0.03,1.1076154767198563,-1.0555700218216839e-05,1.4755416268729,0.9675628765461454
30.0,0.03,1.1073628206243227,-1.028548286568905e-05,1.446682027643471,0.9683808941698652
30.200000000000003,0.03,1.1071173486768975,-1.0017324446611724e-05,1.41781706812498,0.9691805727384505
30.400000000000002,0.03,1.1068789289028313,-9.751461787945208e-06,1.388946927424849,0.9699622748468719
30.6,0.03,1.1066474224940654,-9.488134775543944e-06,1.3600718022992424,0.9707263560693027
30.8,0.03,1.10642268461664,-9.227583704977145e-06,1.3311919053241248,0.971473165195792
31.0,0.03,1.1062045653451507,-8.970046403726233e-06,1.30230746274931,0.9722030444556375
31.200000000000003,0.03,1.105992910712193,-8.715755150587905e-06,1.2734187120719986,0.9729163297274244
31.400000000000002,0.03,1.1057875638537502,-8.464933519103504e-06,1.2445258993616066,0.9736133507358534
31.6,0.03,1.1055883662322152,-8.21779314537371e-06,1.215629276396733,0.9742944312356238
31.8,0.03,1.105395158910007,-7.974530582059757e-06,1.1867290976527802,0.9749598891827501
32.0,0.03,1.1052077838528394,-7.735324223279673e-06,1.157825617225624,0.9756100368938136
32.2,0.03,1.1050260852288718,-7.500331497498511e-06,1.1289190857206928,0.9762451811937067
32.4,0.03,1.104849910686339,-7.269686286072091e-06,1.100009747221317,0.9768656235525303
32.6,0.03,1.104679112569109,-7.0434967783796854e-06,1.0710978363293666,0.9774716602123222
32.800000000000004,0.03,1.1045135490658413,-6.82184364393295e-06,1.0421835754375681,0.9780635823043555
33.0,0.03,1.104353085240931,-6.604778827783265e-06,1.013267172142346,0.9786416759577341
33.2,0.03,1.1041975939714044,-6.392324618432859e-06,0.9843488170505756,0.979206222400053
33.4,0.03,1.104046956711979,-6.184473605033901e-06,0.9554286817150152,0.9797574980508423
33.6,0.03,1.1039010641693774,-5.981188608304378e-06,0.9265069171621202,0.980295774608542
33.800000000000004,0.03,1.103759816744571,-5.782403927734991e-06,0.8975836523897908,0.980821319131665
34.0,0.03,1.1036231249401824,-5.5880258888103806e-06,0.8686589937733902,0.9813343941148609
34.2,0.03,1.1034909094403227,-5.397935566319184e-06,0.8397330240050227,0.9818352575604311
34.4,0.03,1.1033631013071865,-5.21198928723389e-06,0.8108058025719823,0.9823241630459654
34.6,0.03,1.1032396416505945,-5.030023343830289e-06,0.7818773647660842,0.9828013597884983
34.800000000000004,0.03,1.1031204817585238,-4.8518530881840486e-06,0.7529477236283776,0.983267092705865
35.0,0.03,1.1030055822408127,-4.677281024750242e-06,0.7240168682012387,0.9837216024754
35.2,0.03,1.1028949133955162,-4.506091699002477e-06,0.6950847678949685,0.9841651255907967
35.4,0.03,1.1027884535154058,-4.3380666759748845e-06,0.666151368210226,0.9845978944168464
35.6,0.03,1.1026861901172087,-4.1729692036240506e-06,0.6372165998463545,0.9850201372432673
35.800000000000004,0.03,1.1025881166235252,-4.010574517034497e-06,0.6082803680249008,0.985432078336549
36.0,0.03,1.1024942358054879,-3.850630902253779e-06,0.5793425718240732,0.9858339379919933
36.2,0.03,1.1024045529520086,-3.692925021071841e-06,0.5504030784689591,0.9862259325832604
36.4,0.03,1.1023190845234114,-3.5371891536223504e-06,0.521461765618508,0.9866082746138001
36.6,0.03,1.1022378434094002,-3.383246834352426e-06,0.4925184611010934,0.9869811727640984
36.800000000000004,0.03,1.1021608595517507,-3.2307976481421503e-06,0.46357303739037536,0.987344831943923
37.0,0.03,1.1020881471885495,-3.07974655148692e-06,0.4346252724135851,0.9876994533363526
37.2,0.03,1.1020197527693774,-2.9297102440026215e-06,0.4056750630255135,0.9880452344531047
37.4,0.03,1.1019556811465072,-2.780765211709127e-06,0.37672210592819527,0.98838236917276
37.6,0.03,1.1018960055529374,-2.632321742882543e-06,0.3477663823138092,0.9887110478034852
37.800000000000004,0.03,1.1018407004104485,-2.4848235249988065e-06,0.31880742941185103,0.9890314571095722
38.0,0.03,1.1017898921634945,-2.337187903059048e-06,0.2898454420174005,0.9893437803903807
38.2,0.03,1.1017434801886947,-2.190662003124758e-06,0.26087961401411663,0.9896481974825302
38.400000000000006,0.03,1.1017017066759025,-2.043018923106415e-06,0.2319106403915929,0.9899448848735264
38.6,0.03,1.1016642978863398,-1.8972890265703217e-06,0.2029369500100557,0.9902340156528326
38.800000000000004,0.03,1.1016317551874544,-1.7486318316732737e-06,0.17396038023781674,0.9905157596989591
39.0,0.03,1.1016034131036352,-1.604069066925296e-06,0.14497763816290046,0.9907902835229637
39.2,0.03,1.101580357024103,-1.4529451424994527e-06,0.11599314687026689,0.9910577506067206
39.400000000000006,0.03,1.1015610384254617,-1.3111267353185574e-06,0.08699973314563976,0.9913183210201655
39.6,0.03,1.1015478173671494,-1.128508935727533e-06,0.05800765514651217,0.9915721528291165
39.800000000000004,0.03,1.1015369576972287,-5.149930971494446e-07,0.029000915735829844,0.9918192719825368
40.0,0.03,1.1015369576972287,0.0,0.0,0.9918192719825368
0.0,0.032,1.0,0.0,6.087835776929059,0.0
0.2,0.032,1.108524657901392,0.009694259067089149,6.087835776929059,0.011330178463650666
0.4,0.032,1.1908327272727481,0.004834959276809257,5.825192963213081,0.028488981258980105
0.6000000000000001,0.032,1.2040325973384676,0.0033813095202138905,5.855072743485884,0.050549211005915036
0.8,0.032,1.231181052900849,0.0024472612376896428,5.741288778595606,0.07454966349332129
1.0,0.032,1.2360648693359035,0.001944235049382551,5.7274012502436324,0.09943679815885624
1.2000000000000002,0.032,1.2459334549089052,0.0014951497856886139,5.661975887076985,0.12378531035669789
1.4000000000000001,0.032,1.2477681778697738,0.001213408251837741,5.633243818169898,0.14732288231387958
1.6,0.032,1.2512861623365548,0.0009582120423420605,5.586539812036992,0.169660143969371
1.8,0.032,1.2517907844475078,0.0007815864684659888,5.553889733266386,0.19086258804399134
2.0,0.032,1.2528219118025399,0.0006258245067517204,5.515237448827282,0.21091812541449093
2.2,0.032,1.2526716475430313,0.0005101877141863976,5.4822441268493245,0.22996114804510706
2.4000000000000004,0.032,1.252649011687946,0.00041061540204445385,5.447453996024796,0.24807384491310258
2.6,0.032,1.252133792445439,0.0003332290641808804,5.4151046250818995,0.2653752496027079
2.8000000000000003,0.032,1.2516181444012633,0.0002676424799935104,5.382382656644683,0.2819512428599311
3.0,0.032,1.2508798365501514,0.00021522839411910726,5.350811875182301,0.2978903939742558
3.2,0.032,1.250108168976994,0.00017122965013981984,5.319308238299511,0.3132605727460441
3.4000000000000004,0.032,1.2492261988871807,0.000135497889886361,5.288405554246301,0.3281238210686343
3.6,0.032,1.2483093719392795,0.00010567458605026205,5.257672419905388,0.34252921012360754
3.8000000000000003,0.032,1.2473331525422446,8.123957879518096e-05,5.227284858398018,0.3565193365150713
4.0,0.032,1.24632926232901,6.091862054530295e-05,5.197062577330018,0.37012860108839196
4.2,0.032,1.245291517834869,4.4195851617352544e-05,5.167055276707227,0.3833862555394221
4.4,0.032,1.2442343097802164,3.032533641428661e-05,5.1371821186297595,0.39631633463860233
4.6000000000000005,0.032,1.2431573998035446,1.8889991718029025e-05,5.107450499308679,0.40893920351661456
4.800000000000001,0.032,1.2420678554435136,9.421640684762355e-06,5.0778208391516895,0.4212719076104971
5.0,0.032,1.2409667633110988,1.5994195655721144e-06,5.0482881132071,0.4333290870734603
5.2,0.032,1.2398573136888988,-4.896159597963296e-06,5.018831049703843,0.44512347797114427
5.4,0.032,1.2387413299699384,-1.0273357375152496e-05,4.989442315791356,0.45666572677956535
5.6000000000000005,0.032,1.2376215653962528,-1.4706844963816451e-05,4.96010943142528,0.46796493263021366
5.800000000000001,0.032,1.2364995233251364,-1.8350053048937177e-05,4.930826161470277,0.4790291562724608
6.0,0.032,1.2353768014485174,-2.1341285197927677e-05,4.901584865299772,0.4898655863422137
6.2,0.032,1.234254452972825,-2.379069027529179e-05,4.872380708790049,0.500480709389692
6.4,0.032,1.233133487827073,-2.5791802507734295e-05,4.843208735264748,0.5108804317954387
6.6000000000000005,0.032,1.2320146451536786,-2.7420500032797766e-05,4.814065384836228,0.5210701872912121
6.800000000000001,0.032,1.2308985937554602,-2.8740576548736266e-05,4.784947332789078,0.5310550179781991
7.0,0.032,1.2297858553586491,-2.9804327491931612e-05,4.7558520148399035,0.5408396427870904
7.2,0.032,1.2286768879289554,-3.0655468944177574e-05,4.726777149173503,0.5504285103959252
7.4,0.032,1.2275720629496776,-3.133003862603685e-05,4.697720901671404,0.5598258428626324
7.6000000000000005,0.032,1.2264717021285088,-3.1858063566443246e-05,4.668681678069199,0.5690356698630685
7.800000000000001,0.032,1.225376073116208,-3.226436996198347e-05,4.639658163496594,0.5780618565785575
8.0,0.032,1.2242854069657825,-3.2569603264712056e-05,4.610649225080668,0.5869081258024008
8.200000000000001,0.032,1.2231998994990072,-3.279085813944413e-05,4.5816539111223,0.5955780758534868
8.4,0.032,1.2221197203995118,-3.2942333000999175e-05,4.552671401315882,0.6040751948889399
8.6,0.032,1.2210450158175508,-3.3035791683619436e-05,4.523700995625196,0.6124028724998635
8.8,0.032,1.219975913544549,-3.308099665573651e-05,4.494742086552837,0.6205644090508886
9.0,0.032,1.2189125254403623,-3.3086038054413666e-05,4.465794147509619,0.6285630232800945
9.200000000000001,0.032,1.217854950577813,-3.305762568212736e-05,4.436856716184407,0.6364018584822682
9.4,0.032,1.2168032771399342,-3.300131997087153e-05,4.407929385033779,0.6440839875865491
9.600000000000001,0.032,1.2157575844177353,-3.292173070458523e-05,4.379011790760614,0.6516124173437755
9.8,0.032,1.2147179442001257,-3.282267754653611e-05,4.350103607211649,0.6589900918140876
10.0,0.032,1.2136844220915288,-3.270732595299111e-05,4.321204538503234,0.6662198952944681
10.200000000000001,0.032,1.212657078508318,-3.257829825412745e-05,4.292314313943424,0.67330465480398
10.4,0.032,1.2116359695699692,-3.24377668733342e-05,4.263432683456189,0.6802471422157692
10.600000000000001,0.032,1.210621147801521,-3.228753110789895e-05,4.234559414025239,0.6870500761088076
10.8,0.032,1.2096126627384332,-3.212908122853355e-05,4.205694286607514,0.6937161233955259
11.0,0.032,1.208610561411556,-3.196365139065436e-05,4.176837093663855,0.7002479007706035
11.200000000000001,0.032,1.2076148887554123,-3.179226375963102e-05,4.147987637058659,0.706647976016085
11.4,0.032,1.2066256879388804,-3.161576486476208e-05,4.1191457263541436,0.7129188691909696
11.600000000000001,0.032,1.2056430006411853,-3.1434855888011496e-05,4.090311177377083,0.7190630537273123
11.8,0.032,1.2046668672774312,-3.125011767303179e-05,4.061483811045742,0.7250829574503633
12.0,0.032,1.2036973271861025,-3.106203147051962e-05,4.032663452392242,0.730980963536581
12.200000000000001,0.032,1.2027344187829996,-3.087099611014645e-05,4.00384992975819,0.7367594114204629
12.4,0.032,1.2017781796886098,-3.067734226430644e-05,3.9750430741275973,0.7424205976588494
12.600000000000001,0.032,1.2008286468328844,-3.048134420202267e-05,3.946242718576704,0.7479667767595615
12.8,0.032,1.1998858565417017,-3.028322955867549e-05,3.917448697818697,0.7534001619797742
13.0,0.032,1.1989498446083164,-3.0083187393154437e-05,3.8886608478286977,0.7587229260984282
13.200000000000001,0.032,1.1980206463525864,-2.9881374901978745e-05,3.859879005533849,0.7639372021660717
13.4,0.032,1.1970982966700527,-2.967792290264033e-05,3.83110300855879,0.7690450842348325
13.600000000000001,0.032,1.196182830073098,-2.9472940440463427e-05,3.8023326950163048,0.7740486280706492
13.8,0.032,1.1952742807253158,-2.9266518538359133e-05,3.773567903335417,0.7789498518494776
14.0,0.032,1.1943726824705976,-2.9058733344966386e-05,3.744808472121204,0.7837507368388117
14.200000000000001,0.032,1.19347806885771,-2.884964871388519e-05,3.716054240039746,0.7884532280656064
14.4,0.032,1.1925904731609376,-2.8639318329508276e-05,3.687305045724781,0.793059234971474
14.600000000000001,0.032,1.1917099283974664,-2.8427787517153943e-05,3.658560727701078,0.7975706320558483
14.8,0.032,1.1908364673413951,-2.8215094684603958e-05,3.6298211243213085,0.801989259507702
15.0,0.032,1.1899701225348356,-2.800127254833693e-05,3.6010860737141024,0.8063169238262834
15.200000000000001,0.032,1.1891109262961075,-2.7786349170558106e-05,3.5723554137396776,0.8105553984312779
15.4,0.032,1.1882589107252985,-2.757034877646166e-05,3.543628981953074,0.8147064242627389
15.600000000000001,0.032,1.1874141077079121,-2.735329244588995e-05,3.5149066155722357,0.8187717103710694
15.8,0.032,1.1865765489168456,-2.7135198699225442e-05,3.4861881514514352,0.8227529344973212
16.0,0.032,1.1857462658136464,-2.6916083917390107e-05,3.4574734260592175,0.8266517436440326
16.2,0.032,1.1849232896494564,-2.6695962776215422e-05,3.42876227546053,0.8304697546368088
16.400000000000002,0.032,1.1841076514659772,-2.647484848258098e-05,3.4000545353030445,0.8342085546768074
16.6,0.032,1.1832993820967816,-2.6252753062848762e-05,3.37135004080708,0.8378697018842903
16.8,0.032,1.1824985121687772,-2.6029687560115424e-05,3.3426486267579825,0.8414547258333467
17.0,0.032,1.1817050721037592,-2.5805662202553742e-05,3.313950127501457,0.8449651280778943
17.2,0.032,1.1809190921197754,-2.558068654551608e-05,3.2852543769394225,0.8484023826690051
17.400000000000002,0.032,1.1801406022320122,-2.5354769618912035e-05,3.256561208527926,0.8517679366635962
17.6,0.032,1.1793696322533378,-2.5127920001194352e-05,3.227870455274788,0.8550632106244819
17.8,0.032,1.1786062117942226,-2.4900145918673976e-05,3.199181949738149,0.8582895991117427
18.0,0.032,1.177850370262379,-2.4671455338360392e-05,3.1704955240255717,0.8614484711653481
18.2,0.032,1.1771021368620145,-2.4441856003843422e-05,3.1418110097927916,0.8645411707789271
18.400000000000002,0.032,1.1763615405928676,-2.4211355473719087e-05,3.1131282382437755,0.8675690173645311
18.6,0.032,1.1756286102491096,-2.39799611920744e-05,3.0844470401304065,0.8705333062082308
18.8,0.032,1.174903374418088,-2.3747680501730552e-05,3.055767245753039,0.8734353089163008
19.0,0.032,1.174185861478932,-2.3514520668911186e-05,3.027088684960951,0.8762762738517544
19.200000000000003,0.032,1.173476099601033,-2.3280488898417383e-05,2.9984111871535046,0.8790574265609193
19.400000000000002,0.032,1.1727741167423915,-2.3045592384396853e-05,2.9697345812811693,0.8817799701897231
19.6,0.032,1.1720799406477884,-2.2809838288956437e-05,2.9410586958473584,0.8844450858893218
19.8,0.032,1.1713935988469124,-2.2573233770520142e-05,2.9123833589102652,0.8870539332106823
20.0,0.032,1.1707151186522717,-2.2335785997992785e-05,2.883708398085312,0.8896076504876933
20.200000000000003,0.032,1.1700445271569722,-2.209750215193464e-05,2.855033640548273,0.8921073552083912
20.400000000000002,0.032,1.169381851232285,-2.1858389432206778e-05,2.8263589130386992,0.8945541443738673
20.6,0.032,1.168727117524862,-2.161845506300726e-05,2.7976840418644207,0.8969490948444492
20.8,0.032,1.1680803524536696,-2.1377706319486354e-05,2.7690088529068473,0.8992932636727656
21.0,0.032,1.1674415822064381,-2.1136150507838227e-05,2.74033317162727,0.9015876884233585
21.200000000000003,0.032,1.1668108327355837,-2.089379498078497e-05,2.7116568230751517,0.9038333874785587
21.400000000000002,0.032,1.166188129753543,-2.0650647159662225e-05,2.682979631897839,0.9060313603304206
21.6,0.032,1.1655734987272275,-2.040671450807665e-05,2.6543014223531616,0.9081825878586213
21.8,0.032,1.1649669648715917,-2.0162004581789908e-05,2.6256220183249463,0.9102880325943269
22.0,0.032,1.1643685531418155,-1.991652500556705e-05,2.596941243342117,0.9123486389701799
22.200000000000003,0.032,1.163778288223862,-1.9670283494467068e-05,2.5682589206027924,0.9143653335567
22.400000000000002,0.032,1.1631961945229292,-1.9423287893193755e-05,2.5395748730035086,0.9163390252855554
22.6,0.032,1.16262229614902,-1.9175546181588874e-05,2.5108889231755196,0.9182706056603425
22.8,0.032,1.1620566168992428,-1.8927066500937776e-05,2.4822008935291646,0.9201609489556776
23.0,0.032,1.161499180235789,-1.8677857209891836e-05,2.4535106063079133,0.922010912405604
23.200000000000003,0.032,1.1609500092587812,-1.8427926919473195e-05,2.4248178836548435,0.92382133638248
23.400000000000002,0.032,1.1604091266730114,-1.8177284546926988e-05,2.3961225476930217,0.9255930445676992
23.6,0.032,1.159876554747221,-1.7925939393917972e-05,2.3674244206235455,0.9273268441157483
23.8,0.032,1.1593523152648588,-1.76739012214319e-05,2.338723324844317,0.9290235258132449
24.0,0.032,1.1588364294646756,-1.7421180345476672e-05,2.310019083092934,0.9306838642347173
24.200000000000003,0.032,1.1583289179695857,-1.7167787762315503e-05,2.2813115186190287,0.9323086178969747
24.400000000000002,0.032,1.1578298007020427,-1.691373526437108e-05,2.2526004553895502,0.9338985294139661
24.6,0.032,1.1573390967838328,-1.665903562641421e-05,2.223885718333377,0.9354543256540431
24.8,0.032,1.1568568244184052,-1.640370278255894e-05,2.1951671336301595,0.936976717901519
25.0,0.032,1.156383000753251,-1.6147752050986403e-05,2.166444529049103,0.9384664020243451
25.200000000000003,0.032,1.1559176417202173,-1.589120040089681e-05,2.13771773434466,0.9399240586496209
25.400000000000002,0.032,1.1554607618513648,-1.563406675457461e-05,2.108986581713797,0.9413503533485059
25.6,0.032,1.1550123740679987,-1.53763723507257e-05,2.0802509063219135,0.9427459368319122
25.8,0.032,1.1545724894409721,-1.5118141115187342e-05,2.0515105469020436,0.9441114451581366
26.0,0.032,1.1541411169202276,-1.485940014138076e-05,2.0227653464319886,0.9454474999533383
26.200000000000003,0.032,1.1537182630322445,-1.4600180192512195e-05,1.9940151528934849,0.9467547086454947
26.400000000000002,0.032,1.15330393154461,-1.434051625076741e-05,1.9652598201147669,0.9480336647121805
26.6,0.032,1.1528981230974324,-1.4080448158299571e-05,1.936499208697386,0.9492849479422061
26.8,0.032,1.1525008348026309,-1.3820021247572739e-05,1.9077331870252117,0.9505091247108572
27.0,0.032,1.1521120598128851,-1.3559287083117141e-05,1.8789616323506464,0.9517067482681787
27.200000000000003,0.032,1.1517317868635357,-1.3298304186691275e-05,1.8501844319509517,0.952878359039463
27.400000000000002,0.032,1.1513599997919362,-1.3037138792938008e-05,1.8214014843430097,0.9540244849368446
27.6,0.032,1.150996677040472,-1.277586563801894e-05,1.792612700542392,0.9551456416806648
27.8,0.032,1.1506417911509452,-1.2514568710314162e-05,1.763818005347369,0.9562423331290809
28.0,0.032,1.1502953082595342,-1.2253341968924923e-05,1.7350173386258325,0.9573150516142097
28.200000000000003,0.032,1.149957187603384,-1.1992289996786384e-05,1.7062106565785082,0.9583642782829951
28.400000000000002,0.032,1.1496273810509163,-1.1731528596554503e-05,1.6773979329480742,0.9593904834408911
28.6,0.032,1.1493058326694365,-1.1471185229941619e-05,1.648579160142008,0.9603941268964198
28.8,0.032,1.1489924783444712,-1.1211399320625848e-05,1.619754350232752,0.961375658304662
29.0,0.032,1.1486872454656325,-1.0952322381080377e-05,1.5909235357991913,0.9623355175077849
29.200000000000003,0.032,1.1483900526942394,-1.0694117916630874e-05,1.5620867705720456,0.9632741348707831
29.400000000000002,0.032,1.1481008098270908,-1.043696107693439e-05,1.5332441298468646,0.9641919316107281
29.6,0.032,1.1478194177699903,-1.018103806463882e-05,1.5043957106317858,0.9650893201179529
29.8,0.032,1.1475457686329225,-9.926545211976021e-06,1.4755416314994514,0.9659667042677688
30.0,0.032,1.1472797459565547,-9.673687795110967e-06,1.4466820321199882,0.9668244797214811
30.200000000000003,0.032,1.1470212250767546,-9.422678509072143e-06,1.4178170724567776,0.9676630342156791
30.400000000000002,0.032,1.1467700736308146,-9.173735649395028e-06,1.3889469316174543,0.9684827478389573
30.6,0.032,1.1465261522046841,-8.92708099729583e-06,1.3600718063583535,0.9692839932954392
30.8,0.032,1.1462893151173927,-8.68293744918673e-06,1.3311919092555564,0.9700671361546656
31.0,0.032,1.1460594113332558,-8.441526420371257e-06,1.3023074665589454,0.9708325350876073
31.200000000000003,0.032,1.1458362854903317,-8.203065052786011e-06,1.2734187157657182,0.9715805420887332
31.400000000000002,0.032,1.145619779026788,-7.967763328726755e-06,1.244525902945227,0.9723115026842377
31.6,0.032,1.1454097313873997,-7.73582110493023e-06,1.2156292798759447,0.973025756126681
31.8,0.032,1.1452059812838862,-7.50742519716134e-06,1.1867291010330763,0.9737236355764186
32.0,0.032,1.1450083679885148,-7.282746520511078e-06,1.1578256205122415,0.9744054682703276
32.2,0.032,1.14481673262797,-7.061937443424684e-06,1.128919088918545,0.9750715756784027
32.4,0.032,1.1446309194601334,-6.845129334267394e-06,1.1000097503349417,0.9757222736489023
32.6,0.032,1.1444507770940304,-6.632430490128897e-06,1.0710978393628763,0.9763578725427468
32.800000000000004,0.032,1.1442761596480642,-6.4239243400623054e-06,1.0421835783946094,0.9769786773579378
33.0,0.032,1.1441069277958134,-6.219668206077205e-06,1.0132671750260605,0.977584987844764
33.2,0.032,1.1439429497219173,-6.019692306870064e-06,0.9843488198635789,0.9781770986125847
33.4,0.032,1.143784101912258,-5.823999569472062e-06,0.9554286844593801,0.9787552992289599
33.6,0.032,1.143630269855867,-5.632565414542175e-06,0.9265069198393769,0.9793198743118928
33.800000000000004,0.032,1.1434813485215078,-5.445338760152534e-06,0.8975836550009281,0.9798711036159012
34.0,0.032,1.143337242798539,-5.262242369194397e-06,0.8686589963188649,0.9804092621126348
34.2,0.032,1.1431978676189771,-5.083175239031609e-06,0.8397330264847954,0.9809346200666557
34.4,0.032,1.1430631481889972,-4.908012918679568e-06,0.8108058049855221,0.9814474431070463
34.6,0.032,1.142933019708067,-4.7366117707853484e-06,0.781877367112438,0.9819479922953204
34.800000000000004,0.032,1.1428074275289895,-4.568808001408084e-06,0.7529477259061639,0.9824365241902724
35.0,0.032,1.1426863263610227,-4.404425112477914e-06,0.7240168704087562,0.9829132909100388
35.2,0.032,1.142569680648834,-4.243269037644592e-06,0.695084770030147,0.9833785401920618
35.4,0.032,1.1424574629581403,-4.0851420591351274e-06,0.6661513702708157,0.9838325154509072
35.6,0.032,1.1423496551786696,-3.929828445140329e-06,0.6372166018297569,0.9842754558348601
35.800000000000004,0.032,1.142246245331885,-3.777122711186969e-06,0.608280369928537,0.9847075962806828
36.0,0.032,1.1421472309023295,-3.62679326304508e-06,0.5793425736449453,0.9851291675680853
36.2,0.032,1.1420526122446903,-3.4786433946566603e-06,0.5504030802044177,0.9855403963721769
36.4,0.032,1.1419624009388465,-3.3324247138379094e-06,0.5214617672651916,0.9859415053168987
36.6,0.032,1.1418766055497982,-3.187973144948537e-06,0.49251846265662724,0.9863327130254211
36.800000000000004,0.032,1.1417952515332086,-3.0450080737031013e-06,0.46357303885088524,0.9867142341737017
37.0,0.032,1.1417183495946406,-2.90343984956419e-06,0.4346252737775262,0.987086279538393
37.2,0.032,1.1416459419427158,-2.7629090172192344e-06,0.4056750642879574,0.9874490560521682
37.4,0.032,1.141578031003603,-2.623484732421768e-06,0.376722107089504,0.9878027668475411
37.6,0.032,1.14151468559467,-2.4846136700992745e-06,0.34776638336660587,0.9881476113168909
37.800000000000004,0.032,1.141455879471148,-2.346706748416174e-06,0.31880743036069215,0.9884837851483899
38.0,0.032,1.141401733494084,-2.208749589904881e-06,0.2898454428491795,0.9888114803965661
38.2,0.032,1.141352149590024,-2.0719023941765496e-06,0.26087961474264115,0.9891308855020765
38.400000000000006,0.032,1.141307360944858,-1.934082031521567e-06,0.2319106409905417,0.9894421853848858
38.6,0.032,1.141267102888639,-1.79811287890536e-06,0.20293695051379482,0.9897455614304529
38.800000000000004,0.032,1.1412318593022104,-1.659471772003235e-06,0.1739603805899084,0.9900411916307156
39.0,0.032,1.1412009877791964,-1.5247092818116967e-06,0.14497763844372016,0.9903292505000544
39.2,0.032,1.14117553633302,-1.3838709070960307e-06,0.11599314695651537,0.9906099093135756
39.400000000000006,0.032,1.1411540100326525,-1.2515766384644552e-06,0.0869997332164403,0.9908833358808883
39.6,0.032,1.1411386931421843,-1.078775244213538e-06,0.05800765456533983,0.9911496956763034
39.800000000000004,0.032,1.141126149439103,-4.930205395082568e-07,0.02900090963353184,0.9914090180088118
40.0,0.032,1.141126149439103,0.0,0.0,0.9914090180088118
0.0,0.034,1.0,0.0,6.087740897687149,0.0
0.2,0.034,1.111209404795931,0.008674469975624332,6.087740897687149,0.008045381600900616
0.4,0.034,1.1969821962391816,0.004383607955291419,5.825246903695684,0.021047709869400286
0.6000000000000001,0.034,1.2147625717070858,0.003106608469386513,5.855087162915734,0.03860780245513439
0.8,0.034,1.2460709024460819,0.002278503393259365,5.741297296115832,0.058546217530352766
1.0,0.034,1.2550384246530084,0.0018276618519475329,5.727404886051384,0.0799601023448234
1.2000000000000002,0.034,1.2682894469468162,0.0014190816691780717,5.661979240634075,0.10157094238234812
1.4000000000000001,0.034,1.2731196073107245,0.00115843757126252,5.633245477402152,0.12300259988992476
1.6,0.034,1.2790649345473946,0.0009204118407714621,5.586541459848907,0.1438021064068812
1.8,0.034,1.281633520233459,0.0007533413447275812,5.553890678207341,0.16391496732308294
2.0,0.034,1.2843368552353245,0.000605520539219007,5.515238358063714,0.1832490228162894
2.2,0.034,1.2855837217736226,0.0004947385319615248,5.482244722306039,0.2018550123249499
2.4000000000000004,0.034,1.2866970588751918,0.0003992427598909082,5.447454543107992,0.21975656157273132
2.6,0.034,1.2871222374262634,0.00032460405633454937,5.415105020820494,0.23702029693904597
2.8000000000000003,0.034,1.2873726415831763,0.0002613303730759109,5.382383007917871,0.25369388612988936
3.0,0.034,1.287264256235483,0.0002106042347357651,5.350812146936722,0.2698337762129567
3.2,0.034,1.2870051288448552,0.00016802372476813925,5.3193084748811605,0.28548372967803076
3.4000000000000004,0.034,1.2865416804364873,0.00013338430882326002,5.288405745439299,0.3006861353023755
3.6,0.034,1.2859637496368301,0.00010447522669668465,5.257672585080324,0.31547505499401335
3.8000000000000003,0.034,1.2852616925498688,8.076730110109877e-05,5.227284995859091,0.32988106487065694
4.0,0.034,1.2844776812041043,6.105212470187911e-05,5.197062696158433,0.34392930516459014
4.2,0.034,1.2836153167241993,4.481925999608955e-05,5.167055377748389,0.35764170095460424
4.4,0.034,1.282696389540339,3.13550655293669e-05,5.137182206527716,0.371036628733872
4.6000000000000005,0.034,1.2817272293458715,2.0251221216624262e-05,5.107450575409485,0.38413002187264333
4.800000000000001,0.034,1.2807201036949694,1.1058087225443021e-05,5.077820906050736,0.3969355050301198
5.0,0.034,1.2796806430971417,3.4655089328280377e-06,5.0482881721802295,0.4094650367675132
5.2,0.034,1.2786156861321318,-2.837220343066082e-06,5.018831102670256,0.4217293030373568
5.4,0.034,1.277529650868929,-8.058073529265948e-06,4.989442363706058,0.43373761705926367
5.6000000000000005,0.034,1.2764278136716638,-1.2366210477707786e-05,4.960109474938757,0.4454978788943697
5.800000000000001,0.034,1.275313776560584,-1.590920335068823e-05,4.9308262012204755,0.4570172685890186
6.0,0.034,1.2741908587832078,-1.8820381936417466e-05,4.9015849019565145,0.4683023354871727
6.2,0.034,1.2730615488255765,-2.1206326403020504e-05,4.872380742853112,0.4793591102591863
6.4,0.034,1.2719280413129423,-2.315750147158338e-05,4.843208767174807,0.49019318523166966
6.6000000000000005,0.034,1.2707920615138661,-2.4747443945917282e-05,4.814065414937153,0.5008097886335812
6.800000000000001,0.034,1.2696550943660372,-2.6037963632585377e-05,4.784947361375865,0.5112138407832191
7.0,0.034,1.2685183400627131,-2.7079786556622243e-05,4.755852042148991,0.5214100028032833
7.2,0.034,1.267382818758851,-2.7915310126561706e-05,4.726777175404617,0.5314027145122975
7.4,0.034,1.2662493688933185,-2.8579506170076307e-05,4.697720926986995,0.5411962261962099
7.6000000000000005,0.034,1.2651186993229528,-2.910151056742753e-05,4.668681702605258,0.5507946237445455
7.800000000000001,0.034,1.263991399098282,-2.950542041600885e-05,4.6396581873646,0.5602018494108381
8.0,0.034,1.262867965822837,-2.981127346993989e-05,4.610649248373437,0.5694217184417998
8.200000000000001,0.034,1.2617488165421054,-3.0035663963540838e-05,4.5816539339162015,0.5784579327370729
8.4,0.034,1.2606343044512738,-3.0192374050196163e-05,4.5526714236743,0.5873140919011879
8.6,0.034,1.2595247279998971,-3.0292823632927425e-05,4.523701017600366,0.5959937023286659
8.8,0.034,1.2584203413520203,-3.0346489487367123e-05,4.494742108187965,0.6045001846300355
9.0,0.034,1.2573213612676426,-3.0361225314548343e-05,4.465794168840343,0.6128368797729979
9.200000000000001,0.034,1.256227973902006,-3.034354467345896e-05,4.436856737240124,0.6210070541640482
9.4,0.034,1.2551403397605136,-3.0298845452282422e-05,4.4079294058386935,0.6290139038972283
9.600000000000001,0.034,1.2540585982172974,-3.0231602585356646e-05,4.379011811334658,0.6368605583245183
9.8,0.034,1.2529828710055357,-3.0145523996056906e-05,4.3501036275711895,0.6445500830881895
10.0,0.034,1.2519132652710334,-3.0043682469146656e-05,4.321204558661681,0.6520854827175796
10.200000000000001,0.034,1.250849876011777,-2.992862355647119e-05,4.29231433391178,0.6594697028781275
10.4,0.034,1.2497927881633328,-2.9802456011810784e-05,4.263432703243415,0.6667056323392287
10.600000000000001,0.034,1.2487420782926246,-2.9666926372228615e-05,4.234559433638643,0.6737961047161275
10.8,0.034,1.247697816023522,-2.952348116448439e-05,4.205694306053015,0.6807439000285369
11.0,0.034,1.2466600652023472,-2.9373318282057765e-05,4.176837112946232,0.687551746110801
11.200000000000001,0.034,1.2456288848695805,-2.9217429804922476e-05,4.147987656181747,0.6942223199008551
11.4,0.034,1.2446043300573655,-2.9056637294887846e-05,4.1191457453209885,0.7007582486300514
11.600000000000001,0.034,1.2435864524519364,-2.8891621202987018e-05,4.090311196190077,0.7071621109313232
11.8,0.034,1.242575300939153,-2.8722945156922705e-05,4.061483829706766,0.7134364378797526
12.0,0.034,1.2415709220568543,-2.85510760793955e-05,4.0326634709027305,0.7195837139767954
12.200000000000001,0.034,1.240573360368007,-2.8376400887953964e-05,4.003849948119206,0.7256063780871834
12.4,0.034,1.2395826587694487,-2.819924030938838e-05,3.975043092339896,0.7315068243357464
12.600000000000001,0.034,1.2385988587467232,-2.8019860323940073e-05,3.9462427366408073,0.7372874029699796
12.8,0.034,1.2376220005846443,-2.7838481626470798e-05,3.917448715734914,0.7429504211930179
13.0,0.034,1.236652123541368,-2.76552874647052e-05,3.8886608655971813,0.7484981439707931
13.200000000000001,0.034,1.2356892659924616,-2.7470430138980027e-05,3.8598790231546003,0.7539327948164043
13.4,0.034,1.234733465550126,-2.7284036360823188e-05,3.8311030260317116,0.7592565565541523
13.600000000000001,0.034,1.2337847591623037,-2.7096211689723425e-05,3.8023327123412054,0.7644715720652175
13.8,0.034,1.232843183194944,-2.690704418424765e-05,3.7735679205120123,0.7695799450165961
14.0,0.034,1.2319087735006597,-2.671660747189915e-05,3.7448084891491704,0.7745837405745866
14.200000000000001,0.034,1.230981565475986,-2.6524963251053664e-05,3.7160542569187,0.7794849861038967
14.4,0.034,1.2300615941090234,-2.633216332630708e-05,3.687305062454301,0.7842856718532415
14.600000000000001,0.034,1.2291488940191142,-2.613825141487164e-05,3.6585607442807118,0.788987751628144
14.8,0.034,1.2282434994892613,-2.594326448665655e-05,3.629821140750575,0.7935931434515465
15.0,0.034,1.2273454444924132,-2.5747234012435687e-05,3.6010860899925015,0.7981037302127296
15.200000000000001,0.034,1.2264547627121745,-2.5550186926335248e-05,3.5723554298666853,0.8025213603049736
15.4,0.034,1.225571487558684,-2.535214643709637e-05,3.543628997928165,0.8068478482523386
15.600000000000001,0.034,1.2246956521807426,-2.515313269631929e-05,3.514906631394863,0.8110849753258828
15.8,0.034,1.2238272894747646,-2.495316336427402e-05,3.4861881671210537,0.8152344901496114
16.0,0.034,1.2229664320917644,-2.475225402714772e-05,3.457473441575267,0.8192981092964127
16.2,0.034,1.2221131124430145,-2.45504186051595e-05,3.428762290822461,0.8232775178742155
16.400000000000002,0.034,1.2212673627048907,-2.4347669604049877e-05,3.4000545505102915,0.8271743701025511
16.6,0.034,1.2204292148233773,-2.4144018363471684e-05,3.371350055859083,0.8309902898797156
16.8,0.034,1.2195987005181683,-2.393947528047416e-05,3.3426486416541765,0.8347268713406538
17.0,0.034,1.2187758512863975,-2.3734049962061235e-05,3.313950142241283,0.8383856794056924
17.2,0.034,1.217960698405788,-2.3527751352452362e-05,3.285254391522316,0.8419682503201917
17.400000000000002,0.034,1.2171532729370158,-2.332058788939329e-05,3.2565612229533407,0.8454760921851658
17.6,0.034,1.2163536057254514,-2.3112567572192893e-05,3.2278704695421636,0.8489106854788876
17.8,0.034,1.21556172740207,-2.290369806168706e-05,3.1991819638469337,0.8522734835694395
18.0,0.034,1.2147776683838796,-2.2693986751145604e-05,3.170495537975211,0.8555659132181683
18.2,0.034,1.2140014588738244,-2.2483440820991758e-05,3.1418110235827483,0.8587893750739324
18.400000000000002,0.034,1.2132331288603437,-2.2272067282397972e-05,3.113128251873502,0.8619452441580072
18.6,0.034,1.2124727081166933,-2.205987301099711e-05,3.0844470535993715,0.8650348703394825
18.8,0.034,1.2117202262000264,-2.184686479991478e-05,3.0557672590607,0.8680595788009213
19.0,0.034,1.2109757124502705,-2.1633049353395104e-05,3.027088698106782,0.8710206704940308
19.200000000000003,0.034,1.2102391959888248,-2.1418433323190495e-05,2.998411200136975,0.8739194225850454
19.400000000000002,0.034,1.2095107057170684,-2.120302333768171e-05,2.9697345941017614,0.8767570888894796
19.6,0.034,1.2087902703146711,-2.0986825997424567e-05,2.9410587085045496,0.8795349002958819
19.8,0.034,1.2080779182378143,-2.0769847899160525e-05,2.912383371403544,0.8822540651781876
20.0,0.034,1.2073736777171802,-2.0552095641478308e-05,2.8837084104141715,0.8849157697962393
20.200000000000003,0.034,1.206677576755787,-2.0333575834124602e-05,2.8550336527122018,0.8875211786840401
20.400000000000002,0.034,1.2059896431265942,-2.0114295100932972e-05,2.8263589250372014,0.8900714350252921
20.6,0.034,1.2053099043697457,-1.9894260087845554e-05,2.7976840536969982,0.8925676610157929
20.8,0.034,1.2046383877895204,-1.9673477482710596e-05,2.769008864573012,0.8950109582122776
21.0,0.034,1.203975120450787,-1.9451954005616022e-05,2.7403331831265323,0.8974024078673427
21.200000000000003,0.034,1.2033201291749342,-1.9229696415960132e-05,2.711656834407029,0.8997430712501457
21.400000000000002,0.034,1.2026734405351982,-1.900671152781716e-05,2.682979643061858,0.9020339899526493
21.6,0.034,1.2020350808511238,-1.878300620161826e-05,2.654301433348856,0.9042761861812868
21.8,0.034,1.2014050761821327,-1.85585873709008e-05,2.6256220291518497,0.9064706630340272
22.0,0.034,1.200783452319718,-1.8333462041084916e-05,2.596941253999771,0.9086184047629706
22.200000000000003,0.034,1.200170234778025,-1.81076372862087e-05,2.568258931090741,0.9107203770227418
22.400000000000002,0.034,1.199565448782331,-1.7881120294706813e-05,2.5395748833213143,0.9127775271051272
22.6,0.034,1.1989691192546736,-1.7653918380676766e-05,2.510888933322737,0.914790784160574
22.8,0.034,1.1983812707962178,-1.742603899402348e-05,2.482200903505369,0.916761059407358
23.0,0.034,1.197801927665326,-1.7197489772574105e-05,2.453510616112676,0.9186892463294122
23.200000000000003,0.034,1.1972311137505323,-1.696827858221423e-05,2.4248178932877535,0.9205762208640068
23.400000000000002,0.034,1.196668852537428,-1.673841354206015e-05,2.3961225571536806,0.9224228415806374
23.6,0.034,1.1961151670681403,-1.6507903117950568e-05,2.367424429911559,0.9242299498526614
23.8,0.034,1.1955700798923223,-1.6276756174653995e-05,2.3387233339593125,0.925998370023366
24.0,0.034,1.195033613008032,-1.6044982053064626e-05,2.3100190920345454,0.9277289095682703
24.200000000000003,0.034,1.1945057877909413,-1.5812590688382125e-05,2.281311527386917,0.9294223592555778
24.400000000000002,0.034,1.1939866249101145,-1.557959271529879e-05,2.252600463983394,0.9310794933067423
24.6,0.034,1.1934761442282755,-1.5345999622700746e-05,2.223885726752884,0.9327010695591386
24.8,0.034,1.1929743646846807,-1.511182390455244e-05,2.195167141875059,0.9342878296328146
25.0,0.034,1.1924813041581181,-1.4877079264900502e-05,2.1664445371191707,0.9358404991032421
25.200000000000003,0.034,1.1919969793079075,-1.4641780857308824e-05,2.137717742239708,0.9373597876818689
25.400000000000002,0.034,1.1915214053905028,-1.4405945540773288e-05,2.108986589433678,0.9388463894061442
25.6,0.034,1.1910545960493253,-1.4169592192338611e-05,2.0802509138665495,0.9403009828404879
25.8,0.034,1.1905965630759003,-1.3932742064409743e-05,2.0515105542714167,0.9417242312894615
26.0,0.034,1.1901473161402256,-1.369541917257471e-05,2.0227653536261623,0.9431167830241313
26.200000000000003,0.034,1.189706862489018,-1.3457650772589324e-05,1.9940151599126064,0.9444792715223443
26.400000000000002,0.034,1.189275206610994,-1.3219467834715007e-05,1.9652598269590857,0.9458123157233327
26.6,0.034,1.1888523498688497,-1.298090561245797e-05,1.9364992153672707,0.9471165202967423
26.8,0.034,1.1884382900988886,-1.2742004217059967e-05,1.9077331935211694,0.9483924759258859
27.0,0.034,1.1880330211799996,-1.2502809284931581e-05,1.8789616386733174,0.9496407596046897
27.200000000000003,0.034,1.1876365325751719,-1.2263372617374236e-05,1.8501844381011596,0.9508619349475214
27.400000000000002,0.034,1.1872488088499216,-1.202375288002902e-05,1.8214014903217564,0.9520565525108019
27.6,0.034,1.186869829173729,-1.178401631610857e-05,1.7926127063508794,0.9532251501250628
27.8,0.034,1.1864995668120297,-1.1544237425517336e-05,1.7638180109870343,0.9543682532358824
28.0,0.034,1.1861379886178378,-1.1304499648241644e-05,1.7350173440983438,0.9554863752519711
28.200000000000003,0.034,1.1857850545338837,-1.1064895951874455e-05,1.7062106618857962,0.956580017898525
28.400000000000002,0.034,1.1854407171172283,-1.0825529409834519e-05,1.6773979380923447,0.9576496715738859
28.6,0.034,1.1851049210997786,-1.0586513622483405e-05,1.6485791651257562,0.958695815707484
28.8,0.034,1.1847776029990065,-1.0347973029868953e-05,1.6197543550587696,0.9597189191170463
29.0,0.034,1.1844586907935806,-1.0110043075661725e-05,1.590923540470579,0.9607194403630799
29.200000000000003,0.034,1.184148103679055,-9.872870159444136e-06,1.5620867750922105,0.9616978280987174
29.400000000000002,0.034,1.1838457519179892,-9.636611386131137e-06,1.5332441342195187,0.9626545214131264
29.6,0.034,1.1835515367981233,-9.401434078744702e-06,1.5043957148609386,0.9635899501668164
29.8,0.034,1.1832653507105801,-9.167515020172841e-06,1.4755416355893964,0.9645045353173486
30.0,0.034,1.1829870773579114,-8.935039430928239e-06,1.4466820360752821,0.965398689234137
30.200000000000003,0.034,1.182716592098899,-8.704199663767982e-06,1.4178170762822082,0.9662728160012275
30.400000000000002,0.034,1.182453762434073,-8.47519361451027e-06,1.3889469353180144,0.9671273117071508
30.6,0.034,1.182198448631615,-8.248222870358204e-06,1.3600718099391946,0.9679625647211527
30.8,0.034,1.1819505044902334,-8.023490616495998e-06,1.331191912721949,0.9687789559553123
31.0,0.034,1.1817097782300994,-7.801199331619177e-06,1.3023074699162158,0.9695768591122662
31.200000000000003,0.034,1.1814761135008134,-7.581548287955824e-06,1.2734187190192072,0.9703566409184377
31.400000000000002,0.034,1.1812493504886576,-7.364730968104399e-06,1.244525906100227,0.9711186613428491
31.6,0.034,1.1810293271058698,-7.150932377975756e-06,1.215629282937633,0.9718632738017605
31.8,0.034,1.1808158802363058,-6.940326404504168e-06,1.1867291040064651,0.9725908253495094
32.0,0.034,1.1806088470173322,-6.733073191334726e-06,1.1578256234021116,0.9733016568560521
32.2,0.034,1.1804080661256355,-6.529316711150134e-06,1.128919091729395,0.9739961031718085
32.4,0.034,1.1802133790497364,-6.329182473939878e-06,1.1000097530709338,0.9746744932804893
32.6,0.034,1.1800246313102234,-6.132775583323164e-06,1.0710978420277903,0.9753371504406447
32.800000000000004,0.034,1.1798416736224508,-5.940179013091194e-06,1.042183580991801,0.9759843923167205
33.0,0.034,1.1796643629519779,-5.751452391118097e-06,1.0132671775584339,0.9766165311004242
33.2,0.034,1.1794925634839837,-5.56663097836595e-06,0.9843488223335617,0.9772338736232176
33.4,0.034,1.1793261474325962,-5.3857253880320205e-06,0.9554286868689105,0.9778367214607414
33.6,0.034,1.1791649957645791,-5.2087212616529164e-06,0.9265069221898902,0.9784253710299722
33.800000000000004,0.034,1.179008998703931,-5.035580062771392e-06,0.8975836572933729,0.979000113679855
34.0,0.034,1.178858056200677,-4.866239271285926e-06,0.8686589985537004,0.979561235776167
34.2,0.034,1.1787120780888094,-4.7006144421061375e-06,0.8397330286620234,0.9801090187812619
34.4,0.034,1.1785709843482506,-4.538599374508427e-06,0.8108058071046994,0.980643739329372
34.6,0.034,1.1784347048672397,-4.380069909958672e-06,0.781877369172729,0.9811656692980052
34.800000000000004,0.034,1.1783031796296122,-4.224882935370726e-06,0.7529477279063386,0.9816750758760411
35.0,0.034,1.1781763579703965,-4.0728831292395906e-06,0.7240168723472896,0.9821722216289106
35.2,0.034,1.1780541989690192,-3.923898428325158e-06,0.695084771905172,0.9826573645614363
35.4,0.034,1.1779366699045566,-3.7777527235286085e-06,0.6661513720802953,0.9831307581785038
35.6,0.034,1.1778237474414732,-3.6342526621588103e-06,0.6372166035713323,0.9835926515442136
35.800000000000004,0.034,1.177715414546002,-3.493213511105789e-06,0.6082803715998678,0.98404328933934
36.0,0.034,1.177611663730297,-3.354425845970741e-06,0.5793425752432911,0.9844829119180323
36.2,0.034,1.1775124906608287,-3.2177114297549376e-06,0.550403081727374,0.9849117553629645
36.4,0.034,1.1774179022714046,-3.082843935090141e-06,0.5214617687096711,0.9853300515405823
36.6,0.034,1.1773279029425245,-2.9496735461867338e-06,0.4925184640204772,0.9857380281544478
36.800000000000004,0.034,1.1772425138185862,-2.817943023992393e-06,0.4635730401305272,0.9861359087999287
37.0,0.034,1.1771617420926868,-2.687569413469922e-06,0.43462527497158926,0.9865239130157779
37.2,0.034,1.1770856258899818,-2.558222058139483e-06,0.40567506539185444,0.9869022563392906
37.4,0.034,1.1770141650708503,-2.4299623627251907e-06,0.3767221081036635,0.9872711503554966
37.6,0.034,1.1769474242635978,-2.3022811258272835e-06,0.3477663842841065,0.9876308027543472
37.800000000000004,0.034,1.1768853761559959,-2.175551924380945e-06,0.3188074311859339,0.9879814173757704
38.0,0.034,1.1768281365041906,-2.0488425447796853e-06,0.2898454435697941,0.9883231942717673
38.2,0.034,1.1767756088780954,-1.923212217670601e-06,0.2608796153717956,0.9886563297434295
38.400000000000006,0.034,1.1767280185886013,-1.7967493734960023e-06,0.23191064150331617,0.9889810164136964
38.6,0.034,1.1766851080539327,-1.6720370526568402e-06,0.20293695094285666,0.9892974432481527
38.800000000000004,0.034,1.1766473463315328,-1.5449286694250673e-06,0.17396038088174604,0.9896057956501746
39.0,0.034,1.1766141097307545,-1.421420241841417e-06,0.14497763867466257,0.9899062554485156
39.2,0.034,1.1765864150645116,-1.2923873136143406e-06,0.1159931470095069,0.9901990010363481
39.400000000000006,0.034,1.176562811492847,-1.1710514498272787e-06,0.08699973325865426,0.9904842072983283
39.6,0.034,1.1765455234733324,-1.0105693036105964e-06,0.05800765396253035,0.9907620464449144
39.800000000000004,0.034,1.1765313930773706,-4.624546246833745e-07,0.029000903649321393,0.9910325507143026
40.0,0.034,1.1765313930773706,0.0,0.0,0.9910325507143026
0.0,0.036000000000000004,1.0,0.0,6.087657066191267,0.0
0.2,0.036000000000000004,1.113096433568481,0.007628827859264705,6.087657066191267,0.005673676711127769
0.4,0.036000000000000004,1.2014962814189323,0.003896253212204228,5.82529488099473,0.015451162279314676
0.6000000000000001,0.036000000000000004,1.2229383072658906,0.0027920131779776455,5.85510016071277,0.029309278649678944
0.8,0.036000000000000004,1.2577524128270876,0.0020712137796614367,5.741305050789029,0.04572217551922775
1.0,0.036000000000000004,1.270277284034413,0.0016756083099068115,5.727408260335245,0.06398044907766486
1.2000000000000002,0.036000000000000004,1.2865887708857071,0.0013121866202627254,5.661982355837423,0.08299469646514514
1.4000000000000001,0.036000000000000004,1.2941851262478685,0.0010769851021422314,5.633247048350593,0.10235209538580531
1.6,0.036000000000000004,1.3024271799874871,0.0008604478750304852,5.5865430128321405,0.12157719617100955
1.8,0.036000000000000004,1.3069715723400865,0.0007065505160991386,5.553891581903064,0.14052889209968092
2.0,0.036000000000000004,1.3112990519753223,0.000569887948477993,5.51523922296176,0.1590526840933259
2.2,0.036000000000000004,1.3139117111264162,0.0004665970262050444,5.482245294021906,0.17712749225890725
2.4000000000000004,0.036000000000000004,1.3161449666920433,0.0003774292397921694,5.447455066138495,0.19472392513700937
2.6,0.036000000000000004,1.3175007688682885,0.000307381073775842,5.415105401036745,0.21185939406840812
2.8000000000000003,0.036000000000000004,1.3185131979131806,0.0002479685013647904,5.382383344346184,0.22854443521792978
3.0,0.036000000000000004,1.3190330896082094,0.00020020177827438402,5.35081240770605,0.2448037427801534
3.2,0.036000000000000004,1.3192870693597152,0.00016010001657590107,5.319308701315882,0.2606567437360453
3.4000000000000004,0.036000000000000004,1.3192436728746852,0.00012742672379171768,5.288405928417801,0.27612581093227107
3.6,0.036000000000000004,1.3190070761561519,0.00010015826423276751,5.257672742768338,0.2912295238256769
3.8000000000000003,0.036000000000000004,1.3185820570023472,7.777726565307197e-05,5.227285126900889,0.30598599592190634
4.0,0.036000000000000004,1.3180212119474322,5.916569154291039e-05,5.197062809130826,0.320410689279423
4.2,0.036000000000000004,1.3173377417954715,4.383430693725865e-05,5.167055473576993,0.3345178458557209
4.4,0.036000000000000004,1.316560816296905,3.111755524832498e-05,5.137182289630396,0.3483198761420964
4.6000000000000005,0.036000000000000004,1.3157032506773496,2.062716042583247e-05,5.107450647130155,0.3618280277433579
4.800000000000001,0.036000000000000004,1.3147824862764568,1.1942150878501894e-05,5.077820968875047,0.3750522953047102
5.0,0.036000000000000004,1.3138086293303486,4.770651341577533e-06,5.04828822730688,0.3880017952879591
5.2,0.036000000000000004,1.3127922522379833,-1.1797686952234936e-06,5.018831151913965,0.40068497172343176
5.4,0.036000000000000004,1.3117404044357093,-6.110574778952803e-06,4.989442408060919,0.4131096744276121
5.6000000000000005,0.036000000000000004,1.3106608100203208,-1.0182695043369391e-05,4.960109515065858,0.4252825384166582
5.800000000000001,0.036000000000000004,1.3095591365313894,-1.3533991944967444e-05,4.9308262377284855,0.4372097914187489
6.0,0.036000000000000004,1.3084404066788708,-1.6289521932745324e-05,4.901584935489089,0.4488972804615139
6.2,0.036000000000000004,1.307308530845179,-1.8549602673275805e-05,4.872380773892763,0.46035052617348526
6.4,0.036000000000000004,1.3061668800738402,-2.039937737717744e-05,4.843208796146025,0.47157476019618944
6.6000000000000005,0.036000000000000004,1.305018159514484,-2.190818714655426e-05,4.8140654421719695,0.4825749649965634
6.800000000000001,0.036000000000000004,1.3038646661132576,-2.313431049128407e-05,4.784947387158745,0.49335590409782465
7.0,0.036000000000000004,1.3027082753086727,-2.412562421745688e-05,4.755852066708282,0.5039221501196436
7.2,0.036000000000000004,1.3015505671367484,-2.492214132469928e-05,4.726777198933041,0.5142781068266519
7.4,0.036000000000000004,1.3003928451242883,-2.5556884798943223e-05,4.697720949641452,0.5244280283806158
7.6000000000000005,0.036000000000000004,1.2992362038415413,-2.6057365246140927e-05,4.668681724517051,0.5343760348276907
7.800000000000001,0.036000000000000004,1.2980815525448213,-2.6446342086095254e-05,4.639658208641414,0.5441261252970521
8.0,0.036000000000000004,1.296929654422105,-2.6742739868246942e-05,4.61064926910493,0.5536821888012878
8.200000000000001,0.036000000000000004,1.2957811469230287,-2.6962233267493734e-05,4.581653954176172,0.5630480133649636
8.4,0.036000000000000004,1.2946365660675843,-2.711784028092841e-05,4.552671443523987,0.572227293594834
8.6,0.036000000000000004,1.2934963620125803,-2.7220348447384092e-05,4.523701037090243,0.5812236370804977
8.8,0.036000000000000004,1.2923609147858317,-2.7278709591150614e-05,4.494742127359838,0.5900405697693883
9.0,0.036000000000000004,1.2912305456020343,-2.730034262834285e-05,4.465794187728653,0.5986815405412399
9.200000000000001,0.036000000000000004,1.2901055273079025,-2.729140042456769e-05,4.43685675587333,0.607149925102966
9.4,0.036000000000000004,1.288986092383478,-2.725698201693535e-05,4.407929424240226,0.6154490293416625
9.600000000000001,0.036000000000000004,1.2878724399749506,-2.7201314517773854e-05,4.379011829523811,0.623582092225322
9.8,0.036000000000000004,1.286764741478443,-2.7127900505140653e-05,4.35010364556382,0.631552288338384
10.0,0.036000000000000004,1.2856631453248721,-2.7039642557307736e-05,4.321204576470826,0.639362730114844
10.200000000000001,0.036000000000000004,1.2845677808581462,-2.6938945186482547e-05,4.292314351548091,0.6470164698249788
10.4,0.036000000000000004,1.283478761611485,-2.682780028039896e-05,4.263432720715623,0.6545165013582076
10.600000000000001,0.036000000000000004,1.2823961879895507,-2.6707857562618106e-05,4.234559450953854,0.6618657618383862
10.8,0.036000000000000004,1.2813201495124324,-2.658048333102673e-05,4.205694323217008,0.6690671330998527
11.0,0.036000000000000004,1.2802507266597023,-2.644680901855928e-05,4.176837129963675,0.6761234430478612
11.200000000000001,0.036000000000000004,1.2791879924039362,-2.6307771611848354e-05,4.1479876730564,0.6830374669221942
11.4,0.036000000000000004,1.2781320134737004,-2.6164147032221778e-05,4.119145762055853,0.6898119284795108
11.600000000000001,0.036000000000000004,1.2770828514013206,-2.601657787459833e-05,4.090311212787544,0.696449501106995
11.8,0.036000000000000004,1.276040563387505,-2.586559636818185e-05,4.061483846168691,0.7029528088776595
12.0,0.036000000000000004,1.2750052030178016,-2.5711643395569086e-05,4.032663487230544,0.7093244275557615
12.200000000000001,0.036000000000000004,1.2739768208543414,-2.5555084239949013e-05,4.003849964313994,0.7155668855592846
12.4,0.036000000000000004,1.2729554649254453,-2.5396221666940014e-05,3.975043108402462,0.72168266488519
12.600000000000001,0.036000000000000004,1.271941181130091,-2.5235306714593266e-05,3.946242752571703,0.7276742020021386
12.8,0.036000000000000004,1.2709340135722305,-2.5072547632568833e-05,3.917448731534502,0.7335438887145388
13.0,0.036000000000000004,1.2699340048372016,-2.49081173033077e-05,3.888660881265658,0.739294073001109
13.200000000000001,0.036000000000000004,1.2689411962204022,-2.474215936748129e-05,3.8598790386920303,0.7449270598305904
13.4,0.036000000000000004,1.2679556279164548,-2.4574793286593897e-05,3.8311030414380496,0.750445111956778
13.600000000000001,0.036000000000000004,1.2669773391761077,-2.440611854681173e-05,3.8023327276163172,0.7558504506946774
13.8,0.036000000000000004,1.2660063684362644,-2.4236218101770557e-05,3.7735679356556973,0.7611452566792848
14.0,0.036000000000000004,1.2650427534281008,-2.4065161260535762e-05,3.7448085041611576,0.7663316706082205
14.200000000000001,0.036000000000000004,1.2640865312669123,-2.3893006082376478e-05,3.7160542717986815,0.771411793969263
14.4,0.036000000000000004,1.2631377385266915,-2.371980126981737e-05,3.6873050772019123,0.7763876897536417
14.600000000000001,0.036000000000000004,1.2621964113020325,-2.3545587878596158e-05,3.658560758895579,0.7812613831558164
14.8,0.036000000000000004,1.2612625852589094,-2.3370400606049884e-05,3.6298211552322828,0.78603486226037
15.0,0.036000000000000004,1.260336295676106,-2.3194268935089566e-05,3.601086104340618,0.7907100787165355
15.200000000000001,0.036000000000000004,1.2594175774784169,-2.301721807741983e-05,3.57235544408077,0.7952889484008258
15.4,0.036000000000000004,1.2585064652628113,-2.283926970791647e-05,3.543629012007753,0.7997733520681704
15.600000000000001,0.036000000000000004,1.2576029933190254,-2.266044262579979e-05,3.5149066453394897,0.8041651359919102
15.8,0.036000000000000004,1.256707195645478,-2.2480753258365586e-05,3.4861881809302364,0.8084661125929784
16.0,0.036000000000000004,1.2558191059619748,-2.2300216085992168e-05,3.45747345524852,0.8126780610585489
16.2,0.036000000000000004,1.2549387577200724,-2.2118843994510494e-05,3.428762304359294,0.8168027279504176
16.400000000000002,0.036000000000000004,1.2540661841117982,-2.1936648544493874e-05,3.400054563910221,0.8208418278033301
16.6,0.036000000000000004,1.2532014180773487,-2.175364020432408e-05,3.371350069121612,0.8247970437134683
16.8,0.036000000000000004,1.2523444923118197,-2.1569828526168893e-05,3.3426486547788157,0.8286700279172496
17.0,0.036000000000000004,1.2514954392711104,-2.1385222332697635e-05,3.3139501552275408,0.8324624023605776
17.2,0.036000000000000004,1.250654291176859,-2.1199829821093365e-05,3.2852544043697116,0.8361757592586374
17.400000000000002,0.036000000000000004,1.249821080020278,-2.1013658701508205e-05,3.25656123566137,0.8398116616462994
17.6,0.036000000000000004,1.2489958375650998,-2.0826716267951496e-05,3.227870482110349,0.8433716439191601
17.8,0.036000000000000004,1.2481785953494664,-2.063900949961192e-05,3.1991819762747897,0.8468572123651981
18.0,0.036000000000000004,1.2473693846871627,-2.045054512136912e-05,3.1704955502622596,0.8502698456870081
18.2,0.036000000000000004,1.246568236668162,-2.0261329651620106e-05,3.141811035728508,0.8536109955145167
18.400000000000002,0.036000000000000004,1.2457751821587137,-2.0071369444702425e-05,3.1131282638774986,0.8568820869080469
18.6,0.036000000000000004,1.2449902518010927,-1.9880670733615102e-05,3.084447065461126,0.8600845188515754
18.8,0.036000000000000004,1.2442134760130155,-1.9689239664243228e-05,3.0557672707797514,0.8632196647359548
19.0,0.036000000000000004,1.2434448849867985,-1.9497082297124095e-05,3.0270887096826633,0.8662888728318489
19.200000000000003,0.036000000000000004,1.2426845086882694,-1.9304204646050912e-05,2.9984112115692247,0.8692934667520902
19.400000000000002,0.036000000000000004,1.2419323768554544,-1.9110612696286686e-05,2.969734605389918,0.8722347459031028
19.6,0.036000000000000004,1.2411885189970173,-1.8916312406385476e-05,2.9410587196481623,0.8751139859250288
19.8,0.036000000000000004,1.240452964390589,-1.8721309728739935e-05,2.9123833824021585,0.8779324391201393
20.0,0.036000000000000004,1.2397257420808394,-1.8525610611711313e-05,2.883708421267341,0.880691334869094
20.200000000000003,0.036000000000000004,1.239006880877367,-1.8329221020912344e-05,2.855033663419487,0.8833918800346
20.400000000000002,0.036000000000000004,1.2382964093523532,-1.813214692176562e-05,2.826358935598163,0.8860352593520086
20.6,0.036000000000000004,1.237594355837834,-1.793439430786275e-05,2.7976840641111993,0.8886226358064038
20.8,0.036000000000000004,1.2369007484226717,-1.773596920209138e-05,2.7690088748400226,0.8911551509957486
21.0,0.036000000000000004,1.236215614949022,-1.7536877659526397e-05,2.74033319324593,0.8936339254797069
21.200000000000003,0.036000000000000004,1.2355389830082701,-1.7337125764610996e-05,2.7116568443783944,0.8960600591138096
21.400000000000002,0.036000000000000004,1.2348708799363628,-1.7136719656145677e-05,2.6829796528847725,0.898434631368707
21.6,0.036000000000000004,1.2342113328082727,-1.693566550559724e-05,2.654301443022904,0.9007587016343629
21.8,0.036000000000000004,1.233560368431572,-1.6733969556982335e-05,2.625622038676623,0.9030333095091425
22.0,0.036000000000000004,1.2329180133386453,-1.653163810743588e-05,2.5969412633748705,0.9052594750738998
22.200000000000003,0.036000000000000004,1.2322842937772884,-1.6328677519684595e-05,2.568258940315776,0.9074381991513156
22.400000000000002,0.036000000000000004,1.2316592356992282,-1.6125094251026067e-05,2.5395748923958843,0.9095704635509091
22.6,0.036000000000000004,1.2310428647457998,-1.5920894872590685e-05,2.5108889422464666,0.9116572313003295
22.8,0.036000000000000004,1.230435206230387,-1.5716086063834387e-05,2.482200912277876,0.9136994468637288
23.0,0.036000000000000004,1.2298362851165847,-1.5510674676371508e-05,2.4535106247335947,0.9156980363482032
23.200000000000003,0.036000000000000004,1.2292461259912986,-1.530466774720515e-05,2.4248179017567244,0.917653907699499
23.400000000000002,0.036000000000000004,1.2286647530317767,-1.5098072539809363e-05,2.3961225654703457,0.9195679508883567
23.6,0.036000000000000004,1.2280921899652852,-1.4890896609118949e-05,2.3674244380755787,0.9214410380890548
23.8,0.036000000000000004,1.227528460020328,-1.4683147851661808e-05,2.338723341970356,0.9232740238518646
24.0,0.036000000000000004,1.2269735858678157,-1.4474834575260194e-05,2.3100190998923007,0.9250677452712692
24.200000000000003,0.036000000000000004,1.2264275895506098,-1.4265965602264403e-05,2.281311535091078,0.9268230221519035
24.400000000000002,0.036000000000000004,1.2258904923997114,-1.405655034576312e-05,2.2526004715336834,0.9285406571742462
24.6,0.036000000000000004,1.2253623149350066,-1.3846598956949176e-05,2.2238857341490377,0.9302214360621179
24.8,0.036000000000000004,1.2248430767486875,-1.3636122453826663e-05,2.19516714911685,0.9318661277540424
25.0,0.036000000000000004,1.2243327963688866,-1.342513289578229e-05,2.1664445442063878,0.9334754845804633
25.200000000000003,0.036000000000000004,1.2238314911013815,-1.3213643577505611e-05,2.1377177491721837,0.9350502424487118
25.400000000000002,0.036000000000000004,1.223339176846994,-1.3001669270062618e-05,2.108986596211295,0.9365911210374793
25.6,0.036000000000000004,1.2228558678922712,-1.2789226496009384e-05,2.0802509204892248,0.9380988240023594
25.8,0.036000000000000004,1.2223815766715374,-1.2576333809967628e-05,2.0515105607391386,0.9395740391937997
26.0,0.036000000000000004,1.2219163134982043,-1.2363012166822674e-05,2.0227653599389748,0.941017438888543
26.200000000000003,0.036000000000000004,1.2214600862639686,-1.2149285325396488e-05,1.9940151660706376,0.9424296800353517
26.400000000000002,0.036000000000000004,1.2210129001050039,-1.1935180263692726e-05,1.9652598329625541,0.9438114045155025
26.6,0.036000000000000004,1.2205747570347654,-1.1720727678864595e-05,1.9364992212164962,0.9451632394182097
26.8,0.036000000000000004,1.2201456555442907,-1.1505962494980919e-05,1.9077331992165776,0.9464857973308236
27.0,0.036000000000000004,1.219725590171627,-1.1290924444957955e-05,1.8789616442154844,0.9477796766433119
27.200000000000003,0.036000000000000004,1.2193145510434722,-1.1075658649707872e-05,1.8501844434907895,0.9490454618662334
27.400000000000002,0.036000000000000004,1.218912523393315,-1.086021622623153e-05,1.8214014955597246,0.950283723961119
27.6,0.036000000000000004,1.2185194870620415,-1.0644654926990873e-05,1.792612711438246,0.9514950206819097
27.8,0.036000000000000004,1.218135415988445,-1.042903975733865e-05,1.763818015925043,0.9526798969258743
28.0,0.036000000000000004,1.2177602776985585,-1.021344358056786e-05,1.735017348888467,0.9538388850922386
28.200000000000003,0.036000000000000004,1.217394032804575,-9.997947664045311e-06,1.706210666529726,0.954972505446603
28.400000000000002,0.036000000000000004,1.2170366345251595,-9.782642205567337e-06,1.677397942592022,0.956081266489127
28.6,0.036000000000000004,1.2166880282404509,-9.567626728125675e-06,1.648579169483374,0.9571656653243964
28.8,0.036000000000000004,1.216348151095923,-9.353010394680268e-06,1.6197543592767905,0.9582261880308788
29.0,0.036000000000000004,1.2160169316697111,-9.138912174150378e-06,1.5909235445517356,0.9592633100278967
29.200000000000003,0.036000000000000004,1.2156942897184548,-8.925460851154417e-06,1.5620867790395119,0.9602774964381261
29.400000000000002,0.036000000000000004,1.2153801360159997,-8.712794835742567e-06,1.5332441380362496,0.9612692024437332
29.6,0.036000000000000004,1.2150743722985557,-8.501061781069286e-06,1.5043957185506505,0.9622388736344006
29.8,0.036000000000000004,1.2147768913283352,-8.290417953883898e-06,1.4755416391558958,0.9631869463456662
30.0,0.036000000000000004,1.21448757708558,-8.081027385003825e-06,1.4466820395226108,0.964113847986181
30.200000000000003,0.036000000000000004,1.2142063050960576,-7.873060753182882e-06,1.417817079614627,0.965019997352705
30.400000000000002,0.036000000000000004,1.213932942898183,-7.666694026092968e-06,1.3889469385399644,0.9659058049318653
30.6,0.036000000000000004,1.213667350649756,-7.462106867310342e-06,1.3600718130552665,0.966771673187925
30.8,0.036000000000000004,1.2134093818712122,-7.259480807214534e-06,1.3311919157368386,0.9676179968360213
31.0,0.036000000000000004,1.2131588843169157,-7.058997244928438e-06,1.3023074728346897,0.9684451631005513
31.200000000000003,0.036000000000000004,1.2129157009638707,-6.860835248089411e-06,1.2734187218460402,0.9692535519585689
31.400000000000002,0.036000000000000004,1.2126796711006573,-6.66516927665443e-06,1.2445259088401561,0.9700435363682559
31.6,0.036000000000000004,1.2124506314997552,-6.472166805444952e-06,1.2156292855953064,0.9708154824826852
31.8,0.036000000000000004,1.2122284176482439,-6.281985969638846e-06,1.1867291065863836,0.9715697498492576
32.0,0.036000000000000004,1.2120128650170845,-6.094773215285494e-06,1.157825625908579,0.9723066915953034
32.2,0.036000000000000004,1.2118038103373283,-5.910661113295188e-06,1.1289190941664646,0.9730266546004663
32.4,0.036000000000000004,1.2116010928661989,-5.7297662766737815e-06,1.1000097554423622,0.973729979656562
32.6,0.036000000000000004,1.2114045556047703,-5.552187575736628e-06,1.0710978443369978,0.9744170016156668
32.800000000000004,0.036000000000000004,1.2112140464617525,-5.37800454447756e-06,1.0421835832418338,0.9750880495272499
33.0,0.036000000000000004,1.2110294193145312,-5.207276218120179e-06,1.0132671797519335,0.9757434467651755
33.2,0.036000000000000004,1.2108505349877428,-5.0400401372894035e-06,0.9843488244727433,0.97638351114542
33.4,0.036000000000000004,1.2106772620767465,-4.87631201621377e-06,0.9554286889555493,0.9770085550353427
33.6,0.036000000000000004,1.2105094776881007,-4.716085352853274e-06,0.9265069242253186,0.9776188854553329
33.800000000000004,0.036000000000000004,1.210347067966542,-4.559332042099594e-06,0.8975836592784782,0.9782148041736191
34.0,0.036000000000000004,1.2101899285866209,-4.406002456827949e-06,0.8686590004889326,0.9787966077950083
34.2,0.036000000000000004,1.2100379649405293,-4.256027185912479e-06,0.8397330305474241,0.9793645878442542
34.4,0.036000000000000004,1.2098910924260597,-4.109317103602583e-06,0.8108058089398991,0.9799190308447304
34.6,0.036000000000000004,1.2097492362459927,-3.965766678073974e-06,0.7818773709570094,0.9804602183930101
34.800000000000004,0.036000000000000004,1.2096123316197231,-3.825253005609481e-06,0.7529477296386204,0.9809884272299206
35.0,0.036000000000000004,1.209480323084395,-3.687641782342033e-06,0.724016874026227,0.9815039293085662
35.2,0.036000000000000004,1.2093531649026323,-3.552783192219213e-06,0.6950847735291044,0.982006991859786
35.4,0.036000000000000004,1.209230819578141,-3.4205232382826184e-06,0.666151373647412,0.9824978774554267
35.6,0.036000000000000004,1.209113259030751,-3.2906918779158025e-06,0.6372166050795207,0.9829768440698111
35.800000000000004,0.036000000000000004,1.2090004616056984,-3.1631261932293353e-06,0.6082803730470357,0.9834441451396585
36.0,0.036000000000000004,1.208892415249938,-3.0376405168919926e-06,0.5793425766269776,0.9839000296228018
36.2,0.036000000000000004,1.2087891112897708,-2.9140765389723002e-06,0.550403083045422,0.984344742055798
36.4,0.036000000000000004,1.2086905523488778,-2.7922322295957e-06,0.5214617699592938,0.9847785226107971
36.6,0.036000000000000004,1.2085967388759766,-2.671973599639905e-06,0.49251846519975284,0.9852016071515864
36.800000000000004,0.036000000000000004,1.2085076879823593,-2.553069790068352e-06,0.46357304123620674,0.9856142272892535
37.0,0.036000000000000004,1.2084234034904346,-2.4354457217224053e-06,0.43462527600246736,0.986016610437157
37.2,0.036000000000000004,1.2083439196950752,-2.3188037376276883e-06,0.4056750663437406,0.9864089798658188
37.4,0.036000000000000004,1.2082692338854266,-2.203197329062519e-06,0.376722108977015,0.9867915547571255
37.6,0.036000000000000004,1.208199406800205,-2.0881679540763966e-06,0.3477663850725602,0.9871645502587115
37.800000000000004,0.036000000000000004,1.2081344098190232,-1.9740483372153725e-06,0.3188074318936225,0.9875281775375947
38.0,0.036000000000000004,1.2080743540929566,-1.8600000367568696e-06,0.2898454441852929,0.9878826438341133
38.2,0.036000000000000004,1.2080191441506192,-1.746970093418276e-06,0.2608796159073636,0.9882281525152448
38.400000000000006,0.036000000000000004,1.207968998466187,-1.6332415015834085e-06,0.23191064193587718,0.9885649031278271
38.6,0.036000000000000004,1.207923664934074,-1.5211273373894862e-06,0.20293695130275047,0.9888930914521853
38.800000000000004,0.036000000000000004,1.2078836001161535,-1.4069063462152145e-06,0.17396038111936726,0.9892129095535477
39.0,0.036000000000000004,1.2078481953950104,-1.2959520546242356e-06,0.14497763886085,0.9895245458376984
39.2,0.036000000000000004,1.2078184416842526,-1.1800762964114887e-06,0.11599314703562393,0.9898281850954309
39.400000000000006,0.036000000000000004,1.207792924210279,-1.0709925922348405e-06,0.0869997332773283,0.9901240085740117
39.6,0.036000000000000004,1.2077738207753934,-9.251476193728151e-07,0.05800765336053269,0.9904121945126475
39.800000000000004,0.036000000000000004,1.207758226683248,-4.238539233244125e-07,0.029000897934201877,0.9906927776601611
40.0,0.036000000000000004,1.207758226683248,0.0,0.0,0.9906927776601611
0.0,0.038,1.0,0.0,6.087584349901624,0.0
0.2,0.038,1.1144087001687102,0.006564301137461052,6.087584349901624,0.003977449000372776
0.4,0.038,1.2047731274876805,0.0033810107467627678,5.825336710972297,0.011289217642629735
0.6000000000000001,0.038,1.229092660633251,0.0024450490355875593,5.855111616134174,0.022163118598723146
0.8,0.038,1.2667950973870314,0.0018313275854529671,5.7413119431053605,0.03559586606234404
1.0,0.038,1.2823422584872337,0.0014925404565626266,5.727411309377854,0.05107779966377906
1.2000000000000002,0.038,1.3013425581781777,0.0011775594718697532,5.661985174327195,0.06772197908833405
1.4000000000000001,0.038,1.3114166302680759,0.0009712004548860371,5.633248493911163,0.08512538429881608
1.6,0.038,1.3217603484614457,0.0007797518508159495,5.586544436950599,0.10282083675319396
1.8,0.038,1.3281332813476536,0.0006421928395567208,5.553892421683522,0.12060978625661317
2.0,0.038,1.3339830830798214,0.000519583096610544,5.515240023243482,0.13829236010489787
2.2,0.038,1.3378840840796897,0.00042621886669231,5.4822458275982076,0.15578841956281908
2.4000000000000004,0.038,1.3411815625102848,0.00034548837329376924,5.447455552564052,0.17302257473690544
2.6,0.038,1.3434249680417167,0.00028178253515488347,5.415105756310655,0.18996784117720109
2.8000000000000003,0.038,1.345167421998946,0.00022771309510019857,5.382383657875827,0.20660018113664988
3.0,0.038,1.346290678060357,0.00018413236733982622,5.350812651203315,0.22291420727650066
3.2,0.038,1.3470389318897766,0.00014753596556787423,5.319308912296712,0.2389058602069374
3.4000000000000004,0.038,1.3474010335433841,0.00011767805440856638,5.28840609893337,0.25457802606200813
3.6,0.038,1.3474948542810847,9.27573973401569e-05,5.257672889411203,0.2699340459174821
3.8000000000000003,0.038,1.3473386937659613,7.228849589225919e-05,5.227285248631678,0.2849797075443211
4.0,0.038,1.3469951445893895,5.5266540929679605e-05,5.1970629138365325,0.2997208373973332
4.2,0.038,1.3464865106729533,4.12388821805268e-05,5.167055562217297,0.31416400451944604
4.4,0.038,1.345849046099972,2.960311342045907e-05,5.137182366294921,0.3283156351360524
4.6000000000000005,0.038,1.3451017506626446,2.0002071375620992e-05,5.107450713117246,0.3421822656965753
4.800000000000001,0.038,1.344267028220915,1.2053330543224436e-05,5.077821026500292,0.35577023031315425
5.0,0.038,1.3433592490346669,5.490430536948541e-06,5.048288277691144,0.3690857797957561
5.2,0.038,1.3423925808083574,4.782891114456571e-08,5.018831196700212,0.38213508047178585
5.4,0.038,1.3413767377566244,-4.462754473114363e-06,4.989442448222771,0.3949244148107737
5.6000000000000005,0.038,1.3403217072583495,-8.190746810605308e-06,4.96010955128123,0.4074591722983191
5.800000000000001,0.038,1.3392351187159937,-1.1260825802485937e-05,4.930826270559771,0.41974460939089187
6.0,0.038,1.338123619333411,-1.3786634980825697e-05,4.901584965537415,0.43178584901644357
6.2,0.038,1.3369924776046211,-1.585963413277597e-05,4.872380801610771,0.4435878791750992
6.4,0.038,1.3358461908349348,-1.7557468128630215e-05,4.843208821931108,0.4551555482464561
6.6000000000000005,0.038,1.3346884031292587,-1.8943481462443025e-05,4.814065466335674,0.4664935709674112
6.800000000000001,0.038,1.3335221904697339,-2.007091581871071e-05,4.784947409967688,0.4776065329014689
7.0,0.038,1.3323500763866205,-2.098355033193234e-05,4.755852088376738,0.4884988978857538
7.2,0.038,1.3311741786001834,-2.171797300999793e-05,4.726777219641773,0.49917501419568966
7.4,0.038,1.3299962473585076,-2.2304394727499935e-05,4.697720969537721,0.5096391212236469
7.6000000000000005,0.038,1.3288177478124785,-2.2767982755505064e-05,4.668681743724049,0.519895355239285
7.800000000000001,0.038,1.3276398968718874,-2.3129563099884712e-05,4.639658227260241,0.5299477549578663
8.0,0.038,1.3264637129212815,-2.340645225855857e-05,4.610649287219729,0.5398002664448291
8.200000000000001,0.038,1.3252900451847707,-2.3612994837596315e-05,4.5816539718562375,0.5494567476571187
8.4,0.038,1.3241196053456605,-2.376110395429653e-05,4.552671460826825,0.5589209724819448
8.6,0.038,1.3229529893106644,-2.3860652241620216e-05,4.523701054063278,0.5681966344118096
8.8,0.038,1.3217906980165894,-2.391983216163774e-05,4.494742144042311,0.5772873498332156
9.0,0.038,1.3206331530044475,-2.3945433532031152e-05,4.465794204152954,0.5861966610051446
9.200000000000001,0.038,1.31948071037081,-2.3943087393105716e-05,4.436856772066193,0.5949280387423662
9.4,0.038,1.3183336716962788,-2.391746039694846e-05,4.407929440223681,0.6034848848518783
9.600000000000001,0.038,1.3171922934961098,-2.3872421149733212e-05,4.379011845316019,0.6118705343462415
9.8,0.038,1.3160567948161765,-2.381117517349979e-05,4.350103661179706,0.6200882574672844
10.0,0.038,1.314927363682615,-2.373637884444772e-05,4.321204591922645,0.6281412615426052
10.200000000000001,0.038,1.313804162363021,-2.3650232705474894e-05,4.292314366845915,0.636032692698801
10.4,0.038,1.3126873317878993,-2.3554559648678804e-05,4.26343273586767,0.6437656374495592
10.600000000000001,0.038,1.3115769951829832,-2.3450869417773263e-05,4.234559465966847,0.6513431241757467
10.8,0.038,1.3104732611001408,-2.3340412347389547e-05,4.205694338096411,0.6587681245112175
11.0,0.038,1.309376225913802,-2.322422381161219e-05,4.176837144713917,0.6660435546466449
11.200000000000001,0.038,1.3082859758946854,-2.3103161237792993e-05,4.1479876876810495,0.673172276561549
11.4,0.038,1.307202588920332,-2.2977934614844386e-05,4.119145776557776,0.6801570991934676
11.600000000000001,0.038,1.306126135893387,-2.2849131912143278e-05,4.090311227169007,0.6870007795518314
11.8,0.038,1.305056681913035,-2.2717240092983275e-05,4.061483860431494,0.6937060237831085
12.0,0.038,1.303994287245398,-2.2582662501696892e-05,4.0326635013760885,0.7002754881928278
12.200000000000001,0.038,1.302939008125459,-2.244573329290519e-05,4.003849978343338,0.7067117802293166
12.4,0.038,1.3018908974205825,-2.2306729402423948e-05,3.975043122316388,0.7130174594332727
12.600000000000001,0.038,1.3008500051788523,-2.2165880413340897e-05,3.946242766370784,0.7191950383567244
12.8,0.038,1.2998163790823891,-2.2023376754319785e-05,3.9174487452191107,0.7252469834543891
13.0,0.038,1.298790064822162,-2.187937647715895e-05,3.888660894836031,0.731175715950025
13.200000000000001,0.038,1.2977711064080204,-2.1734010872284876e-05,3.859879052148265,0.7369836126799831
13.4,0.038,1.2967595464251065,-2.1587389091584847e-05,3.831103054780154,0.7426730069158476
13.600000000000001,0.038,1.2957554262463367,-2.1439602023894917e-05,3.8023327408442094,0.7482461891677711
13.8,0.038,1.2947587862083554,-2.129072540418271e-05,3.7735679487692178,0.7537054079698874
14.0,0.038,1.2937696657575943,-2.1140822485650544e-05,3.7448085171601013,0.759052870648961
14.200000000000001,0.038,1.2927881035714694,-2.098994623682616e-05,3.716054284682795,0.7642907440772809
14.4,0.038,1.2918141376588435,-2.083814104937887e-05,3.687305089970911,0.769421155410656
14.600000000000001,0.038,1.2908478054433177,-2.0685444323994057e-05,3.658560771549137,0.7744461928122364
14.8,0.038,1.2898891438316606,-2.0531887638075123e-05,3.629821167770061,0.7793679061628103
15.0,0.038,1.2889381892698066,-2.0377497797002354e-05,3.6010861167622537,0.7841883077581189
15.200000000000001,0.038,1.2879949777880615,-2.0222297692750964e-05,3.5723554563858766,0.7889093729936839
15.4,0.038,1.2870595450371713,-2.0066306983151292e-05,3.5436290241959423,0.7935330410375832
15.600000000000001,0.038,1.2861319263170508,-1.9909542683414413e-05,3.5149066574103593,0.798061215491551
15.8,0.038,1.2852121565994012,-1.975201964018972e-05,3.4861881928833784,0.8024957650407668
16.0,0.038,1.284300270545917,-1.9593750927883884e-05,3.4574734670835197,0.806838524092637
16.2,0.038,1.2833963025231838,-1.9434748133960012e-05,3.428762316075739,0.8110912934048639
16.400000000000002,0.038,1.2825002866151234,-1.9275021660150037e-05,3.400054575507682,0.8152558407030439
16.6,0.038,1.281612256633767,-1.9114580887959557e-05,3.3713500805996715,0.8193339012880277
16.8,0.038,1.280732246128516,-1.895343437055647e-05,3.342648666137046,0.8233271786332181
17.0,0.038,1.2798602883941392,-1.879158998182413e-05,3.31395016646552,0.827237344971966
17.2,0.038,1.2789964164774295,-1.8629055040126117e-05,3.285254415487016,0.8310660418751709
17.400000000000002,0.038,1.27814066318245,-1.8465836395737168e-05,3.256561246657589,0.8348148808191692
17.6,0.038,1.2772930610746476,-1.8301940542080013e-05,3.2278704929850557,0.8384854437439492
17.8,0.038,1.2764536424836836,-1.8137373661431545e-05,3.1991819870275697,0.8420792836016856
18.0,0.038,1.2756224395054396,-1.797214171692987e-05,3.170495560892691,0.8455979248955642
18.2,0.038,1.2747994840031944,-1.7806250469063616e-05,3.141811046236189,0.8490428642088091
18.400000000000002,0.038,1.2739848076082154,-1.7639705539548505e-05,3.1131282742620123,0.8524155707237934
18.6,0.038,1.2731784417199232,-1.747251242989096e-05,3.084447075722072,0.8557174867310721
18.8,0.038,1.2723804175056403,-1.7304676563121667e-05,3.055767280916719,0.8589500281281227
19.0,0.038,1.271590765900018,-1.7136203279404777e-05,3.0270887196952545,0.8621145849075413
19.200000000000003,0.038,1.2708095176041583,-1.6967097877845093e-05,2.9984112214570393,0.8652125216344013
19.400000000000002,0.038,1.2700367030844757,-1.679736562944672e-05,2.9697346151525643,0.8682451779124193
19.6,0.038,1.269272352571269,-1.662701178041167e-05,2.941058729285245,0.8712138688385621
19.8,0.038,1.268516496057153,-1.6456041564202065e-05,2.912383391913292,0.8741198854456698
20.0,0.038,1.267769163295215,-1.628446021555453e-05,2.8837084306521423,0.8769644951326501
20.200000000000003,0.038,1.2670303837969619,-1.6112272976048755e-05,2.8550336726775702,0.879748942081785
20.400000000000002,0.038,1.2663001868300225,-1.5939485095987645e-05,2.8263589447291513,0.8824744476626755
20.6,0.038,1.2655786014154509,-1.5766101839685828e-05,2.7976840731147194,0.8851422108223596
20.8,0.038,1.264865656324723,-1.5592128500344885e-05,2.7690088837157063,0.887753408461158
21.0,0.038,1.264161380076214,-1.5417570395199377e-05,2.740333201993407,0.8903091957938415
21.200000000000003,0.038,1.2634658009311464,-1.5242432869687595e-05,2.7116568529972978,0.892810706695765
21.400000000000002,0.038,1.2627789468889292,-1.5066721315629796e-05,2.6829796613747483,0.8952590540336968
21.6,0.038,1.2621008456816252,-1.4890441155722404e-05,2.6543014513835987,0.8976553299811674
21.8,0.038,1.2614315247675345,-1.4713597862427718e-05,2.625622046907688,0.9000006063182695
22.0,0.038,1.2607710113234232,-1.4536196967710579e-05,2.5969412714759583,0.9022959347159969
22.200000000000003,0.038,1.2601193322351432,-1.4358244048187778e-05,2.5682589482865423,0.9045423470053479
22.400000000000002,0.038,1.2594765140861919,-1.417974477000882e-05,2.5395749002360013,0.9067408554316013
22.6,0.038,1.258842583143434,-1.4000704886271426e-05,2.5108889499555973,0.9088924528943597
22.8,0.038,1.258217565339613,-1.3821130247478603e-05,2.4822009198557,0.9109981131741469
23.0,0.038,1.2576014862516045,-1.364102685122776e-05,2.45351063217979,0.9130587911465483
23.200000000000003,0.038,1.2569943710736275,-1.3460400841730776e-05,2.4248179090709785,0.9150754229850889
23.400000000000002,0.038,1.2563962445844215,-1.3279258565651994e-05,2.3961225726523607,0.917048926354237
23.6,0.038,1.2558071311071017,-1.3097606601928304e-05,2.3674244451250583,0.9189802005941052
23.8,0.038,1.2552270544606006,-1.2915451831152765e-05,2.3387233488870165,0.9208701268985972
24.0,0.038,1.2546560379011018,-1.2732801473360868e-05,2.3100191066758637,0.9227195684888768
24.200000000000003,0.038,1.2540941040519122,-1.2549663178937758e-05,2.2813115417412906,0.9245293707841677
24.400000000000002,0.038,1.253541274820033,-1.2366045098871708e-05,2.2526004780502995,0.9263003615719603
24.6,0.038,1.2529975712973567,-1.2181956007250207e-05,2.2238857405318364,0.9280333511797434
24.8,0.038,1.2524630136446182,-1.1997405408508868e-05,2.1951671553656227,0.9297291326503802
25.0,0.038,1.2519376209556348,-1.1812403677090207e-05,2.1664445503209673,0.9313884819231958
25.200000000000003,0.038,1.2514214110996993,-1.1626962244545686e-05,2.1377177551524253,0.9330121580227423
25.400000000000002,0.038,1.2509144005397486,-1.1441093779668946e-05,2.108986602057079,0.9346009032570822
25.6,0.038,1.2504166041238896,-1.1254812434619252e-05,2.080250926200494,0.936155443427225
25.8,0.038,1.2499280348483675,-1.106813408052541e-05,2.0515105663158706,0.9376764880491443
26.0,0.038,1.249448703589838,-1.0881076626501275e-05,2.022765365381214,0.9391647305895252
26.200000000000003,0.038,1.2489786188055605,-1.0693660355669293e-05,1.9940151713784873,0.9406208487161121
26.400000000000002,0.038,1.2485177862005807,-1.0505908288483636e-05,1.9652598381361974,0.9420455045632018
26.6,0.038,1.2480662083614829,-1.0317846610872234e-05,1.9364992262562033,0.9434393450125077
26.8,0.038,1.2476238843575354,-1.0129505110441101e-05,1.907733204122727,0.9448030019892752
27.0,0.038,1.2471908093108117,-9.94091767104174e-06,1.8789616489885488,0.9461370927732032
27.200000000000003,0.038,1.2467669739382774,-9.752122786626572e-06,1.8501844481313876,0.9474422203234001
27.400000000000002,0.038,1.2463523640700582,-9.563164079585984e-06,1.8214015000686088,0.9487189736162978
27.6,0.038,1.2459469601497448,-9.37409086289155e-06,1.7926127158163168,0.9499679279951803
27.8,0.038,1.2455507367240684,-9.18495867273232e-06,1.7638180201733875,0.9511896455297285
28.0,0.038,1.24516366193074,-8.995829810003376e-06,1.7350173530083435,0.9523846753837887
28.200000000000003,0.038,1.2447856969950997,-8.80677381790231e-06,1.7062106705225988,0.9535535541894057
28.400000000000002,0.038,1.2444167957472485,-8.617867952622491e-06,1.6773979464595665,0.9546968064250512
28.6,0.038,1.2440569041728275,-8.429197544343947e-06,1.6485791732274908,0.9558149447959027
28.8,0.038,1.2437059600115103,-8.240856290736682e-06,1.619754362899611,0.9569084706140214
29.0,0.038,1.2433638924176875,-8.052946423637414e-06,1.5909235480556303,0.9579778741762816
29.200000000000003,0.038,1.2430306216983273,-7.865578752396514e-06,1.5620867824270939,0.9590236351379903
29.400000000000002,0.038,1.242706059142277,-7.67887251845927e-06,1.5332441413103708,0.960046222880233
29.6,0.038,1.242390106954591,-7.49295510345268e-06,1.5043957217143995,0.9610460968691205
29.8,0.038,1.242082658307912,-7.30796152751014e-06,1.475541642212586,0.9620237070052868
30.0,0.038,1.2417835975208935,-7.12403373383882e-06,1.4466820424757687,0.9629794939621751
30.200000000000003,0.038,1.2414928003708268,-6.941319671989194e-06,1.4178170824679643,0.9639138895118581
30.400000000000002,0.038,1.241210134544837,-6.759972147125148e-06,1.3889469412973607,0.9648273168373664
30.6,0.038,1.2409354602298368,-6.580147479556006e-06,1.3600718157207357,0.9657201908307085
30.8,0.038,1.2406686308384245,-6.402003947374596e-06,1.3311919183144956,0.9665929183760048
31.0,0.038,1.2404094938625947,-6.225700076524731e-06,1.302307475328703,0.9674458986173667
31.200000000000003,0.038,1.2401578918450065,-6.051392759118547e-06,1.2734187242606,0.9682795232113611
31.400000000000002,0.038,1.2399136634510535,-5.879235295183634e-06,1.2445259111794251,0.9690941765640965
31.6,0.038,1.2396766446252978,-5.709375322767569e-06,1.2156292878633679,0.9698902360531366
31.8,0.038,1.2394466698077784,-5.541952786482702e-06,1.1867291087872012,0.9706680722346164
32.0,0.038,1.2392235731907477,-5.377097883648504e-06,1.1578256280459434,0.9714280490360507
32.2,0.038,1.2390071899847452,-5.214929135628837e-06,1.1289190962439548,0.9721705239354616
32.4,0.038,1.2387973576771567,-5.0555515614618755e-06,1.100009757463302,0.9728958481275249
32.6,0.038,1.2385939172455913,-4.899055082451033e-06,1.0710978463044156,0.9736043666775138
32.800000000000004,0.038,1.2383967143204544,-4.745513087661158e-06,1.0421835851584296,0.9742964186638668
33.0,0.038,1.2382056002486475,-4.594981370278559e-06,1.0132671816200587,0.9749723373102358
33.2,0.038,1.238020433077904,-4.447497200671903e-06,0.9843488262943744,0.9756324501078759
33.4,0.038,1.2378410783903988,-4.3030789690288734e-06,0.9554286907322812,0.976277078929253
33.6,0.038,1.2376674100558058,-4.161725777166839e-06,0.9265069259583477,0.9769065401337079
33.800000000000004,0.038,1.237499310775791,-4.023417902668867e-06,0.8975836609686177,0.9775211446659975
34.0,0.038,1.2373366725939166,-3.888116791321378e-06,0.8686590021366076,0.9781211981485002
34.2,0.038,1.237179397107876,-3.7557665096165964e-06,0.8397330321526929,0.978707000967821
34.4,0.038,1.2370273957791067,-3.6262937288047343e-06,0.8108058105024663,0.979278848356474
34.6,0.038,1.2368805897631863,-3.4996105564135034e-06,0.7818773724762638,0.9798370304703035
34.800000000000004,0.038,1.236738910142572,-3.375613630390906e-06,0.7529477311136336,0.9803818324621766
35.0,0.038,1.2366022972664483,-3.2541892858719985e-06,0.7240168754558305,0.980913534552541
35.2,0.038,1.2364707011722778,-3.135209917752387e-06,0.6950847749118519,0.9814324120972161
35.4,0.038,1.2363440801528032,-3.0185438537537515e-06,0.6661513749817195,0.9819387356529792
35.6,0.038,1.2362224019249108,-2.904044949908658e-06,0.6372166063635375,0.982432771041097
35.800000000000004,0.038,1.2361056407172557,-2.7915728411340554e-06,0.6082803742789267,0.9829147794094383
36.0,0.038,1.2359937803941994,-2.6809668051241263e-06,0.5793425778045728,0.9833850172929725
36.2,0.038,1.2358868083741457,-2.5720895798340186e-06,0.5504030841668319,0.9838437366735788
36.4,0.038,1.2357847233918091,-2.4647652252869617e-06,0.5214617710220527,0.9842911850383367
36.6,0.038,1.2356875223123542,-2.358876857341502e-06,0.4925184662021744,0.9847276054379863
36.800000000000004,0.038,1.2355952185813175,-2.254222478696577e-06,0.4635730421754051,0.9851532365434218
37.0,0.038,1.2355078128976396,-2.150735917484973e-06,0.43462527687740155,0.9855683127037087
37.2,0.038,1.2354253360642233,-2.0481560272987726e-06,0.40567506715066787,0.9859730640006744
37.4,0.038,1.2353477829112087,-1.9465283812097536e-06,0.3767221097163911,0.9863677163076366
37.6,0.038,1.2352752106553726,-1.8454505533436697e-06,0.3477663857386728,0.9867524913411556
37.800000000000004,0.038,1.235207589267914,-1.7452117357341276e-06,0.31880743249024485,0.9871276067224717
38.0,0.038,1.2351450258217564,-1.6450768744331156e-06,0.2898454447021323,0.9874932760239016
38.2,0.038,1.235087425311536,-1.5458719058252072e-06,0.26087961635553103,0.9878497088370328
38.400000000000006,0.038,1.2350350003489428,-1.446093287957158e-06,0.23191064229454308,0.9881971108079761
38.6,0.038,1.2349875030054192,-1.347761099364156e-06,0.20293695159936337,0.9885356837210183
38.800000000000004,0.038,1.2349453794106284,-1.2476192415923447e-06,0.17396038130911265,0.9888656255098897
39.0,0.038,1.234908032971489,-1.1503637805279359e-06,0.14497763900778143,0.9891871303757481
39.2,0.038,1.2348764332966555,-1.0488298707007247e-06,0.11599314704148918,0.9895003887448403
39.400000000000006,0.038,1.234849194860864,-9.531462465214497e-07,0.08699973327807851,0.9898055874711027
39.6,0.038,1.2348284595130012,-8.240382603992137e-07,0.05800765278220074,0.9901029100839139
39.800000000000004,0.038,1.2348115476686612,-3.7791089120897693e-07,0.029000892634994363,0.9903923934446757
40.0,0.038,1.2348115476686612,0.0,0.0,0.9903923934446757
0.0,0.04,1.0,0.0,6.0875227888898555,0.0
0.2,0.04,1.115309621769459,0.005486148180037602,6.0875227888898555,0.0027787340511995547
0.4,0.04,1.2071197881035023,0.0028445080600424774,5.825372262707363,0.008237159028732371
0.6000000000000001,0.04,1.233656596095332,0.002072344302111818,5.855121436388768,0.016759283905732898
0.8,0.04,1.2736798044915285,0.0015645321205845276,5.741317893066171,0.027743519247912175
1.0,0.04,1.2917241189576816,0.0012831042843131025,5.727413978498561,0.04086391778852811
1.2000000000000002,0.04,1.3130120165235846,0.0010187434653852708,5.66198764508638,0.055428077009878805
1.4000000000000001,0.04,1.3252317270802134,0.0008437833334118894,5.633249779781688,0.07107074857749188
1.6,0.04,1.3374295273194108,0.0006803274142759159,5.586545700577374,0.08735295360798168
1.8,0.04,1.3454325755113783,0.0005617837256548051,5.553893175563381,0.10404210938875319
2.0,0.04,1.352654537799054,0.00045574551379795467,5.515240739261952,0.12090775764639128
2.2,0.04,1.3577237321979994,0.0003744800001399183,5.482246308671075,0.13782324210280733
2.4000000000000004,0.04,1.361992339045069,0.0003040940937287812,5.447455989894402,0.1546749184355082
2.6,0.04,1.3650484787680754,0.0002483355810310317,5.415106077096267,0.17139736308835188
2.8000000000000003,0.04,1.3674619038202356,0.00020097659924453616,5.382383940364105,0.18793571790795593
3.0,0.04,1.369140929187939,0.00016272141830840883,5.3508128710038045,0.20425732450528075
3.2,0.04,1.3703456201981308,0.00013058745732002843,5.3193091024094885,0.2203364819523876
3.4000000000000004,0.04,1.3710828465084344,0.00010433951805484154,5.288406252625977,0.23615797120480198
3.6,0.04,1.3714830012933976,8.242943212356446e-05,5.257673021361282,0.25171084307539193
3.8000000000000003,0.04,1.371576598014914,6.442204678355826e-05,5.2272853580776095,0.2669892744857414
4.0,0.04,1.3714354153032497,4.944639792996853e-05,5.197063007798292,0.281989964880642
4.2,0.04,1.3710900603735323,3.710078781026745e-05,5.167055641635374,0.2967121954090306
4.4,0.04,1.3705833101834046,2.6859841327720868e-05,5.137182434831816,0.31115668806504976
4.6000000000000005,0.04,1.3699398329702457,1.8407924101421814e-05,5.107450771978357,0.32532547966606423
4.800000000000001,0.04,1.36918660148273,1.1410413876501966e-05,5.0778210777700705,0.3392213997010357
5.0,0.04,1.3683418938633103,5.633056345943703e-06,5.048288322403376,0.3528479543280451
5.2,0.04,1.3674231500343408,8.443350397470643e-07,5.018831236267741,0.36620914349327593
5.4,0.04,1.3664427325748825,-3.1241735488602016e-06,4.989442483545744,0.3793096278172535
5.6000000000000005,0.04,1.3654126009408725,-6.4063969499293654e-06,4.960109583049968,0.3921536595259526
5.800000000000001,0.04,1.3643421834767353,-9.110982241530348e-06,4.9308262992720815,0.4047455541617644
6.0,0.04,1.363239614068615,-1.1337254253088249e-05,4.9015849917353025,0.41708973165024943
6.2,0.04,1.362111406380452,-1.3165409225856327e-05,4.872380825704086,0.42919065787860344
6.4,0.04,1.3609630927969771,-1.4663569843193686e-05,4.84320884427913,0.4410528007708032
6.6000000000000005,0.04,1.3597991813098262,-1.588740159611133e-05,4.8140654872205975,0.45268060479616296
6.800000000000001,0.04,1.3586234654773663,-1.6883699413651836e-05,4.784947429630794,0.4640784711996015
7.0,0.04,1.3574390660700884,-1.769097269551068e-05,4.7558521070121715,0.4752507459649227
7.2,0.04,1.3562485965708986,-1.8341406438887286e-05,4.72677723741321,0.4862017108535397
7.4,0.04,1.3550542191975368,-1.8861587046964372e-05,4.6977209865786005,0.49693557808330885
7.6000000000000005,0.04,1.3538577409363342,-1.927366237992746e-05,4.668681760145984,0.5074564867749539
7.800000000000001,0.04,1.3526606625026851,-1.9595963847504913e-05,4.639658243154838,0.5177685012064869
8.0,0.04,1.351464237716754,-1.984373354159062e-05,4.610649302663257,0.5278756100551444
8.200000000000001,0.04,1.3502695111752288,-2.0029599087056833e-05,4.581653986911505,0.5377817265295207
8.4,0.04,1.349077356618836,-2.0164047534126553e-05,4.552671475545951,0.5474906890088627
8.6,0.04,1.3478885044058317,-2.025577019499459e-05,4.523701068489252,0.5570062620921443
8.8,0.04,1.3467035670011365,-2.0311979170818892e-05,4.494742158210741,0.5663321378739735
9.0,0.04,1.3455230584769127,-2.0338651942366775e-05,4.465794218093192,0.5754719373815672
9.200000000000001,0.04,1.3443474117006156,-2.0340745789803972e-05,4.436856785802509,0.5844292120859357
9.4,0.04,1.3431769919639334,-2.0322369049078308e-05,4.407929453776069,0.5932074454501207
9.600000000000001,0.04,1.342012108665346,-2.028692745257575e-05,4.379011858700955,0.6018100544748919
9.8,0.04,1.3408530247629278,-2.0237242982248447e-05,4.350103674410744,0.6102403912239588
10.0,0.04,1.3396999647607657,-2.0175654160419697e-05,4.321204605010944,0.6185017443123371
10.200000000000001,0.04,1.338553121246559,-2.0104098201205322e-05,4.2923143798006045,0.6265973403509457
10.4,0.04,1.3374126603701144,-2.0024179848091223e-05,4.2634327486962444,0.6345303453420941
10.600000000000001,0.04,1.3362787263526805,-1.993722815299748e-05,4.234559478675424,0.6423038660245564
10.8,0.04,1.3351514452442252,-1.984434379470389e-05,4.205694350689977,0.6499209511679013
11.0,0.04,1.3340309280220215,-1.974643819802637e-05,4.176837157196512,0.6573845928174591
11.200000000000001,0.04,1.3329172731630172,-1.9644266121267072e-05,4.147987700055946,0.6646977274917895
11.4,0.04,1.3318105687674744,-1.9538452524597233e-05,4.119145788827595,0.6718632373352206
11.600000000000001,0.04,1.3307108943192676,-1.9429514945916264e-05,4.090311239335853,0.6788839512281806
11.8,0.04,1.3296183221405202,-1.931788197520453e-05,4.061483872497021,0.6857626458582327
12.0,0.04,1.3285329185964134,-1.9203908593573045e-05,4.032663513341581,0.6925020467546598
12.200000000000001,0.04,1.327454745091123,-1.9087888883241008e-05,4.0038499902097895,0.6991048292893778
12.4,0.04,1.3263838588918753,-1.8970066522623737e-05,3.9750431340845576,0.7055736196467713
12.600000000000001,0.04,1.325320313810093,-1.8850643518500515e-05,3.9462427780412077,0.7119109957648724
12.8,0.04,1.324264160764559,-1.872978739706702e-05,3.9174487567921688,0.718119488250084
13.0,0.04,1.3232154482470626,-1.860763717746762e-05,3.8886609063119586,0.7242015812674487
13.200000000000001,0.04,1.3221742227075308,-1.8484308325800165e-05,3.85987906352719,0.7301597134082599
13.4,0.04,1.3211405288725224,-1.8359896808759885e-05,3.8311030660621017,0.7359962785366112
13.600000000000001,0.04,1.3201144100090105,-1.8234482513298483e-05,3.8023327520291392,0.7417136266163087
13.8,0.04,1.3190959081427391,-1.810813199432649e-05,3.7735679598570298,0.747314064519396
14.0,0.04,1.3180850642393012,-1.7980900815202397e-05,3.744808528150629,0.7527998568173875
14.200000000000001,0.04,1.3170819183542757,-1.7852835472519832e-05,3.7160542955758458,0.7581732265561725
14.4,0.04,1.3160865097575936,-1.7723974929959296e-05,3.6873051007662414,0.7634363560154384
14.600000000000001,0.04,1.3150988770365646,-1.7594351984944034e-05,3.6585607822464956,0.7685913874533393
14.8,0.04,1.3141190581806086,-1.7463994311373602e-05,3.6298211783691627,0.7736404238370713
15.0,0.04,1.313147090650696,-1.7332925378482954e-05,3.6010861272627963,0.778585529559918
15.200000000000001,0.04,1.3121830114356439,-1.720116521175241e-05,3.5723554667875512,0.7834287311452865
15.4,0.04,1.3112268570973273,-1.7068730991078645e-05,3.5436290344984207,0.788172017938189
15.600000000000001,0.04,1.3102786638069204,-1.6935637558302345e-05,3.5149066676133103,0.7928173427845822
15.8,0.04,1.309338467373704,-1.680189785469173e-05,3.4861882029864506,0.7973666226989482
16.0,0.04,1.3084063032683602,-1.666752325077145e-05,3.4574734770863738,0.8018217395204512
16.2,0.04,1.3074822066420502,-1.653252381804647e-05,3.428762325978013,0.8061845405579855
16.400000000000002,0.04,1.3065662123423094,-1.6396908572494906e-05,3.400054585309035,0.8104568392243868
16.6,0.04,1.3056583549266556,-1.6260685639778423e-05,3.37135009029974,0.814640415660053
16.8,0.04,1.304758668674194,-1.6123862406100107e-05,3.3426486757354805,0.8187370173461764
17.0,0.04,1.3038671875955417,-1.5986445669446757e-05,3.313950175961961,0.8227483597077622
17.2,0.04,1.3029839454410754,-1.584844173323129e-05,3.2852544248811197,0.8266761267065569
17.400000000000002,0.04,1.3021089757074875,-1.5709856493518353e-05,3.256561255948983,0.8305219714239821
17.6,0.04,1.301242311642971,-1.5570695520059662e-05,3.2278705021733995,0.8342875166341276
17.8,0.04,1.3003839862509268,-1.5430964123424755e-05,3.199181996112508,0.8379743553668056
18.0,0.04,1.299534032292681,-1.529066740908264e-05,3.1704955698738826,0.8415840514606475
18.2,0.04,1.2986924822892505,-1.5149810308496996e-05,3.1418110551132776,0.8451181401061638
18.400000000000002,0.04,1.2978593685223991,-1.50083976229855e-05,3.113128283034658,0.8485781283786551
18.6,0.04,1.2970347230351897,-1.4866434058114433e-05,3.084447084389924,0.8519654957608186
18.8,0.04,1.2962185776320407,-1.4723924240269444e-05,3.0557672894794474,0.8552816946548386
19.0,0.04,1.295410963878405,-1.458087272452493e-05,3.0270887281525156,0.8585281508837141
19.200000000000003,0.04,1.2946119131000908,-1.443728403165545e-05,2.998411229808501,0.8617062641815276
19.400000000000002,0.04,1.2938214563822819,-1.4293162654058747e-05,2.9697346233978905,0.864817408672305
19.6,0.04,1.2930396245682374,-1.4148513060477853e-05,2.9410587374241106,0.8678629333370909
19.8,0.04,1.292266448257824,-1.400333971022233e-05,2.9123833999453663,0.8708441624688146
20.0,0.04,1.2915019578057454,-1.3857647054263002e-05,2.883708438577101,0.873762396114493
20.200000000000003,0.04,1.2907461833195502,-1.3711439561794357e-05,2.8550336804950933,0.8766189105043057
20.400000000000002,0.04,1.2899991546573797,-1.3564721695379362e-05,2.8263589524389223,0.8794149584670526
20.6,0.04,1.2892609014253031,-1.3417497937964482e-05,2.7976840807164223,0.8821517698315201
20.8,0.04,1.2885314529743368,-1.3269772790811941e-05,2.7690088912090283,0.8848305518132927
21.0,0.04,1.2878108383969356,-1.3121550776895002e-05,2.740333209378042,0.887452489386589
21.200000000000003,0.04,1.2870990865229537,-1.2972836445184817e-05,2.7116568602729423,0.8900187456407469
21.400000000000002,0.04,1.2863962259149897,-1.2823634379727816e-05,2.682979668541098,0.8925304621210709
21.6,0.04,1.285702284862858,-1.2673949183531153e-05,2.6543014584403553,0.8949887591538384
21.8,0.04,1.2850172913771891,-1.252378551896793e-05,2.6256220538545536,0.8973947361553868
22.0,0.04,1.2843412731816637,-1.2373148078132436e-05,2.596941278312645,0.8997494719253376
22.200000000000003,0.04,1.2836742577036648,-1.2222041602890191e-05,2.5682589550127677,0.9020540249241765
22.400000000000002,0.04,1.283016272062857,-1.207047090374747e-05,2.5395749068514735,0.904309433535572
22.6,0.04,1.2823673430569693,-1.1918440863357815e-05,2.5108889564600454,0.90651671631402
22.8,0.04,1.2817274971443569,-1.1765956443450486e-05,2.4822009262488463,0.9086768722185884
23.0,0.04,1.2810967604223404,-1.1613022731488784e-05,2.453510638461373,0.9107908808337468
23.200000000000003,0.04,1.280475158600518,-1.1459644927692742e-05,2.424817915240737,0.9128597025784783
23.400000000000002,0.04,1.2798627169680763,-1.1305828403113174e-05,2.396122578710035,0.9148842789050631
23.6,0.04,1.279259460353802,-1.1151578719440844e-05,2.3674244510704003,0.9168655324891272
23.8,0.04,1.2786654130777246,-1.0996901682722024e-05,2.3387233547197868,0.9188043674127155
24.0,0.04,1.2780805988927924,-1.0841803380666446e-05,2.31001911239584,0.9207016693423048
24.200000000000003,0.04,1.2775050409150335,-1.0686290251921321e-05,2.2813115473482473,0.9225583057037895
24.400000000000002,0.04,1.2769387615404744,-1.0530369145153177e-05,2.2526004835440347,0.924375125856569
24.6,0.04,1.276381782346747,-1.0374047423702022e-05,2.223885745912159,0.9261529612689008
24.8,0.04,1.2758341239775193,-1.0217333048881641e-05,2.195167160632369,0.9278926256966906
25.0,0.04,1.2752958060072865,-1.0060234695393255e-05,2.1664445554739764,0.9295949153678557
25.200000000000003,0.04,1.2747668467843951,-9.902761904572496e-06,2.1377177601915758,0.9312606091742878
25.400000000000002,0.04,1.2742472632499215,-9.744925243729689e-06,2.1089866069822856,0.9328904688733236
25.6,0.04,1.2737370707299804,-9.586736492157358e-06,2.0802509310116917,0.9344852393004331
25.8,0.04,1.2732362826995545,-9.428208849269588e-06,2.051510571013048,0.9360456485946143
26.0,0.04,1.272744910515675,-9.269357195037377e-06,2.022765369964398,0.9375724084377163
26.200000000000003,0.04,1.2722629631185784,-9.110198371638012e-06,1.9940151758477664,0.9390662143086227
26.400000000000002,0.04,1.27179044669986,-8.950751481054814e-06,1.9652598424917245,0.9405277457528978
26.6,0.04,1.2713273643371852,-8.791038245514812e-06,1.9364992304982052,0.9419576666681718
26.8,0.04,1.2708737155963359,-8.631083370555452e-06,1.9077332082515077,0.9433566256051888
27.0,0.04,1.2704294961021179,-8.470914962410628e-06,1.878961653004522,0.9447252560841075
27.200000000000003,0.04,1.2699946970810634,-8.310564953651413e-06,1.850184452035057,0.9460641769252984
27.400000000000002,0.04,1.269569304880065,-8.15006954212171e-06,1.821401503860605,0.9473739925935887
27.6,0.04,1.2691533004667217,-7.989469665342085e-06,1.792612719497408,0.9486552935545952
27.8,0.04,1.2687466589186165,-7.828811454411357e-06,1.7638180237444718,0.9499086566415486
28.0,0.04,1.2683493489102449,-7.668146688260854e-06,1.7350173564704905,0.9511346454307932
28.200000000000003,0.04,1.267961332208106,-7.507533203872005e-06,1.70621067387704,0.9523338106239726
28.400000000000002,0.04,1.267582563185535,-7.347035309753006e-06,1.6773979497077172,0.9535066904347889
28.6,0.04,1.2672129883703163,-7.186724091905281e-06,1.6485791763709519,0.9546538109781515
28.8,0.04,1.2668525460390392,-7.026677677271634e-06,1.6197543659401852,0.9557756866594986
29.0,0.04,1.266501165872588,-6.86698139540119e-06,1.5909235509953215,0.9568728205620924
29.200000000000003,0.04,1.2661587686876439,-6.707727829301831e-06,1.5620867852681153,0.9579457048301622
29.400000000000002,0.04,1.2658252662584197,-6.549016718936842e-06,1.533244144055142,0.9589948210458623
29.6,0.04,1.2655005612421724,-6.390954737819467e-06,1.504395724365539,0.9600206405981586
29.8,0.04,1.2651845472205134,-6.233655094763078e-06,1.4755416447729108,0.9610236250419264
30.0,0.04,1.2648771088665482,-6.077236963004797e-06,1.4466820449482714,0.9620042264457332
30.200000000000003,0.04,1.264578122245085,-5.921824731092907e-06,1.4178170848558098,0.9629628877270017
30.400000000000002,0.04,1.264287455250403,-5.7675470649557995e-06,1.3889469436038517,0.9639000429734592
30.6,0.04,1.2640049681819507,-5.614535802199149e-06,1.3600718179492948,0.9648161177500255
30.8,0.04,1.2637305144553703,-5.462924663568143e-06,1.3311919204686313,0.9657115293905075
31.0,0.04,1.2634639414410092,-5.312847842622441e-06,1.302307477411983,0.9665866872737033
31.200000000000003,0.04,1.2632050914199455,-5.164438427834061e-06,1.2734187262766057,0.9674419930837261
31.400000000000002,0.04,1.2629538026411529,-5.017826766141814e-06,1.2445259131317192,0.9682778410545655
31.6,0.04,1.2627099104636879,-4.873138737707874e-06,1.2156292897554533,0.9690946181990765
31.8,0.04,1.2624732485598626,-4.730494031062831e-06,1.1867291106224764,0.969892704522766
32.0,0.04,1.2622436501602594,-4.5900044156453516e-06,1.1578256298276706,0.9706724732228648
32.2,0.04,1.2620209493099732,-4.451772104120047e-06,1.1289190979752102,0.9714342908733163
32.4,0.04,1.26180498211943,-4.315888186514114e-06,1.1000097591469467,0.9721785175963935
32.6,0.04,1.2615955879726521,-4.182431267135606e-06,1.0710978479430653,0.9729055072217329
32.800000000000004,0.04,1.261392610687257,-4.051466219382125e-06,1.0421835867544214,0.9736156074336312
33.0,0.04,1.2611958995788066,-3.92304325142036e-06,1.0132671831754287,0.9743091599074819
33.2,0.04,1.2610053104484416,-3.7971970810664194e-06,0.9843488278108403,0.9749865004362309
33.4,0.04,1.2608207064234653,-3.673946587581818e-06,0.9554286922112307,0.9756479590477538
33.6,0.04,1.2606419587195883,-3.553294419480843e-06,0.9265069274008354,0.9762938601140115
33.800000000000004,0.04,1.2604689471987869,-3.435227333873261e-06,0.8975836623753627,0.9769245224528381
34.0,0.04,1.2603015608934705,-3.319716137775541e-06,0.8686590035079959,0.977540259423154
34.2,0.04,1.260139698238188,-3.2067168690164683e-06,0.8397330334888028,0.9781413790143846
34.4,0.04,1.2599832673967981,-3.096170726771656e-06,0.8108058118030591,0.9787281839307529
34.6,0.04,1.2598321861182329,-2.988006429218964e-06,0.7818773737408364,0.9793009716711688
34.800000000000004,0.04,1.2596863819869581,-2.882139396320179e-06,0.7529477323414047,0.9798600346052068
35.0,0.04,1.2595457917949373,-2.7784760913309543e-06,0.7240168766458139,0.9804056600458639
35.2,0.04,1.2594103619755965,-2.676910906522933e-06,0.695084776062816,0.9809381303193682
35.4,0.04,1.2592800472136128,-2.5773344972063677e-06,0.6661513760923187,0.9814577228327737
35.6,0.04,1.2591548116105729,-2.479624954301896e-06,0.637216607432187,0.9819647101392728
35.800000000000004,0.04,1.2590346258373712,-2.3836649361747717e-06,0.6082803753040593,0.9824593600022077
36.0,0.04,1.2589194702181707,-2.2893195330114797e-06,0.5793425787843289,0.9829419354571078
36.2,0.04,1.2588093287637578,-2.196473371080967e-06,0.5504030850995892,0.9834126948734012
36.4,0.04,1.2587041968110069,-2.1049779984391796e-06,0.5214617719056901,0.9838718920139262
36.6,0.04,1.2586040680690531,-2.0147346556596875e-06,0.4925184670352508,0.9843197760954872
36.800000000000004,0.04,1.258508952760361,-1.9255722160936033e-06,0.46357304295542623,0.9847565918460485
37.0,0.04,1.2584188487968877,-1.8374342823937524e-06,0.4346252776034868,0.9851825795654002
37.2,0.04,1.258333783901864,-1.7500991047448894e-06,0.405675067819568,0.9855979751794515
37.4,0.04,1.2582537506593587,-1.6636044139840836e-06,0.37672211032853414,0.9860030103029123
37.6,0.04,1.2581788031938321,-1.5776083913405096e-06,0.34776638628907985,0.9863979122886957
37.800000000000004,0.04,1.258108910087923,-1.4923546587299564e-06,0.3188074329822452,0.9867829042961909
38.0,0.04,1.2580441748936233,-1.4072194119172122e-06,0.2898454451267292,0.987158205330984
38.2,0.04,1.257984502740909,-1.3229004656539892e-06,0.26087961672248045,0.9875240303261204
38.400000000000006,0.04,1.2579301013115216,-1.2381230843570726e-06,0.23191064258561117,0.9878805901614922
38.6,0.04,1.2578807258134013,-1.1545960048610493e-06,0.20293695183861765,0.9882280917739048
38.800000000000004,0.04,1.2578368138062426,-1.0695604529262113e-06,0.17396038145729928,0.9885667381329395
39.0,0.04,1.2577977781546779,-9.86991031097812e-07,0.14497763912104086,0.9888967284138157
39.2,0.04,1.2577645712026875,-9.008167764112855e-07,0.11599314703367893,0.9892182578785322
39.400000000000006,0.04,1.2577358308132358,-8.19529755484031e-07,0.08699973326677177,0.9895315181930427
39.6,0.04,1.257713671534596,-7.09010781307326e-07,0.058007652249799625,0.9898366974110709
39.800000000000004,0.04,1.2576956081054518,-3.254374663457563e-07,0.02900088788964984,0.9901338341331025
40.0,0.04,1.2576956081054518,0.0,0.0,0.9901338341331025
0.0,0.042,1.0,0.0,6.087472405896885,0.0
0.2,0.042,1.1159175326471922,0.004398317128357525,6.087472405896885,0.0019459702741431908
0.4,0.042,1.208769053725558,0.0022921164746290616,5.825401444686483,0.006042886404644779
0.6000000000000001,0.042,1.236970965536516,0.001679661302949103,5.855129551610778,0.01276416172311234
0.8,0.042,1.2788014331278745,0.0012761530874567848,5.741322837893479,0.021805115362287818
1.0,0.042,1.2988387528785788,0.0010519633586299742,5.727416222275974,0.032995302056799236
1.2000000000000002,0.042,1.3219985184196335,0.0008395678187347464,5.661989724985581,0.04581435554960749
1.4000000000000001,0.042,1.3360015061106618,0.0006978501474704141,5.633250875578114,0.059947304727971565
1.6,0.042,1.3497646698690684,0.0005646481563661231,5.586546775508162,0.07499313504631007
1.8,0.042,1.3591568160986127,0.0004673020612033966,5.553893823248598,0.09070231306981637
2.0,0.042,1.3675589933805326,0.00037994621351321734,5.515241352854141,0.10682557820222945
2.2,0.042,1.373638305310678,0.00031264078339780836,5.482246723652642,0.12320126768960077
2.4000000000000004,0.042,1.3787511361118086,0.0002542555138571179,5.447456366318431,0.13968534586837195
2.6,0.042,1.3825159485740681,0.00020785425514782734,5.41510635423796,0.15618060207430026
2.8000000000000003,0.042,1.3855162736448452,0.0001684147621641214,5.382384184007168,0.17260601760253969
3.0,0.042,1.3876823495442796,0.00013649892216128395,5.350813060899295,0.1889054197350016
3.2,0.042,1.3892878639893114,0.00010968164749085014,5.319309266425964,0.20503418558962944
3.4000000000000004,0.042,1.3903549899623855,8.775512319551887e-05,5.288406385265549,0.22096114658675942
3.6,0.042,1.3910250070381636,6.944997024778324e-05,5.257673135081377,0.23666266676970985
3.8000000000000003,0.042,1.3913389645925567,5.4397591393123384e-05,5.227285452347396,0.2521225736679747
4.0,0.042,1.3913766705506658,4.187875852493104e-05,5.197063088608354,0.26732939452153914
4.2,0.042,1.3911759541284643,3.155553741021232e-05,5.167055709851819,0.28227586943890753
4.4,0.042,1.390785306375127,2.2991855809572647e-05,5.137182493596398,0.29695758616141765
4.6000000000000005,0.042,1.3902343458376087,1.5922966279815064e-05,5.107450822356794,0.3113725247739975
4.800000000000001,0.042,1.3895540490940814,1.0070344640796362e-05,5.0778211215589595,0.32552034902760096
5.0,0.042,1.388766108279515,5.238206731045427e-06,5.0482883605088995,0.3394020844319903
5.2,0.042,1.387890809512851,1.2347001492716151e-06,5.0188312698689845,0.35301978080718743
5.4,0.042,1.386942932521593,-2.0826040031019853e-06,4.989442513427723,0.36637657093079634
5.6000000000000005,0.042,1.3859361470137315,-4.827721781814285e-06,4.9601096098565,0.37947568567990725
5.800000000000001,0.042,1.3848814306909198,-7.090959326285612e-06,4.93082632343802,0.39232059712489026
6.0,0.042,1.3837882098381369,-8.954774281933656e-06,4.901585013728526,0.40491508641638924
6.2,0.042,1.3826640846065825,-1.048597559534111e-05,4.872380845879344,0.4172631404043843
6.4,0.042,1.3815154929629263,-1.174136604404576e-05,4.843208862946962,0.42936887446464145
6.6000000000000005,0.042,1.380347699646397,-1.2767429139646021e-05,4.814065504625347,0.44123647960587564
6.800000000000001,0.042,1.3791651274749361,-1.3603249891625625e-05,4.784947445981217,0.45287018122282796
7.0,0.042,1.3779714212041505,-1.428101525907672e-05,4.755852122476382,0.46427420966022637
7.2,0.042,1.3767696294804417,-1.4827627775224364e-05,4.7267772521329166,0.47545277765498467
7.4,0.042,1.3755622762048179,-1.526531807814526e-05,4.697721000669371,0.4864100642020445
7.6000000000000005,0.042,1.3743514685382534,-1.56126056879326e-05,4.668681773704463,0.49715020258327264
7.800000000000001,0.042,1.3731389564299654,-1.5884821672079398e-05,4.6396582562603985,0.5076772720051425
8.0,0.042,1.3719262004729718,-1.6094713377744547e-05,4.61064931538194,0.5179952917092309
8.200000000000001,0.042,1.370714416850982,-1.6252842599284687e-05,4.58165399929773,0.528108217106075
8.4,0.042,1.369504621633012,-1.6367980664762457e-05,4.552671487644882,0.5380199373281346
8.6,0.042,1.3682976632549364,-1.6447397304492854e-05,4.523701080338156,0.5477342738931843
8.8,0.042,1.3670942521224534,-1.6497124958147116e-05,4.494742169840447,0.5572549801495899
9.0,0.042,1.365894983558674,-1.6522163482979018e-05,4.465794229529173,0.5665857413100897
9.200000000000001,0.042,1.3647003578360528,-1.652665936928559e-05,4.436856797065785,0.5757301748946919
9.4,0.042,1.363510796177041,-1.651404903866886e-05,4.407929464883975,0.5846918314683757
9.600000000000001,0.042,1.362326654397756,-1.6487181209638515e-05,4.379011869667796,0.5934741955764904
9.8,0.042,1.3611482339919316,-1.644841630994719e-05,4.350103685248281,0.6020806868133723
10.0,0.042,1.3599757914676316,-1.6399710373173235e-05,4.3212046157288455,0.6105146609726068
10.200000000000001,0.042,1.35880954600623,-1.634268376017737e-05,4.292314390406822,0.6187794112440486
10.4,0.042,1.3576496858696834,-1.6278678720630285e-05,4.263432759197276,0.6268781694309317
10.600000000000001,0.042,1.3564963736803974,-1.6208806902098664e-05,4.234559489076596,0.6348141071690485
10.8,0.042,1.3553497508167305,-1.613398892462905e-05,4.205694360995624,0.6425903371348821
11.0,0.042,1.3542099410406443,-1.6054987103189686e-05,4.176837167410163,0.6502099142341597
11.200000000000001,0.042,1.3530770535082077,-1.5972432701911857e-05,4.147987710180447,0.6576758367651352
11.4,0.042,1.351951185256203,-1.5886848412746802e-05,4.119145798865246,0.6649910475533608
11.600000000000001,0.042,1.350832423262939,-1.5798667066464793e-05,4.090311249288485,0.6721584350562779
11.8,0.042,1.3497208461517252,-1.5708247093572233e-05,4.061483882366096,0.6791808344371921
12.0,0.042,1.348616525601645,-1.5615885357122914e-05,4.032663523128241,0.6860610286089691
12.200000000000001,0.042,1.347519527513968,-1.55218277610729e-05,4.003849999914921,0.6928017492483509
12.4,0.042,1.3464299129772572,-1.542627806381229e-05,3.9750431437088194,0.6994056777820844
12.600000000000001,0.042,1.3453477390652138,-1.53294051548175e-05,3.9462427875851,0.7058754463462558
12.8,0.042,1.344273059496357,-1.5231349087731622e-05,3.91744876625603,0.7122136387202787
13.0,0.042,1.3432059251794854,-1.5132226062860958e-05,3.888660915696023,0.7184227912370013
13.200000000000001,0.042,1.3421463846647999,-1.5032132581736298e-05,3.8598790728315833,0.7245053936703386
13.4,0.042,1.3410944845169424,-1.4931148832527723e-05,3.8311030752868778,0.730463890101771
13.600000000000001,0.042,1.3400502696238612,-1.4829341564640575e-05,3.8023327611742777,0.7363006797669426
13.8,0.042,1.3390137834524243,-1.4726766353751807e-05,3.773567968922452,0.7420181178835086
14.0,0.042,1.337985068260268,-1.4623469605541886e-05,3.744808537136225,0.7476185164612424
14.200000000000001,0.042,1.3369641652713677,-1.451949011827759e-05,3.716054304481458,0.7531041450953407
14.4,0.042,1.3359511148214067,-1.4414860407117848e-05,3.687305109591697,0.7584772317437493
14.600000000000001,0.042,1.334945956478142,-1.4309607820207566e-05,3.6585607909915834,0.7637399634892436
14.8,0.042,1.3339487291404641,-1.420375542144645e-05,3.629821187033663,0.7688944872869323
15.0,0.042,1.332959471119649,-1.4097322762566468e-05,3.601086135846467,0.7739429106977633
15.200000000000001,0.042,1.3319782202054031,-1.3990326500480801e-05,3.572355475290134,0.7788873026085731
15.4,0.042,1.3310050137191012,-1.3882780927627496e-05,3.543629042919657,0.783729693939158
15.600000000000001,0.042,1.33003988855664,-1.377469836662707e-05,3.514906675952927,0.7884720783368008
15.8,0.042,1.3290828812226836,-1.3666089556883245e-05,3.486188211244175,0.7931164128586606
16.0,0.042,1.328134027858427,-1.355696391662429e-05,3.4574734852619198,0.7976646186423817
16.2,0.042,1.3271933642643585,-1.3447329786823176e-05,3.4287623340711053,0.8021185815652614
16.400000000000002,0.042,1.3262609259191767,-1.3337194615058021e-05,3.400054593319377,0.8064801528922667
16.6,0.042,1.3253367479958997,-1.3226565100751212e-05,3.3713500982270523,0.8107511499131649
16.8,0.042,1.3244208653755287,-1.3115447340878965e-05,3.3426486835794638,0.8149333565689902
17.0,0.042,1.3235133126586653,-1.3003846928772716e-05,3.3139501837223295,0.8190285240680307
17.2,0.042,1.3226141241751632,-1.289176904176997e-05,3.28525443255758,0.8230383714914825
17.400000000000002,0.042,1.3217233339918304,-1.2779218523539645e-05,3.256561263541261,0.8269645863888674
17.6,0.042,1.3208409759185598,-1.266619993796845e-05,3.2278705096811966,0.8308088253632882
17.8,0.042,1.3199670835128052,-1.2552717635304168e-05,3.1991820035355425,0.8345727146465312
18.0,0.042,1.3191016900829324,-1.2438775796507385e-05,3.170495577211864,0.8382578506640003
18.2,0.042,1.3182448286904942,-1.2324378448878607e-05,3.141811062365934,0.8418658005894193
18.400000000000002,0.042,1.3173965321517023,-1.2209529515992439e-05,3.1131282902016983,0.8453981028891895
18.6,0.042,1.3165568330383204,-1.209423283943357e-05,3.084447091471079,0.8488562678562577
18.8,0.042,1.3157257636779955,-1.1978492190631999e-05,3.0557672964744316,0.8522417781332812
19.0,0.042,1.3149033561541512,-1.1862311290229195e-05,3.027088735061055,0.855556089224851
19.200000000000003,0.042,1.3140896423054966,-1.1745693813861117e-05,2.9984112366303224,0.8588006299984768
19.400000000000002,0.042,1.3132846537251806,-1.1628643427193916e-05,2.9697346301327263,0.8619768031739795
19.6,0.042,1.3124884217596067,-1.1511163768110125e-05,2.9410587440716887,0.8650859858009208
19.8,0.042,1.3117009775070554,-1.1393258465229123e-05,2.912383406505424,0.868129529723636
20.0,0.042,1.3109223518159807,-1.12749311485187e-05,2.883708445049374,0.8711087620334143
20.200000000000003,0.042,1.310152575283073,-1.11561854477247e-05,2.8550336868793176,0.8740249855073529
20.400000000000002,0.042,1.3093916782510453,-1.1037024996484172e-05,2.8263589587348386,0.8768794790333881
20.6,0.042,1.308639690806001,-1.0917453441933668e-05,2.797684086923776,0.8796734980210171
20.8,0.042,1.3078966427744723,-1.0797474448482258e-05,2.7690088973275664,0.8824082747972365
21.0,0.042,1.3071625637199273,-1.0677091693384002e-05,2.7403332154075097,0.885085018987262
21.200000000000003,0.042,1.3064374829387422,-1.0556308872757647e-05,2.711656866213089,0.8877049178796375
21.400000000000002,0.042,1.3057214294555486,-1.0435129717387166e-05,2.682979674391684,0.8902691367754325
21.6,0.042,1.3050144320177206,-1.0313557971006402e-05,2.654301464201135,0.8927788193213063
21.8,0.042,1.3043165190889743,-1.0191597418476354e-05,2.625622059525292,0.8952350878263432
22.0,0.042,1.3036277188416248,-1.0069251878985223e-05,2.5969412838931003,0.8976390435626993
22.200000000000003,0.042,1.302948059147249,-9.946525200118798e-06,2.568258960502706,0.8999917670502628
22.400000000000002,0.042,1.3022775675653004,-9.82342128904305e-06,2.5395749122506714,0.9022943183256985
22.6,0.042,1.3016162713289294,-9.69994411630913e-06,2.5108889617682713,0.9045477371964467
22.8,0.042,1.3009641973275967,-9.576097702532696e-06,2.48220093146588,0.9067530434804475
23.0,0.042,1.3003213720854847,-9.451886177543712e-06,2.453510643586996,0.908911237232569
23.200000000000003,0.042,1.2996878217348955,-9.327313752971914e-06,2.424817920274734,0.911023298958931
23.400000000000002,0.042,1.2990635719836747,-9.202384782145163e-06,2.396122583652203,0.9130901898205256
23.6,0.042,1.2984486480753603,-9.077103765097603e-06,2.3674244559205366,0.9151128518277338
23.8,0.042,1.297843074740996,-8.951475393597297e-06,2.3387233594776964,0.917092208027511
24.0,0.042,1.2972468761410108,-8.82550458281596e-06,2.31001911706133,0.9190291626851871
24.200000000000003,0.042,1.2966600757956317,-8.699196528883175e-06,2.281311551921146,0.9209246014629338
24.400000000000002,0.042,1.2960826965020993,-8.572556743463208e-06,2.2526004880241723,0.9227793915970688
24.6,0.042,1.2955147602366262,-8.445591152214532e-06,2.2238857502993845,0.9245943820763991
24.8,0.042,1.2949562880392376,-8.318306149632727e-06,2.1951671649265356,0.9263704038238219
25.0,0.042,1.2944072998790435,-8.190708692263016e-06,2.166444559674973,0.9281082698833661
25.200000000000003,0.042,1.2938678144978064,-8.062806427545784e-06,2.1377177642993,0.9298087756147637
25.400000000000002,0.042,1.2933378492294376,-7.934607807434785e-06,2.1089866109966526,0.9314726988975037
25.6,0.042,1.2928174197929894,-7.806122246183597e-06,2.0802509349326623,0.9331008003461492
25.8,0.042,1.292306540057243,-7.677360286798887e-06,2.0515105748406013,0.9346938235384533
26.0,0.042,1.2918052217747,-7.548333798580299e-06,2.022765373698563,0.9362524952575612
26.200000000000003,0.042,1.291313474283597,-7.419056216642719e-06,1.9940151794886107,0.9377775257492778
26.400000000000002,0.042,1.2908313041769386,-7.2895427593999106e-06,1.9652598460393702,0.9392696089950562
26.6,0.042,1.2903587149381037,-7.159810739985992e-06,1.9364992339528324,0.9407294230010264
26.8,0.042,1.289895706543739,-7.029879833555517e-06,1.907733211613375,0.9421576301030244
27.0,0.042,1.2894422750354486,-6.899772438323019e-06,1.8789616562739468,0.9435548772872404
27.200000000000003,0.042,1.2889984120631495,-6.76951399284775e-06,1.8501844552124624,0.9449217965257558
27.400000000000002,0.042,1.2885641044041831,-6.639133348711518e-06,1.8214015069465048,0.9462590051259244
27.6,0.042,1.2881393334638733,-6.508663141013571e-06,1.7926127224924149,0.9475671060922478
27.8,0.042,1.2877240747647023,-6.378140160483099e-06,1.7638180266493335,0.9488466884991381
28.0,0.042,1.2873182974327153,-6.2476057269029625e-06,1.7350173592860687,0.9500983278727387
28.200000000000003,0.042,1.2869219636915863,-6.117106021258229e-06,1.7062106766043412,0.9513225865797875
28.400000000000002,0.042,1.2865350283758277,-5.986692418384797e-06,1.677397952347895,0.9525200142213788
28.6,0.042,1.2861574384760908,-5.856421754433596e-06,1.648579178925319,0.9536911480294038
28.8,0.042,1.2857891327304214,-5.726356535886553e-06,1.6197543684102145,0.9548365132634036
29.0,0.042,1.28543004127578,-5.5965650903593776e-06,1.5909235533826553,0.9559566236055912
29.200000000000003,0.042,1.2850800853746238,-5.467121615787907e-06,1.562086787574566,0.9570519815518617
29.400000000000002,0.042,1.2847391772307266,-5.338106115501058e-06,1.5332441462826911,0.9581230787967027
29.6,0.042,1.2844072199077206,-5.2096042373198575e-06,1.504395726516337,0.9591703966100664
29.8,0.042,1.2840841073623979,-5.081706968937008e-06,1.4755416468492666,0.9601944062044302
30.0,0.042,1.2837697246027917,-4.95451019246252e-06,1.4466820469526493,0.9611955690904674
30.200000000000003,0.042,1.2834639479783576,-4.828114102024276e-06,1.4178170867908062,0.9621743374199727
30.400000000000002,0.042,1.2831666456068274,-4.702622463620025e-06,1.3889469454721852,0.9631311543149076
30.6,0.042,1.2828776779382296,-4.578141736018363e-06,1.3600718197537847,0.9640664541816698
30.8,0.042,1.282596898453662,-4.454780057224605e-06,1.3311919222121709,0.9649806630099268
31.0,0.042,1.282324154491181,-4.33264611065615e-06,1.3023074790975089,0.9658741986555809
31.200000000000003,0.042,1.2820592881890742,-4.211847870489101e-06,1.2734187279070774,0.9667474711076565
31.400000000000002,0.042,1.2818021375304314,-4.092491289526071e-06,1.2445259147100796,0.9676008827391048
31.6,0.042,1.2815525374731858,-3.974678908264033e-06,1.215629291284596,0.9684348285417089
31.8,0.042,1.2813103211419168,-3.858508467852625e-06,1.1867291121052161,0.9692496963454467
32.0,0.042,1.281075321062558,-3.744071512818147e-06,1.1578256312667041,0.970045867022805
32.2,0.042,1.2808473704097785,-3.6314520593928112e-06,1.1289190993730915,0.970823714678673
32.4,0.042,1.280626304250558,-3.520725323906117e-06,1.100009760506053,0.9715836068265369
32.6,0.042,1.2804119607472788,-3.4119565977302158e-06,1.071097849265568,0.9723259045517787
32.800000000000004,0.042,1.2802041823145813,-3.305200231295631e-06,1.042183588042263,0.9730509626629298
33.0,0.042,1.2800028166831574,-3.2004988461168134e-06,1.0132671844303078,0.9737591298317827
33.2,0.042,1.2798077178889875,-3.0978826478749836e-06,0.9843488290341924,0.9744507487232494
33.4,0.042,1.279618747118542,-2.997369111476509e-06,0.9554286934042221,0.9751261561158963
33.6,0.042,1.2794357734774915,-2.898962630417727e-06,0.926506928564349,0.9757856830140199
33.800000000000004,0.042,1.2792586745584913,-2.802654759109265e-06,0.8975836635100116,0.976429654752152
34.0,0.042,1.2790873369761449,-2.7084241345413564e-06,0.8686590046141149,0.9770583910927875
34.2,0.042,1.278921656613782,-2.616237391242009e-06,0.8397330345664659,0.977672206318156
34.4,0.042,1.278761538964403,-2.526049081477324e-06,0.8108058128520869,0.9782714093166974
34.6,0.042,1.278606899006547,-2.437803543211422e-06,0.7818773747608233,0.9788563036650092
34.800000000000004,0.042,1.278457661469062,-2.3514342187873475e-06,0.7529477333317159,0.9794271877057368
35.0,0.042,1.278313760228861,-2.2668671387602954e-06,0.7240168776056419,0.9799843546221649
35.2,0.042,1.278175138755422,-2.1840183845631164e-06,0.6950847769911517,0.9805280925097126
35.4,0.042,1.278041748755087,-2.102800815139198e-06,0.6661513769880517,0.9810586844452001
35.6,0.042,1.2779135513353397,-2.023116907995311e-06,0.637216608294013,0.9815764085536479
35.800000000000004,0.042,1.2777905142092096,-1.944872624835125e-06,0.6082803761306845,0.9820815380738712
36.0,0.042,1.2776726147492765,-1.8679594783999744e-06,0.5793425795742119,0.9825743414217973
36.2,0.042,1.2775598341125622,-1.792284586078908e-06,0.5504030858513956,0.9830550822537618
36.4,0.042,1.27745216478528,-1.7177280553022632e-06,0.5214617726176572,0.9835240195270368
36.6,0.042,1.2773495978122726,-1.6442100370913503e-06,0.49251846770618846,0.9839814075621298
36.800000000000004,0.042,1.2772521406976245,-1.5715918601069005e-06,0.46357304358325796,0.9844274961005557
37.0,0.042,1.2771597889764223,-1.499827606044298e-06,0.4346252781874936,0.9848625303677137
37.2,0.042,1.2770725677670427,-1.428737233909326e-06,0.4056750683570349,0.9852867511269155
37.4,0.042,1.2769904677043245,-1.358350745027208e-06,0.3767221108198396,0.9857003947453753
37.6,0.042,1.2769135403044622,-1.2883905363289749e-06,0.34776638673005056,0.9861036932416222
37.800000000000004,0.042,1.276841752881422,-1.2190531305033967e-06,0.3188074333757001,0.9864968743595
38.0,0.042,1.2767752060542172,-1.1498322697084118e-06,0.28984544546511065,0.986880161602266
38.2,0.042,1.276713804890706,-1.0812922061078072e-06,0.2608796170140123,0.9872537743248134
38.400000000000006,0.042,1.2766577530506167,-1.0123992302888592e-06,0.23191064281495888,0.9876179277397144
38.6,0.042,1.2766068080464041,-9.445363707874004e-07,0.20293695202604806,0.9879728330494624
38.800000000000004,0.042,1.2765614005819204,-8.75467687323153e-07,0.17396038156978352,0.9883186973925668
39.0,0.042,1.2765209507949884,-8.084117069448207e-07,0.14497763920583973,0.9886557240625193
39.2,0.042,1.2764863973826783,-7.384475432130912e-07,0.11599314701824778,0.9889841123245862
39.400000000000006,0.042,1.2764563964770181,-6.723968367424534e-07,0.08699973324896539,0.9893040578285986
39.6,0.042,1.2764330423164165,-5.820454534080808e-07,0.05800765178380831,0.989615752363496
39.800000000000004,0.042,1.2764140109372717,-2.6735027170917664e-07,0.029000883822829317,0.9899192359203326
40.0,0.042,1.2764140109372717,0.0,0.0,0.9899192359203326
0.0,0.044,1.0,0.0,6.087433213052216,0.0
0.2,0.044,1.1163165934381742,0.003303771932492424,6.087433213052216,0.001383775218918217
0.4,0.044,1.2098933450874962,0.0017281855793313088,5.825424194250245,0.004515718908680826
0.6000000000000001,0.044,1.2392976975131347,0.0012719852940836149,5.85513591048289,0.009915197197777408
0.8,0.044,1.2824733789009632,0.000971115907928842,5.741326729727757,0.017486951632141316
1.0,0.044,1.3040251554130065,0.0008036979005680468,5.727418004346915,0.027182320855745887
1.2000000000000002,0.044,1.3286366680101784,0.0006440245466626257,5.66199137894504,0.03862118495753349
1.4000000000000001,0.044,1.3440408429883848,0.0005368186686854123,5.633251755615041,0.05153921524050085
1.6,0.044,1.3590497682021063,0.0004355588385334537,5.586547637731448,0.06557433935231699
1.8,0.044,1.3695560244247538,0.0003611111931043901,5.55389434697603,0.08047105412870381
2.0,0.044,1.3789119398044432,0.00029412552334503485,5.515241848080962,0.0959698079062223
2.2,0.044,1.3858111723425786,0.00024229786610476225,5.482247060400561,0.11188397145145879
2.4000000000000004,0.044,1.3916122326469964,0.00019727942486533193,5.447456671274529,0.1280466863593654
2.6,0.044,1.3959562363740101,0.00016141021458167934,5.415106579458172,0.14433595179752196
2.8000000000000003,0.044,1.3994374353798842,0.00013090347070166718,5.382384381749803,0.1606498892145711
3.0,0.044,1.4020031921669012,0.00010618100255861745,5.3508132152415175,0.17691331370018365
3.2,0.044,1.4039381592815312,8.540212404197089e-05,5.319309399590507,0.1930661286918158
3.4000000000000004,0.044,1.4052767556569463,6.839966544182765e-05,5.2884064929912125,0.20906403756433448
3.6,0.044,1.4061691278074548,5.420363162112416e-05,5.257673227343774,0.22487289722509643
3.8000000000000003,0.044,1.4066648651562552,4.2525431497547596e-05,5.22728552879796,0.2404679346025272
4.0,0.044,1.406850348374197,3.281233834255815e-05,5.197063154066157,0.25583086158662394
4.2,0.044,1.406769299815572,2.4800978086267136e-05,5.16705576505567,0.270948952450246
4.4,0.044,1.4064748979974622,1.8154870943227886e-05,5.137182541085069,0.28581349524170224
4.6000000000000005,0.044,1.4060008141066598,1.2668098825535808e-05,5.1074508630120725,0.3004190681903408
4.800000000000001,0.044,1.4053813109376376,8.125264303164108e-06,5.077821156837606,0.31476267645425393
5.0,0.044,1.4046408769306067,4.374455303654389e-06,5.048288391156349,0.32884326110603496
5.2,0.044,1.4038021231396383,1.2679211133247152e-06,5.018831296818651,0.3426612370955474
5.4,0.044,1.4028818585024012,-1.3056578488915871e-06,4.989442537315507,0.35621842281635435
5.6000000000000005,0.044,1.4018951732767018,-3.436174152488085e-06,4.960109631235449,0.36951717931974887
5.800000000000001,0.044,1.400854287549163,-5.1935422891839915e-06,4.930826342672211,0.3825602828012381
6.0,0.044,1.3997696782000828,-6.641302466566037e-06,4.901585031197889,0.3953509780739559
6.2,0.044,1.3986498333429997,-7.831118360221777e-06,4.8723808618723545,0.40789284569190026
6.4,0.044,1.39750193320511,-8.806965171347704e-06,4.84320887771592,0.4201896995575756
6.6000000000000005,0.044,1.3963318636019235,-9.604875004623487e-06,4.814065518369008,0.4322455120260871
6.800000000000001,0.044,1.3951445642986167,-1.0255152490850033e-05,4.784947458869313,0.4440643549864292
7.0,0.044,1.393944110708146,-1.0782767953765823e-05,4.755852134645715,0.45565035596828246
7.2,0.044,1.3927339092800417,-1.1208593575550201e-05,4.726777263698735,0.4670076642135735
7.4,0.044,1.391516781354947,-1.154988169232742e-05,4.697721011725727,0.4781404254770337
7.6000000000000005,0.044,1.3902950809954544,-1.1821004871793716e-05,4.668681784329993,0.4890527629799703
7.800000000000001,0.044,1.3890707631658599,-1.2033862893684653e-05,4.639658266519688,0.49974876348124614
8.0,0.044,1.3878454585587656,-1.2198350129216255e-05,4.610649325328749,0.5102324670647332
8.200000000000001,0.044,1.386620524513231,-1.2322665117467163e-05,4.581654008976361,0.5205078599028624
8.4,0.044,1.38539709418496,-1.2413616560594217e-05,4.552671497092082,0.5305788692055194
8.6,0.044,1.384176113143631,-1.2476847750077298e-05,4.523701089584246,0.5404493598694493
8.8,0.044,1.382958372360736,-1.2517041485594584e-05,4.494742178910562,0.5501231323768175
9.0,0.044,1.381744533991882,-1.2538079075507892e-05,4.465794238444023,0.5596039216426286
9.200000000000001,0.044,1.3805351537489186,-1.2543179358224379e-05,4.436856805842506,0.5688953965535589
9.4,0.044,1.3793306988516687,-1.253500998370526e-05,4.407929473536689,0.5780011600190703
9.600000000000001,0.044,1.378131563285448,-1.2515782346985575e-05,4.379011878208146,0.5869247493891795
9.8,0.044,1.3769380802270919,-1.2487328812931228e-05,4.35010369368585,0.5956696371352326
10.0,0.044,1.3757505324928894,-1.245116780858301e-05,4.32120462407153,0.6042392317124016
10.200000000000001,0.044,1.3745691611202864,-1.2408557174570225e-05,4.2923143986610865,0.6126368785454526
10.4,0.044,1.3733941725394898,-1.2360538863866345e-05,4.263432767368436,0.6208658610931153
10.600000000000001,0.044,1.3722257444873895,-1.2307975801459117e-05,4.234559497168994,0.6289294019589293
10.8,0.044,1.3710640309282869,-1.2251582631493612e-05,4.205694369012806,0.6368306640246626
11.0,0.044,1.3699091661169098,-1.2191951097690374e-05,4.176837175355004,0.6445727515893951
11.200000000000001,0.044,1.3687612679694812,-1.212957121388073e-05,4.14798771805529,0.6521587115021918
11.4,0.044,1.367620440849013,-1.2064848702131671e-05,4.119145806671965,0.6595915342802187
11.600000000000001,0.044,1.366486777873429,-1.1998119522502709e-05,4.0903112570285955,0.6668741552069134
11.8,0.044,1.3653603628238162,-1.1929661890616696e-05,4.061483890040794,0.6740094554069446
12.0,0.044,1.3642412717246926,-1.1859706209320589e-05,4.032663530738465,0.6810002628961748
12.200000000000001,0.044,1.3631295741507141,-1.1788443328994976e-05,4.003850007461395,0.6878493536059284
12.4,0.044,1.3620253343078574,-1.1716031383654513e-05,3.975043151192115,0.6945594523815717
12.600000000000001,0.044,1.3609286119273032,-1.1642601436171338e-05,3.946242795005623,0.7011332339559216
12.8,0.044,1.3598394630045432,-1.1568262161350664e-05,3.9174487736140806,0.7075733238982954
13.0,0.044,1.3587579404105274,-1.1493103716715371e-05,3.8886609229917948,0.7138822995402004
13.200000000000001,0.044,1.3576840943970923,-1.1417200970366441e-05,3.859879080065196,0.7200626908787485
13.4,0.044,1.3566179730148922,-1.134061612230758e-05,3.8311030824583785,0.7261169814589056
13.600000000000001,0.044,1.3555596224593645,-1.1263400939469617e-05,3.8023327682836694,0.7320476092356583
13.8,0.044,1.354509087357001,-1.1185598519672194e-05,3.773567975969692,0.7378569674171412
14.0,0.044,1.3534664110025267,-1.110724483426115e-05,3.7448085441212275,0.7435474052896828
14.200000000000001,0.044,1.3524316355553962,-1.1028369957060375e-05,3.7160543114041142,0.7491212290256672
14.4,0.044,1.35140480220245,-1.0948999078446386e-05,3.6873051164518644,0.7545807024750233
14.600000000000001,0.044,1.3503859512925525,-1.086915338284663e-05,3.658560797789115,0.7599280479410748
14.8,0.044,1.349375122447437,-1.078885071828295e-05,3.6298211937683815,0.7651654469414245
15.0,0.044,1.348372354652689,-1.070810622116006e-05,3.6010861425181937,0.7702950409544653
15.200000000000001,0.044,1.3473776863318034,-1.0626932770762127e-05,3.572355481898675,0.775318932152077
15.4,0.044,1.346391155406039,-1.0545341406728783e-05,3.5436290494648106,0.7802391841190016
15.600000000000001,0.044,1.3454127993427094,-1.0463341646473837e-05,3.514906682434488,0.7850578225593519
15.8,0.044,1.3444426551939044,-1.038094178069551e-05,3.4861882176619217,0.7897768359906813
16.0,0.044,1.343480759627937,-1.0298149058725702e-05,3.4574734916156418,0.7943981764259834
16.2,0.044,1.3425271489551356,-1.0214969909118661e-05,3.4287623403605734,0.798923760043987
16.400000000000002,0.044,1.3415818591492517,-1.0131410057019207e-05,3.400054599544383,0.8033554678480453
16.6,0.044,1.3406449258656277,-1.0047474651442298e-05,3.3713501043873584,0.8076951463139056
16.8,0.044,1.3397163844565516,-9.96316837552969e-06,3.342648689674855,0.8119446080265941
17.0,0.044,1.338796269984277,-9.878495509798746e-06,3.31395018975258,0.8161056323066095
17.2,0.044,1.3378846172318213,-9.793460023607548e-06,3.285254438522476,0.8201799658255889
17.400000000000002,0.044,1.3369814607116168,-9.708065623793103e-06,3.2565612694405606,0.8241693232115497
17.6,0.044,1.3360868346724184,-9.622315802525942e-06,3.227870515514689,0.8280753876437881
17.8,0.044,1.3352007731044169,-9.536213877491221e-06,3.199182009303002,0.8318998114374581
18.0,0.044,1.3343233097431046,-9.44976304173948e-06,3.1704955829130785,0.8356442166178166
18.2,0.044,1.33345447807198,-9.362966362121925e-06,3.141811068000674,0.839310195484081
18.400000000000002,0.044,1.3325943113243555,-9.275826838430641e-06,3.113128295769752,0.8428993111627885
18.6,0.044,1.3317428424845374,-9.18834739083369e-06,3.0844470969722226,0.8464130981505207
18.8,0.044,1.3309001042883764,-9.100530891963594e-06,3.0557673019084586,0.8498530628457799
19.0,0.044,1.3300661292233533,-9.01238017180369e-06,3.02708874042775,0.8532206840697817
19.200000000000003,0.044,1.329240949528225,-8.9238980297762e-06,2.9984112419294733,0.856517413575868
19.400000000000002,0.044,1.3284245971923037,-8.835087253168557e-06,2.9697346353641207,0.859744676547191
19.6,0.044,1.3276171039543632,-8.745950606337113e-06,2.9410587492351232,0.8629038720822872
19.8,0.044,1.3268185013013374,-8.656490851759127e-06,2.9123834116006866,0.8659963736681147
20.0,0.044,1.326028820466669,-8.566710743593636e-06,2.883708450076263,0.869023529640088
20.200000000000003,0.044,1.3252480924284233,-8.476613043802654e-06,2.85503369183763,0.8719866636286348
20.400000000000002,0.044,1.324476347907107,-8.386200515250287e-06,2.826358963624375,0.874887074991769
20.6,0.044,1.3237136173630595,-8.295475924823149e-06,2.797684091744335,0.8777260392331855
20.8,0.044,1.3229599309935105,-8.204442057714406e-06,2.769008902078953,0.8805048084053965
21.0,0.044,1.3222153187291024,-8.113101708768986e-06,2.740333220089532,0.883224611497455
21.200000000000003,0.044,1.321479810229868,-8.021457682487392e-06,2.7116568708255544,0.8858866548068739
21.400000000000002,0.044,1.3207534348805865,-7.929512815072357e-06,2.682979678934399,0.8884921222954114
21.6,0.044,1.320036221785277,-7.83726994584126e-06,2.654301468673915,0.8910421759285024
21.8,0.044,1.3193281997608042,-7.744731952550253e-06,2.625622063927945,0.8935379559982161
22.0,0.044,1.3186293973291494,-7.651901733017886e-06,2.5969412882254463,0.8959805814297712
22.200000000000003,0.044,1.317939842708089,-7.558782206713551e-06,2.5682589647645684,0.8983711500717961
22.400000000000002,0.044,1.3172595637998281,-7.4653763385782525e-06,2.539574916441862,0.9007107389706952
22.6,0.044,1.3165885881768598,-7.37168714236793e-06,2.510888965888624,0.903000404629678
22.8,0.044,1.315926943064618,-7.277717664054286e-06,2.482200935515218,0.905241183253219
23.0,0.044,1.3152746553199453,-7.183471037271346e-06,2.4535106475651554,0.9074340909779166
23.200000000000003,0.044,1.3146317514045616,-7.088950449884891e-06,2.424817924181549,0.9095801240909461
23.400000000000002,0.044,1.3139982573525786,-6.994159200050348e-06,2.396122587487509,0.9116802592375083
23.6,0.044,1.313374198730757,-6.899100691814336e-06,2.3674244596841785,0.9137354536188819
23.8,0.044,1.3127596005904594,-6.803778471456714e-06,2.338723363169522,0.9157466451828604
24.0,0.044,1.3121544874096935,-6.708196251723754e-06,2.3100191206812015,0.9177147528085422
24.200000000000003,0.044,1.3115588830237228,-6.612357956234683e-06,2.28131155546892,0.9196406764875427
24.400000000000002,0.044,1.3109728105425265,-6.5162677385635245e-06,2.2526004914997206,0.9215252975038271
24.6,0.044,1.310396292253036,-6.419930061213615e-06,2.2238857537025853,0.9233694786143992
24.8,0.044,1.3098293495043118,-6.323349736405767e-06,2.1951671682572877,0.9251740642330974
25.0,0.044,1.3092720025731985,-6.226531992149545e-06,2.1664445629331692,0.9269398806197235
25.200000000000003,0.044,1.308724270508336,-6.129482565030625e-06,2.1377177674848657,0.9286677360766326
25.400000000000002,0.044,1.3081861709501583,-6.0322077987284985e-06,2.1089866141095346,0.9303584211547865
25.6,0.044,1.3076577199244448,-5.934714747968789e-06,2.080250937972813,0.9320127088710923
25.8,0.044,1.3071389316075264,-5.837011308784621e-06,2.0515105778080156,0.9336313549386104
26.0,0.044,1.3066298180609455,-5.739106359295959e-06,2.0227653765932527,0.935215098010965
26.200000000000003,0.044,1.3061303889341835,-5.6410099519608395e-06,1.9940151823106325,0.9367646599419769
26.400000000000002,0.044,1.3056406511344347,-5.542733462786851e-06,1.9652598487888175,0.9382807460612164
26.6,0.044,1.3051606084629603,-5.444289837851003e-06,1.9364992366298475,0.9397640454658281
26.8,0.044,1.304690261218717,-5.3456937776595914e-06,1.907733214218143,0.9412152313286234
27.0,0.044,1.3042296057707348,-5.246962026467612e-06,1.8789616588067315,0.9426349612220759
27.200000000000003,0.044,1.3037786341020745,-5.148113599866758e-06,1.8501844576735742,0.9440238774575148
27.400000000000002,0.044,1.3033373333294085,-5.0491700648606555e-06,1.8214015093363418,0.9453826074384774
27.6,0.044,1.3029056852038674,-4.950155826887915e-06,1.7926127248114632,0.9467117640268744
27.8,0.044,1.302483665600259,-4.851098409915198e-06,1.7638180288981546,0.9480119459203628
28.0,0.044,1.3020712440032083,-4.7520287348583745e-06,1.7350173614653404,0.9492837380390755
28.200000000000003,0.044,1.3016683830005755,-4.652981375849649e-06,1.7062106787148426,0.9505277119196822
28.400000000000002,0.044,1.3012750377955669,-4.553994817317321e-06,1.6773979543905218,0.9517444261146126
28.6,0.044,1.300891155750404,-4.455111651463722e-06,1.648579180901087,0.9529344265941876
28.8,0.044,1.3005166759753464,-4.356378758201225e-06,1.6197543703202695,0.9540982471493604
29.0,0.044,1.3001515289773005,-4.2578474009779e-06,1.5909235552282721,0.9552364097927875
29.200000000000003,0.044,1.2997956363827585,-4.159573296605502e-06,1.5620867893571553,0.9563494251560046
29.400000000000002,0.044,1.29944891074918,-4.061616555302179e-06,1.533244148003797,0.9574377928805764
29.6,0.044,1.2991112554782898,-3.96404157787481e-06,1.504395728177633,0.9585020020012427
29.8,0.044,1.2987825648432774,-3.86691683549074e-06,1.4755416484525556,0.9595425313192385
30.0,0.044,1.298462724139971,-3.7703145414310888e-06,1.446682048499848,0.9605598497641733
30.200000000000003,0.044,1.298151609969306,-3.674310219728583e-06,1.4178170882839471,0.9615544167430721
30.400000000000002,0.044,1.297849090655742,-3.578982164323033e-06,1.3889469469133924,0.9625266824754071
30.6,0.044,1.2975550268022207,-3.4844107823961717e-06,1.36007182114526,0.9634770883131938
30.8,0.044,1.2972692719793677,-3.3906778312847155e-06,1.3311919235561769,0.9644060670454586
31.0,0.044,1.2969916735414666,-3.2978655888849685e-06,1.3023074803963495,0.9653140431866257
31.200000000000003,0.044,1.2967220735596585,-3.2060558946389635e-06,1.2734187291630674,0.9662014332485912
31.400000000000002,0.044,1.296460309856495,-3.1153291759516573e-06,1.2445259159255275,0.9670686459964676
31.6,0.044,1.2962062171262378,-3.0257633974362266e-06,1.2156292924617749,0.9679160826881679
31.8,0.044,1.2959596281174623,-2.9374330203476545e-06,1.1867291132463331,0.9687441372981844
32.0,0.044,1.2957203748593145,-2.850407934538684e-06,1.1578256323738845,0.9695531967260521
32.2,0.044,1.2954882899015072,-2.7647524594475093e-06,1.128919100448341,0.9703436409901283
32.4,0.044,1.2952632075517139,-2.6805243737216782e-06,1.1000097615512425,0.9711158434074132
32.6,0.044,1.2950449650740288,-2.5977740549841507e-06,1.0710978502824113,0.9718701707602256
32.800000000000004,0.044,1.2948334038427363,-2.5165437019844454e-06,1.042183589032297,0.9726069834505945
33.0,0.044,1.2946283704049966,-2.436866728555064e-06,1.0132671853948736,0.97332663564328
33.2,0.044,1.2944297174706507,-2.3587672187714624e-06,0.9843488299744271,0.9740294753983302
33.4,0.044,1.2942373047603113,-2.282259683146296e-06,0.95542869432105,0.9747158447941142
33.6,0.044,1.2940509997784548,-2.207348767489675e-06,0.926506929458479,0.9753860800417127
33.800000000000004,0.044,1.2938706783882632,-2.1340294188705263e-06,0.8975836643819326,0.9760405115915731
34.0,0.044,1.2936962253544226,-2.0622868078157476e-06,0.8686590054641016,0.9766794642332296
34.2,0.044,1.2935275346010595,-1.9920969963334147e-06,0.8397330353945901,0.9773032571889351
34.4,0.044,1.293364509563005,-1.923426864647892e-06,0.8108058136582145,0.9779122042018643
34.6,0.044,1.2932070630768517,-1.8562354999053434e-06,0.781877375544646,0.9785066136196893
34.800000000000004,0.044,1.2930551176567047,-1.7904736707642408e-06,0.7529477340927422,0.9790867884739805
35.0,0.044,1.2929086049116638,-1.7260864413888844e-06,0.7240168783432461,0.9796530265562484
35.2,0.044,1.2927674659987058,-1.663011244957707e-06,0.6950847777045455,0.9802056204907694
35.4,0.044,1.2926316502934982,-1.6011829630045364e-06,0.6661513776763717,0.9807448578051751
35.6,0.044,1.2925011165543105,-1.5405284948591262e-06,0.6372166089562356,0.9812710209984237
35.800000000000004,0.044,1.2923758301662787,-1.4809772540966866e-06,0.6082803767657976,0.9817843876076437
36.0,0.044,1.2922557661736997,-1.422447585039522e-06,0.5793425801810083,0.982285230272463
36.2,0.044,1.2921409034746514,-1.3648695174513435e-06,0.550403086428824,0.9827738167995532
36.4,0.044,1.2920312322954128,-1.308152504843694e-06,0.5214617731643327,0.9832504102239593
36.6,0.044,1.2919267415586648,-1.2522361920259514e-06,0.4925184682211803,0.9837152688727749
36.800000000000004,0.044,1.2918274366042097,-1.1970155723288903e-06,0.46357304406492766,0.9841686464233657
37.0,0.044,1.291733311059146,-1.1424557505747807e-06,0.43462527863528144,0.9846107919679907
37.2,0.044,1.2916443879627884,-1.0884201848646836e-06,0.4056750687687934,0.9850419500676206
37.4,0.044,1.291560656365172,-1.0349312600788244e-06,0.37672211119588106,0.9854623608205323
37.6,0.044,1.2914821657041222,-9.817783924772633e-07,0.3477663870670661,0.9858722599081499
37.800000000000004,0.044,1.2914088822253584,-9.291098820808112e-07,0.3188074336759395,0.98627187867356
38.0,0.044,1.2913409042315682,-8.765418940837553e-07,0.2898454457225718,0.9866614441511702
38.2,0.044,1.2912781366371024,-8.245010150921869e-07,0.26087961723524294,0.9870411791675753
38.400000000000006,0.044,1.2912207799750763,-7.722039883767552e-07,0.23191064298776998,0.9874113023370669
38.6,0.044,1.291168593393507,-7.206972051379115e-07,0.20293695216656327,0.9877720282113692
38.800000000000004,0.044,1.2911220023491925,-6.6828717281905e-07,0.1739603816517405,0.9881235672022398
39.0,0.044,1.2910804323622926,-6.174099133282926e-07,0.14497763926682872,0.98846612583681
39.2,0.044,1.2910448117884588,-5.643380072169578e-07,0.11599314700054844,0.9887999065235871
39.400000000000006,0.044,1.291013810465858,-5.142015752707608e-07,0.08699973322969505,0.9891251080402494
39.6,0.044,1.2909895080168083,-4.4530171512328885e-07,0.05800765140215594,0.989441925102468
39.800000000000004,0.044,1.2909697069992425,-2.0465540836324518e-07,0.02900088054209176,0.9897503987656889
40.0,0.044,1.2909697069992425,0.0,0.0,0.9897503987656889
0.0,0.046,1.0,0.0,6.087405216235031,0.0
0.2,0.046,1.1165648450146377,0.0022047583489335815,6.087405216235031,0.0010252499278795304
0.4,0.046,1.2106157410252723,0.0011562697639680014,5.825440469726667,0.0035171151363972476
0.6000000000000001,0.046,1.2408296069747247,0.000853650761398107,5.855140476613565,0.008015343884948926
0.8,0.046,1.284932526084143,0.0006539651131383577,5.741329533520782,0.014562165213101635
1.0,0.046,1.307545211652839,0.0005427572205498006,5.72741929696883,0.02319537694932956
1.2000000000000002,0.046,1.3331897022875496,0.0004361836274291247,5.661992579842422,0.0336378470473074
1.4000000000000001,0.046,1.3496010177461992,0.000364313928238119,5.633252399402375,0.04566731768855684
1.6,0.046,1.36551406996705,0.00029618433037874125,5.586548267971146,0.058954623626447086
1.8,0.046,1.376833789756048,0.0002458783192086672,5.553894732168,0.07324400667932542
2.0,0.046,1.3868900464926666,0.00020052399376196029,5.515242211826037,0.08827108101124408
2.2,0.046,1.3943934342208546,0.00016532653971934204,5.4822473087795585,0.10383273652882914
2.4000000000000004,0.046,1.400703263222276,0.00013472249211230467,5.447456895937549,0.1197463609611749
2.6,0.046,1.405476267198839,0.00011029338539233917,5.415106745780523,0.13587226908172262
2.8000000000000003,0.046,1.4093143119634532,8.950634020962388e-05,5.382384527643672,0.15209344346225717
3.0,0.046,1.412177011815161,7.264325748589437e-05,5.35081332924476,0.16832074220041854
3.2,0.046,1.4143570359994797,5.846693656342874e-05,5.319309497873362,0.18448261280183584
3.4000000000000004,0.046,1.4158977322383575,4.6860620786807764e-05,5.2884065725220895,0.20052498798769183
3.6,0.046,1.4169557940596404,3.7169110819780784e-05,5.257673295405655,0.21640586926966904
3.8000000000000003,0.046,1.417587098947333,2.919416418014176e-05,5.227285585179723,0.23209403599936493
4.0,0.046,1.4178829008530824,2.2560887231926248e-05,5.197063202298776,0.24756607781563275
4.2,0.046,1.4178912830806631,1.708888162930298e-05,5.167055805704454,0.26280515460398274
4.4,0.046,1.417668905783881,1.2549257684802656e-05,5.13718257601637,0.27779931280940406
4.6000000000000005,0.046,1.4172524464090803,8.80115471423826e-06,5.107450892886185,0.2925405633426211
4.800000000000001,0.046,1.4166786098508217,5.697808672220832e-06,5.077821182728887,0.30702390289914067
5.0,0.046,1.4159739598122385,3.1354623182974926e-06,5.048288413619889,0.3212466970839205
5.2,0.046,1.4151628299406138,1.0137840150080168e-06,5.018831316529992,0.33520812680084433
5.4,0.046,1.4142635583476,-7.435627532552198e-07,4.989442554738654,0.3489090021186996
5.6000000000000005,0.046,1.4132923132068316,-2.1987574203264937e-06,4.960109646796098,0.36235101273392456
5.800000000000001,0.046,1.412262212390738,-3.399555258287761e-06,4.9308263566508845,0.37553642259446607
6.0,0.046,1.4111845055793233,-4.389079674054093e-06,4.9015850438749125,0.3884680730319666
6.2,0.046,1.4100683382865884,-5.202511843124181e-06,4.872380873460675,0.4011492358027232
6.4,0.046,1.408921441862614,-5.869831533256592e-06,4.843208888401616,0.41358349413399453
6.6000000000000005,0.046,1.40775016383227,-6.415628182311569e-06,4.814065528298843,0.4257746520058868
6.800000000000001,0.046,1.4065598285747751,-6.860587286627175e-06,4.784947468168554,0.4377266621405455
7.0,0.046,1.4053548320401814,-7.221760362098599e-06,4.755852143415367,0.4494435712850557
7.2,0.046,1.4041388470775023,-7.5134013317981225e-06,4.726777272023907,0.46092947771917125
7.4,0.046,1.4029149165173247,-7.74729447061892e-06,4.697721019675874,0.4721884992132354
7.6000000000000005,0.046,1.4016855783054625,-7.933257197115917e-06,4.668681791963182,0.48322474863015163
7.800000000000001,0.046,1.4004529401026857,-8.079418709263784e-06,4.6396582738836285,0.4940423157823939
8.0,0.046,1.3992187593001122,-8.19253825044499e-06,4.610649332463139,0.5046452539433516
8.200000000000001,0.046,1.3979844983773153,-8.278216879782485e-06,4.581654015913911,0.5150375700556592
8.4,0.046,1.3967513777036002,-8.341106135961856e-06,4.552671503859954,0.5252232177043352
8.6,0.046,1.395520415198667,-8.385061484704906e-06,4.523701096204855,0.5352060922375138
8.8,0.046,1.3942924618419283,-8.413282190048198e-06,4.494742185402445,0.5449900274902438
9.0,0.046,1.3930682295657137,-8.42841996895434e-06,4.465794244822507,0.5545787937303897
9.200000000000001,0.046,1.3918483153708483,-8.432673930219678e-06,4.43685681212024,0.5639760965099746
9.4,0.046,1.3906332207316447,-8.427866617076797e-06,4.40792947972411,0.5731855761938219
9.600000000000001,0.046,1.3894233680557984,-8.415508864251287e-06,4.379011884313863,0.582210807983042
9.8,0.046,1.388219114110202,-8.396852546399202e-06,4.350103699716952,0.5910553023000695
10.0,0.046,1.3870207612967775,-8.372935043966809e-06,4.321204630033841,0.5997225054314159
10.200000000000001,0.046,1.3858285669216206,-8.344615717399851e-06,4.292314404559406,0.608215800351819
10.4,0.046,1.3846427509360584,-8.312606420489902e-06,4.263432773206686,0.6165385076714712
10.600000000000001,0.046,1.3834635023229644,-8.277496696988683e-06,4.23455950295039,0.6246938866634915
10.8,0.046,1.3822909844087994,-8.239774778972121e-06,4.20569437473997,0.6326851363395473
11.0,0.046,1.381125339250997,-8.199844937935906e-06,4.1768371810300735,0.6405153965503684
11.200000000000001,0.046,1.3799666912776616,-8.158041937779232e-06,4.147987723679995,0.6481877490942196
11.4,0.046,1.3788151502954067,-8.114642956078278e-06,4.119145812247702,0.6557052188214633
11.600000000000001,0.046,1.3776708139817335,-8.069877496907327e-06,4.090311262556478,0.6630707747269935
11.8,0.046,1.376533769945851,-8.02393562544492e-06,4.061483895521724,0.6702873310251267
12.0,0.046,1.3754040974352346,-7.976974736882834e-06,4.032663536173144,0.6773577482035453
12.200000000000001,0.046,1.3742818687468492,-7.929125196876175e-06,4.003850012850374,0.6842848340543811
12.4,0.046,1.373167150394826,-7.880495024068534e-06,3.9750431565358,0.6910713446815419
12.600000000000001,0.046,1.372060004075892,-7.831173742036405e-06,3.9462428003043355,0.6977199854841276
12.8,0.046,1.3709604874676613,-7.781235572382131e-06,3.917448778868038,0.704233412116265
13.0,0.046,1.3698686548887202,-7.730742087417016e-06,3.8886609282011557,0.7106142314240032
13.200000000000001,0.046,1.368784557844518,-7.679744421729906e-06,3.8598790852300526,0.716865002360106
13.4,0.046,1.3677082454787444,-7.6282850430971e-06,3.8311030875787826,0.7229882368776753
13.600000000000001,0.046,1.366639764946938,-7.5763992975975134e-06,3.8023327733596193,0.7289864008035732
13.8,0.046,1.3655791617256021,-7.524116605186555e-06,3.7735679810011584,0.7348619146925992
14.0,0.046,1.3645264798682535,-7.471461522619904e-06,3.744808549108158,0.7406171546633444
14.200000000000001,0.046,1.3634817622175128,-7.418454567609169e-06,3.7160543163464315,0.7462544532165851
14.4,0.046,1.3624450505806387,-7.365112929059487e-06,3.687305121349483,0.7517761000370173
14.600000000000001,0.046,1.3614163858748025,-7.3114510569600065e-06,3.6585608026419196,0.757184342779065
14.8,0.046,1.3603958082467165,-7.257481126720869e-06,3.629821198576257,0.7624813878374376
15.0,0.046,1.359383357170859,-7.203213447739051e-06,3.60108614728101,0.7676694011030433
15.200000000000001,0.046,1.358379071529512,-7.14865680149369e-06,3.572355486616292,0.7727505087048218
15.4,0.046,1.3573829896775405,-7.093818701457747e-06,3.543629054137087,0.7777267977380068
15.600000000000001,0.046,1.3563951494947355,-7.0387056304990425e-06,3.514906687061274,0.7826003169792876
15.8,0.046,1.355415588427873,-6.983323223964961e-06,3.4861882222430722,0.7873730775893052
16.0,0.046,1.3544443435249054,-6.927676411139074e-06,3.4574734961509974,0.7920470538028752
16.2,0.046,1.3534814514630094,-6.871769562504185e-06,3.428762344849988,0.7966241836073056
16.400000000000002,0.046,1.3525269485718552,-6.815606556691768e-06,3.4000546039876856,0.8011063694091285
16.6,0.046,1.351580870853302,-6.759190892358935e-06,3.371350108784401,0.8054954786895404
16.8,0.046,1.3506432539980215,-6.702525737662112e-06,3.3426486940254723,0.8097933446487942
17.0,0.046,1.3497141333995542,-6.645613998610618e-06,3.31395019405661,0.8140017668397517
17.2,0.046,1.3487935441659704,-6.5884583554255e-06,3.2852544427797574,0.8181225117907609
17.400000000000002,0.046,1.347881521129222,-6.531061320992758e-06,3.2565612736509464,0.8221573136179765
17.6,0.046,1.3469780988526356,-6.473425247547662e-06,3.227870519678013,0.8261078746272073
17.8,0.046,1.346083311636493,-6.415552382616369e-06,3.1991820134191076,0.829975865905318
18.0,0.046,1.3451971935222917,-6.357444877258689e-06,3.1704955869818034,0.833762927901184
18.2,0.046,1.344319778295758,-6.2991048030867515e-06,3.1418110720218713,0.83747067099614
18.400000000000002,0.046,1.3434510994889166,-6.240534181078752e-06,3.113128299743261,0.841100676063827
18.6,0.046,1.3425911903814758,-6.181734981958497e-06,3.084447100897897,0.8446544950192922
18.8,0.046,1.3417400840015505,-6.122709137957752e-06,3.0557673057861363,0.8481336513571419
19.0,0.046,1.3408978131258809,-6.0634585597426545e-06,3.02708874425728,0.8515396406785073
19.200000000000003,0.046,1.3400644102795936,-6.00398512779399e-06,2.998411245710707,0.8548739312065279
19.400000000000002,0.046,1.3392399077355654,-5.944290726479432e-06,2.969734639096909,0.85813796429001
19.6,0.046,1.3384243375134035,-5.884377210064321e-06,2.9410587529193144,0.86133315489487
19.8,0.046,1.3376177313781932,-5.82424643928332e-06,2.91238341523614,0.8644608920829399
20.0,0.046,1.3368201208389,-5.763900268736178e-06,2.883708453662829,0.8675225394776653
20.200000000000003,0.046,1.3360315371465077,-5.703340557669167e-06,2.8550336953751625,0.8705194357162148
20.400000000000002,0.046,1.3352520112918698,-5.64256916278598e-06,2.8263589671127334,0.8734528948874927
20.6,0.046,1.3344815740031168,-5.581587946333287e-06,2.797684095183379,0.8763242069555531
20.8,0.046,1.3337202557427292,-5.520398786204645e-06,2.769008905468541,0.8791346381679295
21.0,0.046,1.3329680867040694,-5.459003556876842e-06,2.7403332234295243,0.8818854314484155
21.200000000000003,0.046,1.3322250968073677,-5.397404147819894e-06,2.71165687411581,0.8845778067738981
21.400000000000002,0.046,1.3314913156950812,-5.33560246683253e-06,2.682979682174789,0.8872129615349063
21.6,0.046,1.3307667727263957,-5.273600421709832e-06,2.654301471864303,0.8897920708796397
21.8,0.046,1.3300514969708337,-5.211399949452781e-06,2.625622067068203,0.8923162880413535
22.0,0.046,1.3293455172005366,-5.1490030002351305e-06,2.5969412913154386,0.8947867446491172
22.200000000000003,0.046,1.3286488618809549,-5.086411531394961e-06,2.568258967804166,0.8972045510221239
22.400000000000002,0.046,1.327961559159497,-5.0236275403911675e-06,2.539574919430945,0.8995707964479098
22.6,0.046,1.3272836368514191,-4.960653050537401e-06,2.510888968827062,0.901886549445022
22.8,0.046,1.3266151224224978,-4.897490109344573e-06,2.4822009384028907,0.9041528580109078
23.0,0.046,1.3259560429675503,-4.834140822341837e-06,2.4535106504019413,0.9063707498559802
23.200000000000003,0.046,1.3253064251839493,-4.7706073299930355e-06,2.4248179269673287,0.9085412326250619
23.400000000000002,0.046,1.3246662953392034,-4.706891845817859e-06,2.396122590222172,0.910665294107605
23.6,0.046,1.3240356792312957,-4.64299664891264e-06,2.367424462367614,0.9127439024382996
23.8,0.046,1.3234146021407376,-4.578924125342822e-06,2.3387233658016204,0.9147780062898663
24.0,0.046,1.3228030887727293,-4.5146767555760525e-06,2.310019123261855,0.9167685350600027
24.200000000000003,0.046,1.3222011631879216,-4.450257170695232e-06,2.281311557998036,0.9187163990545787
24.400000000000002,0.046,1.3216088487200457,-4.3856681474322875e-06,2.2526004939772046,0.9206224896692904
24.6,0.046,1.3210261678783608,-4.320912671143813e-06,2.2238857561283543,0.9224876795720338
24.8,0.046,1.3204531422330728,-4.2559939591644635e-06,2.195167170631257,0.9243128228882759
25.0,0.046,1.3198897922812718,-4.190915498222427e-06,2.166444565255284,0.9260987553916746
25.200000000000003,0.046,1.319336137291273,-4.1256811163099775e-06,2.1377177697550653,0.9278462947021082
25.400000000000002,0.046,1.318792195122977,-4.060295041229889e-06,2.108986616327768,0.9295562404931494
25.6,0.046,1.3182579820218436,-3.99476197619074e-06,2.080250940139063,0.9312293747108364
25.8,0.046,1.3177335123845488,-3.92908717556623e-06,2.051510579922268,0.9328664618053629
26.0,0.046,1.3172187984941468,-3.863276550080014e-06,2.022765378655522,0.9344682489770471
26.200000000000003,0.046,1.3167138502233275,-3.7973367884332337e-06,1.994015184320956,0.9360354664376381
26.400000000000002,0.046,1.3162186747047482,-3.731275455878925e-06,1.9652598507472598,0.9375688276876794
26.6,0.046,1.3157332759679503,-3.665101162350985e-06,1.9364992385365063,0.9390690298103125
26.8,0.046,1.3152576545435557,-3.5988236831457763e-06,1.9077332160731626,0.940536753781536
27.0,0.046,1.3147918070361762,-3.532454151342406e-06,1.8789616606102826,0.9419726647965759
27.200000000000003,0.046,1.3143357256688466,-3.4660052146413636e-06,1.850184459425892,0.9433774126116734
27.400000000000002,0.046,1.313889397803002,-3.399491214961623e-06,1.8214015110377075,0.9447516319002586
27.6,0.046,1.3134528054395846,-3.33292838794411e-06,1.7926127264622111,0.9460959426221727
27.8,0.046,1.3130259247083678,-3.2663350435887715e-06,1.763818030498703,0.9474109504043224
28.0,0.046,1.312608725353977,-3.1997317653989288e-06,1.7350173630161623,0.9486972469309165
28.200000000000003,0.046,1.3122011702289278,-3.13314156849502e-06,1.706210680216494,0.9499554103412396
28.400000000000002,0.046,1.3118032148050383,-3.0665900837492507e-06,1.6773979558436423,0.9511860056327821
28.6,0.046,1.3114148067160238,-3.000105689142164e-06,1.648579182306402,0.9523895850674464
28.8,0.046,1.3110358853450206,-2.9337196278018943e-06,1.6197543716785991,0.9535666885785128
29.0,0.046,1.3106663814712067,-2.8674660834488084e-06,1.5909235565405275,0.9547178441760489
29.200000000000003,0.046,1.310306216990242,-2.80138222948894e-06,1.562086790624345,0.955843568348514
29.400000000000002,0.046,1.3099553047225705,-2.735508182947123e-06,1.5332441492270232,0.956944366458399
29.6,0.046,1.309613548323059,-2.6698869528125428e-06,1.5043957293580952,0.958020733129882
29.8,0.046,1.309280842303925,-2.6045642883382263e-06,1.4755416495915419,0.9590731526266598
30.0,0.046,1.308957072181039,-2.539588471460007e-06,1.4466820495987367,0.9601020992182991
30.200000000000003,0.046,1.3086421147509433,-2.475010026467388e-06,1.4178170893441877,0.9611080375336888
30.400000000000002,0.046,1.3083358385032742,-2.410881364339621e-06,1.388946947936507,0.9620914229003911
30.6,0.046,1.308038104169261,-2.3472563515025918e-06,1.3600718221328307,0.9630527016689437
30.8,0.046,1.3077487654040725,-2.284189801812026e-06,1.3311919245098254,0.9639923115213974
31.0,0.046,1.30746766959567,-2.2217369211687364e-06,1.302307481317726,0.9649106817636219
31.200000000000003,0.046,1.307194658790727,-2.1599526743380404e-06,1.273418730053837,0.9658082336011309
31.400000000000002,0.046,1.306929570721923,-2.098891133112792e-06,1.244525916787347,0.9666853803983975
31.6,0.046,1.306672239921127,-2.038604776235059e-06,1.2156292932962742,0.9675425279218259
31.8,0.046,1.3064224988952433,-1.9791437859322586e-06,1.1867291140551042,0.9683800745667258
32.0,0.046,1.3061801793462142,-1.9205553439408785e-06,1.1578256331584502,0.9691984115687798
32.2,0.046,1.3059451134054783,-1.8628829489822912e-06,1.1289191012101483,0.969997923200636
32.4,0.046,1.3057171348666559,-1.8061657715333728e-06,1.1000097622916396,0.970778986954356
32.6,0.046,1.3054960803803792,-1.7504380673590729e-06,1.071097851002632,0.9715419737105352
32.800000000000004,0.046,1.3052817906055207,-1.6957286574173232e-06,1.0421835897334457,0.9722872478949682
33.0,0.046,1.3050741112707176,-1.6420605083966643e-06,1.0132671860779214,0.9730151676237756
33.2,0.046,1.3048728941642207,-1.5894503628963249e-06,0.9843488306401961,0.9737260848379157
33.4,0.046,1.304677997983675,-1.5379085725557528e-06,0.9554286949702115,0.9744203454280271
33.6,0.046,1.3044892891119741,-1.4874388853686777e-06,0.9265069300915433,0.9750982893504941
33.800000000000004,0.046,1.3043066421967962,-1.4380385512726523e-06,0.8975836649992589,0.9757602507356595
34.0,0.046,1.3041299406986777,-1.389698263512421e-06,0.8686590060658924,0.9764065579889851
34.2,0.046,1.3039590771566176,-1.3424025937515082e-06,0.8397330359808975,0.9770375338860303
34.4,0.046,1.3037939535464738,-1.296129934271066e-06,0.8108058142289499,0.9776534956619048
34.6,0.046,1.3036344811826341,-1.2508534210426628e-06,0.781877376099591,0.978254755096022
34.800000000000004,0.046,1.3034805810015013,-1.2065405746935919e-06,0.7529477346315484,0.9788416185925919
35.0,0.046,1.303332182992887,-1.1631550436343364e-06,0.7240168788654656,0.9794143872577109
35.2,0.046,1.3031892266589515,-1.1206553097446266e-06,0.6950847782096155,0.9799733569731499
35.4,0.046,1.303051659703789,-1.0789980869403883e-06,0.6661513781636712,0.9805188184678977
35.6,0.046,1.3029194391974184,-1.0381346762611132e-06,0.6372166094250324,0.9810510573869821
35.800000000000004,0.046,1.3027925288482252,-9.980180060958832e-07,0.6082803772153653,0.9815703543592124
36.0,0.046,1.3026709020205445,-9.585935142951173e-07,0.5793425806104762,0.9820769850622403
36.2,0.046,1.302554535978365,-9.198144200099094e-07,0.5504030868374424,0.9825712202880059
36.4,0.046,1.3024434193111785,-8.816200710620728e-07,0.521461773551103,0.9830533260046451
36.6,0.046,1.3023375393994612,-8.439700162870495e-07,0.49251846858543263,0.9835235634211561
36.800000000000004,0.046,1.3022369000104115,-8.067937838780464e-07,0.4635730444054803,0.9839821890459524
37.0,0.046,1.302141493376774,-7.70067898150249e-07,0.4346252789517355,0.9844294547527368
37.2,0.046,1.3020513410241472,-7.337006210261469e-07,0.40567506905959644,0.9848656078341738
37.4,0.046,1.3019664308340226,-6.97706818942694e-07,0.3767221114612652,0.9852908910723538
37.6,0.046,1.301886810732292,-6.619449808410845e-07,0.34776638730463455,0.9857055427835136
37.800000000000004,0.046,1.3018124461585687,-6.265143933392065e-07,0.3188074338873322,0.9861097968997863
38.0,0.046,1.3017434337405687,-5.911572166754706e-07,0.28984544590343486,0.986503882995686
38.2,0.046,1.3016796782281739,-5.561594265210438e-07,0.26087961739033483,0.9868880263951636
38.400000000000006,0.046,1.3016213779186654,-5.209951012190195e-07,0.23191064310824436,0.9872624481595823
38.6,0.046,1.3015682930481802,-4.863661013386351e-07,0.20293695226413067,0.9876273652499727
38.800000000000004,0.046,1.3015208453640974,-4.511356633708849e-07,0.17396038170733552,0.9879829904328276
39.0,0.046,1.3014784640933714,-4.1693816718934394e-07,0.1449776393077477,0.9883295325614692
39.2,0.046,1.3014420703356373,-3.8127136879019313e-07,0.11599314698486522,0.9886671963057114
39.400000000000006,0.046,1.3014103434713298,-3.475612362931419e-07,0.08699973321303145,0.9889961826930801
39.6,0.046,1.3013853532476924,-3.010858760717567e-07,0.05800765111929651,0.9893166885420531
39.800000000000004,0.046,1.3013649927685726,-1.384328948404353e-07,0.029000878134529316,0.9896287556633692
40.0,0.046,1.3013649927685726,0.0,0.0,0.9896287556633692
0.0,0.048,1.0,0.0,6.087388417847731,0.0
0.2,0.048,1.116699927569264,0.0011030233290448821,6.087388417847731,0.0008264311164207384
0.4,0.048,1.2110182712364082,0.0005793428025401333,5.825450244818375,0.002953478951211275
0.6000000000000001,0.048,1.241698310764446,0.00042849089977666427,5.855143225741389,0.00692814699899783
0.8,0.048,1.2863438754874692,0.00032892672242358374,5.741331225300099,0.012870227736625653
1.0,0.048,1.309584370506622,0.00027345555919576156,5.7274200805344755,0.020868891292825514
1.2000000000000002,0.048,1.3358465882703976,0.00022014212925926623,5.66199330831719,0.030709783159835455
1.4000000000000001,0.048,1.3528643441691197,0.00018409510264844864,5.633252791952441,0.042198120909053075
1.6,0.048,1.36932532458042,0.00014984815669756587,5.586548652061375,0.0550265472635432
1.8,0.048,1.3811400454539018,0.00012449502888465646,5.553894967928494,0.06894076252878191
2.0,0.048,1.3916240738914227,0.00010160916559941903,5.515242434265139,0.08367454888381042
2.2,0.048,1.3994973421630565,8.381605479461684e-05,5.48224746111557,0.09901547312686744
2.4000000000000004,0.048,1.4061193188593617,6.833525384355313e-05,5.447457033619827,0.11477172541189451
2.6,0.048,1.4111558747757147,5.5964294348638794e-05,5.41510684788397,0.1307930297819449
2.8000000000000003,0.048,1.4152134115101902,4.54344599029272e-05,5.3823846171506045,0.14695320238437085
3.0,0.048,1.418258899681069,3.6887017349834725e-05,5.350813399244302,0.16315457766775207
3.2,0.048,1.420589887432533,2.9700409045230068e-05,5.319309558188582,0.17931857033764687
3.4000000000000004,0.048,1.4222551524330285,2.3814680877885393e-05,5.288406621340861,0.1953850914020567
3.6,0.048,1.4234154007913222,1.889967467655879e-05,5.257673337162656,0.21130728786981698
3.8000000000000003,0.048,1.424130358808315,1.4854502115126326e-05,5.227285619765068,0.22704994658388505
4.0,0.048,1.4244942759909625,1.1489778375174226e-05,5.197063231868011,0.24258648057667723
4.2,0.048,1.4245579135985404,8.713841665127989e-06,5.167055830612967,0.2578974952849576
4.4,0.048,1.424380074578974,6.4108595931932025e-06,5.137182597406538,0.2729690227628929
4.6000000000000005,0.048,1.4239992853073233,4.509311543254036e-06,5.107450911167053,0.2877914774092917
4.800000000000001,0.048,1.4234537542439418,2.9348519455598686e-06,5.077821198559043,0.3023586061960264
5.0,0.048,1.422771321817255,1.634844209495532e-06,5.048288427342401,0.31666679408581705
5.2,0.048,1.4219773803947084,5.585807142269364e-07,5.018831328552843,0.3307144544409662
5.4,0.048,1.4210912204226482,-3.3273349848158463e-07,4.989442565340678,0.3445017621306966
5.6000000000000005,0.048,1.4201296886218346,-1.0709163892882828e-06,4.960109656247713,0.3580299798870656
5.800000000000001,0.048,1.4191064364622217,-1.6802188921381436e-06,4.930826365133404,0.3713010643664859
6.0,0.048,1.4180331849562768,-2.1824088040503623e-06,4.901585051560234,0.38431760735837006
6.2,0.048,1.4169194833421273,-2.5952956034991525e-06,4.872380880479268,0.3970826877389272
6.4,0.048,1.4157734022752,-2.934069599808757e-06,4.843208894867467,0.4095997439120807
6.6000000000000005,0.048,1.4146015738146676,-3.211198174797949e-06,4.814065534301875,0.42187247369292696
6.800000000000001,0.048,1.4134095595057847,-3.437170979715989e-06,4.78494747378553,0.4339047542751645
7.0,0.048,1.4122019530082939,-3.6206370987932694e-06,4.755852148708207,0.4457005808206598
7.2,0.048,1.4109825915266294,-3.7688269118106827e-06,4.726777277044751,0.45726401864581834
7.4,0.048,1.4097546545547295,-3.887718791076975e-06,4.697721024467306,0.46859916692092024
7.6000000000000005,0.048,1.4085207935093267,-3.982293362402406e-06,4.6686817965607945,0.4797101309359152
7.800000000000001,0.048,1.4072832102813395,-4.056675037028545e-06,4.63965827831666,0.49060100132927037
8.0,0.048,1.4060437404517472,-4.114293159879826e-06,4.610649336755931,0.5012758385543755
8.200000000000001,0.048,1.4048039113864315,-4.157989586002064e-06,4.581654020086532,0.5117386614924663
8.4,0.048,1.4035649972780488,-4.190124381207569e-06,4.552671507929035,0.5219934391914562
8.6,0.048,1.402328060696178,-4.21265375337311e-06,4.523701100184122,0.5320440850314113
8.8,0.048,1.4010939896528227,-4.227200951768657e-06,4.494742189303299,0.5418944527138841
9.0,0.048,1.3998635267980724,-4.235111418088769e-06,4.465794248654319,0.5515483336439938
9.200000000000001,0.048,1.398637294611776,-4.2375009541330066e-06,4.436856815890783,0.5610094553515742
9.4,0.048,1.3974158157053829,-4.235294293165615e-06,4.407929483439778,0.5702814806927153
9.600000000000001,0.048,1.3961995300239907,-4.229258015848338e-06,4.379011887979934,0.5793680076262432
9.8,0.048,1.3949888088892073,-4.220027299771485e-06,4.350103703337772,0.5882725694133419
10.0,0.048,1.393783966786013,-4.2081285051786096e-06,4.321204633612993,0.5969986351223917
10.200000000000001,0.048,1.3925852710561928,-4.193997658994678e-06,4.292314408099818,0.6055496103515646
10.4,0.048,1.3913929499908941,-4.177995936985345e-06,4.263432776710777,0.6139288381023111
10.600000000000001,0.048,1.390207199508515,-4.160422470980042e-06,4.234559506420132,0.622139599754228
10.8,0.048,1.389028188708281,-4.141524972842431e-06,4.205694378176976,0.6301851161040899
11.0,0.048,1.3878560644578464,-4.1215085659999765e-06,4.17683718443565,0.6380685484418137
11.200000000000001,0.048,1.386690955198803,-4.10054310152681e-06,4.147987727055212,0.6457929996433917
11.4,0.048,1.3855329740918834,-4.078769207930859e-06,4.119145815593413,0.6533615152665927
11.600000000000001,0.048,1.3843822216230717,-4.056303334646186e-06,4.090311265873378,0.6607770846394428
11.8,0.048,1.3832387877585968,-4.03324190178093e-06,4.06148389881036,0.6680426419347263
12.0,0.048,1.382102753729439,-4.009664772849373e-06,4.0326635394339485,0.6751610672260892
12.200000000000001,0.048,1.380974193507077,-3.98563808452708e-06,4.0038500160836765,0.6821351875230715
12.4,0.048,1.3798531750245426,-3.961216638221425e-06,3.9750431597418747,0.6889677777836042
12.600000000000001,0.048,1.37873976118602,-3.936445851785882e-06,3.946242803483367,0.6956615619034004
12.8,0.048,1.377634010701666,-3.911363373405882e-06,3.9174487820201733,0.70221921368226
13.0,0.048,1.3765359787778997,-3.886000444825613e-06,3.888660931326486,0.708643357767711
13.200000000000001,0.048,1.3754457176882715,-3.860383000335302e-06,3.8598790883286376,0.7149365705766657
13.4,0.048,1.37436327724549,-3.834532579462957e-06,3.83110309065065,0.7211013811959143
13.600000000000001,0.048,1.3732887051920852,-3.8084671114269654e-06,3.8023327764047785,0.7271402722623476
13.8,0.048,1.372222047523631,-3.782201517756472e-06,3.7735679840195995,0.7330556808238223
14.0,0.048,1.371163348756441,-3.7557482488221704e-06,3.744808552099846,0.7388499991815498
14.200000000000001,0.048,1.3701126521492815,-3.7291177098102596e-06,3.7160543193113265,0.7445255757148614
14.4,0.048,1.3690699998868598,-3.70231861484925e-06,3.6873051242875228,0.7500847156891421
14.600000000000001,0.048,1.3680354332316598,-3.675358289241053e-06,3.6585608055530434,0.755529682047663
14.8,0.048,1.3670089926489941,-3.6482429013047063e-06,3.629821201460394,0.7608626961879877
15.0,0.048,1.3659907179097002,-3.6209776741139876e-06,3.601086150138084,0.7660859387235724
15.200000000000001,0.048,1.3649806481738678,-3.593567063707607e-06,3.572355489446223,0.7712015502311217
15.4,0.048,1.3639788220586597,-3.566014867012431e-06,3.543629056939788,0.7762116319842223
15.600000000000001,0.048,1.3629852776931555,-3.5383243686296127e-06,3.514906689836662,0.781118246673734
15.8,0.048,1.362000052762471,-3.5104984186746296e-06,3.486188224991048,0.785923419115377
16.0,0.048,1.3610231845436431,-3.482539514140204e-06,3.4574734988714755,0.7906291369449214
16.2,0.048,1.3600547099350744,-3.4544498597972283e-06,3.4287623475428686,0.7952373513013512
16.400000000000002,0.048,1.359094665480945,-3.426231424500999e-06,3.4000546066528825,0.7997499774983303
16.6,0.048,1.3581430873918594,-3.3978859685753434e-06,3.3713501114218096,0.8041688956842755
16.8,0.048,1.3572000115622447,-3.3694150961423244e-06,3.342648696635002,0.8084959514912786
17.0,0.048,1.3562654735850526,-3.3408202699040078e-06,3.313950196638167,0.8127329566731017
17.2,0.048,1.3553395087639517,-3.3121028443403948e-06,3.285254445333252,0.8168816897324057
17.400000000000002,0.048,1.3544221521231108,-3.2832640880512135e-06,3.25656127617627,0.8209438965373447
17.6,0.048,1.3535134384150536,-3.254305179694081e-06,3.2278705221750768,0.824921290927602
17.8,0.048,1.3526134021265317,-3.2252272629839224e-06,3.1991820158878177,0.8288155553099149
18.0,0.048,1.351722077483021,-3.1960314159880594e-06,3.1704955894220714,0.8326283412430722
18.2,0.048,1.3508394984519358,-3.166718675818347e-06,3.1418110744335945,0.8363612700123432
18.400000000000002,0.048,1.3499656987448487,-3.137290072106276e-06,3.1131283021263525,0.8400159331932369
18.6,0.048,1.3491007118190141,-3.107746585974235e-06,3.084447103252257,0.84359389320445
18.8,0.048,1.3482445708781876,-3.078089198593314e-06,3.055767308111679,0.8470966838498054
19.0,0.048,1.3473973088729363,-3.0483188643014446e-06,3.0270887465539142,0.8505258108489442
19.200000000000003,0.048,1.3465589585004636,-3.0184365334737363e-06,2.9984112479783414,0.8538827523564718
19.400000000000002,0.048,1.3457295522040302,-2.9884431507120677e-06,2.969734641335454,0.8571689594692216
19.6,0.048,1.344909122171977,-2.958339650877806e-06,2.941058755128684,0.8603858567212407
19.8,0.048,1.344097700336508,-2.928126968032439e-06,2.912383417416241,0.8635348425660773
20.0,0.048,1.3432953183721181,-2.8978060328941084e-06,2.883708455813577,0.8666172898458967
20.200000000000003,0.048,1.3425020076937544,-2.8673777881907698e-06,2.8550336974964714,0.8696345462469446
20.400000000000002,0.048,1.3417177994546825,-2.836843159665547e-06,2.826358969204517,0.8725879347408437
20.6,0.048,1.3409427245439063,-2.8062030870880285e-06,2.7976840972455497,0.8754787540112214
20.8,0.048,1.3401768135832492,-2.7754585121081523e-06,2.7690089075010187,0.8783082788651748
21.0,0.048,1.3394200969238947,-2.7446103787585283e-06,2.740333225432227,0.8810777606291089
21.200000000000003,0.048,1.338672604642373,-2.7136596368911185e-06,2.7116568760886564,0.8837884275285405
21.400000000000002,0.048,1.3379343665359278,-2.682607246350371e-06,2.682979684117694,0.8864414850515229
21.6,0.048,1.3372054121170178,-2.6514541613789892e-06,2.6543014737771897,0.8890381162954583
21.8,0.048,1.33648577060693,-2.62020136268063e-06,2.6256220689509866,0.8915794822971571
22.0,0.048,1.3357754709280663,-2.5888498275971935e-06,2.5969412931680464,0.8940667223461654
22.200000000000003,0.048,1.3350745416946448,-2.5574005352121388e-06,2.568258969626522,0.8965009542815247
22.400000000000002,0.048,1.3343830112013542,-2.525854491087454e-06,2.5395749212229646,0.8988832747723211
22.6,0.048,1.3337009074092605,-2.494212719192101e-06,2.5108889705886788,0.9012147595825588
22.8,0.048,1.3330282579285022,-2.462476238176555e-06,2.4822009401340264,0.903496463821122
23.0,0.048,1.3323650899968271,-2.430646111428991e-06,2.453510652102529,0.9057294221777854
23.200000000000003,0.048,1.3317114304531474,-2.398723412320191e-06,2.4248179286372973,0.9079146491464665
23.400000000000002,0.048,1.3310673057051567,-2.3667092516995763e-06,2.39612259186145,0.9100531392371238
23.6,0.048,1.3304327416897173,-2.3346047739037345e-06,2.3674244639761333,0.9121458671779131
23.8,0.048,1.3298077638249737,-2.3024111716085383e-06,2.338723367379319,0.9141937881094047
24.0,0.048,1.3291923969525898,-2.2701296984619002e-06,2.310019124808675,0.9161978377728336
24.200000000000003,0.048,1.3285866652685978,-2.2377616643222243e-06,2.281311559513914,0.9181589326944932
24.400000000000002,0.048,1.3279905922411337,-2.2053084642058583e-06,2.2526004954620866,0.9200779703684888
24.6,0.048,1.3274042005130156,-2.172771594315978e-06,2.223885757582187,0.9219558294401257
24.8,0.048,1.3268275117873047,-2.1401526632601566e-06,2.195167172054002,0.9237933698922283
25.0,0.048,1.3262605466934214,-2.107453418911268e-06,2.166444566646888,0.9255914332366554
25.200000000000003,0.048,1.3257033246316825,-2.074675768933871e-06,2.1377177711154984,0.927350842713192
25.400000000000002,0.048,1.3251558635938865,-2.0418218355884043e-06,2.1089866176570107,0.9290724034978731
25.6,0.048,1.3246181799575463,-2.0088939677217913e-06,2.08025094143709,0.9307569029226102
25.8,0.048,1.3240902882518213,-1.9758947877098143e-06,2.051510581189079,0.9324051107077627
26.0,0.048,1.3235722008929909,-1.9428272475085947e-06,2.02276537989112,0.9340177792090398
26.200000000000003,0.048,1.323063927888039,-1.909694691560512e-06,1.9940151855253652,0.9355956436797991
26.400000000000002,0.048,1.3225654765053274,-1.8765008898675482e-06,1.9652598519205209,0.9371394225494913
26.6,0.048,1.3220768509118732,-1.8432501508864579e-06,1.9364992396786787,0.9386498177186425
26.8,0.048,1.3215980517778894,-1.8099473452585997e-06,1.9077332171843213,0.9401275148704048
27.0,0.048,1.321129075850037,-1.7765980352858283e-06,1.8789616616905447,0.9415731837983442
27.200000000000003,0.048,1.320669915496164,-1.7432085351498675e-06,1.8501844604753843,0.942987478749778
27.400000000000002,0.048,1.3202205582255373,-1.709786003817423e-06,1.8214015120565992,0.944371038783637
27.6,0.048,1.3197809861901382,-1.6763385492836833e-06,1.7926127274507149,0.9457244881415159
27.8,0.048,1.3193511756740701,-1.6428753115155331e-06,1.7638180314570495,0.9470484366302936
28.0,0.048,1.31893109657954,-1.6094065776366522e-06,1.7350173639446451,0.9483434800144729
28.200000000000003,0.048,1.3185207119197069,-1.5759438386176497e-06,1.7062106811154454,0.9496102004161829
28.400000000000002,0.048,1.3181199773296999,-1.54249990783507e-06,1.677397956713444,0.9508491667206548
28.6,0.048,1.3177288406086147,-1.5090889621015508e-06,1.6485791831474896,0.9520609349848783
28.8,0.048,1.3173472413061684,-1.4757266245668547e-06,1.619754372491461,0.9532460488471068
29.0,0.048,1.316975110368175,-1.4424299841864106e-06,1.5909235573257094,0.9544050399348792
29.200000000000003,0.048,1.3166123698555148,-1.4092176372323148e-06,1.5620867913824525,0.9555384282692934
29.400000000000002,0.048,1.3162589327506367,-1.37610965589846e-06,1.5332441499587188,0.9566467226633468
29.6,0.048,1.3159147028650322,-1.3431275636405928e-06,1.504395730064097,0.9577304211123175
29.8,0.048,1.3155795748596344,-1.3102942658139286e-06,1.475541650272625,0.9587900111743116
30.0,0.048,1.3152534343882247,-1.2776339437584412e-06,1.4466820502557238,0.9598259703393176
30.200000000000003,0.048,1.3149361583712047,-1.2451719097011739e-06,1.4178170899779563,0.9608387663853194
30.400000000000002,0.048,1.3146276154044363,-1.2129344346183548e-06,1.3889469485479717,0.961828857720259
30.6,0.048,1.3143276663038665,-1.1809485285193772e-06,1.3600718227229394,0.9627966937088783
30.8,0.048,1.31403616478376,-1.1492416877120255e-06,1.331191925079556,0.96374271498372
31.0,0.048,1.313752958261258,-1.1178416213349863e-06,1.302307481868074,0.9646673537398008
31.200000000000003,0.048,1.3134778887779042,-1.086775933545318e-06,1.273418730585802,0.9655710340127064
31.400000000000002,0.048,1.3132107940225295,-1.0560717934852495e-06,1.244525917301928,0.9664541719400677
31.6,0.048,1.3129515084401127,-1.0257555896646328e-06,1.215629293794458,0.9673171760065833
31.8,0.048,1.312699864403496,-9.958525780868776e-07,1.1867291145378451,0.9681604472729268
32.0,0.048,1.3124556934295433,-9.663865231267239e-07,1.1578256336266737,0.9689843795890339
32.2,0.048,1.3122188274101694,-9.37379360460888e-07,1.1289191016647238,0.9697893597923987
32.4,0.048,1.311989099842088,-9.088508702193117e-07,1.1000097627333818,0.9705757678921112
32.6,0.048,1.3117663470193315,-8.808183818395095e-07,1.0710978514322875,0.9713439772394599
32.800000000000004,0.048,1.3115504091828167,-8.532965128410727e-07,1.0421835901516872,0.9720943546859728
33.0,0.048,1.3113411315810286,-8.262969552656441e-07,1.0132671864853342,0.9728272607298197
33.2,0.048,1.3111383654597448,-7.998282874080421e-07,0.9843488310372773,0.9735430496515087
33.4,0.048,1.3109419689126758,-7.738958883528387e-07,0.9554286953573684,0.974242069639822
33.6,0.048,1.3107518076588391,-7.485018323694099e-07,0.9265069304690907,0.9749246629088983
33.800000000000004,0.048,1.3105677556247588,-7.236449275579085e-07,0.8975836653674134,0.9755911658073859
34.0,0.048,1.3103896954955796,-6.993207004191551e-07,0.8686590064247788,0.9762419089204766
34.2,0.048,1.3102175189851446,-6.75521596363002e-07,0.8397330363305545,0.9768772171656982
34.4,0.048,1.3100511271985777,-6.522369568996419e-07,0.8108058145693234,0.9774974098831246
34.6,0.048,1.309890430540224,-6.294534761372714e-07,0.781877376430553,0.9781028009208393
34.800000000000004,0.048,1.3097353490017265,-6.071550189546634e-07,0.7529477349528897,0.9786936987160911
35.0,0.048,1.3095858116016967,-5.853234948365117e-07,0.7240168791769194,0.9792704063730161
35.2,0.048,1.3094417568483117,-5.639382056734025e-07,0.6950847785108429,0.9798332217370084
35.4,0.048,1.3093031314401018,-5.429775490333775e-07,0.6661513784543018,0.9803824374668398
35.6,0.048,1.309169891430101,-5.224171891191661e-07,0.6372166097046235,0.9809183411039949
35.800000000000004,0.048,1.3090419995151121,-5.022335887397539e-07,0.6082803774834803,0.9814412151409562
36.0,0.048,1.308919428044737,-4.823994319889541e-07,0.5793425808665927,0.9819513370867075
36.2,0.048,1.3088021532942955,-4.6289128948261153e-07,0.5504030870811047,0.9824489795327246
36.4,0.048,1.3086901628621153,-4.436787536146889e-07,0.5214617737817098,0.9829344102152322
36.6,0.048,1.3085834431927819,-4.247415347826527e-07,0.49251846880258227,0.9834078920804674
36.800000000000004,0.048,1.3084819970990846,-4.060442582661172e-07,0.4635730446084583,0.9838696833434358
37.0,0.048,1.3083858159645467,-3.875751248810821e-07,0.4346252791403022,0.9843200375545351
37.2,0.048,1.3082949203947447,-3.692880537420659e-07,0.40567506923281216,0.9847592036531483
37.4,0.048,1.3082092975555206,-3.51190461247819e-07,0.376722111619274,0.9851874260392239
37.6,0.048,1.3081289944540682,-3.332112569598671e-07,0.34776638744598426,0.9856049446173399
37.800000000000004,0.048,1.3080539760294905,-3.1540020862184997e-07,0.3188074340130183,0.9860119948803749
38.0,0.048,1.3079843378952223,-2.9762781446976904e-07,0.28984544601081846,0.986408807934123
38.2,0.048,1.3079199846816394,-2.800375333365802e-07,0.2608796174823039,0.986795610608018
38.400000000000006,0.048,1.3078611133412412,-2.623652856952858e-07,0.2319106431794337,0.9871726254386584
38.6,0.048,1.3078074847337597,-2.449632700020207e-07,0.20293695232164521,0.9875400708394773
38.800000000000004,0.048,1.3077595183914912,-2.272607904790028e-07,0.17396038173961031,0.9878981609965978
39.0,0.048,1.3077166457169753,-2.1007811967413694e-07,0.1449776393313423,0.988247106165612
39.2,0.048,1.3076797834980491,-1.9215897685098956e-07,0.11599314697434071,0.9885871123797373
39.400000000000006,0.048,1.3076476167556863,-1.752180387118476e-07,0.08699973320199018,0.988918382022569
39.6,0.048,1.3076222094804781,-1.518182752143183e-07,0.05800765094574724,0.989241113179875
39.800000000000004,0.048,1.3076015087814792,-6.982092304929057e-08,0.029000876664157474,0.9895553481180807
40.0,0.048,1.3076015087814792,0.0,0.0,0.9895553481180807
0.0,0.05,1.0,0.0,6.087382818341497,0.0
0.2,0.05,1.116742833996845,-1.4671900321793396e-15,6.087382818341497,0.0007626209861090328
0.4,0.05,1.2111476094920466,1.6499344780665411e-15,5.8254535047286,0.0027711301887570557
0.6000000000000001,0.05,1.2419799208321662,4.891284253372508e-16,5.855144143633159,0.006574028200712102
0.8,0.05,1.2868041426348706,1.4493399749724214e-15,5.741331790774102,0.012316190971392995
1.0,0.05,1.310252494216858,4.1749924319870827e-16,5.7274203430547015,0.02010377574983897
1.2000000000000002,0.05,1.3367202613357092,-6.203013342144578e-16,5.661993552489468,0.029743550608728343
1.4000000000000001,0.05,1.3539405047088269,-1.7606316880888858e-16,5.6332529238962525,0.04105020960031863
1.6,0.05,1.3705849896073181,7.460646247424176e-16,5.586548781143971,0.053724032416169305
1.8,0.05,1.3825658226835877,2.4546189618206865e-15,5.553895047357631,0.06751144332290487
2.0,0.05,1.393193651098411,2.1531739427332507e-15,5.515242509180323,0.08214580630676868
2.2,0.05,1.4011913985145312,1.0063006979359972e-15,5.482247512512965,0.09741166059183012
2.4000000000000004,0.05,1.4079185254631683,4.47442505632287e-16,5.44745708005763,0.11311418007195073
2.6,0.05,1.4130439163408406,9.305557403703848e-16,5.415106882360128,0.12909955612316568
2.8000000000000003,0.05,1.417175475890494,1.6255293983733928e-15,5.382384647365131,0.14523853885330842
3.0,0.05,1.4202826303504028,1.089096553906258e-15,5.350813422887689,0.1614305945732598
3.2,0.05,1.4226645640136477,1.3416241865769252e-15,5.319309578555937,0.17759476877833275
3.4000000000000004,0.05,1.4243718774426821,-4.6993638589402155e-17,5.288406637829599,0.193668938204694
3.6,0.05,1.425566627422686,3.1316627274955965e-16,5.257673351262582,0.20960460904039058
3.8000000000000003,0.05,1.4263098359175528,4.289725734690169e-15,5.227285631442844,0.2253652167123757
4.0,0.05,1.4266967622934272,2.527267912343142e-15,5.197063241848969,0.2409230987417349
4.2,0.05,1.4267790705026757,-5.302511942715491e-16,5.167055839018805,0.2562579950164354
4.4,0.05,1.426616286309697,5.336057753679499e-16,5.137182604622077,0.2713552549440712
4.6000000000000005,0.05,1.4262475596878834,2.797033870128107e-15,5.107450917331329,0.2862047516411785
4.800000000000001,0.05,1.4257116063663537,-2.954986472257168e-17,5.0778212038945005,0.300799808337787
5.0,0.05,1.4250366973944468,2.5305485879775787e-15,5.048288431965132,0.3151364774214839
5.2,0.05,1.4242485820213253,2.4247715773637948e-16,5.018831332597732,0.3292129120802156
5.4,0.05,1.4233668774065669,3.1366329001224656e-15,4.989442568898426,0.34302906818225465
5.6000000000000005,0.05,1.4224086638534597,-2.6925376794595887e-15,4.960109659413498,0.3565860609542276
5.800000000000001,0.05,1.421387762713081,4.860106921917832e-16,4.930826367973338,0.3698857493593451
6.0,0.05,1.4203160529665084,3.173085839945488e-15,4.901585054132283,0.38293064099992524
6.2,0.05,1.4192032200482763,2.3478136288375203e-17,4.8723808828273025,0.395723749106534
6.4,0.05,1.418057449265745,-2.7530834978945325e-15,4.843208897029777,0.40826846263774474
6.6000000000000005,0.05,1.4168854688755816,2.7060233733694035e-15,4.8140655363086955,0.42056844307667185
6.800000000000001,0.05,1.4156929206326367,-1.3497716937223793e-15,4.784947475662658,0.4326275416972153
7.0,0.05,1.4144844650718964,3.101406819389443e-15,4.755852150476444,0.4444497358882361
7.2,0.05,1.4132639949980867,-5.075407327793405e-15,4.726777278721633,0.4560390795330367
7.4,0.05,1.4120347361400118,-3.1366686311775737e-16,4.69772102606714,0.46739966526192556
7.6000000000000005,0.05,1.410799378305193,1.5378434709427021e-15,4.668681798095544,0.47853559558325565
7.800000000000001,0.05,1.409560155266296,-2.865765100557034e-15,4.639658279796162,0.4894509612182666
8.0,0.05,1.4083189290596339,3.0884328672318865e-15,4.610649338188352,0.500149824871417
8.200000000000001,0.05,1.4070772490053238,1.7103821161066309e-15,4.581654021478612,0.5106362093002134
8.4,0.05,1.4058364075072227,1.5847601004460056e-16,4.552671509286375,0.5209140886336799
8.6,0.05,1.4045974822421796,4.2384836165749146e-15,4.523701101511354,0.5309873822124596
8.8,0.05,1.4033613737520811,2.8266402946208984e-15,4.494742190604228,0.5408599503278853
9.0,0.05,1.4021288350801486,-6.366469967654387e-16,4.465794249932112,0.550535591411898
9.200000000000001,0.05,1.4009004973267305,2.197465964252439e-15,4.436856817148043,0.5600180403115184
9.4,0.05,1.3996768902545842,-5.507846837413645e-16,4.407929484678658,0.5693109673788248
9.600000000000001,0.05,1.398458459742055,4.922104153370523e-16,4.37901188920221,0.5784179781631427
9.8,0.05,1.3972455820347247,7.394679891047682e-17,4.350103704544902,0.587342613547364
10.0,0.05,1.3960385757051894,4.274100133939248e-15,4.321204634806176,0.5960883502056664
10.200000000000001,0.05,1.3948377114900665,1.7791495477661512e-15,4.292314409280055,0.6046586012913822
10.4,0.05,1.3936432205014877,-5.308919543368092e-16,4.263432777878867,0.6130567172852396
10.600000000000001,0.05,1.3924553010036542,-1.6228422640534341e-15,4.234559507576744,0.6212859869521961
10.8,0.05,1.391274124048138,-1.3183570898709951e-16,4.2056943793226464,0.6293496383678969
11.0,0.05,1.3900998381292395,2.7497048018501447e-15,4.176837185570826,0.6372508399861753
11.200000000000001,0.05,1.3889325730455997,2.958602834754267e-15,4.147987728180247,0.6449927017265995
11.4,0.05,1.3877724430918847,-1.4165783313555982e-15,4.119145816708597,0.6525782760670698
11.600000000000001,0.05,1.3866195497033837,-3.8971421455674825e-15,4.090311266978942,0.6600105591308708
11.8,0.05,1.385473983642868,6.525910370425167e-16,4.061483899906491,0.6672924917609667
12.0,0.05,1.384335826811474,-3.5433359864191336e-15,4.032663540520793,0.6744269605767722
12.200000000000001,0.05,1.3832051537462844,-3.0666919215882714e-15,4.003850017161354,0.6814167990104631
12.4,0.05,1.382082032859445,1.6188385115281158e-15,3.975043160810461,0.6882647883211771
12.600000000000001,0.05,1.3809665274627074,-4.579498867451708e-15,3.946242804542935,0.6949736585863808
12.8,0.05,1.3798586966146162,-8.864458961537119e-16,3.917448783070762,0.7015460896703273
13.0,0.05,1.3787585958210142,2.2437448031535405e-15,3.8886609323681376,0.7079847121699437
13.200000000000001,0.05,1.3776662776143664,-8.799609207042642e-16,3.8598790893613684,0.7142921083387773
13.4,0.05,1.3765817920327732,2.453219128638951e-15,3.831103091674478,0.7204708129897839
13.600000000000001,0.05,1.3755051870164043,1.7206195486731673e-15,3.8023327774196978,0.7265233143778238
13.8,0.05,1.3744365087354966,1.4413037093806587e-15,3.7735679850256028,0.7324520550627621
14.0,0.05,1.3733758018619893,1.2604298324980463e-15,3.7448085530969273,0.7382594327540437
14.200000000000001,0.05,1.3723231097944937,2.0979691420674394e-15,3.7160543202994685,0.7439478011375904
14.4,0.05,1.3712784748444733,2.4079596964372638e-15,3.6873051252667173,0.7495194706858075
14.600000000000001,0.05,1.3702419383902995,-1.4560125334635515e-15,3.6585608065232607,0.7549767094514322
14.8,0.05,1.3692135410041386,-7.31152441678726e-16,3.629821202421614,0.7603217438458969
15.0,0.05,1.3681933225561629,3.3904279467408047e-15,3.6010861510902803,0.7655567594028313
15.200000000000001,0.05,1.3671813222995224,-1.5699410920579176e-16,3.5723554903893673,0.7706839015272663
15.4,0.05,1.3661775789391999,-1.4050887691954472e-15,3.543629057873853,0.7757052762310641
15.600000000000001,0.05,1.365182130687697,-1.316984730223634e-15,3.514906690761615,0.7806229508550581
15.8,0.05,1.3641950153098543,8.321171486737524e-16,3.4861882259068637,0.7854389547783436
16.0,0.05,1.363216270159307,2.2010560454171814e-15,3.4574734997781214,0.7901552801151278
16.2,0.05,1.362245932208401,2.160060981019453e-15,3.4287623484403182,0.794773882399514
16.400000000000002,0.05,1.3612840380729956,9.162542364218112e-16,3.4000546075410973,0.7992966812585521
16.6,0.05,1.3603306240334274,-1.568917828041159e-15,3.3713501123007656,0.8037255610738583
16.8,0.05,1.3593857260521751,2.7667136554363843e-16,3.342648697504665,0.8080623716320544
17.0,0.05,1.3584493797887778,-8.962170722607242e-16,3.3139501974985004,0.812308928764246
17.2,0.05,1.3575216206122054,5.007275569520332e-15,3.2852544461842204,0.8164670149747076
17.400000000000002,0.05,1.356602483610793,2.0285247535493917e-15,3.256561277017855,0.8205383800589038
17.6,0.05,1.3556920036002127,2.690246591927909e-15,3.227870523007235,0.8245247417109278
17.8,0.05,1.3547902151294482,3.6303271283307395e-16,3.199182016710526,0.8284277861204019
18.0,0.05,1.3538971524853713,-1.6053970670263955e-15,3.1704955902352907,0.8322491685588285
18.2,0.05,1.3530128496960225,1.6042352182014327e-15,3.1418110752372987,0.8359905139553478
18.400000000000002,0.05,1.3521373405328845,4.220514792250149e-16,3.1131283029205106,0.8396534174618069
18.6,0.05,1.3512706585124472,4.781180202450595e-16,3.0844471040368413,0.8432394450069912
18.8,0.05,1.350412836897068,7.397022404271012e-16,3.055767308886655,0.8467501338398316
19.0,0.05,1.3495639086953046,-9.15625097052232e-16,3.0270887473192483,0.8501869930613387
19.200000000000003,0.05,1.3487239066617678,2.221075592479589e-15,2.9984112487340093,0.8535515041449768
19.400000000000002,0.05,1.347892863296558,1.1612833313695994e-15,2.9697346420814235,0.8568451214451293
19.6,0.05,1.347070810844303,-1.1848018132632181e-15,2.941058755864924,0.8600692726932716
19.8,0.05,1.3462577812929568,2.4823612540499825e-16,2.912383418142727,0.8632253594814212
20.0,0.05,1.34545380637223,1.4726373192989408e-15,2.883708456530275,0.866314757732397
20.200000000000003,0.05,1.3446589175517645,-2.7627920845280826e-16,2.8550336982033544,0.8693388181564037
20.400000000000002,0.05,1.3438731460390012,2.1595363976197175e-16,2.826358969901556,0.8722988666934265
20.6,0.05,1.3430965227766054,7.975246482844515e-16,2.79768409793272,0.8751962049409342
20.8,0.05,1.3423290784395512,2.392762314005925e-15,2.769008908178289,0.8780321105663929
21.0,0.05,1.341570843431663,-2.1082504938440137e-15,2.7403332260995668,0.8808078377041263
21.200000000000003,0.05,1.3408218478816076,1.3526190922570242e-15,2.711656876746038,0.8835246173361132
21.400000000000002,0.05,1.3400821216382564,-8.606840421767203e-16,2.6829796847650953,0.8861836576563763
21.6,0.05,1.339351694265192,2.00212031956686e-15,2.65430147441458,0.8887861444187244
21.8,0.05,1.3386305950343218,-2.604978734722624e-16,2.625622069578346,0.8913332412677067
22.0,0.05,1.3379188529181665,-3.173618850352563e-15,2.596941293785344,0.8938260900528011
22.200000000000003,0.05,1.3372164965805633,-1.5523868302926606e-15,2.5682589702337304,0.8962658111259937
22.400000000000002,0.05,1.3365235543653253,1.2659482416952462e-15,2.5395749218200647,0.8986535036231078
22.6,0.05,1.33584005428215,-9.482239662803204e-16,2.510888971175642,0.9009902457294159
22.8,0.05,1.3351660239893264,2.050916117798515e-15,2.4822009407108303,0.9032770949302964
23.0,0.05,1.3345014907722745,-4.173720300424053e-16,2.453510652669147,0.9055150882478934
23.200000000000003,0.05,1.3338464815171158,7.137053228689013e-16,2.4248179291937046,0.907705242464977
23.400000000000002,0.05,1.3332010226782993,-6.51610178416962e-16,2.3961225924076275,0.909848554337402
23.6,0.05,1.332565140239009,-9.600790662117471e-16,2.3674244645120606,0.9119460007967826
23.8,0.05,1.3319388596632962,-1.1549606495967732e-16,2.3387233679049695,0.913998539145186
24.0,0.05,1.331322205838342,6.624438621418528e-17,2.3100191253240276,0.9160071072438211
24.200000000000003,0.05,1.330715203005335,1.7944369521489359e-16,2.2813115600189517,0.9179726236978306
24.400000000000002,0.05,1.330117874677245,1.9034937568444714e-15,2.2526004959567905,0.9198959880394124
24.6,0.05,1.3295302435414416,-2.33788674665878e-17,2.2238857580665425,0.9217780809115483
24.8,0.05,1.328952331345306,1.9565589779694454e-15,2.195167172527985,0.9236197642546379
25.0,0.05,1.3283841587624057,-1.282387413969101e-15,2.1664445671104984,0.925421881498313
25.200000000000003,0.05,1.327825745237099,4.5027811481716293e-17,2.1377177715687186,0.927185257760617
25.400000000000002,0.05,1.3272771088051964,1.6119543001929198e-15,2.108986618099827,0.9289107000566108
25.6,0.05,1.3267382658882798,8.695125336814893e-16,2.0802509418695068,0.9305989975182838
25.8,0.05,1.3262092310597273,-5.712694512955206e-16,2.0515105816110877,0.9322509216274202
26.0,0.05,1.325690016780293,4.366565949201589e-16,2.0227653803027272,0.9338672264628066
26.200000000000003,0.05,1.3251806331018037,-1.457405160086854e-15,1.9940151859265765,0.9354486489628643
26.400000000000002,0.05,1.324681087337945,6.594994488095958e-16,1.9652598523113465,0.9369959092044507
26.6,0.05,1.3241913837016628,-2.3146639252830643e-15,1.9364992400591396,0.9385097106982336
26.8,0.05,1.3237115229098262,1.1401045725381411e-15,1.907733217554451,0.9399907407006713
27.0,0.05,1.32324150175659,1.3879685433680142e-15,1.8789616620503693,0.9414396705422718
27.200000000000003,0.05,1.3227813126582426,-1.2454516660442351e-15,1.8501844608249576,0.9428571559714455
27.400000000000002,0.05,1.3223309431735288,-9.32987647387354e-16,1.821401512395976,0.9442438375129282
27.6,0.05,1.3218903755050084,-5.480317408865218e-16,1.7926127277799575,0.9456003408394421
27.8,0.05,1.3214595859885019,1.819289038653219e-15,1.7638180317762473,0.9469272771549696
28.0,0.05,1.3210385445790642,5.1403036318578516e-17,1.7350173642538904,0.9482252435877943
28.200000000000003,0.05,1.3206272143437676,1.465339306277544e-15,1.7062106814148474,0.9494948235912457
28.400000000000002,0.05,1.3202255509726064,-1.4347562781255252e-15,1.6773979570031334,0.9507365873499583
28.6,0.05,1.3198335023202925,-1.6730916127055527e-15,1.6485791834276082,0.9519510921893444
28.8,0.05,1.3194510079926318,-1.7894048742051396e-15,1.6197543727621755,0.9531388829859478
29.0,0.05,1.3190779989916195,1.1059999000903572e-15,1.5909235575872023,0.9543004925763378
29.200000000000003,0.05,1.3187143974339333,-7.24624474034112e-16,1.5620867916349246,0.9554364421622723
29.400000000000002,0.05,1.318360116356835,-1.0707789636287312e-15,1.5332441502023906,0.9565472417099439
29.6,0.05,1.318015059624932,-3.3196331639388445e-16,1.5043957302992097,0.957633390341268
29.8,0.05,1.317679121949741,4.977197985984874e-16,1.4755416504994354,0.9586953767153407
30.0,0.05,1.3173521890321278,9.692680777303596e-16,1.446682050474511,0.959733679398396
30.200000000000003,0.05,1.3170341378350041,8.288508085720876e-16,1.4178170901890064,0.960748767220809
30.400000000000002,0.05,1.3167248369909732,4.742131650440163e-16,1.3889469487515913,0.9617410996199307
30.6,0.05,1.316424147345666,-7.76434118914481e-16,1.3600718229194477,0.9627111269677822
30.8,0.05,1.3161319226345944,1.7899001107749495e-16,1.3311919252692772,0.9636592908828765
31.0,0.05,1.3158480102862822,-1.2110207032167562e-15,1.302307482051338,0.964586024525687
31.200000000000003,0.05,1.3155722523423108,-2.6871399437391473e-16,1.2734187307629454,0.9654917528775007
31.400000000000002,0.05,1.315304486478732,-1.0289841550121341e-15,1.2445259174732826,0.9663768930026178
31.6,0.05,1.3150445471134717,8.945016009660966e-16,1.215629293960349,0.9672418542940613
31.8,0.05,1.3147922665766585,-3.391343440829384e-16,1.1867291146985963,0.9680870387031314
32.0,0.05,1.314547476325478,5.405263482850446e-16,1.1578256337825883,0.9689128409533018
32.2,0.05,1.3143100081740438,-5.157916893332701e-16,1.1289191018160942,0.9697196487390861
32.4,0.05,1.3140796955221434,-7.475397024470051e-16,1.1000097628804801,0.9705078429106091
32.6,0.05,1.3138563745469671,-5.765940731815067e-16,1.0710978515753615,0.971277797644704
32.800000000000004,0.05,1.3136398853520899,-5.141507074959338e-16,1.0421835902909578,0.9720298806034143
33.0,0.05,1.3134300730278539,-1.2779409650631566e-15,1.0132671866209984,0.9727644530808252
33.2,0.05,1.3132267886410238,-1.2572295261593416e-16,0.984348831169502,0.9734818701391535
33.4,0.05,1.3130298900856892,3.64364783158092e-16,0.9554286954862897,0.9741824807350529
33.6,0.05,1.312839242861116,-1.315533766802338e-15,0.9265069305948107,0.974866627837034
33.800000000000004,0.05,1.3126547206548143,1.5396649180346765e-16,0.8975836654900055,0.9755346485349339
34.0,0.05,1.3124762058946422,2.918014493745809e-17,0.8686590065442856,0.9761868741422419
34.2,0.05,1.3123035900203552,9.340057420951212e-16,0.8397330364469847,0.9768236302921643
34.4,0.05,1.3121367738475664,-3.307628742200058e-17,0.8108058146826618,0.977445237028088
34.6,0.05,1.3119756674777632,7.159726525091304e-16,0.7818773765407566,0.9780520088892816
34.800000000000004,0.05,1.3118201905879072,-3.725974236195552e-16,0.7529477350598891,0.9786442549922727
35.0,0.05,1.3116702718728528,2.7350617624066263e-16,0.7240168792806249,0.9792222791087821
35.2,0.05,1.311525849509165,8.13335640603289e-17,0.6950847786111424,0.9797863797402885
35.4,0.05,1.3113868698596407,-2.0152833289660517e-16,0.6661513785510697,0.9803368501903413
35.6,0.05,1.3112532886375219,-1.9231537127341653e-16,0.6372166097977139,0.9808739786340674
35.800000000000004,0.05,1.3111250682013713,-2.0807570792665895e-16,0.6082803775727474,0.9813980481866381
36.0,0.05,1.3110021805612702,6.581903878477341e-16,0.5793425809518605,0.9819093369689218
36.2,0.05,1.3108846016614866,1.087407281105789e-15,0.5504030871622243,0.9824081181736527
36.4,0.05,1.3107723187682734,-5.545459552274025e-16,0.5214617738584801,0.9828946601278105
36.6,0.05,1.3106653180123746,-2.7312251519504776e-16,0.49251846887486866,0.9833692263580776
36.800000000000004,0.05,1.3105636018864306,3.0686443150944157e-16,0.4635730446760215,0.9838320756496685
37.0,0.05,1.3104671614887158,4.348199891584275e-16,0.43462527920306376,0.9842834621131981
37.2,0.05,1.3103760171158967,-2.97005578060085e-16,0.4056750692904578,0.9847236352382572
37.4,0.05,1.3102901556928748,-2.4173753704303986e-16,0.37672211167185227,0.9851528399653532
37.6,0.05,1.3102096239182692,-4.7953818850913914e-17,0.34776638749300914,0.9855713167297719
37.800000000000004,0.05,1.3101343865618047,-1.264265031889432e-16,0.3188074340548252,0.9859793015458662
38.0,0.05,1.3100645388965206,6.859400629107412e-17,0.2898454460465229,0.9863770260310817
38.2,0.05,1.3099999855102775,-3.2483008713599376e-17,0.2608796175128747,0.9867647175178562
38.400000000000006,0.05,1.309940922905251,-2.298890989872782e-16,0.23191064320307325,0.9871425990357302
38.6,0.05,1.3098871121461289,4.350326610957999e-19,0.2029369523407352,0.9875108894833885
38.800000000000004,0.05,1.3098389720253532,-7.013462407959323e-17,0.17396038175027576,0.9878698035213499
39.0,0.05,1.3097959346671963,-1.932586362799199e-17,0.1449776393391332,0.9882195518736682
39.2,0.05,1.3097589154220648,-4.0988972538110316e-17,0.11599314697073031,0.9885603410292331
39.400000000000006,0.05,1.309726601186642,-4.17977054014176e-18,0.08699973319823104,0.9888923738245752
39.6,0.05,1.3097010540178435,-2.3273732921882014e-17,0.058007650887523445,0.9892158487693568
39.800000000000004,0.05,1.3096802386684414,-4.069165198380826e-17,0.029000876169899353,0.9895308082858836
40.0,0.05,1.3096802386684414,0.0,0.0,0.9895308082858836
0.0,0.052000000000000005,1.0,0.0,6.087388417847734,0.0
0.2,0.052000000000000005,1.116699927569264,-0.0011030233290530303,6.087388417847734,0.0008264311164207276
0.4,0.052000000000000005,1.2110182712364086,-0.0005793428025363924,5.825450244818375,0.0029534789512112333
0.6000000000000001,0.052000000000000005,1.241698310764446,-0.00042849089977464895,5.85514322574139,0.006928146998997858
0.8,0.052000000000000005,1.2863438754874688,-0.00032892672242216734,5.7413312253001,0.012870227736625772
1.0,0.052000000000000005,1.3095843705066215,-0.0002734555591986419,5.7274200805344755,0.02086889129282539
1.2000000000000002,0.052000000000000005,1.3358465882703976,-0.00022014212925751893,5.66199330831719,0.0307097831598354
1.4000000000000001,0.052000000000000005,1.3528643441691195,-0.00018409510265030528,5.633252791952441,0.04219812090905334
1.6,0.052000000000000005,1.3693253245804198,-0.0001498481566965743,5.586548652061375,0.0550265472635436
1.8,0.052000000000000005,1.381140045453902,-0.0001244950288764157,5.553894967928494,0.06894076252878198
2.0,0.052000000000000005,1.3916240738914223,-0.00010160916559590446,5.515242434265139,0.08367454888381082
2.2,0.052000000000000005,1.399497342163056,-8.381605479408364e-05,5.482247461115568,0.09901547312686816
2.4000000000000004,0.052000000000000005,1.4061193188593613,-6.833525384368605e-05,5.447457033619825,0.11477172541189458
2.6,0.052000000000000005,1.4111558747757145,-5.5964294349205507e-05,5.415106847883969,0.13079302978194488
2.8000000000000003,0.052000000000000005,1.415213411510189,-4.543445989908713e-05,5.382384617150602,0.14695320238437123
3.0,0.052000000000000005,1.4182588996810679,-3.688701734976882e-05,5.350813399244305,0.16315457766775232
3.2,0.052000000000000005,1.420589887432533,-2.9700409043849814e-05,5.319309558188583,0.1793185703376468
3.4000000000000004,0.052000000000000005,1.4222551524330282,-2.381468087929621e-05,5.288406621340861,0.19538509140205682
3.6,0.052000000000000005,1.423415400791322,-1.889967467684086e-05,5.257673337162656,0.21130728786981717
3.8000000000000003,0.052000000000000005,1.4241303588083158,-1.4854502108702847e-05,5.227285619765064,0.22704994658388464
4.0,0.052000000000000005,1.424494275990962,-1.1489778369984079e-05,5.197063231868011,0.24258648057667756
4.2,0.052000000000000005,1.42455791359854,-8.713841664496663e-06,5.16705583061297,0.25789749528495787
4.4,0.052000000000000005,1.4243800745789732,-6.410859591045589e-06,5.137182597406537,0.2729690227628934
4.6000000000000005,0.052000000000000005,1.4239992853073222,-4.5093115340491405e-06,5.107450911167053,0.2877914774092923
4.800000000000001,0.052000000000000005,1.4234537542439407,-2.934851947172188e-06,5.077821198559042,0.3023586061960269
5.0,0.052000000000000005,1.422771321817255,-1.6348442060838572e-06,5.0482884273424,0.31666679408581727
5.2,0.052000000000000005,1.4219773803947091,-5.585807070639913e-07,5.018831328552847,0.33071445444096564
5.4,0.052000000000000005,1.421091220422649,3.3273350114668375e-07,4.989442565340679,0.34450176213069617
5.6000000000000005,0.052000000000000005,1.4201296886218346,1.0709163852323848e-06,4.960109656247714,0.3580299798870652
5.800000000000001,0.052000000000000005,1.4191064364622221,1.680218887003821e-06,4.930826365133404,0.37130106436648547
6.0,0.052000000000000005,1.4180331849562766,2.1824088027890527e-06,4.9015850515602315,0.38431760735837
6.2,0.052000000000000005,1.4169194833421266,2.595295600049899e-06,4.872380880479267,0.39708268773892746
6.4,0.052000000000000005,1.4157734022751995,2.9340695965677482e-06,4.843208894867469,0.40959974391208087
6.6000000000000005,0.052000000000000005,1.4146015738146678,3.2111981743060154e-06,4.8140655343018715,0.42187247369292696
6.800000000000001,0.052000000000000005,1.4134095595057847,3.437170975359558e-06,4.784947473785529,0.43390475427516445
7.0,0.052000000000000005,1.4122019530082939,3.620637103578275e-06,4.755852148708207,0.4457005808206596
7.2,0.052000000000000005,1.4109825915266285,3.768826905030517e-06,4.726777277044754,0.45726401864581856
7.4,0.052000000000000005,1.409754654554729,3.8877187898690435e-06,4.697721024467306,0.46859916692092046
7.6000000000000005,0.052000000000000005,1.4085207935093265,3.982293361761264e-06,4.668681796560795,0.4797101309359153
7.800000000000001,0.052000000000000005,1.4072832102813393,4.056675032961836e-06,4.639658278316663,0.4906010013292706
8.0,0.052000000000000005,1.4060437404517472,4.11429316503031e-06,4.610649336755929,0.5012758385543755
8.200000000000001,0.052000000000000005,1.404803911386432,4.157989589747365e-06,4.581654020086534,0.5117386614924659
8.4,0.052000000000000005,1.4035649972780488,4.190124382538209e-06,4.552671507929035,0.5219934391914564
8.6,0.052000000000000005,1.4023280606961777,4.21265376618521e-06,4.523701100184119,0.5320440850314113
8.8,0.052000000000000005,1.4010939896528223,4.2272009573329025e-06,4.4947421893033,0.5418944527138845
9.0,0.052000000000000005,1.3998635267980721,4.235111418717737e-06,4.465794248654318,0.5515483336439939
9.200000000000001,0.052000000000000005,1.3986372946117762,4.237500952873882e-06,4.436856815890782,0.5610094553515742
9.4,0.052000000000000005,1.3974158157053822,4.235294296440893e-06,4.407929483439781,0.5702814806927156
9.600000000000001,0.052000000000000005,1.39619953002399,4.229258010576522e-06,4.379011887979935,0.5793680076262434
9.8,0.052000000000000005,1.394988808889207,4.220027302107724e-06,4.350103703337774,0.588272569413342
10.0,0.052000000000000005,1.3937839667860124,4.208128511995638e-06,4.32120463361299,0.5969986351223918
10.200000000000001,0.052000000000000005,1.3925852710561921,4.1939976631661875e-06,4.292314408099816,0.6055496103515647
10.4,0.052000000000000005,1.3913929499908932,4.177995938626965e-06,4.263432776710777,0.6139288381023114
10.600000000000001,0.052000000000000005,1.3902071995085148,4.160422467784506e-06,4.234559506420132,0.622139599754228
10.8,0.052000000000000005,1.3890281887082812,4.141524973727631e-06,4.205694378176976,0.6301851161040899
11.0,0.052000000000000005,1.3878560644578462,4.121508573462017e-06,4.176837184435651,0.6380685484418139
11.200000000000001,0.052000000000000005,1.386690955198803,4.100543106715844e-06,4.147987727055211,0.6457929996433917
11.4,0.052000000000000005,1.3855329740918834,4.078769209507709e-06,4.119145815593413,0.6533615152665927
11.600000000000001,0.052000000000000005,1.3843822216230717,4.056303329426031e-06,4.09031126587338,0.6607770846394428
11.8,0.052000000000000005,1.383238787758597,4.03324190217184e-06,4.061483898810359,0.6680426419347263
12.0,0.052000000000000005,1.3821027537294388,4.009664767124784e-06,4.03266353943395,0.6751610672260893
12.200000000000001,0.052000000000000005,1.380974193507077,3.985638082806972e-06,4.0038500160836765,0.6821351875230716
12.4,0.052000000000000005,1.3798531750245426,3.96121664167827e-06,3.9750431597418747,0.6889677777836042
12.600000000000001,0.052000000000000005,1.37873976118602,3.936445844646488e-06,3.9462428034833708,0.6956615619034003
12.8,0.052000000000000005,1.3776340107016667,3.911363371564408e-06,3.9174487820201733,0.7022192136822598
13.0,0.052000000000000005,1.3765359787779001,3.88600044906081e-06,3.888660931326486,0.7086433577677109
13.200000000000001,0.052000000000000005,1.375445717688271,3.8603829965220155e-06,3.859879088328638,0.7149365705766658
13.4,0.052000000000000005,1.3743632772454901,3.834532585706716e-06,3.831103090650651,0.7211013811959143
13.600000000000001,0.052000000000000005,1.3732887051920848,3.808467112641806e-06,3.8023327764047776,0.7271402722623478
13.8,0.052000000000000005,1.3722220475236306,3.782201518036241e-06,3.7735679840195986,0.7330556808238226
14.0,0.052000000000000005,1.3711633487564412,3.7557482505699187e-06,3.7448085520998466,0.7388499991815498
14.200000000000001,0.052000000000000005,1.370112652149282,3.7291177103323813e-06,3.7160543193113242,0.7445255757148613
14.4,0.052000000000000005,1.3690699998868607,3.702318619217565e-06,3.6873051242875237,0.7500847156891419
14.600000000000001,0.052000000000000005,1.3680354332316602,3.675358290314845e-06,3.6585608055530434,0.7555296820476629
14.8,0.052000000000000005,1.3670089926489943,3.6482429023166227e-06,3.6298212014603948,0.7608626961879879
15.0,0.052000000000000005,1.3659907179097006,3.6209776800856436e-06,3.601086150138084,0.7660859387235724
15.200000000000001,0.052000000000000005,1.3649806481738676,3.593567065365431e-06,3.572355489446223,0.7712015502311218
15.4,0.052000000000000005,1.3639788220586595,3.5660148636602055e-06,3.543629056939789,0.7762116319842223
15.600000000000001,0.052000000000000005,1.3629852776931548,3.5383243668296664e-06,3.5149066898366628,0.7811182466737343
15.8,0.052000000000000005,1.3620000527624703,3.5104984184379733e-06,3.4861882249910456,0.7859234191153771
16.0,0.052000000000000005,1.3610231845436427,3.4825395168489183e-06,3.4574734988714733,0.7906291369449215
16.2,0.052000000000000005,1.3600547099350742,3.454449865659392e-06,3.4287623475428686,0.7952373513013513
16.400000000000002,0.052000000000000005,1.3590946654809448,3.426231426320291e-06,3.4000546066528843,0.7997499774983302
16.6,0.052000000000000005,1.3581430873918596,3.397885969680053e-06,3.371350111421813,0.8041688956842754
16.8,0.052000000000000005,1.357200011562245,3.3694150974315606e-06,3.3426486966350044,0.8084959514912785
17.0,0.052000000000000005,1.3562654735850528,3.3408202703870194e-06,3.3139501966381686,0.8127329566731017
17.2,0.052000000000000005,1.3553395087639526,3.3121028512017377e-06,3.285254445333251,0.8168816897324056
17.400000000000002,0.052000000000000005,1.3544221521231112,3.283264089631145e-06,3.2565612761762686,0.8209438965373446
17.6,0.052000000000000005,1.3535134384150538,3.2543051817603272e-06,3.2278705221750736,0.8249212909276019
17.8,0.052000000000000005,1.352613402126532,3.225227264232995e-06,3.1991820158878173,0.8288155553099149
18.0,0.052000000000000005,1.3517220774830208,3.1960314131154806e-06,3.170495589422072,0.8326283412430722
18.2,0.052000000000000005,1.350839498451936,3.166718678911894e-06,3.141811074433593,0.8363612700123431
18.400000000000002,0.052000000000000005,1.3499656987448483,3.1372900726293497e-06,3.113128302126354,0.840015933193237
18.6,0.052000000000000005,1.3491007118190135,3.1077465914285564e-06,3.0844471032522582,0.84359389320445
18.8,0.052000000000000005,1.348244570878187,3.078089200310861e-06,3.055767308111679,0.8470966838498055
19.0,0.052000000000000005,1.3473973088729359,3.04831886368805e-06,3.0270887465539134,0.8505258108489442
19.200000000000003,0.052000000000000005,1.3465589585004631,3.018436535995105e-06,2.9984112479783405,0.8538827523564719
19.400000000000002,0.052000000000000005,1.3457295522040298,2.9884431497894938e-06,2.969734641335452,0.8571689594692216
19.6,0.052000000000000005,1.3449091221719762,2.9583396480684156e-06,2.941058755128684,0.8603858567212406
19.8,0.052000000000000005,1.3440977003365076,2.928126967936333e-06,2.9123834174162413,0.8635348425660773
20.0,0.052000000000000005,1.343295318372118,2.897806036189119e-06,2.883708455813577,0.8666172898458966
20.200000000000003,0.052000000000000005,1.3425020076937544,2.867377787934748e-06,2.8550336974964714,0.8696345462469446
20.400000000000002,0.052000000000000005,1.3417177994546825,2.836843161195696e-06,2.8263589692045166,0.8725879347408436
20.6,0.052000000000000005,1.3409427245439065,2.8062030885278016e-06,2.7976840972455497,0.8754787540112214
20.8,0.052000000000000005,1.3401768135832492,2.775458514575073e-06,2.7690089075010174,0.8783082788651748
21.0,0.052000000000000005,1.3394200969238947,2.744610377488899e-06,2.740333225432228,0.8810777606291089
21.200000000000003,0.052000000000000005,1.3386726046423731,2.713659638620372e-06,2.7116568760886564,0.8837884275285405
21.400000000000002,0.052000000000000005,1.337934366535928,2.6826072440556305e-06,2.682979684117694,0.8864414850515228
21.6,0.052000000000000005,1.3372054121170183,2.651454164811521e-06,2.6543014737771897,0.8890381162954583
21.8,0.052000000000000005,1.33648577060693,2.620201363324915e-06,2.625622068950987,0.8915794822971571
22.0,0.052000000000000005,1.3357754709280665,2.58884982074041e-06,2.596941293168047,0.8940667223461654
22.200000000000003,0.052000000000000005,1.3350745416946452,2.5574005324159674e-06,2.568258969626523,0.8965009542815247
22.400000000000002,0.052000000000000005,1.334383011201355,2.525854495159486e-06,2.539574921222964,0.8988832747723211
22.6,0.052000000000000005,1.333700907409261,2.494212719074064e-06,2.510888970588679,0.9012147595825587
22.8,0.052000000000000005,1.3330282579285027,2.462476242727313e-06,2.4822009401340264,0.903496463821122
23.0,0.052000000000000005,1.3323650899968273,2.4306461131300754e-06,2.4535106521025303,0.9057294221777853
23.200000000000003,0.052000000000000005,1.3317114304531477,2.3987234129873056e-06,2.4248179286372977,0.9079146491464664
23.400000000000002,0.052000000000000005,1.3310673057051572,2.3667092499932047e-06,2.39612259186145,0.9100531392371238
23.6,0.052000000000000005,1.3304327416897175,2.3346047725793197e-06,2.367424463976134,0.9121458671779131
23.8,0.052000000000000005,1.3298077638249737,2.3024111726823173e-06,2.338723367379319,0.9141937881094047
24.0,0.052000000000000005,1.3291923969525898,2.270129697766747e-06,2.3100191248086754,0.9161978377728336
24.200000000000003,0.052000000000000005,1.3285866652685974,2.2377616618534523e-06,2.281311559513913,0.9181589326944932
24.400000000000002,0.052000000000000005,1.3279905922411335,2.205308466841949e-06,2.2526004954620857,0.9200779703684888
24.6,0.052000000000000005,1.3274042005130153,2.1727715969570202e-06,2.2238857575821886,0.9219558294401256
24.8,0.052000000000000005,1.3268275117873047,2.1401526643262907e-06,2.195167172054001,0.9237933698922283
25.0,0.052000000000000005,1.3262605466934214,2.1074534158096414e-06,2.166444566646889,0.9255914332366554
25.200000000000003,0.052000000000000005,1.325703324631682,2.0746757705646167e-06,2.137717771115499,0.927350842713192
25.400000000000002,0.052000000000000005,1.3251558635938863,2.0418218398973473e-06,2.1089866176570107,0.9290724034978731
25.6,0.052000000000000005,1.3246181799575458,2.008893968269811e-06,2.0802509414370904,0.9307569029226102
25.8,0.052000000000000005,1.3240902882518213,1.9758947866609427e-06,2.051510581189079,0.9324051107077628
26.0,0.052000000000000005,1.3235722008929909,1.9428272495420286e-06,2.02276537989112,0.9340177792090399
26.200000000000003,0.052000000000000005,1.3230639278880392,1.9096946897941504e-06,1.9940151855253652,0.9355956436797991
26.400000000000002,0.052000000000000005,1.3225654765053274,1.8765008928887506e-06,1.9652598519205209,0.9371394225494915
26.6,0.052000000000000005,1.322076850911873,1.8432501472558155e-06,1.9364992396786787,0.9386498177186426
26.8,0.052000000000000005,1.321598051777889,1.8099473469358666e-06,1.9077332171843209,0.9401275148704048
27.0,0.052000000000000005,1.3211290758500367,1.7765980397000376e-06,1.8789616616905451,0.9415731837983442
27.200000000000003,0.052000000000000005,1.3206699154961636,1.7432085338888033e-06,1.8501844604753852,0.942987478749778
27.400000000000002,0.052000000000000005,1.3202205582255373,1.7097860019874569e-06,1.8214015120565994,0.944371038783637
27.6,0.052000000000000005,1.3197809861901382,1.6763385469368796e-06,1.7926127274507155,0.9457244881415159
27.8,0.052000000000000005,1.31935117567407,1.6428753151667064e-06,1.7638180314570486,0.9470484366302936
28.0,0.052000000000000005,1.3189310965795398,1.6094065780737869e-06,1.7350173639446451,0.9483434800144728
28.200000000000003,0.052000000000000005,1.318520711919707,1.575943839957997e-06,1.7062106811154445,0.9496102004161829
28.400000000000002,0.052000000000000005,1.3181199773297,1.5424999067367233e-06,1.6773979567134458,0.9508491667206548
28.6,0.052000000000000005,1.3177288406086145,1.509088959079775e-06,1.6485791831474899,0.9520609349848783
28.8,0.052000000000000005,1.3173472413061686,1.4757266200500397e-06,1.6197543724914605,0.9532460488471068
29.0,0.052000000000000005,1.3169751103681748,1.442429985260586e-06,1.5909235573257083,0.9544050399348792
29.200000000000003,0.052000000000000005,1.3166123698555148,1.4092176359613467e-06,1.5620867913824528,0.9555384282692934
29.400000000000002,0.052000000000000005,1.3162589327506364,1.3761096536671376e-06,1.5332441499587188,0.9566467226633468
29.6,0.052000000000000005,1.315914702865032,1.3431275629220152e-06,1.504395730064097,0.9577304211123175
29.8,0.052000000000000005,1.3155795748596344,1.3102942662780857e-06,1.475541650272625,0.9587900111743116
30.0,0.052000000000000005,1.3152534343882254,1.2776339451566287e-06,1.4466820502557238,0.9598259703393176
30.200000000000003,0.052000000000000005,1.314936158371205,1.245171911438449e-06,1.4178170899779563,0.9608387663853194
30.400000000000002,0.052000000000000005,1.3146276154044363,1.212934436440017e-06,1.3889469485479713,0.9618288577202588
30.6,0.052000000000000005,1.3143276663038668,1.1809485270247193e-06,1.3600718227229394,0.9627966937088783
30.8,0.052000000000000005,1.3140361647837602,1.1492416872202657e-06,1.331191925079556,0.9637427149837199
31.0,0.052000000000000005,1.3137529582612582,1.1178416202068098e-06,1.3023074818680744,0.9646673537398008
31.200000000000003,0.052000000000000005,1.3134778887779044,1.0867759326974273e-06,1.273418730585802,0.9655710340127064
31.400000000000002,0.052000000000000005,1.3132107940225297,1.0560717927531765e-06,1.2445259173019285,0.9664541719400677
31.6,0.052000000000000005,1.3129515084401129,1.0257555908011945e-06,1.2156292937944573,0.9673171760065833
31.8,0.052000000000000005,1.312699864403496,9.958525776447419e-07,1.1867291145378454,0.9681604472729268
32.0,0.052000000000000005,1.3124556934295433,9.663865234293262e-07,1.1578256336266737,0.9689843795890339
32.2,0.052000000000000005,1.3122188274101698,9.373793591397837e-07,1.1289191016647238,0.9697893597923987
32.4,0.052000000000000005,1.3119890998420882,9.088508672843437e-07,1.1000097627333816,0.9705757678921112
32.6,0.052000000000000005,1.3117663470193317,8.808183814302407e-07,1.0710978514322878,0.9713439772394599
32.800000000000004,0.052000000000000005,1.3115504091828167,8.532965124029567e-07,1.0421835901516872,0.9720943546859728
33.0,0.052000000000000005,1.3113411315810284,8.262969529141106e-07,1.0132671864853346,0.9728272607298197
33.2,0.052000000000000005,1.3111383654597446,7.998282866301044e-07,0.9843488310372768,0.9735430496515087
33.4,0.052000000000000005,1.3109419689126758,7.738958891144207e-07,0.9554286953573684,0.9742420696398219
33.6,0.052000000000000005,1.3107518076588391,7.485018292622519e-07,0.926506930469091,0.9749246629088985
33.800000000000004,0.052000000000000005,1.310567755624759,7.23644927730219e-07,0.8975836653674132,0.9755911658073859
34.0,0.052000000000000005,1.3103896954955794,6.993207000626382e-07,0.8686590064247788,0.9762419089204766
34.2,0.052000000000000005,1.3102175189851444,6.755215978193024e-07,0.8397330363305542,0.9768772171656982
34.4,0.052000000000000005,1.3100511271985775,6.522369571911366e-07,0.8108058145693231,0.9774974098831247
34.6,0.052000000000000005,1.3098904305402241,6.294534775825384e-07,0.7818773764305529,0.9781028009208393
34.800000000000004,0.052000000000000005,1.3097353490017265,6.071550182406906e-07,0.7529477349528898,0.9786936987160911
35.0,0.052000000000000005,1.3095858116016967,5.853234953084884e-07,0.7240168791769194,0.9792704063730161
35.2,0.052000000000000005,1.3094417568483119,5.639382058481521e-07,0.6950847785108429,0.9798332217370085
35.4,0.052000000000000005,1.309303131440102,5.429775485002107e-07,0.6661513784543018,0.9803824374668398
35.6,0.052000000000000005,1.309169891430101,5.224171889140987e-07,0.6372166097046236,0.9809183411039949
35.800000000000004,0.052000000000000005,1.3090419995151121,5.022335887996935e-07,0.6082803774834804,0.9814412151409562
36.0,0.052000000000000005,1.308919428044737,4.823994328822822e-07,0.5793425808665925,0.9819513370867075
36.2,0.052000000000000005,1.3088021532942955,4.6289129144410944e-07,0.5504030870811043,0.9824489795327245
36.4,0.052000000000000005,1.3086901628621153,4.4367875356561577e-07,0.52146177378171,0.9829344102152322
36.6,0.052000000000000005,1.308583443192782,4.247415345034329e-07,0.49251846880258254,0.9834078920804674
36.800000000000004,0.052000000000000005,1.3084819970990846,4.060442587923068e-07,0.4635730446084582,0.9838696833434358
37.0,0.052000000000000005,1.308385815964547,3.8757512546494415e-07,0.43462527914030236,0.9843200375545351
37.2,0.052000000000000005,1.308294920394745,3.6928805357769137e-07,0.4056750692328123,0.9847592036531483
37.4,0.052000000000000005,1.3082092975555208,3.5119046063827504e-07,0.37672211161927416,0.9851874260392239
37.6,0.052000000000000005,1.3081289944540682,3.332112565984975e-07,0.3477663874459842,0.9856049446173399
37.800000000000004,0.052000000000000005,1.3080539760294905,3.1540020819258347e-07,0.3188074340130184,0.9860119948803749
38.0,0.052000000000000005,1.3079843378952223,2.976278146444076e-07,0.28984544601081835,0.986408807934123
38.2,0.052000000000000005,1.3079199846816394,2.8003753303271036e-07,0.2608796174823038,0.986795610608018
38.400000000000006,0.052000000000000005,1.3078611133412412,2.6236528536493973e-07,0.2319106431794337,0.9871726254386584
38.6,0.052000000000000005,1.3078074847337595,2.44963269994476e-07,0.20293695232164527,0.9875400708394773
38.800000000000004,0.052000000000000005,1.3077595183914912,2.2726079036480753e-07,0.17396038173961031,0.9878981609965978
39.0,0.052000000000000005,1.307716645716975,2.1007811961438258e-07,0.14497763933134233,0.988247106165612
39.2,0.052000000000000005,1.3076797834980491,1.9215897679551533e-07,0.1159931469743407,0.9885871123797373
39.400000000000006,0.052000000000000005,1.3076476167556863,1.7521803865555038e-07,0.08699973320199021,0.988918382022569
39.6,0.052000000000000005,1.3076222094804781,1.518182751674801e-07,0.058007650945747224,0.989241113179875
39.800000000000004,0.052000000000000005,1.3076015087814792,6.982092298570416e-08,0.0290008766641575,0.9895553481180807
40.0,0.052000000000000005,1.3076015087814792,0.0,0.0,0.9895553481180807
0.0,0.054,1.0,0.0,6.087405216235038,0.0
0.2,0.054,1.1165648450146375,-0.0022047583489356853,6.087405216235038,0.0010252499278795054
0.4,0.054,1.2106157410252727,-0.0011562697639657877,5.825440469726666,0.0035171151363971704
0.6000000000000001,0.054,1.2408296069747242,-0.000853650761393646,5.855140476613568,0.008015343884948989
0.8,0.054,1.2849325260841424,-0.0006539651131339587,5.7413295335207835,0.014562165213101837
1.0,0.054,1.307545211652839,-0.0005427572205520643,5.727419296968833,0.0231953769493293
1.2000000000000002,0.054,1.3331897022875496,-0.0004361836274280165,5.66199257984242,0.033637847047307275
1.4000000000000001,0.054,1.3496010177461986,-0.00036431392823605953,5.633252399402376,0.045667317688557335
1.6,0.054,1.3655140699670492,-0.0002961843303773745,5.586548267971146,0.058954623626447926
1.8,0.054,1.3768337897560485,-0.00024587831920273184,5.553894732167996,0.07324400667932547
2.0,0.054,1.3868900464926657,-0.00020052399375323617,5.515242211826038,0.08827108101124496
2.2,0.054,1.394393434220853,-0.00016532653972064823,5.482247308779556,0.10383273652883053
2.4000000000000004,0.054,1.4007032632222751,-0.00013472249211260944,5.447456895937547,0.1197463609611751
2.6,0.054,1.4054762671988388,-0.0001102933853927428,5.415106745780525,0.13587226908172265
2.8000000000000003,0.054,1.409314311963452,-8.95063402058458e-05,5.382384527643666,0.1520934434622579
3.0,0.054,1.4121770118151602,-7.264325748386073e-05,5.350813329244765,0.16832074220041915
3.2,0.054,1.4143570359994797,-5.846693655908535e-05,5.3193094978733635,0.18448261280183575
3.4000000000000004,0.054,1.415897732238357,-4.6860620786906196e-05,5.288406572522091,0.20052498798769203
3.6,0.054,1.41695579405964,-3.7169110819770294e-05,5.257673295405656,0.21640586926966934
3.8000000000000003,0.054,1.417587098947334,-2.9194164173027778e-05,5.227285585179719,0.23209403599936423
4.0,0.054,1.4178829008530816,-2.2560887229207855e-05,5.197063202298776,0.24756607781563328
4.2,0.054,1.4178912830806623,-1.7088881628474282e-05,5.167055805704456,0.2628051546039832
4.4,0.054,1.4176689057838798,-1.2549257681453764e-05,5.137182576016368,0.2777993128094052
4.6000000000000005,0.054,1.4172524464090779,-8.80115470570081e-06,5.107450892886183,0.29254056334262224
4.800000000000001,0.054,1.4166786098508197,-5.6978086679684146e-06,5.077821182728886,0.3070239028991419
5.0,0.054,1.415973959812238,-3.1354623137413705e-06,5.048288413619888,0.32124669708392106
5.2,0.054,1.415162829940615,-1.0137840100788528e-06,5.018831316529994,0.33520812680084355
5.4,0.054,1.414263558347601,7.435627571498421e-07,4.989442554738656,0.34890900211869874
5.6000000000000005,0.054,1.4132923132068314,2.1987574166932098e-06,4.960109646796098,0.36235101273392406
5.800000000000001,0.054,1.4122622123907387,3.399555256611162e-06,4.930826356650888,0.37553642259446524
6.0,0.054,1.411184505579323,4.389079678793911e-06,4.901585043874913,0.3884680730319665
6.2,0.054,1.410068338286587,5.202511842911951e-06,4.872380873460677,0.4011492358027239
6.4,0.054,1.408921441862613,5.869831531976062e-06,4.843208888401619,0.413583494133995
6.6000000000000005,0.054,1.40775016383227,6.415628182288148e-06,4.81406552829884,0.4257746520058867
6.800000000000001,0.054,1.4065598285747751,6.860587283873588e-06,4.784947468168554,0.4377266621405455
7.0,0.054,1.4053548320401816,7.221760373004621e-06,4.755852143415368,0.4494435712850554
7.2,0.054,1.404138847077501,7.513401326530865e-06,4.726777272023908,0.4609294777191718
7.4,0.054,1.4029149165173245,7.7472944694476e-06,4.697721019675874,0.47218849921323575
7.6000000000000005,0.054,1.401685578305462,7.933257197903381e-06,4.668681791963185,0.4832247486301519
7.800000000000001,0.054,1.4004529401026857,8.07941871213095e-06,4.639658273883633,0.49404231578239427
8.0,0.054,1.3992187593001124,8.192538252446292e-06,4.6106493324631375,0.5046452539433512
8.200000000000001,0.054,1.3979844983773164,8.278216884103287e-06,4.581654015913914,0.5150375700556585
8.4,0.054,1.3967513777036007,8.341106136387438e-06,4.552671503859954,0.5252232177043353
8.6,0.054,1.3955204151986662,8.385061493156169e-06,4.523701096204845,0.5352060922375144
8.8,0.054,1.394292461841928,8.413282198092504e-06,4.494742185402446,0.5449900274902444
9.0,0.054,1.3930682295657133,8.428419972209612e-06,4.465794244822504,0.5545787937303899
9.200000000000001,0.054,1.3918483153708487,8.432673927362866e-06,4.436856812120244,0.5639760965099745
9.4,0.054,1.3906332207316434,8.427866621725942e-06,4.407929479724111,0.5731855761938224
9.600000000000001,0.054,1.3894233680557972,8.415508861954444e-06,4.3790118843138695,0.5822108079830424
9.8,0.054,1.3882191141102012,8.39685254654432e-06,4.3501036997169535,0.5910553023000699
10.0,0.054,1.3870207612967762,8.372935051410908e-06,4.321204630033837,0.5997225054314161
10.200000000000001,0.054,1.3858285669216193,8.34461571765858e-06,4.292314404559402,0.6082158003518193
10.4,0.054,1.384642750936057,8.31260642143086e-06,4.263432773206684,0.6165385076714716
10.600000000000001,0.054,1.3834635023229647,8.277496693242214e-06,4.23455950295039,0.6246938866634913
10.8,0.054,1.3822909844087996,8.239774778770031e-06,4.20569437473997,0.6326851363395474
11.0,0.054,1.3811253392509968,8.19984494580552e-06,4.176837181030073,0.6405153965503686
11.200000000000001,0.054,1.379966691277662,8.158041943761809e-06,4.147987723679995,0.6481877490942197
11.4,0.054,1.3788151502954065,8.114642952785795e-06,4.119145812247698,0.6557052188214632
11.600000000000001,0.054,1.377670813981733,8.06987749538837e-06,4.0903112625564795,0.6630707747269936
11.8,0.054,1.3765337699458513,8.023935622458347e-06,4.061483895521724,0.6702873310251266
12.0,0.054,1.3754040974352337,7.976974728112297e-06,4.032663536173145,0.6773577482035458
12.200000000000001,0.054,1.3742818687468492,7.929125192435757e-06,4.003850012850372,0.6842848340543813
12.4,0.054,1.3731671503948262,7.88049502728265e-06,3.9750431565358,0.6910713446815419
12.600000000000001,0.054,1.372060004075892,7.831173736257186e-06,3.9462428003043404,0.6977199854841274
12.8,0.054,1.3709604874676624,7.781235569477503e-06,3.917448778868038,0.7042334121162648
13.0,0.054,1.3698686548887204,7.730742090587064e-06,3.8886609282011557,0.7106142314240032
13.200000000000001,0.054,1.368784557844517,7.679744420578735e-06,3.859879085230054,0.7168650023601061
13.4,0.054,1.3677082454787446,7.628285048634838e-06,3.831103087578785,0.7229882368776754
13.600000000000001,0.054,1.3666397649469375,7.576399297845211e-06,3.8023327733596184,0.7289864008035736
13.8,0.054,1.3655791617256015,7.524116604939455e-06,3.7735679810011575,0.7348619146925994
14.0,0.054,1.364526479868254,7.471461521463658e-06,3.7448085491081593,0.7406171546633444
14.200000000000001,0.054,1.3634817622175142,7.418454564900447e-06,3.716054316346431,0.746254453216585
14.4,0.054,1.36244505058064,7.365112932213672e-06,3.6873051213494845,0.7517761000370169
14.600000000000001,0.054,1.3614163858748032,7.311451058392065e-06,3.6585608026419174,0.7571843427790649
14.8,0.054,1.3603958082467165,7.257481127202188e-06,3.6298211985762556,0.7624813878374378
15.0,0.054,1.3593833571708593,7.203213451712599e-06,3.6010861472810114,0.7676694011030434
15.200000000000001,0.054,1.358379071529511,7.148656803022919e-06,3.5723554866162917,0.772750508704822
15.4,0.054,1.3573829896775396,7.0938186988302435e-06,3.5436290541370883,0.7777267977380069
15.600000000000001,0.054,1.3563951494947337,7.038705628211016e-06,3.5149066870612744,0.782600316979288
15.8,0.054,1.3554155884278722,6.9833232243387015e-06,3.4861882222430696,0.7873730775893054
16.0,0.054,1.3544443435249038,6.9276764151378185e-06,3.457473496150994,0.7920470538028755
16.2,0.054,1.3534814514630094,6.871769567112602e-06,3.4287623448499867,0.7966241836073057
16.400000000000002,0.054,1.3525269485718552,6.815606559877213e-06,3.4000546039876895,0.8011063694091284
16.6,0.054,1.3515808708533024,6.7591908943971185e-06,3.3713501087844047,0.8054954786895402
16.8,0.054,1.350643253998022,6.702525739803672e-06,3.342648694025475,0.809793344648794
17.0,0.054,1.3497141333995546,6.645613999920075e-06,3.313950194056612,0.8140017668397517
17.2,0.054,1.348793544165972,6.588458362101975e-06,3.2852544427797565,0.8181225117907607
17.400000000000002,0.054,1.3478815211292232,6.531061322914866e-06,3.2565612736509464,0.8221573136179763
17.6,0.054,1.346978098852636,6.473425248691266e-06,3.2278705196780093,0.8261078746272069
17.8,0.054,1.3460833116364936,6.415552384876283e-06,3.199182013419106,0.8299758659053179
18.0,0.054,1.3451971935222915,6.357444874966168e-06,3.1704955869818043,0.833762927901184
18.2,0.054,1.344319778295758,6.299104804620403e-06,3.1418110720218686,0.8374706709961399
18.400000000000002,0.054,1.343451099488916,6.240534182828953e-06,3.113128299743263,0.8411006760638272
18.6,0.054,1.3425911903814745,6.181734984349311e-06,3.084447100897896,0.8446544950192925
18.8,0.054,1.3417400840015496,6.122709139102345e-06,3.0557673057861363,0.8481336513571421
19.0,0.054,1.34089781312588,6.063458558358102e-06,3.0270887442572767,0.8515396406785072
19.200000000000003,0.054,1.3400644102795929,6.003985132369281e-06,2.998411245710706,0.854873931206528
19.400000000000002,0.054,1.3392399077355646,5.9442907258430715e-06,2.969734639096908,0.8581379642900099
19.6,0.054,1.3384243375134026,5.884377209306946e-06,2.9410587529193144,0.8613331548948698
19.8,0.054,1.3376177313781927,5.82424643899857e-06,2.9123834152361416,0.8644608920829399
20.0,0.054,1.3368201208388995,5.76390027180276e-06,2.883708453662829,0.8675225394776652
20.200000000000003,0.054,1.3360315371465075,5.703340558055473e-06,2.8550336953751625,0.8705194357162147
20.400000000000002,0.054,1.33525201129187,5.6425691627012685e-06,2.826358967112732,0.8734528948874924
20.6,0.054,1.3344815740031177,5.5815879488341665e-06,2.7976840951833792,0.876324206955553
20.8,0.054,1.3337202557427292,5.520398788151406e-06,2.7690089054685405,0.8791346381679295
21.0,0.054,1.3329680867040696,5.459003556902633e-06,2.7403332234295243,0.8818854314484154
21.200000000000003,0.054,1.3322250968073683,5.39740415065635e-06,2.71165687411581,0.884577806773898
21.400000000000002,0.054,1.331491315695082,5.3356024658105505e-06,2.682979682174789,0.8872129615349063
21.6,0.054,1.3307667727263963,5.273600423351659e-06,2.6543014718643025,0.8897920708796397
21.8,0.054,1.3300514969708344,5.211399948969281e-06,2.625622067068203,0.8923162880413535
22.0,0.054,1.3293455172005366,5.149002994670206e-06,2.59694129131544,0.8947867446491172
22.200000000000003,0.054,1.3286488618809555,5.086411528826147e-06,2.568258967804167,0.8972045510221239
22.400000000000002,0.054,1.3279615591594982,5.023627541159698e-06,2.5395749194309425,0.8995707964479098
22.6,0.054,1.3272836368514196,4.960653048883571e-06,2.510888968827062,0.901886549445022
22.8,0.054,1.3266151224224991,4.897490113494208e-06,2.4822009384028907,0.9041528580109077
23.0,0.054,1.3259560429675505,4.834140823728506e-06,2.453510650401942,0.9063707498559801
23.200000000000003,0.054,1.3253064251839495,4.770607330751363e-06,2.42481792696733,0.9085412326250617
23.400000000000002,0.054,1.324666295339204,4.706891843181184e-06,2.3961225902221726,0.910665294107605
23.6,0.054,1.324035679231296,4.6429966488090435e-06,2.3674244623676155,0.9127439024382996
23.8,0.054,1.323414602140738,4.578924124561717e-06,2.3387233658016195,0.9147780062898664
24.0,0.054,1.3228030887727296,4.5146767544679835e-06,2.3100191232618563,0.9167685350600027
24.200000000000003,0.054,1.3222011631879214,4.450257169133678e-06,2.281311557998036,0.9187163990545787
24.400000000000002,0.054,1.3216088487200452,4.3856681503233956e-06,2.252600493977204,0.9206224896692904
24.6,0.054,1.321026167878361,4.3209126740418794e-06,2.223885756128356,0.9224876795720337
24.8,0.054,1.3204531422330728,4.25599395885305e-06,2.195167170631257,0.9243128228882759
25.0,0.054,1.3198897922812718,4.190915494895705e-06,2.166444565255286,0.9260987553916746
25.200000000000003,0.054,1.3193361372912726,4.125681115744944e-06,2.1377177697550653,0.9278462947021082
25.400000000000002,0.054,1.3187921951229764,4.060295044313848e-06,2.1089866163277677,0.9295562404931494
25.6,0.054,1.3182579820218432,3.994761976086221e-06,2.0802509401390643,0.9312293747108364
25.8,0.054,1.3177335123845488,3.929087173031897e-06,2.0515105799222684,0.932866461805363
26.0,0.054,1.3172187984941464,3.863276552023479e-06,2.022765378655522,0.9344682489770473
26.200000000000003,0.054,1.3167138502233275,3.7973367878218724e-06,1.994015184320956,0.9360354664376382
26.400000000000002,0.054,1.3162186747047482,3.731275457693052e-06,1.9652598507472587,0.9375688276876795
26.6,0.054,1.31573327596795,3.6651011580652495e-06,1.9364992385365054,0.9390690298103125
26.8,0.054,1.3152576545435553,3.5988236841611646e-06,1.9077332160731617,0.940536753781536
27.0,0.054,1.3147918070361757,3.5324541553485785e-06,1.8789616606102826,0.9419726647965759
27.200000000000003,0.054,1.3143357256688457,3.4660052131685317e-06,1.850184459425893,0.9433774126116734
27.400000000000002,0.054,1.3138893978030017,3.399491212658168e-06,1.8214015110377075,0.9447516319002586
27.6,0.054,1.3134528054395846,3.332928385800835e-06,1.7926127264622134,0.9460959426221727
27.8,0.054,1.3130259247083675,3.2663350469069248e-06,1.7638180304987012,0.9474109504043224
28.0,0.054,1.3126087253539767,3.1997317661516827e-06,1.7350173630161618,0.9486972469309164
28.200000000000003,0.054,1.3122011702289285,3.1331415693964436e-06,1.7062106802164938,0.9499554103412395
28.400000000000002,0.054,1.3118032148050387,3.066590083030868e-06,1.6773979558436438,0.951186005632782
28.6,0.054,1.3114148067160236,3.0001056857842005e-06,1.648579182306402,0.9523895850674465
28.8,0.054,1.3110358853450208,2.933719623574211e-06,1.6197543716785991,0.9535666885785128
29.0,0.054,1.3106663814712067,2.86746608473102e-06,1.5909235565405255,0.9547178441760488
29.200000000000003,0.054,1.3103062169902417,2.8013822287406345e-06,1.5620867906243452,0.9558435683485139
29.400000000000002,0.054,1.3099553047225705,2.7355081813922743e-06,1.5332441492270232,0.9569443664583989
29.6,0.054,1.309613548323059,2.6698869528266963e-06,1.5043957293580952,0.958020733129882
29.8,0.054,1.3092808423039253,2.6045642892275837e-06,1.4755416495915423,0.9590731526266598
30.0,0.054,1.3089570721810395,2.5395884735090505e-06,1.446682049598737,0.9601020992182991
30.200000000000003,0.054,1.3086421147509437,2.4750100283419684e-06,1.4178170893441877,0.9611080375336887
30.400000000000002,0.054,1.3083358385032742,2.4108813656728607e-06,1.3889469479365055,0.962091422900391
30.6,0.054,1.308038104169262,2.347256350264136e-06,1.3600718221328307,0.9630527016689436
30.8,0.054,1.3077487654040731,2.284189801944338e-06,1.331191924509826,0.9639923115213974
31.0,0.054,1.3074676695956702,2.2217369198108143e-06,1.302307481317726,0.9649106817636219
31.200000000000003,0.054,1.3071946587907273,2.1599526729860322e-06,1.273418730053837,0.9658082336011309
31.400000000000002,0.054,1.3069295707219235,2.0988911323678803e-06,1.244525916787347,0.9666853803983975
31.6,0.054,1.3066722399211275,2.0386047768053714e-06,1.2156292932962736,0.9675425279218259
31.8,0.054,1.3064224988952426,1.979143785272983e-06,1.1867291140551042,0.9683800745667258
32.0,0.054,1.3061801793462144,1.9205553444272494e-06,1.157825633158451,0.9691984115687798
32.2,0.054,1.3059451134054787,1.862882948071076e-06,1.1289191012101485,0.9699979232006359
32.4,0.054,1.3057171348666563,1.806165769275032e-06,1.1000097622916403,0.970778986954356
32.6,0.054,1.3054960803803797,1.7504380668058655e-06,1.071097851002632,0.9715419737105352
32.800000000000004,0.054,1.3052817906055207,1.6957286565456655e-06,1.0421835897334457,0.9722872478949682
33.0,0.054,1.3050741112707174,1.6420605056297295e-06,1.013267186077922,0.9730151676237756
33.2,0.054,1.3048728941642203,1.5894503629261904e-06,0.9843488306401953,0.9737260848379157
33.4,0.054,1.3046779979836745,1.537908572948567e-06,0.9554286949702115,0.974420345428027
33.6,0.054,1.304489289111974,1.4874388831993925e-06,0.9265069300915445,0.9750982893504943
33.800000000000004,0.054,1.304306642196796,1.4380385513666139e-06,0.8975836649992586,0.9757602507356595
34.0,0.054,1.3041299406986775,1.389698262829793e-06,0.8686590060658927,0.9764065579889851
34.2,0.054,1.3039590771566172,1.342402594584895e-06,0.8397330359808973,0.9770375338860302
34.4,0.054,1.3037939535464735,1.2961299345566386e-06,0.8108058142289493,0.977653495661905
34.6,0.054,1.3036344811826344,1.2508534230339271e-06,0.781877376099591,0.978254755096022
34.800000000000004,0.054,1.3034805810015015,1.2065405739440798e-06,0.7529477346315485,0.9788416185925919
35.0,0.054,1.303332182992887,1.1631550440555454e-06,0.7240168788654656,0.9794143872577109
35.2,0.054,1.3031892266589518,1.1206553098789942e-06,0.6950847782096155,0.97997335697315
35.4,0.054,1.3030516597037891,1.0789980865721828e-06,0.6661513781636714,0.9805188184678977
35.6,0.054,1.3029194391974184,1.0381346756538471e-06,0.6372166094250326,0.9810510573869821
35.800000000000004,0.054,1.3027925288482252,9.980180061197685e-07,0.6082803772153653,0.9815703543592125
36.0,0.054,1.3026709020205445,9.585935156273769e-07,0.5793425806104759,0.9820769850622402
36.2,0.054,1.302554535978365,9.198144215606673e-07,0.5504030868374417,0.9825712202880059
36.4,0.054,1.3024434193111785,8.816200702983786e-07,0.5214617735511027,0.9830533260046451
36.6,0.054,1.3023375393994612,8.43970016107726e-07,0.4925184685854331,0.9835235634211561
36.800000000000004,0.054,1.3022369000104117,8.067937843414836e-07,0.46357304440548036,0.9839821890459524
37.0,0.054,1.3021414933767748,7.700678989351202e-07,0.43462527895173597,0.9844294547527368
37.2,0.054,1.3020513410241474,7.337006208964897e-07,0.40567506905959644,0.9848656078341738
37.4,0.054,1.301966430834023,6.977068185532938e-07,0.3767221114612656,0.9852908910723538
37.6,0.054,1.3018868107322923,6.61944980726244e-07,0.34776638730463455,0.9857055427835136
37.800000000000004,0.054,1.3018124461585687,6.265143931000638e-07,0.3188074338873325,0.9861097968997863
38.0,0.054,1.3017434337405684,5.911572166026496e-07,0.28984544590343464,0.986503882995686
38.2,0.054,1.3016796782281739,5.561594263045143e-07,0.2608796173903347,0.9868880263951636
38.400000000000006,0.054,1.3016213779186656,5.209951009305802e-07,0.23191064310824427,0.9872624481595823
38.6,0.054,1.30156829304818,4.863661011799387e-07,0.20293695226413075,0.9876273652499727
38.800000000000004,0.054,1.3015208453640974,4.5113566329250434e-07,0.1739603817073355,0.9879829904328276
39.0,0.054,1.3014784640933712,4.169381671288226e-07,0.1449776393077477,0.9883295325614692
39.2,0.054,1.3014420703356373,3.8127136881767284e-07,0.11599314698486517,0.9886671963057114
39.400000000000006,0.054,1.3014103434713298,3.475612363091109e-07,0.0869997332130315,0.9889961826930801
39.6,0.054,1.3013853532476924,3.0108587598070705e-07,0.05800765111929648,0.9893166885420531
39.800000000000004,0.054,1.3013649927685726,1.384328947837771e-07,0.029000878134529354,0.9896287556633692
40.0,0.054,1.3013649927685726,0.0,0.0,0.9896287556633692
0.0,0.056,1.0,0.0,6.08743321305222,0.0
0.2,0.056,1.1163165934381742,-0.003303771932496869,6.08743321305222,0.0013837752189181885
0.4,0.056,1.2098933450874967,-0.001728185579330307,5.825424194250246,0.004515718908680683
0.6000000000000001,0.056,1.2392976975131345,-0.0012719852940787854,5.855135910482892,0.00991519719777751
0.8,0.056,1.2824733789009628,-0.000971115907927921,5.741326729727757,0.017486951632141624
1.0,0.056,1.3040251554130067,-0.0008036979005697558,5.727418004346917,0.02718232085574551
1.2000000000000002,0.056,1.3286366680101784,-0.0006440245466604769,5.661991378945041,0.0386211849575333
1.4000000000000001,0.056,1.3440408429883837,-0.0005368186686844371,5.63325175561504,0.05153921524050174
1.6,0.056,1.3590497682021045,-0.0004355588385314128,5.586547637731448,0.06557433935231834
1.8,0.056,1.3695560244247538,-0.0003611111931026465,5.553894346976029,0.08047105412870392
2.0,0.056,1.3789119398044412,-0.0002941255233392488,5.515241848080959,0.09596980790622385
2.2,0.056,1.3858111723425761,-0.00024229786610820126,5.482247060400558,0.11188397145146096
2.4000000000000004,0.056,1.3916122326469957,-0.00019727942486344975,5.4474566712745265,0.1280466863593657
2.6,0.056,1.3959562363740097,-0.0001614102145798843,5.415106579458174,0.14433595179752207
2.8000000000000003,0.056,1.3994374353798826,-0.000130903470702571,5.382384381749796,0.16064988921457213
3.0,0.056,1.4020031921668998,-0.00010618100255514695,5.350813215241523,0.17691331370018443
3.2,0.056,1.4039381592815308,-8.54021240380771e-05,5.319309399590507,0.19306612869181575
3.4000000000000004,0.056,1.4052767556569463,-6.839966543837573e-05,5.2884064929912125,0.2090640375643347
3.6,0.056,1.4061691278074546,-5.420363162267752e-05,5.2576732273437745,0.22487289722509685
3.8000000000000003,0.056,1.4066648651562572,-4.252543149051064e-05,5.227285528797954,0.2404679346025262
4.0,0.056,1.4068503483741956,-3.281233834044601e-05,5.197063154066159,0.2558308615866248
4.2,0.056,1.406769299815571,-2.4800978085701152e-05,5.167055765055673,0.27094895245024675
4.4,0.056,1.4064748979974597,-1.8154870946789057e-05,5.137182541085066,0.28581349524170413
4.6000000000000005,0.056,1.406000814106657,-1.2668098817071092e-05,5.107450863012072,0.3004190681903427
4.800000000000001,0.056,1.405381310937635,-8.125264300095121e-06,5.0778211568376,0.31476267645425576
5.0,0.056,1.4046408769306056,-4.3744552987887e-06,5.048288391156347,0.32884326110603584
5.2,0.056,1.4038021231396394,-1.2679211054598076e-06,5.0188312968186555,0.3426612370955466
5.4,0.056,1.402881858502403,1.3056578560326036e-06,4.989442537315508,0.356218422816353
5.6000000000000005,0.056,1.4018951732767018,3.436174147815621e-06,4.960109631235448,0.36951717931974815
5.800000000000001,0.056,1.4008542875491643,5.193542291358058e-06,4.930826342672212,0.3825602828012369
6.0,0.056,1.3997696782000824,6.6413024700265106e-06,4.901585031197882,0.39535097807395575
6.2,0.056,1.3986498333429973,7.831118360601138e-06,4.872380861872354,0.40789284569190126
6.4,0.056,1.3975019332051082,8.806965168421795e-06,4.843208877715921,0.4201896995575763
6.6000000000000005,0.056,1.3963318636019237,9.604875002715927e-06,4.814065518369001,0.43224551202608685
6.800000000000001,0.056,1.3951445642986169,1.0255152487166465e-05,4.784947458869311,0.44406435498642916
7.0,0.056,1.393944110708146,1.0782767962630303e-05,4.7558521346457105,0.455650355968282
7.2,0.056,1.3927339092800397,1.1208593567507122e-05,4.726777263698737,0.4670076642135742
7.4,0.056,1.3915167813549465,1.1549881692744662e-05,4.697721011725727,0.47814042547703417
7.6000000000000005,0.056,1.3902950809954542,1.1821004871135377e-05,4.668681784329995,0.4890527629799707
7.800000000000001,0.056,1.3890707631658594,1.2033862895996513e-05,4.639658266519691,0.4997487634812466
8.0,0.056,1.3878454585587656,1.219835013173342e-05,4.6106493253287475,0.5102324670647329
8.200000000000001,0.056,1.3866205245132326,1.2322665124567126e-05,4.581654008976364,0.5205078599028616
8.4,0.056,1.3853970941849603,1.2413616561299787e-05,4.552671497092082,0.5305788692055198
8.6,0.056,1.38417611314363,1.247684775679507e-05,4.523701089584236,0.5404493598694498
8.8,0.056,1.3829583723607353,1.2517041492229546e-05,4.4947421789105615,0.5501231323768181
9.0,0.056,1.3817445339918808,1.2538079075903363e-05,4.465794238444017,0.5596039216426292
9.200000000000001,0.056,1.380535153748919,1.2543179362370556e-05,4.436856805842511,0.5688953965535587
9.4,0.056,1.3793306988516676,1.2535009986850186e-05,4.407929473536691,0.5780011600190708
9.600000000000001,0.056,1.3781315632854465,1.2515782346387512e-05,4.37901187820815,0.58692474938918
9.8,0.056,1.376938080227091,1.2487328816204134e-05,4.350103693685855,0.5956696371352327
10.0,0.056,1.3757505324928876,1.2451167816138293e-05,4.321204624071525,0.6042392317124019
10.200000000000001,0.056,1.3745691611202844,1.2408557174161142e-05,4.292314398661084,0.6126368785454529
10.4,0.056,1.3733941725394876,1.2360538866026692e-05,4.263432767368436,0.6208658610931158
10.600000000000001,0.056,1.3722257444873898,1.2307975800597742e-05,4.234559497168995,0.6289294019589292
10.8,0.056,1.371064030928287,1.2251582630472608e-05,4.205694369012807,0.6368306640246627
11.0,0.056,1.3699091661169092,1.2191951106868684e-05,4.176837175355004,0.6445727515893955
11.200000000000001,0.056,1.3687612679694816,1.2129571220865622e-05,4.14798771805529,0.6521587115021918
11.4,0.056,1.3676204408490131,1.2064848702525804e-05,4.119145806671965,0.6595915342802185
11.600000000000001,0.056,1.3664867778734295,1.1998119521564134e-05,4.090311257028595,0.6668741552069135
11.8,0.056,1.3653603628238162,1.1929661885445163e-05,4.061483890040797,0.6740094554069446
12.0,0.056,1.3642412717246912,1.1859706199408223e-05,4.0326635307384695,0.6810002628961752
12.200000000000001,0.056,1.3631295741507132,1.1788443324400113e-05,4.003850007461396,0.6878493536059286
12.4,0.056,1.3620253343078572,1.1716031386820385e-05,3.975043151192115,0.6945594523815716
12.600000000000001,0.056,1.3609286119273032,1.1642601433180688e-05,3.94624279500563,0.7011332339559214
12.8,0.056,1.359839463004545,1.1568262157595833e-05,3.9174487736140806,0.7075733238982951
13.0,0.056,1.358757940410528,1.149310371922667e-05,3.8886609229917948,0.7138822995402002
13.200000000000001,0.056,1.3576840943970914,1.141720096996682e-05,3.8598790800651965,0.7200626908787489
13.4,0.056,1.3566179730148924,1.1340616127888287e-05,3.831103082458382,0.7261169814589055
13.600000000000001,0.056,1.355559622459363,1.126340093990786e-05,3.8023327682836667,0.7320476092356586
13.8,0.056,1.3545090873569998,1.1185598518389471e-05,3.773567975969691,0.7378569674171416
14.0,0.056,1.3534664110025278,1.1107244834815174e-05,3.74480854412123,0.7435474052896828
14.200000000000001,0.056,1.352431635555398,1.1028369956702483e-05,3.716054311404114,0.7491212290256669
14.4,0.056,1.3514048022024527,1.094899908468362e-05,3.6873051164518666,0.7545807024750224
14.600000000000001,0.056,1.3503859512925531,1.086915338058734e-05,3.658560797789112,0.7599280479410745
14.8,0.056,1.3493751224474373,1.0788850719788491e-05,3.62982119376838,0.7651654469414246
15.0,0.056,1.3483723546526898,1.070810622588249e-05,3.6010861425181973,0.7702950409544653
15.200000000000001,0.056,1.3473776863318025,1.0626932772476872e-05,3.5723554818986742,0.7753189321520773
15.4,0.056,1.3463911554060377,1.0545341403190669e-05,3.5436290494648106,0.7802391841190018
15.600000000000001,0.056,1.3454127993427074,1.046334164687907e-05,3.514906682434488,0.7850578225593525
15.8,0.056,1.3444426551939026,1.0380941779535588e-05,3.4861882176619168,0.7897768359906816
16.0,0.056,1.3434807596279343,1.0298149059112603e-05,3.4574734916156356,0.794398176425984
16.2,0.056,1.3425271489551358,1.0214969916536361e-05,3.4287623403605734,0.7989237600439871
16.400000000000002,0.056,1.341581859149252,1.0131410059956053e-05,3.4000545995443874,0.8033554678480452
16.6,0.056,1.3406449258656288,1.0047474653415043e-05,3.3713501043873633,0.8076951463139054
16.8,0.056,1.3397163844565527,9.963168374651067e-06,3.3426486896748577,0.8119446080265939
17.0,0.056,1.3387962699842777,9.878495510282719e-06,3.3139501897525814,0.8161056323066094
17.2,0.056,1.3378846172318237,9.793460028505074e-06,3.2852544385224745,0.8201799658255885
17.400000000000002,0.056,1.3369814607116182,9.708065626291127e-06,3.2565612694405606,0.8241693232115493
17.6,0.056,1.3360868346724193,9.622315802495947e-06,3.2278705155146827,0.8280753876437879
17.8,0.056,1.335200773104418,9.536213878960911e-06,3.1991820093029997,0.8318998114374578
18.0,0.056,1.3343233097431042,9.449763038179545e-06,3.17049558291308,0.8356442166178167
18.2,0.056,1.3334544780719804,9.362966364516467e-06,3.141811068000671,0.8393101954840808
18.400000000000002,0.056,1.3325943113243541,9.275826839628307e-06,3.1131282957697533,0.8428993111627888
18.6,0.056,1.3317428424845357,9.188347394034894e-06,3.084447096972225,0.846413098150521
18.8,0.056,1.3309001042883755,9.100530893182464e-06,3.055767301908459,0.8498530628457799
19.0,0.056,1.330066129223352,9.012380169777585e-06,3.0270887404277467,0.8532206840697817
19.200000000000003,0.056,1.3292409495282234,8.923898031632981e-06,2.99841124192947,0.8565174135758681
19.400000000000002,0.056,1.328424597192302,8.835087251257674e-06,2.969734635364119,0.8597446765471909
19.6,0.056,1.3276171039543623,8.74595060511004e-06,2.9410587492351215,0.8629038720822871
19.8,0.056,1.3268185013013367,8.656490852479034e-06,2.912383411600689,0.8659963736681145
20.0,0.056,1.3260288204666688,8.566710745517945e-06,2.8837084500762633,0.8690235296400878
20.200000000000003,0.056,1.3252480924284236,8.47661304347895e-06,2.855033691837629,0.8719866636286346
20.400000000000002,0.056,1.3244763479071076,8.38620051466054e-06,2.826358963624374,0.8748870749917688
20.6,0.056,1.3237136173630606,8.295475927014376e-06,2.797684091744334,0.8777260392331853
20.8,0.056,1.322959930993511,8.204442058649099e-06,2.76900890207895,0.8805048084053965
21.0,0.056,1.3222153187291028,8.113101708022867e-06,2.740333220089533,0.883224611497455
21.200000000000003,0.056,1.3214798102298684,8.021457682571379e-06,2.711656870825553,0.8858866548068738
21.400000000000002,0.056,1.3207534348805872,7.929512812850713e-06,2.6829796789343985,0.8884921222954113
21.6,0.056,1.3200362217852784,7.837269945994377e-06,2.654301468673917,0.8910421759285024
21.8,0.056,1.319328199760805,7.74473195214848e-06,2.6256220639279464,0.893537955998216
22.0,0.056,1.3186293973291492,7.651901727385535e-06,2.5969412882254472,0.8959805814297712
22.200000000000003,0.056,1.31793984270809,7.558782204251213e-06,2.5682589647645697,0.8983711500717961
22.400000000000002,0.056,1.3172595637998292,7.465376340553864e-06,2.539574916441861,0.9007107389706951
22.6,0.056,1.3165885881768606,7.371687140506244e-06,2.510888965888626,0.9030004046296779
22.8,0.056,1.31592694306462,7.277717669006027e-06,2.482200935515218,0.9052411832532189
23.0,0.056,1.315274655319946,7.183471037574314e-06,2.453510647565158,0.9074340909779165
23.200000000000003,0.056,1.314631751404562,7.088950451049323e-06,2.424817924181551,0.9095801240909458
23.400000000000002,0.056,1.3139982573525801,6.994159198891541e-06,2.3961225874875107,0.9116802592375083
23.6,0.056,1.3133741987307577,6.899100690655987e-06,2.36742445968418,0.9137354536188818
23.8,0.056,1.31275960059046,6.8037784709443105e-06,2.338723363169522,0.9157466451828605
24.0,0.056,1.312154487409694,6.7081962497428986e-06,2.310019120681203,0.9177147528085422
24.200000000000003,0.056,1.3115588830237226,6.612357954054591e-06,2.281311555468918,0.9196406764875427
24.400000000000002,0.056,1.3109728105425265,6.516267742671081e-06,2.2526004914997197,0.9215252975038271
24.6,0.056,1.3103962922530366,6.419930063375943e-06,2.223885753702589,0.9233694786143991
24.8,0.056,1.3098293495043118,6.323349735938285e-06,2.195167168257287,0.9251740642330974
25.0,0.056,1.3092720025731983,6.22653198877477e-06,2.166444562933172,0.9269398806197235
25.200000000000003,0.056,1.3087242705083353,6.12948256505575e-06,2.1377177674848675,0.9286677360766327
25.400000000000002,0.056,1.3081861709501577,6.032207801872601e-06,2.1089866141095346,0.9303584211547864
25.6,0.056,1.3076577199244441,5.934714749081857e-06,2.080250937972815,0.9320127088710923
25.8,0.056,1.3071389316075266,5.837011305185026e-06,2.0515105778080174,0.9336313549386105
26.0,0.056,1.3066298180609446,5.7391063626355125e-06,2.022765376593252,0.9352150980109651
26.200000000000003,0.056,1.3061303889341833,5.641009951624619e-06,1.9940151823106318,0.936764659941977
26.400000000000002,0.056,1.3056406511344347,5.542733464948703e-06,1.9652598487888175,0.9382807460612165
26.6,0.056,1.30516060846296,5.444289833049029e-06,1.9364992366298472,0.9397640454658284
26.8,0.056,1.3046902612187163,5.345693779817525e-06,1.9077332142181418,0.9412152313286234
27.0,0.056,1.3042296057707345,5.246962030645538e-06,1.8789616588067326,0.9426349612220759
27.200000000000003,0.056,1.3037786341020736,5.148113598517633e-06,1.850184457673576,0.9440238774575149
27.400000000000002,0.056,1.303337333329408,5.049170062357036e-06,1.821401509336342,0.9453826074384774
27.6,0.056,1.302905685203867,4.950155825829121e-06,1.792612724811465,0.9467117640268744
27.8,0.056,1.3024836656002583,4.851098411902722e-06,1.7638180288981529,0.9480119459203628
28.0,0.056,1.3020712440032078,4.752028735345193e-06,1.73501736146534,0.9492837380390754
28.200000000000003,0.056,1.3016683830005762,4.652981376983354e-06,1.706210678714842,0.950527711919682
28.400000000000002,0.056,1.3012750377955675,4.553994817801439e-06,1.677397954390524,0.9517444261146125
28.6,0.056,1.3008911557504037,4.455111648958537e-06,1.6485791809010866,0.9529344265941876
28.8,0.056,1.3005166759753466,4.356378754497709e-06,1.6197543703202697,0.9540982471493603
29.0,0.056,1.3001515289773,4.257847401609195e-06,1.5909235552282688,0.9552364097927873
29.200000000000003,0.056,1.2997956363827585,4.159573295739969e-06,1.562086789357155,0.9563494251560045
29.400000000000002,0.056,1.2994489107491798,4.06161655321431e-06,1.5332441480037964,0.9574377928805763
29.6,0.056,1.2991112554782898,3.964041577048255e-06,1.5043957281776323,0.9585020020012427
29.8,0.056,1.2987825648432778,3.8669168359985065e-06,1.4755416484525556,0.9595425313192385
30.0,0.056,1.2984627241399718,3.7703145427627898e-06,1.4466820484998475,0.9605598497641733
30.200000000000003,0.056,1.298151609969307,3.6743102214698897e-06,1.4178170882839471,0.961554416743072
30.400000000000002,0.056,1.297849090655742,3.5789821662200463e-06,1.3889469469133906,0.962526682475407
30.6,0.056,1.2975550268022213,3.4844107807374898e-06,1.36007182114526,0.9634770883131937
30.8,0.056,1.2972692719793681,3.3906778314969357e-06,1.3311919235561769,0.9644060670454586
31.0,0.056,1.296991673541467,3.297865588008906e-06,1.3023074803963497,0.9653140431866257
31.200000000000003,0.056,1.2967220735596585,3.206055893269189e-06,1.2734187291630679,0.9662014332485912
31.400000000000002,0.056,1.2964603098564953,3.1153291746464045e-06,1.2445259159255275,0.9670686459964676
31.6,0.056,1.2962062171262385,3.025763398649658e-06,1.2156292924617742,0.9679160826881679
31.8,0.056,1.2959596281174621,2.9374330199737445e-06,1.1867291132463331,0.9687441372981844
32.0,0.056,1.2957203748593147,2.8504079359367773e-06,1.1578256323738854,0.9695531967260521
32.2,0.056,1.2954882899015077,2.764752458447916e-06,1.128919100448341,0.9703436409901282
32.4,0.056,1.2952632075517143,2.680524371968372e-06,1.100009761551242,0.9711158434074132
32.6,0.056,1.295044965074029,2.5977740548072885e-06,1.0710978502824118,0.9718701707602256
32.800000000000004,0.056,1.2948334038427365,2.516543701366595e-06,1.0421835890322972,0.9726069834505945
33.0,0.056,1.294628370404996,2.436866725732172e-06,1.013267185394875,0.97332663564328
33.2,0.056,1.29442971747065,2.358767218559429e-06,0.9843488299744253,0.9740294753983302
33.4,0.056,1.294237304760311,2.2822596834867904e-06,0.95542869432105,0.9747158447941141
33.6,0.056,1.2940509997784544,2.207348765433452e-06,0.9265069294584796,0.9753860800417128
33.800000000000004,0.056,1.2938706783882625,2.1340294192553376e-06,0.897583664381932,0.9760405115915731
34.0,0.056,1.2936962253544224,2.0622868068193828e-06,0.8686590054641021,0.9766794642332296
34.2,0.056,1.2935275346010593,1.9920969971897057e-06,0.83973303539459,0.9773032571889351
34.4,0.056,1.2933645095630049,1.923426865861674e-06,0.8108058136582138,0.9779122042018644
34.6,0.056,1.2932070630768522,1.8562355018272889e-06,0.7818773755446459,0.9785066136196893
34.800000000000004,0.056,1.2930551176567047,1.790473669715971e-06,0.7529477340927424,0.9790867884739805
35.0,0.056,1.2929086049116638,1.7260864419701726e-06,0.724016878343246,0.9796530265562485
35.2,0.056,1.292767465998706,1.663011245216986e-06,0.6950847777045455,0.9802056204907695
35.4,0.056,1.2926316502934985,1.601182962554283e-06,0.6661513776763718,0.9807448578051752
35.6,0.056,1.2925011165543103,1.5405284940655702e-06,0.6372166089562361,0.9812710209984237
35.800000000000004,0.056,1.2923758301662784,1.4809772540323e-06,0.6082803767657978,0.9817843876076437
36.0,0.056,1.2922557661737,1.4224475858431316e-06,0.5793425801810075,0.9822852302724628
36.2,0.056,1.2921409034746512,1.3648695186232649e-06,0.5504030864288232,0.9827738167995532
36.4,0.056,1.2920312322954124,1.3081525043197796e-06,0.5214617731643331,0.9832504102239593
36.6,0.056,1.2919267415586648,1.252236191920301e-06,0.49251846822118095,0.9837152688727749
36.800000000000004,0.056,1.2918274366042097,1.1970155725622754e-06,0.46357304406492783,0.9841686464233657
37.0,0.056,1.2917333110591465,1.1424557513013173e-06,0.43462527863528205,0.9846107919679907
37.2,0.056,1.2916443879627886,1.0884201845923248e-06,0.4056750687687935,0.9850419500676206
37.4,0.056,1.2915606563651727,1.0349312597053923e-06,0.3767221111958815,0.9854623608205323
37.6,0.056,1.2914821657041227,9.817783921605445e-07,0.34776638706706586,0.9858722599081499
37.800000000000004,0.056,1.2914088822253587,9.291098818067405e-07,0.3188074336759398,0.98627187867356
38.0,0.056,1.291340904231568,8.765418940444194e-07,0.28984544572257165,0.9866614441511702
38.2,0.056,1.2912781366371024,8.245010147944814e-07,0.2608796172352426,0.9870411791675753
38.400000000000006,0.056,1.2912207799750763,7.722039880353984e-07,0.23191064298776984,0.9874113023370669
38.6,0.056,1.2911685933935069,7.206972050290912e-07,0.2029369521665635,0.9877720282113692
38.800000000000004,0.056,1.2911220023491925,6.682871726667692e-07,0.17396038165174044,0.9881235672022398
39.0,0.056,1.2910804323622924,6.17409913189249e-07,0.14497763926682872,0.98846612583681
39.2,0.056,1.2910448117884588,5.643380071185659e-07,0.11599314700054829,0.9887999065235871
39.400000000000006,0.056,1.291013810465858,5.142015752414008e-07,0.08699973322969506,0.9891251080402494
39.6,0.056,1.2909895080168083,4.4530171506173343e-07,0.05800765140215592,0.989441925102468
39.800000000000004,0.056,1.2909697069992425,2.0465540830439294e-07,0.02900088054209181,0.9897503987656889
40.0,0.056,1.2909697069992425,0.0,0.0,0.9897503987656889
0.0,0.058,1.0,0.0,6.087472405896893,0.0
0.2,0.058,1.1159175326471924,-0.004398317128359729,6.087472405896893,0.0019459702741431583
0.4,0.058,1.2087690537255584,-0.002292116474628345,5.825401444686485,0.006042886404644594
0.6000000000000001,0.058,1.236970965536516,-0.00167966130293989,5.855129551610782,0.01276416172311245
0.8,0.058,1.2788014331278739,-0.0012761530874497039,5.741322837893481,0.02180511536228813
1.0,0.058,1.2988387528785792,-0.0010519633586311178,5.727416222275979,0.03299530205679868
1.2000000000000002,0.058,1.3219985184196332,-0.0008395678187355036,5.661989724985582,0.04581435554960741
1.4000000000000001,0.058,1.3360015061106603,-0.000697850147468865,5.633250875578115,0.05994730472797296
1.6,0.058,1.3497646698690662,-0.0005646481563639392,5.586546775508162,0.0749931350463119
1.8,0.058,1.3591568160986127,-0.00046730206119790564,5.553893823248597,0.09070231306981666
2.0,0.058,1.36755899338053,-0.0003799462135068981,5.515241352854139,0.10682557820223153
2.2,0.058,1.3736383053106747,-0.0003126407834006707,5.482246723652639,0.12320126768960367
2.4000000000000004,0.058,1.3787511361118072,-0.00025425551385820945,5.447456366318428,0.13968534586837267
2.6,0.058,1.3825159485740672,-0.00020785425514748215,5.415106354237963,0.15618060207430046
2.8000000000000003,0.058,1.3855162736448428,-0.00016841476216463002,5.382384184007162,0.17260601760254107
3.0,0.058,1.3876823495442783,-0.00013649892216152776,5.350813060899302,0.18890541973500255
3.2,0.058,1.3892878639893111,-0.00010968164748708974,5.319309266425965,0.20503418558962938
3.4000000000000004,0.058,1.3903549899623853,-8.775512319363233e-05,5.288406385265548,0.2209611465867596
3.6,0.058,1.3910250070381631,-6.944997024764565e-05,5.2576731350813795,0.2366626667697105
3.8000000000000003,0.058,1.3913389645925582,-5.4397591391530176e-05,5.22728545234739,0.25212257366797347
4.0,0.058,1.3913766705506645,-4.187875852274465e-05,5.197063088608357,0.26732939452154003
4.2,0.058,1.391175954128463,-3.155553741070062e-05,5.167055709851822,0.2822758694389086
4.4,0.058,1.3907853063751234,-2.2991855811345595e-05,5.137182493596397,0.2969575861614201
4.6000000000000005,0.058,1.3902343458376045,-1.5922966267622584e-05,5.107450822356792,0.31137252477399996
4.800000000000001,0.058,1.3895540490940779,-1.007034463615749e-05,5.077821121558955,0.32552034902760324
5.0,0.058,1.388766108279513,-5.2382067270062575e-06,5.048288360508897,0.3394020844319916
5.2,0.058,1.387890809512852,-1.2347001418576795e-06,5.0188312698689845,0.35301978080718655
5.4,0.058,1.3869429325215947,2.0826040074628383e-06,4.989442513427725,0.3663765709307947
5.6000000000000005,0.058,1.3859361470137321,4.8277217779219124e-06,4.9601096098565,0.3794756856799062
5.800000000000001,0.058,1.3848814306909218,7.090959326932386e-06,4.930826323438021,0.39232059712488865
6.0,0.058,1.3837882098381369,8.95477428514543e-06,4.901585013728523,0.4049150864163889
6.2,0.058,1.3826640846065796,1.048597559651092e-05,4.872380845879343,0.41726314040438556
6.4,0.058,1.3815154929629248,1.1741366040412312e-05,4.8432088629469625,0.42936887446464217
6.6000000000000005,0.058,1.380347699646397,1.2767429139330554e-05,4.814065504625343,0.4412364796058754
6.800000000000001,0.058,1.3791651274749366,1.3603249891466533e-05,4.784947445981217,0.45287018122282785
7.0,0.058,1.377971421204151,1.4281015265643803e-05,4.75585212247638,0.4642742096602258
7.2,0.058,1.3767696294804395,1.4827627770635657e-05,4.72677725213292,0.4754527776549857
7.4,0.058,1.3755622762048167,1.5265318079311615e-05,4.697721000669371,0.48641006420204513
7.6000000000000005,0.058,1.374351468538253,1.5612605690673803e-05,4.668681773704469,0.497150202583273
7.800000000000001,0.058,1.3731389564299645,1.5884821674671163e-05,4.639658256260404,0.507677272005143
8.0,0.058,1.3719262004729724,1.6094713383013915e-05,4.610649315381937,0.5179952917092306
8.200000000000001,0.058,1.3707144168509837,1.6252842603353108e-05,4.581653999297731,0.5281082171060739
8.4,0.058,1.369504621633012,1.63679806638209e-05,4.552671487644882,0.538019937328135
8.6,0.058,1.368297663254935,1.6447397312474672e-05,4.523701080338142,0.5477342738931852
8.8,0.058,1.3670942521224527,1.6497124964219495e-05,4.494742169840449,0.5572549801495905
9.0,0.058,1.3658949835586733,1.652216348252028e-05,4.465794229529169,0.5665857413100901
9.200000000000001,0.058,1.3647003578360535,1.6526659370616484e-05,4.436856797065788,0.5757301748946917
9.4,0.058,1.3635107961770396,1.651404904386935e-05,4.407929464883976,0.5846918314683762
9.600000000000001,0.058,1.3623266543977541,1.648718120507312e-05,4.379011869667802,0.593474195576491
9.8,0.058,1.3611482339919303,1.6448416309329064e-05,4.350103685248283,0.6020806868133726
10.0,0.058,1.3599757914676296,1.639971038075443e-05,4.321204615728839,0.6105146609726072
10.200000000000001,0.058,1.3588095460062273,1.634268375763366e-05,4.292314390406818,0.6187794112440493
10.4,0.058,1.357649685869681,1.627867872446409e-05,4.263432759197272,0.6268781694309324
10.600000000000001,0.058,1.3564963736803974,1.620880690207857e-05,4.234559489076596,0.6348141071690483
10.8,0.058,1.355349750816731,1.6133988921735926e-05,4.205694360995625,0.642590337134882
11.0,0.058,1.354209941040643,1.6054987112732803e-05,4.176837167410159,0.6502099142341601
11.200000000000001,0.058,1.353077053508208,1.5972432708338414e-05,4.147987710180447,0.6576758367651352
11.4,0.058,1.351951185256204,1.5886848413089965e-05,4.119145798865241,0.6649910475533604
11.600000000000001,0.058,1.3508324232629392,1.5798667064668453e-05,4.090311249288482,0.672158435056278
11.8,0.058,1.3497208461517256,1.570824709201571e-05,4.061483882366102,0.6791808344371921
12.0,0.058,1.3486165256016427,1.5615885351814538e-05,4.032663523128247,0.68606102860897
12.200000000000001,0.058,1.3475195275139669,1.5521827755426973e-05,4.0038499999149195,0.6928017492483513
12.4,0.058,1.3464299129772574,1.5426278065323477e-05,3.9750431437088194,0.6994056777820845
12.600000000000001,0.058,1.3453477390652142,1.532940515237489e-05,3.9462427875851076,0.7058754463462555
12.8,0.058,1.3442730594963588,1.5231349084904152e-05,3.91744876625603,0.7122136387202782
13.0,0.058,1.3432059251794861,1.5132226062615195e-05,3.888660915696023,0.7184227912370011
13.200000000000001,0.058,1.3421463846647987,1.5032132581040208e-05,3.8598790728315846,0.7245053936703393
13.4,0.058,1.3410944845169424,1.4931148837613753e-05,3.831103075286882,0.7304638901017709
13.600000000000001,0.058,1.340050269623859,1.4829341562182829e-05,3.8023327611742754,0.7363006797669432
13.8,0.058,1.339013783452423,1.4726766355906214e-05,3.773567968922453,0.742018117883509
14.0,0.058,1.3379850682602694,1.4623469606133025e-05,3.7448085371362274,0.7476185164612423
14.200000000000001,0.058,1.3369641652713702,1.451949011722589e-05,3.716054304481457,0.7531041450953402
14.4,0.058,1.33595111482141,1.4414860413370212e-05,3.687305109591697,0.7584772317437484
14.600000000000001,0.058,1.3349459564781436,1.430960781973799e-05,3.6585607909915825,0.7637399634892431
14.8,0.058,1.3339487291404648,1.420375542110641e-05,3.6298211870336594,0.7688944872869325
15.0,0.058,1.3329594711196504,1.4097322767188645e-05,3.601086135846471,0.7739429106977633
15.200000000000001,0.058,1.3319782202054018,1.3990326503640834e-05,3.5723554752901325,0.7788873026085735
15.4,0.058,1.3310050137190994,1.388278092470366e-05,3.5436290429196577,0.7837296939391586
15.600000000000001,0.058,1.330039888556638,1.377469836602333e-05,3.5149066759529255,0.7884720783368018
15.8,0.058,1.3290828812226811,1.3666089555041142e-05,3.4861882112441704,0.7931164128586612
16.0,0.058,1.3281340278584233,1.3556963915478813e-05,3.4574734852619162,0.7976646186423823
16.2,0.058,1.3271933642643585,1.344732979263764e-05,3.428762334071102,0.8021185815652613
16.400000000000002,0.058,1.3262609259191773,1.3337194619187913e-05,3.400054593319385,0.8064801528922665
16.6,0.058,1.3253367479959013,1.3226565102594933e-05,3.371350098227055,0.8107511499131645
16.8,0.058,1.3244208653755298,1.3115447341297e-05,3.342648683579468,0.8149333565689899
17.0,0.058,1.3235133126586665,1.300384693080882e-05,3.31395018372233,0.8190285240680306
17.2,0.058,1.322614124175166,1.2891769047623702e-05,3.28525443255758,0.8230383714914821
17.400000000000002,0.058,1.3217233339918326,1.2779218526354133e-05,3.256561263541261,0.8269645863888669
17.6,0.058,1.320840975918561,1.2666199937495293e-05,3.2278705096811913,0.8308088253632879
17.8,0.058,1.3199670835128072,1.2552717638657346e-05,3.199182003535539,0.8345727146465309
18.0,0.058,1.319101690082932,1.2438775795091222e-05,3.1704955772118666,0.8382578506640005
18.2,0.058,1.3182448286904946,1.2324378450035572e-05,3.1418110623659294,0.8418658005894192
18.400000000000002,0.058,1.3173965321517007,1.2209529517479954e-05,3.1131282902017,0.8453981028891897
18.6,0.058,1.3165568330383186,1.2094232843456064e-05,3.0844470914710778,0.848856267856258
18.8,0.058,1.3157257636779938,1.1978492193632694e-05,3.055767296474432,0.8522417781332813
19.0,0.058,1.3149033561541497,1.186231128760353e-05,3.0270887350610507,0.8555560892248513
19.200000000000003,0.058,1.3140896423054949,1.1745693815689492e-05,2.9984112366303215,0.8588006299984768
19.400000000000002,0.058,1.313284653725179,1.1628643427043146e-05,2.9697346301327254,0.8619768031739794
19.6,0.058,1.3124884217596056,1.1511163766820841e-05,2.9410587440716878,0.8650859858009207
19.8,0.058,1.3117009775070545,1.1393258466267844e-05,2.9123834065054264,0.8681295297236359
20.0,0.058,1.3109223518159805,1.1274931149743166e-05,2.883708445049376,0.871108762033414
20.200000000000003,0.058,1.3101525752830734,1.1156185447966362e-05,2.8550336868793176,0.8740249855073526
20.400000000000002,0.058,1.3093916782510457,1.1037024996231447e-05,2.8263589587348372,0.8768794790333878
20.6,0.058,1.3086396908060025,1.0917453443913793e-05,2.797684086923775,0.8796734980210169
20.8,0.058,1.3078966427744727,1.0797474449159976e-05,2.769008897327565,0.8824082747972364
21.0,0.058,1.3071625637199273,1.0677091692264109e-05,2.7403332154075097,0.8850850189872619
21.200000000000003,0.058,1.3064374829387428,1.0556308874956799e-05,2.711656866213089,0.8877049178796375
21.400000000000002,0.058,1.3057214294555501,1.0435129715619952e-05,2.6829796743916843,0.8902691367754323
21.6,0.058,1.3050144320177224,1.0313557972393278e-05,2.6543014642011378,0.8927788193213062
21.8,0.058,1.3043165190889756,1.0191597417089493e-05,2.625622059525294,0.8952350878263431
22.0,0.058,1.3036277188416248,1.0069251873831494e-05,2.5969412838931016,0.8976390435626992
22.200000000000003,0.058,1.302948059147251,9.94652519673027e-06,2.5682589605027077,0.8999917670502627
22.400000000000002,0.058,1.3022775675653022,9.823421290872528e-06,2.539574912250668,0.9022943183256984
22.6,0.058,1.3016162713289312,9.699944116525639e-06,2.510888961768273,0.9045477371964465
22.8,0.058,1.3009641973275992,9.576097707928568e-06,2.4822009314658797,0.9067530434804474
23.0,0.058,1.3003213720854858,9.45188617980143e-06,2.4535106435869984,0.9089112372325687
23.200000000000003,0.058,1.2996878217348964,9.327313755158689e-06,2.4248179202747364,0.9110232989589306
23.400000000000002,0.058,1.2990635719836767,9.202384782050727e-06,2.396122583652204,0.9130901898205256
23.6,0.058,1.2984486480753614,9.077103765749494e-06,2.367424455920539,0.9151128518277337
23.8,0.058,1.2978430747409968,8.951475395334802e-06,2.3387233594776946,0.9170922080275111
24.0,0.058,1.2972468761410114,8.825504582540585e-06,2.3100191170613327,0.9190291626851871
24.200000000000003,0.058,1.2966600757956315,8.69919652626479e-06,2.2813115519211458,0.9209246014629339
24.400000000000002,0.058,1.296082696502099,8.572556746914408e-06,2.2526004880241715,0.9227793915970688
24.6,0.058,1.2955147602366266,8.44559115574111e-06,2.223885750299389,0.924594382076399
24.8,0.058,1.2949562880392371,8.318306149206691e-06,2.1951671649265356,0.9263704038238219
25.0,0.058,1.294407299879043,8.190708689888911e-06,2.1664445596749764,0.9281082698833663
25.200000000000003,0.058,1.2938678144978062,8.062806426953023e-06,2.137717764299301,0.9298087756147638
25.400000000000002,0.058,1.293337849229437,7.934607810997126e-06,2.108986610996652,0.9314726988975037
25.6,0.058,1.2928174197929885,7.806122244253548e-06,2.0802509349326646,0.9331008003461492
25.8,0.058,1.2923065400572438,7.677360285411237e-06,2.0515105748406044,0.9346938235384533
26.0,0.058,1.2918052217746991,7.548333800790112e-06,2.0227653736985607,0.9362524952575613
26.200000000000003,0.058,1.2913134742835966,7.41905621724307e-06,1.9940151794886105,0.9377775257492778
26.400000000000002,0.058,1.2908313041769381,7.289542761019719e-06,1.9652598460393687,0.9392696089950564
26.6,0.058,1.2903587149381026,7.159810735628776e-06,1.9364992339528315,0.9407294230010265
26.8,0.058,1.289895706543738,7.029879835771592e-06,1.9077332116133727,0.9421576301030244
27.0,0.058,1.2894422750354484,6.899772441090622e-06,1.8789616562739475,0.9435548772872404
27.200000000000003,0.058,1.2889984120631486,6.7695139919937685e-06,1.8501844552124642,0.9449217965257559
27.400000000000002,0.058,1.2885641044041831,6.639133346635968e-06,1.8214015069465055,0.9462590051259244
27.6,0.058,1.2881393334638724,6.508663138620364e-06,1.7926127224924178,0.9475671060922478
27.8,0.058,1.2877240747647014,6.378140162539982e-06,1.7638180266493328,0.9488466884991381
28.0,0.058,1.2873182974327142,6.247605727830293e-06,1.7350173592860687,0.9500983278727387
28.200000000000003,0.058,1.286921963691587,6.117106022596272e-06,1.7062106766043412,0.9513225865797874
28.400000000000002,0.058,1.286535028375829,5.9866924196442655e-06,1.6773979523478963,0.9525200142213787
28.6,0.058,1.2861574384760908,5.856421752419798e-06,1.6485791789253172,0.9536911480294038
28.8,0.058,1.2857891327304216,5.726356532894121e-06,1.6197543684102156,0.9548365132634035
29.0,0.058,1.2854300412757795,5.596565091197635e-06,1.590923553382652,0.9559566236055911
29.200000000000003,0.058,1.2850800853746238,5.467121615417378e-06,1.562086787574566,0.9570519815518617
29.400000000000002,0.058,1.2847391772307262,5.338106113901849e-06,1.5332441462826911,0.9581230787967027
29.6,0.058,1.2844072199077208,5.209604235900729e-06,1.504395726516337,0.9591703966100664
29.8,0.058,1.2840841073623985,5.081706969179582e-06,1.4755416468492668,0.9601944062044302
30.0,0.058,1.2837697246027922,4.954510194822809e-06,1.4466820469526493,0.9611955690904674
30.200000000000003,0.058,1.2834639479783585,4.82811410327225e-06,1.4178170867908062,0.9621743374199726
30.400000000000002,0.058,1.2831666456068271,4.7026224648477545e-06,1.388946945472182,0.9631311543149075
30.6,0.058,1.28287767793823,4.578141735160704e-06,1.3600718197537849,0.9640664541816697
30.8,0.058,1.2825968984536626,4.454780057429315e-06,1.3311919222121715,0.9649806630099268
31.0,0.058,1.2823241544911819,4.332646109839356e-06,1.3023074790975084,0.9658741986555809
31.200000000000003,0.058,1.2820592881890744,4.211847869763768e-06,1.273418727907078,0.9667474711076565
31.400000000000002,0.058,1.2818021375304318,4.09249128787182e-06,1.2445259147100793,0.9676008827391047
31.6,0.058,1.2815525374731864,3.9746789082995926e-06,1.2156292912845952,0.9684348285417089
31.8,0.058,1.2813103211419166,3.858508466814073e-06,1.186729112105216,0.9692496963454467
32.0,0.058,1.2810753210625583,3.744071514507601e-06,1.157825631266705,0.970045867022805
32.2,0.058,1.280847370409779,3.631452059381499e-06,1.1289190993730918,0.9708237146786729
32.4,0.058,1.2806263042505583,3.520725322610843e-06,1.100009760506053,0.9715836068265369
32.6,0.058,1.2804119607472795,3.4119565969395956e-06,1.071097849265568,0.9723259045517788
32.800000000000004,0.058,1.2802041823145818,3.305200229928507e-06,1.0421835880422632,0.9730509626629298
33.0,0.058,1.2800028166831567,3.2004988440904353e-06,1.0132671844303094,0.9737591298317827
33.2,0.058,1.279807717888987,3.0978826477044945e-06,0.9843488290341905,0.9744507487232494
33.4,0.058,1.2796187471185416,2.997369112201705e-06,0.9554286934042223,0.9751261561158961
33.6,0.058,1.279435773477491,2.8989626284679366e-06,0.9265069285643505,0.97578568301402
33.800000000000004,0.058,1.2792586745584904,2.8026547592539042e-06,0.8975836635100107,0.976429654752152
34.0,0.058,1.2790873369761449,2.7084241339989068e-06,0.8686590046141162,0.9770583910927875
34.2,0.058,1.2789216566137813,2.616237392582932e-06,0.8397330345664656,0.977672206318156
34.4,0.058,1.2787615389644025,2.5260490829108217e-06,0.8108058128520853,0.9782714093166974
34.6,0.058,1.2786068990065473,2.4378035449633606e-06,0.7818773747608233,0.9788563036650092
34.800000000000004,0.058,1.2784576614690621,2.3514342181944744e-06,0.7529477333317162,0.9794271877057368
35.0,0.058,1.2783137602288612,2.26686713953181e-06,0.7240168776056415,0.979984354622165
35.2,0.058,1.2781751387554228,2.184018384806638e-06,0.6950847769911516,0.9805280925097127
35.4,0.058,1.2780417487550872,2.102800815054223e-06,0.6661513769880522,0.9810586844452002
35.6,0.058,1.2779135513353392,2.023116907194125e-06,0.6372166082940137,0.981576408553648
35.800000000000004,0.058,1.2777905142092096,1.944872625013794e-06,0.6082803761306846,0.9820815380738713
36.0,0.058,1.2776726147492765,1.8679594793935339e-06,0.5793425795742114,0.9825743414217972
36.2,0.058,1.277559834112562,1.7922845873834114e-06,0.5504030858513949,0.9830550822537618
36.4,0.058,1.2774521647852797,1.7177280549917523e-06,0.5214617726176568,0.9835240195270368
36.6,0.058,1.2773495978122726,1.644210036983939e-06,0.4925184677061892,0.9839814075621298
36.800000000000004,0.058,1.277252140697625,1.5715918607031128e-06,0.4635730435832584,0.9844274961005557
37.0,0.058,1.2771597889764226,1.4998276061678392e-06,0.43462527818749447,0.9848625303677137
37.2,0.058,1.2770725677670431,1.4287372336834277e-06,0.4056750683570351,0.9852867511269155
37.4,0.058,1.2769904677043251,1.35835074456862e-06,0.37672211081984014,0.9857003947453753
37.6,0.058,1.2769135403044627,1.2883905358317943e-06,0.3477663867300505,0.9861036932416222
37.800000000000004,0.058,1.2768417528814222,1.219053130311892e-06,0.3188074333757006,0.9864968743595
38.0,0.058,1.276775206054217,1.1498322696526347e-06,0.28984544546511043,0.986880161602266
38.2,0.058,1.2767138048907059,1.0812922058701427e-06,0.2608796170140121,0.9872537743248134
38.400000000000006,0.058,1.276657753050617,1.0123992299151461e-06,0.23191064281495863,0.9876179277397144
38.6,0.058,1.2766068080464041,9.445363707461106e-07,0.2029369520260483,0.9879728330494624
38.800000000000004,0.058,1.2765614005819204,8.754676871417328e-07,0.1739603815697835,0.9883186973925668
39.0,0.058,1.2765209507949882,8.084117067921368e-07,0.14497763920583973,0.9886557240625193
39.2,0.058,1.2764863973826783,7.384475431527851e-07,0.11599314701824769,0.9889841123245862
39.400000000000006,0.058,1.2764563964770177,6.723968367419209e-07,0.08699973324896546,0.9893040578285986
39.6,0.058,1.2764330423164163,5.820454533012635e-07,0.058007651783808255,0.989615752363496
39.800000000000004,0.058,1.2764140109372717,2.6735027165487595e-07,0.029000883822829362,0.9899192359203326
40.0,0.058,1.2764140109372717,0.0,0.0,0.9899192359203326
0.0,0.06,1.0,0.0,6.087522788889858,0.0
0.2,0.06,1.1153096217694585,-0.005486148180039544,6.087522788889858,0.002778734051199501
0.4,0.06,1.2071197881035027,-0.0028445080600389516,5.825372262707368,0.008237159028732158
0.6000000000000001,0.06,1.2336565960953318,-0.002072344302103864,5.855121436388769,0.01675928390573308
0.8,0.06,1.2736798044915276,-0.0015645321205809911,5.741317893066166,0.02774351924791263
1.0,0.06,1.291724118957682,-0.0012831042843148225,5.727413978498564,0.04086391778852743
1.2000000000000002,0.06,1.3130120165235843,-0.0010187434653812987,5.661987645086385,0.0554280770098788
1.4000000000000001,0.06,1.325231727080211,-0.0008437833334100375,5.633249779781686,0.07107074857749367
1.6,0.06,1.3374295273194081,-0.0006803274142740775,5.586545700577374,0.08735295360798415
1.8,0.06,1.3454325755113778,-0.0005617837256503088,5.5538931755633785,0.10404210938875376
2.0,0.06,1.3526545377990506,-0.0004557455137932887,5.515240739261945,0.12090775764639411
2.2,0.06,1.3577237321979954,-0.00037448000014367544,5.482246308671072,0.13782324210281097
2.4000000000000004,0.06,1.361992339045068,-0.0003040940937290832,5.447455989894398,0.15467491843550918
2.6,0.06,1.3650484787680746,-0.00024833558102823846,5.415106077096273,0.17139736308835235
2.8000000000000003,0.06,1.3674619038202327,-0.00020097659924588342,5.382383940364098,0.18793571790795785
3.0,0.06,1.3691409291879375,-0.00016272141830816475,5.350812871003814,0.20425732450528217
3.2,0.06,1.3703456201981303,-0.00013058745731297052,5.3193091024094885,0.22033648195238786
3.4000000000000004,0.06,1.3710828465084335,-0.00010433951805217395,5.288406252625975,0.23615797120480264
3.6,0.06,1.3714830012933965,-8.24294321217291e-05,5.257673021361282,0.2517108430753929
3.8000000000000003,0.06,1.3715765980149166,-6.442204677875016e-05,5.227285358077604,0.26698927448573956
4.0,0.06,1.3714354153032473,-4.944639792816689e-05,5.197063007798298,0.28198996488064365
4.2,0.06,1.3710900603735305,-3.710078781143577e-05,5.167055641635379,0.2967121954090319
4.4,0.06,1.3705833101834,-2.6859841332095705e-05,5.1371824348318125,0.311156688065053
4.6000000000000005,0.06,1.3699398329702404,-1.840792409048114e-05,5.107450771978351,0.32532547966606745
4.800000000000001,0.06,1.3691866014827256,-1.1410413873856335e-05,5.077821077770061,0.33922139970103843
5.0,0.06,1.368341893863308,-5.6330563400993145e-06,5.048288322403374,0.3528479543280466
5.2,0.06,1.3674231500343421,-8.443350341646115e-07,5.018831236267744,0.3662091434932749
5.4,0.06,1.3664427325748847,3.124173555209258e-06,4.989442483545747,0.37930962781725136
5.6000000000000005,0.06,1.3654126009408734,6.406396945797269e-06,4.960109583049968,0.39215365952595127
5.800000000000001,0.06,1.3643421834767377,9.110982241112066e-06,4.930826299272081,0.40474555416176256
6.0,0.06,1.363239614068614,1.1337254254354802e-05,4.901584991735294,0.4170897316502491
6.2,0.06,1.362111406380448,1.3165409225240034e-05,4.872380825704082,0.429190657878605
6.4,0.06,1.360963092796975,1.466356983932511e-05,4.84320884427913,0.44105280077080405
6.6000000000000005,0.06,1.3597991813098262,1.588740159236937e-05,4.814065487220588,0.45268060479616273
6.800000000000001,0.06,1.3586234654773666,1.6883699410377413e-05,4.7849474296307895,0.4640784711996013
7.0,0.06,1.3574390660700886,1.7690972701785995e-05,4.755852107012164,0.4752507459649221
7.2,0.06,1.3562485965708964,1.8341406432750125e-05,4.726777237413213,0.48620171085354097
7.4,0.06,1.3550542191975359,1.8861587050037526e-05,4.6977209865786005,0.49693557808330946
7.6000000000000005,0.06,1.3538577409363337,1.9273662386093485e-05,4.6686817601459865,0.5074564867749544
7.800000000000001,0.06,1.352660662502684,1.9595963850029535e-05,4.639658243154842,0.5177685012064878
8.0,0.06,1.3514642377167547,1.9843733541493494e-05,4.610649302663253,0.527875610055144
8.200000000000001,0.06,1.350269511175231,2.0029599090224495e-05,4.581653986911509,0.5377817265295196
8.4,0.06,1.3490773566188354,2.0164047535699466e-05,4.552671475545951,0.5474906890088632
8.6,0.06,1.3478885044058297,2.025577020200395e-05,4.523701068489238,0.5570062620921455
8.8,0.06,1.3467035670011354,2.0311979172718655e-05,4.494742158210742,0.5663321378739744
9.0,0.06,1.345523058476912,2.0338651940597956e-05,4.465794218093188,0.5754719373815678
9.200000000000001,0.06,1.3443474117006171,2.03407457929544e-05,4.436856785802515,0.5844292120859353
9.4,0.06,1.3431769919639318,2.032236905230367e-05,4.4079294537760685,0.5932074454501216
9.600000000000001,0.06,1.3420121086653436,2.028692744957942e-05,4.379011858700962,0.6018100544748927
9.8,0.06,1.340853024762926,2.0237242982496844e-05,4.35010367441075,0.6102403912239592
10.0,0.06,1.3396999647607628,2.017565416283063e-05,4.321204605010937,0.6185017443123377
10.200000000000001,0.06,1.3385531212465556,2.010409819935293e-05,4.2923143798006045,0.6265973403509469
10.4,0.06,1.3374126603701113,2.0024179849254193e-05,4.263432748696239,0.6345303453420951
10.600000000000001,0.06,1.3362787263526807,1.9937228151592314e-05,4.234559478675425,0.6423038660245561
10.8,0.06,1.335151445244226,1.9844343791931093e-05,4.2056943506899795,0.6499209511679013
11.0,0.06,1.3340309280220197,1.9746438205698467e-05,4.176837157196509,0.6573845928174594
11.200000000000001,0.06,1.3329172731630177,1.9644266129854174e-05,4.147987700055946,0.6646977274917896
11.4,0.06,1.3318105687674755,1.9538452528433015e-05,4.119145788827595,0.6718632373352202
11.600000000000001,0.06,1.3307108943192683,1.9429514944049034e-05,4.090311239335849,0.6788839512281806
11.8,0.06,1.32961832214052,1.9317881968826566e-05,4.061483872497028,0.6857626458582328
12.0,0.06,1.3285329185964103,1.9203908587967164e-05,4.032663513341587,0.6925020467546608
12.200000000000001,0.06,1.327454745091122,1.9087888878753167e-05,4.0038499902097895,0.6991048292893781
12.4,0.06,1.3263838588918755,1.897006652379984e-05,3.9750431340845584,0.7055736196467715
12.600000000000001,0.06,1.3253203138100937,1.8850643515928174e-05,3.946242778041218,0.7119109957648722
12.8,0.06,1.3242641607645615,1.872978739319069e-05,3.9174487567921688,0.7181194882500835
13.0,0.06,1.3232154482470635,1.860763718034069e-05,3.888660906311961,0.7242015812674487
13.200000000000001,0.06,1.322174222707529,1.8484308322995567e-05,3.85987906352719,0.7301597134082605
13.4,0.06,1.3211405288725229,1.835989681293223e-05,3.831103066062106,0.7359962785366113
13.600000000000001,0.06,1.3201144100090072,1.8234482512410478e-05,3.8023327520291375,0.7417136266163095
13.8,0.06,1.3190959081427376,1.810813199374172e-05,3.773567959857028,0.7473140645193966
14.0,0.06,1.318085064239303,1.798090081726471e-05,3.744808528150633,0.7527998568173873
14.200000000000001,0.06,1.3170819183542786,1.785283547012047e-05,3.7160542955758453,0.7581732265561717
14.4,0.06,1.3160865097575978,1.7723974935138093e-05,3.6873051007662405,0.7634363560154375
14.600000000000001,0.06,1.3150988770365661,1.7594351983099918e-05,3.6585607822464934,0.7685913874533389
14.8,0.06,1.3141190581806093,1.7463994309199238e-05,3.629821178369161,0.7736404238370713
15.0,0.06,1.3131470906506968,1.7332925383627686e-05,3.601086127262802,0.778585529559918
15.200000000000001,0.06,1.3121830114356423,1.7201165215714085e-05,3.572355466787549,0.7834287311452871
15.4,0.06,1.3112268570973247,1.7068730988754434e-05,3.5436290344984194,0.7881720179381897
15.600000000000001,0.06,1.310278663806918,1.6935637555562837e-05,3.514906667613309,0.7928173427845832
15.8,0.06,1.3093384673737007,1.6801897853150457e-05,3.4861882029864457,0.7973666226989489
16.0,0.06,1.3084063032683557,1.6667523249373935e-05,3.457473477086369,0.8018217395204521
16.2,0.06,1.3074822066420502,1.6532523825178123e-05,3.428762325978013,0.8061845405579857
16.400000000000002,0.06,1.30656621234231,1.639690858055539e-05,3.400054585309043,0.8104568392243866
16.6,0.06,1.3056583549266576,1.6260685641886335e-05,3.371350090299745,0.8146404156600526
16.8,0.06,1.3047586686741954,1.612386240413796e-05,3.342648675735483,0.8187370173461762
17.0,0.06,1.303867187595543,1.5986445671804094e-05,3.313950175961961,0.822748359707762
17.2,0.06,1.3029839454410788,1.5848441736040973e-05,3.2852544248811166,0.8266761267065562
17.400000000000002,0.06,1.3021089757074895,1.570985649618523e-05,3.2565612559489816,0.8305219714239817
17.6,0.06,1.3012423116429725,1.5570695521600368e-05,3.227870502173392,0.8342875166341274
17.8,0.06,1.300383986250929,1.543096412641169e-05,3.199181996112503,0.8379743553668054
18.0,0.06,1.2995340322926803,1.529066740680336e-05,3.170495569873885,0.8415840514606479
18.2,0.06,1.298692482289251,1.5149810307874625e-05,3.141811055113275,0.8451181401061638
18.400000000000002,0.06,1.2978593685223976,1.5008397624433916e-05,3.1131282830346585,0.8485781283786554
18.6,0.06,1.2970347230351873,1.4866434062600394e-05,3.084447084389925,0.851965495760819
18.8,0.06,1.296218577632039,1.4723924241543397e-05,3.0557672894794474,0.8552816946548387
19.0,0.06,1.2954109638784028,1.4580872721463392e-05,3.027088728152512,0.8585281508837145
19.200000000000003,0.06,1.2946119131000884,1.4437284033706374e-05,2.998411229808497,0.8617062641815277
19.400000000000002,0.06,1.2938214563822803,1.4293162653550195e-05,2.969734623397888,0.8648174086723049
19.6,0.06,1.293039624568236,1.4148513057310943e-05,2.941058737424109,0.867862933337091
19.8,0.06,1.292266448257823,1.4003339708497363e-05,2.912383399945368,0.8708441624688146
20.0,0.06,1.291501957805745,1.3857647055762933e-05,2.883708438577104,0.8737623961144929
20.200000000000003,0.06,1.2907461833195506,1.3711439563870108e-05,2.855033680495093,0.8766189105043056
20.400000000000002,0.06,1.2899991546573801,1.3564721695249215e-05,2.8263589524389214,0.8794149584670524
20.6,0.06,1.289260901425305,1.341749793889531e-05,2.7976840807164196,0.8821517698315199
20.8,0.06,1.2885314529743377,1.3269772793076177e-05,2.769008891209025,0.8848305518132925
21.0,0.06,1.2878108383969356,1.3121550776498802e-05,2.7403332093780435,0.8874524893865888
21.200000000000003,0.06,1.2870990865229548,1.2972836447053784e-05,2.71165686027294,0.8900187456407469
21.400000000000002,0.06,1.2863962259149913,1.282363437665547e-05,2.6829796685410985,0.8925304621210707
21.6,0.06,1.2857022848628605,1.2673949187537861e-05,2.6543014584403584,0.8949887591538382
21.8,0.06,1.2850172913771905,1.2523785518421592e-05,2.6256220538545576,0.8973947361553866
22.0,0.06,1.2843412731816637,1.2373148073940936e-05,2.596941278312645,0.8997494719253376
22.200000000000003,0.06,1.283674257703667,1.2222041602134104e-05,2.5682589550127704,0.9020540249241763
22.400000000000002,0.06,1.2830162720628593,1.2070470904492917e-05,2.5395749068514717,0.9043094335355718
22.6,0.06,1.2823673430569715,1.1918440862926338e-05,2.510888956460047,0.9065167163140199
22.8,0.06,1.2817274971443597,1.1765956449575778e-05,2.4822009262488454,0.9086768722185882
23.0,0.06,1.2810967604223422,1.1613022733131384e-05,2.453510638461376,0.9107908808337467
23.200000000000003,0.06,1.2804751586005194,1.1459644927897428e-05,2.424817915240739,0.9128597025784781
23.400000000000002,0.06,1.279862716968079,1.1305828402297073e-05,2.396122578710037,0.914884278905063
23.6,0.06,1.279259460353803,1.1151578719688852e-05,2.367424451070401,0.916865532489127
23.8,0.06,1.2786654130777257,1.0996901682812999e-05,2.338723354719785,0.9188043674127155
24.0,0.06,1.278080598892793,1.0841803380616318e-05,2.3100191123958416,0.9207016693423048
24.200000000000003,0.06,1.277505040915033,1.0686290248233746e-05,2.281311547348246,0.9225583057037896
24.400000000000002,0.06,1.2769387615404741,1.053036914905095e-05,2.252600483544034,0.9243751258565691
24.6,0.06,1.2763817823467478,1.0374047427024855e-05,2.223885745912164,0.9261529612689006
24.8,0.06,1.2758341239775195,1.0217333048625781e-05,2.1951671606323675,0.9278926256966906
25.0,0.06,1.2752958060072856,1.0060234693117803e-05,2.1664445554739795,0.9295949153678557
25.200000000000003,0.06,1.2747668467843942,9.902761905014498e-06,2.1377177601915793,0.9312606091742879
25.400000000000002,0.06,1.2742472632499207,9.744925248872938e-06,2.108986606982286,0.9328904688733237
25.6,0.06,1.2737370707299795,9.58673649097344e-06,2.080250931011696,0.9344852393004333
25.8,0.06,1.273236282699555,9.42820884607246e-06,2.051510571013051,0.9360456485946143
26.0,0.06,1.2727449105156734,9.269357195414882e-06,2.022765369964396,0.9375724084377163
26.200000000000003,0.06,1.272262963118578,9.110198372493563e-06,1.9940151758477653,0.9390662143086227
26.400000000000002,0.06,1.2717904466998595,8.950751483278367e-06,1.9652598424917245,0.9405277457528979
26.6,0.06,1.2713273643371839,8.791038242965113e-06,1.936499230498205,0.9419576666681719
26.8,0.06,1.2708737155963343,8.631083372844641e-06,1.9077332082515053,0.943356625605189
27.0,0.06,1.2704294961021172,8.470914966737733e-06,1.8789616530045237,0.9447252560841075
27.200000000000003,0.06,1.2699946970810623,8.310564951314915e-06,1.850184452035059,0.9460641769252985
27.400000000000002,0.06,1.2695693048800647,8.150069539586737e-06,1.8214015038606057,0.9473739925935888
27.6,0.06,1.2691533004667206,7.989469664224188e-06,1.7926127194974115,0.9486552935545953
27.8,0.06,1.2687466589186154,7.828811455740458e-06,1.7638180237444714,0.9499086566415486
28.0,0.06,1.2683493489102435,7.668146686979629e-06,1.7350173564704898,0.9511346454307931
28.200000000000003,0.06,1.2679613322081071,7.507533205175999e-06,1.7062106738770395,0.9523338106239725
28.400000000000002,0.06,1.2675825631855369,7.347035310602902e-06,1.6773979497077187,0.9535066904347888
28.6,0.06,1.2672129883703165,7.186724089277148e-06,1.6485791763709494,0.9546538109781517
28.8,0.06,1.2668525460390394,7.026677673951523e-06,1.619754365940186,0.9557756866594985
29.0,0.06,1.266501165872587,6.866981395190653e-06,1.5909235509953166,0.9568728205620923
29.200000000000003,0.06,1.2661587686876434,6.707727829804295e-06,1.5620867852681146,0.9579457048301622
29.400000000000002,0.06,1.2658252662584193,6.549016717493236e-06,1.5332441440551412,0.9589948210458622
29.6,0.06,1.2655005612421724,6.390954736383302e-06,1.5043957243655393,0.9600206405981587
29.8,0.06,1.2651845472205143,6.2336550950324934e-06,1.4755416447729108,0.9610236250419264
30.0,0.06,1.264877108866549,6.077236964505075e-06,1.4466820449482702,0.9620042264457332
30.200000000000003,0.06,1.264578122245086,5.921824732138268e-06,1.4178170848558105,0.9629628877270016
30.400000000000002,0.06,1.2642874552504026,5.767547066132153e-06,1.3889469436038486,0.9639000429734591
30.6,0.06,1.2640049681819516,5.614535800632441e-06,1.3600718179492943,0.9648161177500254
30.8,0.06,1.2637305144553714,5.462924664583607e-06,1.3311919204686313,0.9657115293905075
31.0,0.06,1.2634639414410098,5.31284784142761e-06,1.302307477411983,0.9665866872737033
31.200000000000003,0.06,1.2632050914199457,5.16443842775333e-06,1.2734187262766061,0.9674419930837261
31.400000000000002,0.06,1.2629538026411533,5.01782676524311e-06,1.2445259131317192,0.9682778410545655
31.6,0.06,1.2627099104636883,4.8731387382823285e-06,1.2156292897554535,0.9690946181990765
31.8,0.06,1.2624732485598626,4.730494030813928e-06,1.1867291106224767,0.969892704522766
32.0,0.06,1.2622436501602592,4.590004416949884e-06,1.1578256298276715,0.9706724732228648
32.2,0.06,1.2620209493099739,4.451772103824416e-06,1.1289190979752095,0.9714342908733163
32.4,0.06,1.2618049821194304,4.315888184597024e-06,1.1000097591469455,0.9721785175963935
32.6,0.06,1.2615955879726528,4.1824312666321785e-06,1.0710978479430664,0.9729055072217329
32.800000000000004,0.06,1.261392610687257,4.051466218565386e-06,1.0421835867544222,0.9736156074336313
33.0,0.06,1.2611958995788057,3.923043249154996e-06,1.0132671831754303,0.9743091599074819
33.2,0.06,1.2610053104484409,3.797197080905642e-06,0.9843488278108377,0.9749865004362309
33.4,0.06,1.2608207064234647,3.673946587863075e-06,0.9554286922112307,0.9756479590477539
33.6,0.06,1.2606419587195878,3.5532944179877564e-06,0.9265069274008361,0.9762938601140116
33.800000000000004,0.06,1.2604689471987858,3.435227334405967e-06,0.8975836623753618,0.9769245224528381
34.0,0.06,1.2603015608934705,3.3197161376229696e-06,0.8686590035079967,0.9775402594231539
34.2,0.06,1.2601396982381876,3.206716869710467e-06,0.8397330334888022,0.9781413790143845
34.4,0.06,1.2599832673967977,3.096170727986404e-06,0.8108058118030576,0.9787281839307529
34.6,0.06,1.259832186118233,2.9880064306758512e-06,0.7818773737408364,0.9793009716711688
34.800000000000004,0.06,1.2596863819869581,2.882139395785897e-06,0.7529477323414047,0.9798600346052068
35.0,0.06,1.2595457917949378,2.7784760918435452e-06,0.7240168766458132,0.9804056600458639
35.2,0.06,1.2594103619755972,2.6769109067349943e-06,0.695084776062816,0.9809381303193683
35.4,0.06,1.259280047213613,2.5773344970243153e-06,0.6661513760923188,0.9814577228327738
35.6,0.06,1.2591548116105724,2.479624953612218e-06,0.637216607432188,0.9819647101392729
35.800000000000004,0.06,1.2590346258373706,2.383664936571376e-06,0.6082803753040597,0.9824593600022077
36.0,0.06,1.258919470218171,2.2893195337620665e-06,0.5793425787843279,0.9829419354571078
36.2,0.06,1.2588093287637578,2.196473372254607e-06,0.5504030850995886,0.9834126948734012
36.4,0.06,1.2587041968110064,2.104977998255566e-06,0.5214617719056903,0.9838718920139262
36.6,0.06,1.2586040680690533,2.0147346558456434e-06,0.49251846703525176,0.9843197760954872
36.800000000000004,0.06,1.2585089527603615,1.925572216674888e-06,0.46357304295542656,0.9847565918460485
37.0,0.06,1.2584188487968881,1.8374342827672812e-06,0.4346252776034881,0.9851825795654002
37.2,0.06,1.2583337839018647,1.7500991044152421e-06,0.4056750678195685,0.9855979751794515
37.4,0.06,1.2582537506593594,1.6636044137754183e-06,0.3767221103285348,0.9860030103029123
37.6,0.06,1.258178803193833,1.5776083909629067e-06,0.3477663862890797,0.9863979122886957
37.800000000000004,0.06,1.2581089100879237,1.492354658376786e-06,0.3188074329822454,0.9867829042961909
38.0,0.06,1.2580441748936233,1.4072194120571529e-06,0.28984544512672905,0.987158205330984
38.2,0.06,1.257984502740909,1.3229004654659803e-06,0.26087961672248,0.9875240303261204
38.400000000000006,0.06,1.2579301013115216,1.2381230841432989e-06,0.23191064258561095,0.9878805901614922
38.6,0.06,1.257880725813401,1.1545960048974806e-06,0.20293695183861793,0.9882280917739048
38.800000000000004,0.06,1.2578368138062426,1.0695604527365453e-06,0.1739603814572993,0.9885667381329395
39.0,0.06,1.2577977781546776,9.869910310021322e-07,0.14497763912104086,0.9888967284138157
39.2,0.06,1.2577645712026873,9.0081677631462e-07,0.11599314703367869,0.9892182578785322
39.400000000000006,0.06,1.2577358308132356,8.195297554759214e-07,0.08699973326677175,0.9895315181930427
39.6,0.06,1.2577136715345958,7.090107812241226e-07,0.058007652249799625,0.9898366974110709
39.800000000000004,0.06,1.2576956081054518,3.254374662959411e-07,0.029000887889649888,0.9901338341331025
40.0,0.06,1.2576956081054518,0.0,0.0,0.9901338341331025
0.0,0.062,1.0,0.0,6.087584349901631,0.0
0.2,0.062,1.11440870016871,-0.006564301137461313,6.087584349901631,0.003977449000372688
0.4,0.062,1.2047731274876807,-0.0033810107467622096,5.825336710972301,0.01128921764262947
0.6000000000000001,0.062,1.2290926606332508,-0.0024450490355815277,5.8551116161341765,0.022163118598723375
0.8,0.062,1.2667950973870306,-0.0018313275854469103,5.7413119431053605,0.03559586606234465
1.0,0.062,1.2823422584872344,-0.0014925404565631387,5.72741130937786,0.051077799663778074
1.2000000000000002,0.062,1.3013425581781772,-0.0011775594718655324,5.661985174327196,0.06772197908833417
1.4000000000000001,0.062,1.3114166302680732,-0.0009712004548838771,5.633248493911162,0.08512538429881825
1.6,0.062,1.3217603484614426,-0.0007797518508149654,5.586544436950599,0.10282083675319705
1.8,0.062,1.3281332813476527,-0.0006421928395510243,5.553892421683519,0.12060978625661392
2.0,0.062,1.333983083079817,-0.0005195830966041469,5.5152400232434795,0.13829236010490145
2.2,0.062,1.3378840840796848,-0.0004262188666953523,5.482245827598205,0.1557884195628234
2.4000000000000004,0.062,1.3411815625102836,-0.0003454883732921549,5.447455552564048,0.17302257473690658
2.6,0.062,1.3434249680417159,-0.00028178253515436717,5.41510575631066,0.18996784117720178
2.8000000000000003,0.062,1.3451674219989425,-0.0002277130951035405,5.38238365787582,0.20660018113665216
3.0,0.062,1.346290678060355,-0.00018413236733720307,5.350812651203325,0.2229142072765023
3.2,0.062,1.3470389318897762,-0.00014753596556335149,5.3193089122967105,0.23890586020693794
3.4000000000000004,0.062,1.3474010335433821,-0.00011767805440819383,5.288406098933365,0.2545780260620094
3.6,0.062,1.347494854281084,-9.275739734284349e-05,5.257672889411203,0.2699340459174828
3.8000000000000003,0.062,1.3473386937659644,-7.228849588905119e-05,5.227285248631672,0.28497970754431884
4.0,0.062,1.3469951445893864,-5.526654092365629e-05,5.197062913836537,0.2997208373973351
4.2,0.062,1.346486510672951,-4.123888218224689e-05,5.167055562217302,0.3141640045194475
4.4,0.062,1.3458490460999666,-2.960311342561266e-05,5.137182366294921,0.3283156351360561
4.6000000000000005,0.062,1.3451017506626386,-2.000207136464804e-05,5.107450713117237,0.3421822656965789
4.800000000000001,0.062,1.3442670282209102,-1.2053330538896817e-05,5.0778210265002865,0.3557702303131572
5.0,0.062,1.3433592490346644,-5.490430531647811e-06,5.0482882776911415,0.3690857797957579
5.2,0.062,1.3423925808083585,-4.782890583309082e-08,5.018831196700211,0.3821350804717847
5.4,0.062,1.3413767377566268,4.462754479210216e-06,4.989442448222774,0.39492441481077123
5.6000000000000005,0.062,1.34032170725835,8.190746807746123e-06,4.9601095512812305,0.4074591722983178
5.800000000000001,0.062,1.3392351187159963,1.1260825800526877e-05,4.930826270559771,0.41974460939088976
6.0,0.062,1.3381236193334105,1.3786634982645815e-05,4.901584965537412,0.43178584901644307
6.2,0.062,1.3369924776046165,1.5859634132251868e-05,4.872380801610768,0.44358787917510095
6.4,0.062,1.3358461908349326,1.7557468124271014e-05,4.843208821931108,0.4551555482464571
6.6000000000000005,0.062,1.3346884031292592,1.8943481461093268e-05,4.814065466335668,0.4664935709674107
6.800000000000001,0.062,1.3335221904697343,2.0070915820982793e-05,4.784947409967687,0.4776065329014685
7.0,0.062,1.332350076386621,2.0983550335617212e-05,4.755852088376733,0.4884988978857531
7.2,0.062,1.3311741786001805,2.171797300386987e-05,4.72677721964178,0.49917501419569116
7.4,0.062,1.3299962473585065,2.2304394729835713e-05,4.69772096953772,0.5096391212236475
7.6000000000000005,0.062,1.3288177478124779,2.276798276037827e-05,4.668681743724053,0.5198953552392853
7.800000000000001,0.062,1.3276398968718859,2.3129563102731366e-05,4.639658227260247,0.5299477549578673
8.0,0.062,1.3264637129212822,2.3406452257631185e-05,4.610649287219728,0.539800266444829
8.200000000000001,0.062,1.3252900451847738,2.361299484069248e-05,4.581653971856241,0.5494567476571173
8.4,0.062,1.3241196053456596,2.3761103956778073e-05,4.552671460826823,0.5589209724819456
8.6,0.062,1.3229529893106617,2.3860652247962487e-05,4.523701054063261,0.5681966344118109
8.8,0.062,1.3217906980165877,2.3919832167604048e-05,4.494742144042315,0.5772873498332163
9.0,0.062,1.320633153004447,2.394543353300787e-05,4.46579420415295,0.5861966610051451
9.200000000000001,0.062,1.3194807103708117,2.3943087394579845e-05,4.436856772066197,0.5949280387423658
9.4,0.062,1.3183336716962761,2.391746039833625e-05,4.407929440223679,0.6034848848518792
9.600000000000001,0.062,1.3171922934961067,2.3872421146047595e-05,4.379011845316026,0.6118705343462426
9.8,0.062,1.3160567948161752,2.381117517332245e-05,4.350103661179708,0.620088257467285
10.0,0.062,1.3149273636826124,2.373637885166327e-05,4.32120459192264,0.6281412615426061
10.200000000000001,0.062,1.313804162363018,2.365023270482055e-05,4.292314366845913,0.6360326926988021
10.4,0.062,1.3126873317878962,2.3554559653769283e-05,4.263432735867663,0.6437656374495602
10.600000000000001,0.062,1.3115769951829837,2.345086941646128e-05,4.234559465966849,0.6513431241757465
10.8,0.062,1.3104732611001413,2.3340412342130042e-05,4.2056943380964125,0.6587681245112176
11.0,0.062,1.3093762259137998,2.3224223818800685e-05,4.1768371447139145,0.6660435546466457
11.200000000000001,0.062,1.308285975894686,2.310316124357083e-05,4.147987687681049,0.6731722765615491
11.4,0.062,1.3072025889203334,2.2977934613015795e-05,4.119145776557769,0.6801570991934673
11.600000000000001,0.062,1.3061261358933878,2.2849131914871795e-05,4.090311227169002,0.6870007795518313
11.8,0.062,1.3050566819130345,2.2717240094881737e-05,4.061483860431507,0.6937060237831085
12.0,0.062,1.3039942872453945,2.258266249581357e-05,4.032663501376095,0.7002754881928293
12.200000000000001,0.062,1.302939008125458,2.244573328791922e-05,4.003849978343336,0.7067117802293168
12.4,0.062,1.3018908974205832,2.23067294033352e-05,3.9750431223163893,0.7130174594332728
12.600000000000001,0.062,1.3008500051788532,2.2165880410526623e-05,3.9462427663707955,0.719195038356724
12.8,0.062,1.2998163790823922,2.2023376751923796e-05,3.9174487452191116,0.7252469834543885
13.0,0.062,1.2987900648221626,2.187937648010429e-05,3.888660894836031,0.731175715950025
13.200000000000001,0.062,1.297771106408018,2.173401087277575e-05,3.859879052148267,0.7369836126799838
13.4,0.062,1.296759546425107,2.1587389096544598e-05,3.8311030547801583,0.7426730069158478
13.600000000000001,0.062,1.295755426246332,2.1439602023317258e-05,3.802332740844206,0.7482461891677722
13.8,0.062,1.2947587862083532,2.129072540152046e-05,3.7735679487692195,0.7537054079698882
14.0,0.062,1.2937696657575966,2.1140822488098158e-05,3.7448085171601044,0.7590528706489604
14.200000000000001,0.062,1.2927881035714728,2.0989946233317783e-05,3.716054284682796,0.76429074407728
14.4,0.062,1.2918141376588488,2.0838141053648992e-05,3.6873050899709092,0.7694211554106549
14.600000000000001,0.062,1.2908478054433197,2.0685444323407924e-05,3.6585607715491366,0.7744461928122359
14.8,0.062,1.2898891438316613,2.053188763815509e-05,3.6298211677700585,0.7793679061628103
15.0,0.062,1.2889381892698077,2.0377497802234084e-05,3.6010861167622585,0.7841883077581187
15.200000000000001,0.062,1.2879949777880593,2.0222297692928838e-05,3.572355456385873,0.7889093729936845
15.4,0.062,1.2870595450371678,2.006630698065419e-05,3.5436290241959414,0.793533041037584
15.600000000000001,0.062,1.2861319263170472,1.990954267976508e-05,3.514906657410359,0.7980612154915522
15.8,0.062,1.285212156599397,1.975201963954618e-05,3.4861881928833736,0.8024957650407677
16.0,0.062,1.284300270545912,1.959375092479073e-05,3.4574734670835165,0.8068385240926381
16.2,0.062,1.2833963025231838,1.9434748141172495e-05,3.428762316075735,0.8110912934048641
16.400000000000002,0.062,1.282500286615124,1.9275021667863305e-05,3.40005457550769,0.8152558407030436
16.6,0.062,1.2816122566337687,1.911458088881222e-05,3.371350080599676,0.8193339012880273
16.8,0.062,1.2807322461285178,1.8953434369542437e-05,3.342648666137052,0.8233271786332178
17.0,0.062,1.279860288394141,1.879158998582873e-05,3.3139501664655193,0.8272373449719658
17.2,0.062,1.2789964164774335,1.8629055042456216e-05,3.285254415487018,0.8310660418751701
17.400000000000002,0.062,1.2781406631824517,1.8465836396338653e-05,3.2565612466575873,0.8348148808191688
17.6,0.062,1.2772930610746487,1.8301940540628568e-05,3.227870492985048,0.838485443743949
17.8,0.062,1.2764536424836865,1.8137373662039383e-05,3.1991819870275635,0.8420792836016855
18.0,0.062,1.275622439505438,1.797214171334359e-05,3.170495560892695,0.8455979248955646
18.2,0.062,1.2747994840031944,1.780625046863396e-05,3.1418110462361857,0.8490428642088093
18.400000000000002,0.062,1.2739848076082134,1.7639705540883443e-05,3.1131282742620137,0.8524155707237936
18.6,0.062,1.2731784417199201,1.747251243642964e-05,3.0844470757220694,0.8557174867310725
18.8,0.062,1.2723804175056388,1.7304676566598456e-05,3.0557672809167205,0.8589500281281228
19.0,0.062,1.2715907659000154,1.7136203278852315e-05,3.02708871969525,0.8621145849075419
19.200000000000003,0.062,1.2708095176041558,1.6967097879339926e-05,2.9984112214570375,0.8652125216344014
19.400000000000002,0.062,1.2700367030844744,1.679736562897483e-05,2.969734615152563,0.8682451779124193
19.6,0.062,1.2692723525712675,1.662701177746414e-05,2.9410587292852446,0.8712138688385621
19.8,0.062,1.2685164960571518,1.6456041563964384e-05,2.9123833919132958,0.8741198854456698
20.0,0.062,1.2677691632952148,1.628446021793462e-05,2.883708430652146,0.8769644951326501
20.200000000000003,0.062,1.2670303837969623,1.6112272976992902e-05,2.8550336726775694,0.8797489420817849
20.400000000000002,0.062,1.2663001868300232,1.593948509596051e-05,2.82635894472915,0.8824744476626752
20.6,0.062,1.2655786014154526,1.5766101839443845e-05,2.7976840731147177,0.8851422108223592
20.8,0.062,1.2648656563247234,1.5592128498732643e-05,2.7690088837157036,0.8877534084611578
21.0,0.062,1.264161380076214,1.5417570394257503e-05,2.740333201993407,0.8903091957938414
21.200000000000003,0.062,1.2634658009311472,1.5242432873162827e-05,2.7116568529972973,0.8928107066957649
21.400000000000002,0.062,1.2627789468889314,1.5066721314146194e-05,2.68297966137475,0.8952590540336967
21.6,0.062,1.2621008456816278,1.4890441159608657e-05,2.6543014513836005,0.8976553299811673
21.8,0.062,1.2614315247675358,1.471359786310915e-05,2.625622046907691,0.9000006063182693
22.0,0.062,1.260771011323423,1.453619696275378e-05,2.596941271475958,0.9022959347159968
22.200000000000003,0.062,1.260119332235146,1.4358244045372551e-05,2.5682589482865446,0.9045423470053477
22.400000000000002,0.062,1.259476514086194,1.4179744769061868e-05,2.5395749002359977,0.906740855431601
22.6,0.062,1.2588425831434369,1.4000704885163202e-05,2.5108889499555995,0.9088924528943595
22.8,0.062,1.2582175653396157,1.38211302516508e-05,2.482200919855697,0.9109981131741468
23.0,0.062,1.257601486251607,1.364102685224208e-05,2.453510632179792,0.9130587911465482
23.200000000000003,0.062,1.256994371073629,1.346040084210573e-05,2.424817909070982,0.9150754229850888
23.400000000000002,0.062,1.256396244584424,1.3279258564844197e-05,2.396122572652363,0.9170489263542368
23.6,0.062,1.255807131107103,1.3097606600787347e-05,2.3674244451250597,0.9189802005941051
23.8,0.062,1.255227054460602,1.291545183172189e-05,2.338723348887015,0.920870126898597
24.0,0.062,1.2546560379011023,1.2732801473015108e-05,2.3100191066758664,0.9227195684888768
24.200000000000003,0.062,1.2540941040519116,1.2549663177304345e-05,2.2813115417412924,0.924529370784168
24.400000000000002,0.062,1.2535412748200327,1.2366045104364632e-05,2.2526004780502977,0.92630036157196
24.6,0.062,1.2529975712973578,1.2181956009528825e-05,2.223885740531843,0.9280333511797432
24.8,0.062,1.2524630136446182,1.1997405406980707e-05,2.1951671553656227,0.9297291326503802
25.0,0.062,1.2519376209556337,1.181240367515972e-05,2.1664445503209717,0.9313884819231958
25.200000000000003,0.062,1.2514214110996977,1.1626962244198205e-05,2.137717755152427,0.9330121580227424
25.400000000000002,0.062,1.2509144005397477,1.1441093783787877e-05,2.1089866020570773,0.9346009032570822
25.6,0.062,1.250416604123888,1.125481243423592e-05,2.080250926200498,0.9361554434272251
25.8,0.062,1.2499280348483677,1.1068134077634181e-05,2.0515105663158764,0.9376764880491442
26.0,0.062,1.249448703589836,1.0881076624889849e-05,2.022765365381212,0.9391647305895252
26.200000000000003,0.062,1.24897861880556,1.069366035475945e-05,1.9940151713784866,0.9406208487161122
26.400000000000002,0.062,1.2485177862005803,1.0505908290739843e-05,1.9652598381361954,0.9420455045632019
26.6,0.062,1.248066208361481,1.0317846608968475e-05,1.9364992262562015,0.9434393450125078
26.8,0.062,1.2476238843575334,1.0129505111361033e-05,1.9077332041227235,0.9448030019892754
27.0,0.062,1.2471908093108108,9.940917674632852e-06,1.8789616489885483,0.9461370927732035
27.200000000000003,0.062,1.2467669739382763,9.75212278534124e-06,1.8501844481313907,0.9474422203234002
27.400000000000002,0.062,1.246352364070058,9.563164076205276e-06,1.8214015000686101,0.9487189736162978
27.6,0.062,1.2459469601497437,9.37409086127806e-06,1.7926127158163203,0.9499679279951804
27.8,0.062,1.2455507367240668,9.184958675749617e-06,1.7638180201733888,0.9511896455297285
28.0,0.062,1.2451636619307394,8.995829808758602e-06,1.7350173530083444,0.9523846753837887
28.200000000000003,0.062,1.2447856969951012,8.806773819346679e-06,1.7062106705225988,0.9535535541894056
28.400000000000002,0.062,1.2444167957472505,8.61786795300387e-06,1.6773979464595676,0.9546968064250511
28.6,0.062,1.244056904172828,8.42919754056562e-06,1.648579173227488,0.9558149447959027
28.8,0.062,1.243705960011511,8.240856287616685e-06,1.619754362899613,0.9569084706140214
29.0,0.062,1.2433638924176869,8.052946423067261e-06,1.5909235480556254,0.9579778741762814
29.200000000000003,0.062,1.243030621698327,7.865578752450575e-06,1.5620867824270925,0.9590236351379903
29.400000000000002,0.062,1.2427060591422767,7.678872516457837e-06,1.5332441413103708,0.960046222880233
29.6,0.062,1.242390106954591,7.492955102988848e-06,1.5043957217144,0.9610460968691206
29.8,0.062,1.2420826583079132,7.307961527900889e-06,1.4755416422125864,0.9620237070052868
30.0,0.062,1.2417835975208948,7.124033735696308e-06,1.4466820424757687,0.9629794939621751
30.200000000000003,0.062,1.2414928003708277,6.941319672872535e-06,1.4178170824679655,0.9639138895118581
30.400000000000002,0.062,1.2412101345448365,6.7599721481852375e-06,1.3889469412973559,0.9648273168373664
30.6,0.062,1.240935460229838,6.580147478182017e-06,1.3600718157207357,0.9657201908307085
30.8,0.062,1.2406686308384258,6.402003946796452e-06,1.3311919183144956,0.9665929183760048
31.0,0.062,1.2404094938625956,6.225700075557993e-06,1.3023074753287027,0.9674458986173667
31.200000000000003,0.062,1.240157891845007,6.051392759993436e-06,1.2734187242606,0.9682795232113611
31.400000000000002,0.062,1.2399136634510544,5.879235293984484e-06,1.2445259111794247,0.9690941765640964
31.6,0.062,1.2396766446252987,5.709375323729377e-06,1.215629287863367,0.9698902360531366
31.8,0.062,1.239446669807778,5.5419527865780035e-06,1.186729108787201,0.9706680722346164
32.0,0.062,1.2392235731907477,5.3770978846081215e-06,1.1578256280459445,0.9714280490360507
32.2,0.062,1.2390071899847461,5.214929135157096e-06,1.1289190962439544,0.9721705239354616
32.4,0.062,1.238797357677157,5.055551560545407e-06,1.1000097574633017,0.9728958481275248
32.6,0.062,1.2385939172455922,4.89905508253124e-06,1.071097846304416,0.9736043666775138
32.800000000000004,0.062,1.2383967143204548,4.745513087496784e-06,1.0421835851584296,0.974296418663867
33.0,0.062,1.2382056002486468,4.594981368686166e-06,1.0132671816200602,0.9749723373102358
33.2,0.062,1.2380204330779034,4.44749720046512e-06,0.9843488262943719,0.9756324501078759
33.4,0.062,1.2378410783903975,4.303078969135052e-06,0.9554286907322818,0.9762770789292531
33.6,0.062,1.237667410055805,4.1617257756324426e-06,0.926506925958349,0.9769065401337078
33.800000000000004,0.062,1.2374993107757897,4.023417903229012e-06,0.8975836609686164,0.9775211446659975
34.0,0.062,1.237336672593916,3.888116791009951e-06,0.8686590021366088,0.9781211981485001
34.2,0.062,1.2371793971078757,3.755766510463381e-06,0.8397330321526929,0.978707000967821
34.4,0.062,1.2370273957791058,3.62629373002533e-06,0.8108058105024638,0.979278848356474
34.6,0.062,1.2368805897631865,3.49961055808792e-06,0.781877372476264,0.9798370304703035
34.800000000000004,0.062,1.2367389101425723,3.3756136299858313e-06,0.7529477311136339,0.9803818324621766
35.0,0.062,1.236602297266449,3.2541892863952e-06,0.7240168754558297,0.980913534552541
35.2,0.062,1.2364707011722784,3.135209917923202e-06,0.6950847749118519,0.9814324120972162
35.4,0.062,1.2363440801528034,3.0185438537530366e-06,0.6661513749817201,0.9819387356529793
35.6,0.062,1.2362224019249102,2.904044949109645e-06,0.6372166063635383,0.9824327710410972
35.800000000000004,0.062,1.2361056407172555,2.791572841352007e-06,0.6082803742789267,0.9829147794094383
36.0,0.062,1.2359937803941998,2.680966805780594e-06,0.5793425778045724,0.9833850172929726
36.2,0.062,1.2358868083741457,2.5720895809462173e-06,0.5504030841668314,0.9838437366735789
36.4,0.062,1.2357847233918087,2.4647652251108098e-06,0.5214617710220522,0.9842911850383368
36.6,0.062,1.2356875223123542,2.35887685741938e-06,0.49251846620217515,0.9847276054379863
36.800000000000004,0.062,1.2355952185813175,2.2542224792119898e-06,0.46357304217540585,0.9851532365434218
37.0,0.062,1.2355078128976398,2.1507359180252175e-06,0.4346252768774027,0.9855683127037087
37.2,0.062,1.235425336064224,2.0481560268596606e-06,0.4056750671506687,0.9859730640006744
37.4,0.062,1.2353477829112096,1.9465283809123133e-06,0.3767221097163917,0.9863677163076366
37.6,0.062,1.2352752106553735,1.8454505531189425e-06,0.3477663857386728,0.9867524913411556
37.800000000000004,0.062,1.2352075892679146,1.7452117355148348e-06,0.31880743249024535,0.9871276067224717
38.0,0.062,1.2351450258217562,1.645076874316024e-06,0.2898454447021319,0.9874932760239016
38.2,0.062,1.235087425311536,1.5458719056572056e-06,0.26087961635553075,0.9878497088370328
38.400000000000006,0.062,1.2350350003489425,1.4460932877064794e-06,0.23191064229454275,0.9881971108079761
38.6,0.062,1.234987503005419,1.3477610995290867e-06,0.20293695159936354,0.9885356837210183
38.800000000000004,0.062,1.2349453794106284,1.2476192414552645e-06,0.17396038130911273,0.9888656255098897
39.0,0.062,1.2349080329714885,1.1503637804186002e-06,0.1449776390077814,0.9891871303757481
39.2,0.062,1.2348764332966555,1.0488298706552932e-06,0.11599314704148903,0.9895003887448403
39.400000000000006,0.062,1.2348491948608638,9.531462464877602e-07,0.08699973327807856,0.9898055874711027
39.6,0.062,1.234828459513001,8.240382603518567e-07,0.05800765278220072,0.9901029100839139
39.800000000000004,0.062,1.2348115476686612,3.7791089117182575e-07,0.0290008926349944,0.9903923934446757
40.0,0.062,1.2348115476686612,0.0,0.0,0.9903923934446757
0.0,0.064,1.0,0.0,6.087657066191268,0.0
0.2,0.064,1.113096433568481,-0.007628827859266926,6.087657066191268,0.005673676711127667
0.4,0.064,1.201496281418933,-0.0038962532122015325,5.825294880994738,0.015451162279314219
0.6000000000000001,0.064,1.2229383072658901,-0.0027920131779695916,5.855100160712773,0.029309278649679173
0.8,0.064,1.257752412827086,-0.0020712137796572187,5.74130505078902,0.045722175519228574
1.0,0.064,1.2702772840344136,-0.0016756083099075587,5.727408260335251,0.06398044907766347
1.2000000000000002,0.064,1.2865887708857062,-0.0013121866202607895,5.661982355837429,0.08299469646514544
1.4000000000000001,0.064,1.294185126247865,-0.001076985102143136,5.633247048350588,0.10235209538580846
1.6,0.064,1.3024271799874834,-0.0008604478750301563,5.5865430128321405,0.12157719617101315
1.8,0.064,1.306971572340086,-0.0007065505160939111,5.553891581903057,0.1405288920996817
2.0,0.064,1.311299051975317,-0.0005698879484741737,5.515239222961752,0.1590526840933306
2.2,0.064,1.3139117111264096,-0.00046659702620886653,5.482245294021903,0.17712749225891294
2.4000000000000004,0.064,1.3161449666920417,-0.0003774292397922524,5.447455066138492,0.1947239251370106
2.6,0.064,1.3175007688682876,-0.0003073810737742526,5.415105401036754,0.21185939406840884
2.8000000000000003,0.064,1.318513197913177,-0.00024796850136729945,5.382383344346179,0.228544435217932
3.0,0.064,1.3190330896082065,-0.00020020177826737213,5.350812407706062,0.24480374278015588
3.2,0.064,1.3192870693597143,-0.0001601000165741782,5.319308701315881,0.2606567437360462
3.4000000000000004,0.064,1.3192436728746832,-0.00012742672379256842,5.288405928417798,0.2761258109322725
3.6,0.064,1.319007076156151,-0.0001001582642292507,5.2576727427683405,0.29122952382567746
3.8000000000000003,0.064,1.3185820570023512,-7.77772656463284e-05,5.227285126900886,0.30598599592190356
4.0,0.064,1.3180212119474288,-5.91656915386485e-05,5.197062809130831,0.32041068927942473
4.2,0.064,1.3173377417954681,-4.383430693727842e-05,5.167055473577,0.33451784585572275
4.4,0.064,1.316560816296899,-3.111755524756586e-05,5.1371822896303945,0.3483198761421004
4.6000000000000005,0.064,1.3157032506773427,-2.0627160419202754e-05,5.1074506471301415,0.3618280277433621
4.800000000000001,0.064,1.3147824862764517,-1.1942150874454313e-05,5.077820968875037,0.3750522953047135
5.0,0.064,1.3138086293303457,-4.770651335109124e-06,5.048288227306877,0.388001795287961
5.2,0.064,1.3127922522379845,1.1797687021495389e-06,5.018831151913966,0.40068497172343054
5.4,0.064,1.3117404044357126,6.110574785299798e-06,4.989442408060922,0.41310967442760926
5.6000000000000005,0.064,1.3106608100203214,1.0182695044127053e-05,4.960109515065856,0.4252825384166567
5.800000000000001,0.064,1.3095591365313932,1.3533991942835208e-05,4.930826237728484,0.4372097914187464
6.0,0.064,1.3084404066788708,1.6289521936817895e-05,4.901584935489081,0.4488972804615132
6.2,0.064,1.307308530845174,1.854960267311164e-05,4.872380773892756,0.4603505261734874
6.4,0.064,1.3061668800738369,2.039937737401933e-05,4.843208796146025,0.47157476019619077
6.6000000000000005,0.064,1.3050181595144843,2.1908187142439286e-05,4.814065442171958,0.48257496499656277
6.800000000000001,0.064,1.3038646661132582,2.3134310493724182e-05,4.784947387158735,0.49335590409782404
7.0,0.064,1.3027082753086732,2.4125624220660933e-05,4.7558520667082735,0.5039221501196429
7.2,0.064,1.3015505671367456,2.4922141321538076e-05,4.726777198933046,0.5142781068266534
7.4,0.064,1.3003928451242874,2.555688480044813e-05,4.697720949641452,0.5244280283806166
7.6000000000000005,0.064,1.2992362038415406,2.6057365254401694e-05,4.668681724517052,0.5343760348276911
7.800000000000001,0.064,1.2980815525448188,2.6446342086558818e-05,4.639658208641417,0.5441261252970532
8.0,0.064,1.2969296544221058,2.6742739868823992e-05,4.610649269104929,0.5536821888012879
8.200000000000001,0.064,1.2957811469230334,2.6962233273937805e-05,4.581653954176179,0.5630480133649619
8.4,0.064,1.2946365660675834,2.7117840281243954e-05,4.552671443523986,0.572227293594835
8.6,0.064,1.2934963620125772,2.722034845183638e-05,4.523701037090227,0.5812236370804993
8.8,0.064,1.29236091478583,2.7278709598316557e-05,4.494742127359839,0.5900405697693893
9.0,0.064,1.291230545602034,2.7300342628604107e-05,4.465794187728647,0.5986815405412401
9.200000000000001,0.064,1.2901055273079047,2.7291400424383765e-05,4.436856755873338,0.6071499251029651
9.4,0.064,1.2889860923834755,2.7256982015355258e-05,4.407929424240224,0.6154490293416638
9.600000000000001,0.064,1.287872439974948,2.7201314513877272e-05,4.379011829523818,0.6235820922253233
9.8,0.064,1.2867647414784422,2.7127900503810672e-05,4.350103645563826,0.6315522883383845
10.0,0.064,1.2856631453248695,2.703964256114317e-05,4.321204576470816,0.6393627301148451
10.200000000000001,0.064,1.2845677808581426,2.6938945184945335e-05,4.292314351548093,0.6470164698249804
10.4,0.064,1.2834787616114816,2.682780028170417e-05,4.263432720715613,0.6545165013582089
10.600000000000001,0.064,1.2823961879895514,2.6707857558066327e-05,4.2345594509538556,0.6618657618383862
10.8,0.064,1.2813201495124333,2.6580483325823035e-05,4.205694323217013,0.6690671330998527
11.0,0.064,1.2802507266597003,2.6446809023137525e-05,4.176837129963674,0.676123443047862
11.200000000000001,0.064,1.279187992403937,2.6307771615386424e-05,4.1479876730564005,0.683037466922194
11.4,0.064,1.2781320134737018,2.6164147032089458e-05,4.1191457620558545,0.6898119284795107
11.600000000000001,0.064,1.2770828514013217,2.6016577874752434e-05,4.090311212787534,0.6964495011069949
11.8,0.064,1.276040563387504,2.5865596367023907e-05,4.061483846168698,0.70295280887766
12.0,0.064,1.2750052030177974,2.571164338989663e-05,4.0326634872305505,0.7093244275557633
12.200000000000001,0.064,1.2739768208543405,2.5555084234907635e-05,4.003849964313995,0.7155668855592852
12.4,0.064,1.2729554649254464,2.5396221669748836e-05,3.9750431084024638,0.72168266488519
12.600000000000001,0.064,1.271941181130092,2.523530671384104e-05,3.9462427525717163,0.7276742020021384
12.8,0.064,1.270934013572234,2.5072547630262115e-05,3.917448731534502,0.7335438887145382
13.0,0.064,1.2699340048372016,2.4908117304207434e-05,3.8886608812656593,0.7392940730011092
13.200000000000001,0.064,1.2689411962203998,2.4742159365779624e-05,3.859879038692028,0.7449270598305912
13.4,0.064,1.2679556279164552,2.4574793291883445e-05,3.8311030414380545,0.7504451119567781
13.600000000000001,0.064,1.2669773391761026,2.4406118546082455e-05,3.802332727616314,0.7558504506946787
13.8,0.064,1.2660063684362624,2.4236218098635495e-05,3.773567935655698,0.7611452566792853
14.0,0.064,1.265042753428103,2.406516126465411e-05,3.744808504161163,0.7663316706082198
14.200000000000001,0.064,1.2640865312669172,2.3893006079633135e-05,3.7160542717986846,0.7714117939692621
14.4,0.064,1.2631377385266975,2.371980127312667e-05,3.6873050772019114,0.7763876897536406
14.600000000000001,0.064,1.2621964113020345,2.354558787956596e-05,3.6585607588955757,0.7812613831558161
14.8,0.064,1.2612625852589097,2.337040060527018e-05,3.6298211552322783,0.7860348622603701
15.0,0.064,1.2603362956761075,2.3194268938894075e-05,3.601086104340624,0.7907100787165354
15.200000000000001,0.064,1.2594175774784142,2.3017218079108117e-05,3.5723554440807677,0.7952889484008261
15.4,0.064,1.2585064652628064,2.2839269707121582e-05,3.543629012007751,0.7997733520681715
15.600000000000001,0.064,1.257602993319021,2.26604426240799e-05,3.5149066453394915,0.8041651359919115
15.8,0.064,1.2567071956454738,2.2480753255662575e-05,3.4861881809302293,0.8084661125929793
16.0,0.064,1.2558191059619688,2.230021608604618e-05,3.4574734552485156,0.8126780610585501
16.2,0.064,1.2549387577200724,2.2118844000394676e-05,3.428762304359292,0.8168027279504178
16.400000000000002,0.064,1.2540661841117984,2.193664855028066e-05,3.4000545639102295,0.8208418278033299
16.6,0.064,1.2532014180773505,2.175364020326186e-05,3.371350069121619,0.8247970437134681
16.8,0.064,1.2523444923118219,2.156982852721227e-05,3.3426486547788192,0.8286700279172493
17.0,0.064,1.2514954392711117,2.1385222335353497e-05,3.3139501552275377,0.8324624023605774
17.2,0.064,1.2506542911768634,2.1199829823630568e-05,3.2852544043697116,0.8361757592586369
17.400000000000002,0.064,1.2498210800202798,2.101365869963353e-05,3.2565612356613673,0.8398116616462991
17.6,0.064,1.2489958375651016,2.0826716266403895e-05,3.2278704821103403,0.8433716439191598
17.8,0.064,1.2481785953494695,2.0639009498996028e-05,3.199181976274784,0.8468572123651978
18.0,0.064,1.2473693846871607,2.0450545120402738e-05,3.1704955502622627,0.8502698456870086
18.2,0.064,1.2465682366681619,2.0261329649837807e-05,3.141811035728505,0.8536109955145167
18.400000000000002,0.064,1.2457751821587115,2.0071369446608968e-05,3.113128263877499,0.8568820869080472
18.6,0.064,1.2449902518010894,1.9880670739127884e-05,3.084447065461124,0.860084518851576
18.8,0.064,1.2442134760130135,1.9689239666711682e-05,3.05576727077975,0.8632196647359549
19.0,0.064,1.2434448849867956,1.9497082296850287e-05,3.027088709682658,0.8662888728318493
19.200000000000003,0.064,1.2426845086882663,1.9304204647837444e-05,2.9984112115692203,0.8692934667520904
19.400000000000002,0.064,1.2419323768554527,1.911061269516018e-05,2.9697346053899145,0.8722347459031027
19.6,0.064,1.2411885189970158,1.8916312404545233e-05,2.9410587196481606,0.8751139859250288
19.8,0.064,1.2404529643905875,1.872130972923492e-05,2.9123833824021608,0.8779324391201393
20.0,0.064,1.239725742080839,1.8525610615182735e-05,2.8837084212673445,0.8806913348690939
20.200000000000003,0.064,1.2390068808773673,1.832922102043669e-05,2.8550336634194866,0.8833918800345999
20.400000000000002,0.064,1.2382964093523539,1.8132146921229172e-05,2.8263589355981615,0.8860352593520083
20.6,0.064,1.237594355837836,1.793439430687144e-05,2.7976840641111966,0.8886226358064033
20.8,0.064,1.2369007484226728,1.7735969202211453e-05,2.769008874840021,0.891155150995748
21.0,0.064,1.2362156149490224,1.7536877658998516e-05,2.740333193245932,0.8936339254797068
21.200000000000003,0.064,1.2355389830082708,1.733712576633262e-05,2.7116568443783913,0.8960600591138096
21.400000000000002,0.064,1.2348708799363655,1.7136719655160534e-05,2.682979652884773,0.8984346313687068
21.6,0.064,1.2342113328082758,1.6935665509644856e-05,2.6543014430229057,0.9007587016343628
21.8,0.064,1.2335603684315732,1.673396955845808e-05,2.6256220386766267,0.9030333095091424
22.0,0.064,1.2329180133386448,1.6531638102728993e-05,2.59694126337487,0.9052594750738997
22.200000000000003,0.064,1.232284293777291,1.6328677516272296e-05,2.56825894031578,0.9074381991513155
22.400000000000002,0.064,1.231659235699231,1.6125094253164398e-05,2.539574892395884,0.9095704635509088
22.6,0.064,1.2310428647458032,1.5920894872279542e-05,2.5108889422464693,0.9116572313003293
22.8,0.064,1.2304352062303903,1.5716086068001335e-05,2.4822009122778743,0.9136994468637286
23.0,0.064,1.2298362851165872,1.551067467870371e-05,2.4535106247335974,0.9156980363482032
23.200000000000003,0.064,1.2292461259913003,1.5304667747117533e-05,2.4248179017567266,0.9176539076994986
23.400000000000002,0.064,1.2286647530317796,1.5098072539275037e-05,2.3961225654703475,0.9195679508883565
23.6,0.064,1.2280921899652868,1.4890896608384842e-05,2.3674244380755796,0.9214410380890546
23.8,0.064,1.2275284600203298,1.4683147851251602e-05,2.3387233419703546,0.9232740238518645
24.0,0.064,1.2269735858678164,1.4474834576168005e-05,2.310019099892303,0.9250677452712691
24.200000000000003,0.064,1.2264275895506087,1.426596560213117e-05,2.2813115350910778,0.9268230221519037
24.400000000000002,0.064,1.2258904923997112,1.4056550349168579e-05,2.2526004715336807,0.928540657174246
24.6,0.064,1.225362314935008,1.3846598961005267e-05,2.2238857341490457,0.9302214360621177
24.8,0.064,1.2248430767486873,1.3636122452926059e-05,2.19516714911685,0.9318661277540424
25.0,0.064,1.2243327963688857,1.3425132893717943e-05,2.1664445442063913,0.9334754845804635
25.200000000000003,0.064,1.2238314911013795,1.321364357645582e-05,2.137717749172188,0.9350502424487119
25.400000000000002,0.064,1.2233391768469926,1.3001669275940932e-05,2.1089865962112944,0.9365911210374794
25.6,0.064,1.2228558678922694,1.2789226498272197e-05,2.0802509204892297,0.9380988240023594
25.8,0.064,1.2223815766715376,1.2576333806857889e-05,2.0515105607391444,0.9395740391937997
26.0,0.064,1.2219163134982027,1.2363012166442865e-05,2.0227653599389748,0.941017438888543
26.200000000000003,0.064,1.2214600862639675,1.214928532542628e-05,1.994015166070637,0.9424296800353518
26.400000000000002,0.064,1.221012900105003,1.1935180263783569e-05,1.965259832962553,0.9438114045155025
26.6,0.064,1.220574757034764,1.1720727676646087e-05,1.936499221216495,0.9451632394182099
26.8,0.064,1.2201456555442882,1.150596249603077e-05,1.9077331992165751,0.9464857973308237
27.0,0.064,1.2197255901716257,1.1290924447512613e-05,1.8789616442154855,0.9477796766433121
27.200000000000003,0.064,1.2193145510434706,1.1075658648337539e-05,1.8501844434907921,0.9490454618662335
27.400000000000002,0.064,1.218912523393315,1.086021622433847e-05,1.8214014955597269,0.9502837239611192
27.6,0.064,1.2185194870620406,1.0644654925992707e-05,1.79261271143825,0.9514950206819098
27.8,0.064,1.2181354159884434,1.0429039761024713e-05,1.7638180159250432,0.9526798969258743
28.0,0.064,1.2177602776985579,1.0213443578676674e-05,1.7350173488884677,0.9538388850922385
28.200000000000003,0.064,1.2173940328045767,9.997947665044662e-06,1.7062106665297254,0.9549725054466027
28.400000000000002,0.064,1.217036634525162,9.78264220565323e-06,1.6773979425920238,0.9560812664891267
28.6,0.064,1.2166880282404513,9.567626725180852e-06,1.6485791694833716,0.9571656653243964
28.8,0.064,1.216348151095924,9.353010391587115e-06,1.6197543592767922,0.9582261880308789
29.0,0.064,1.21601693166971,9.138912173089061e-06,1.5909235445517294,0.9592633100278966
29.200000000000003,0.064,1.2156942897184542,8.925460851253851e-06,1.5620867790395099,0.9602774964381261
29.400000000000002,0.064,1.2153801360159995,8.7127948354271e-06,1.5332441380362494,0.961269202443733
29.6,0.064,1.215074372298556,8.501061780731224e-06,1.50439571855065,0.9622388736344007
29.8,0.064,1.2147768913283363,8.29041795496097e-06,1.475541639155896,0.9631869463456662
30.0,0.064,1.2144875770855814,8.0810273870555e-06,1.4466820395226097,0.9641138479861812
30.200000000000003,0.064,1.214206305096059,7.873060754592423e-06,1.4178170796146288,0.965019997352705
30.400000000000002,0.064,1.2139329428981824,7.66669402639904e-06,1.3889469385399602,0.9659058049318653
30.6,0.064,1.2136673506497568,7.462106865462018e-06,1.3600718130552658,0.966771673187925
30.8,0.064,1.2134093818712137,7.259480807615158e-06,1.331191915736839,0.9676179968360213
31.0,0.064,1.213158884316917,7.058997244073239e-06,1.30230747283469,0.9684451631005513
31.200000000000003,0.064,1.2129157009638714,6.860835248151531e-06,1.2734187218460398,0.969253551958569
31.400000000000002,0.064,1.212679671100658,6.665169275280808e-06,1.2445259088401557,0.9700435363682559
31.6,0.064,1.2124506314997558,6.472166806281904e-06,1.2156292855953061,0.9708154824826852
31.8,0.064,1.2122284176482432,6.28198596876253e-06,1.1867291065863836,0.9715697498492576
32.0,0.064,1.212012865017085,6.0947732165806325e-06,1.15782562590858,0.9723066915953034
32.2,0.064,1.211803810337329,5.910661113610543e-06,1.1289190941664635,0.9730266546004663
32.4,0.064,1.2116010928661995,5.729766275470287e-06,1.1000097554423598,0.973729979656562
32.6,0.064,1.2114045556047714,5.552187575765611e-06,1.0710978443369987,0.9744170016156669
32.800000000000004,0.064,1.2112140464617525,5.378004544248512e-06,1.042183583241834,0.9750880495272499
33.0,0.064,1.2110294193145303,5.207276215856126e-06,1.0132671797519346,0.9757434467651755
33.2,0.064,1.2108505349877416,5.040040137247083e-06,0.9843488244727404,0.97638351114542
33.4,0.064,1.210677262076745,4.8763120164877645e-06,0.9554286889555499,0.9770085550353427
33.6,0.064,1.2105094776880994,4.716085351102544e-06,0.9265069242253192,0.9776188854553328
33.800000000000004,0.064,1.2103470679665407,4.559332042237064e-06,0.8975836592784766,0.9782148041736191
34.0,0.064,1.21018992858662,4.406002455917801e-06,0.8686590004889335,0.9787966077950082
34.2,0.064,1.210037964940529,4.2560271869804285e-06,0.839733030547424,0.9793645878442541
34.4,0.064,1.209891092426059,4.109317104378717e-06,0.8108058089398965,0.9799190308447304
34.6,0.064,1.2097492362459936,3.9657666794101555e-06,0.7818773709570094,0.9804602183930101
34.800000000000004,0.064,1.2096123316197236,3.825253005430723e-06,0.7529477296386207,0.9809884272299207
35.0,0.064,1.2094803230843958,3.687641782902237e-06,0.724016874026226,0.9815039293085662
35.2,0.064,1.209353164902633,3.5527831922986224e-06,0.6950847735291045,0.9820069918597861
35.4,0.064,1.2092308195781414,3.420523238510225e-06,0.666151373647412,0.9824978774554268
35.6,0.064,1.20911325903075,3.290691877207286e-06,0.6372166050795216,0.9829768440698112
35.800000000000004,0.064,1.2090004616056982,3.1631261936499494e-06,0.608280373047036,0.9834441451396585
36.0,0.064,1.2088924152499383,3.037640517795501e-06,0.5793425766269766,0.9839000296228019
36.2,0.064,1.208789111289771,2.9140765397972324e-06,0.5504030830454215,0.9843447420557981
36.4,0.064,1.2086905523488776,2.7922322291812206e-06,0.5214617699592939,0.9847785226107971
36.6,0.064,1.2085967388759766,2.6719735996719085e-06,0.4925184651997538,0.9852016071515866
36.800000000000004,0.064,1.2085076879823593,2.5530697908549418e-06,0.4635730412362073,0.9856142272892534
37.0,0.064,1.2084234034904353,2.4354457221738222e-06,0.4346252760024686,0.9860166104371569
37.2,0.064,1.2083439196950763,2.3188037370362963e-06,0.40567506634374184,0.9864089798658188
37.4,0.064,1.208269233885428,2.2031973287506274e-06,0.3767221089770158,0.9867915547571255
37.6,0.064,1.208199406800206,2.0881679535884315e-06,0.34776638507256,0.9871645502587115
37.800000000000004,0.064,1.2081344098190239,1.9740483370518918e-06,0.31880743189362265,0.9875281775375947
38.0,0.064,1.2080743540929566,1.8600000367342847e-06,0.28984544418529273,0.9878826438341133
38.2,0.064,1.2080191441506194,1.7469700931924376e-06,0.2608796159073631,0.9882281525152448
38.400000000000006,0.064,1.2079689984661868,1.633241501369538e-06,0.23191064193587688,0.9885649031278271
38.6,0.064,1.2079236649340739,1.521127337544806e-06,0.20293695130275055,0.9888930914521853
38.800000000000004,0.064,1.2078836001161533,1.406906346103963e-06,0.1739603811193674,0.9892129095535477
39.0,0.064,1.20784819539501,1.295952054521301e-06,0.14497763886085,0.9895245458376984
39.2,0.064,1.2078184416842526,1.1800762963528565e-06,0.11599314703562365,0.9898281850954309
39.400000000000006,0.064,1.2077929242102787,1.0709925922283089e-06,0.08699973327732827,0.9901240085740117
39.6,0.064,1.2077738207753934,9.251476193504763e-07,0.05800765336053271,0.9904121945126475
39.800000000000004,0.064,1.207758226683248,4.238539232859039e-07,0.02900089793420192,0.9906927776601611
40.0,0.064,1.207758226683248,0.0,0.0,0.9906927776601611
0.0,0.066,1.0,0.0,6.087740897687154,0.0
0.2,0.066,1.1112094047959313,-0.008674469975628358,6.087740897687154,0.008045381600900516
0.4,0.066,1.1969821962391822,-0.004383607955291133,5.8252469036956915,0.02104770986939968
0.6000000000000001,0.066,1.214762571707085,-0.003106608469379526,5.855087162915738,0.038607802455134795
0.8,0.066,1.2460709024460805,-0.0022785033932584695,5.741297296115828,0.05854621753035388
1.0,0.066,1.25503842465301,-0.0018276618519472575,5.727404886051393,0.07996010234482169
1.2000000000000002,0.066,1.2682894469468156,-0.0014190816691744222,5.6619792406340785,0.1015709423823487
1.4000000000000001,0.066,1.2731196073107207,-0.0011584375712601755,5.63324547740215,0.123002599889928
1.6,0.066,1.2790649345473906,-0.0009204118407662286,5.586541459848907,0.14380210640688518
1.8,0.066,1.2816335202334581,-0.0007533413447235997,5.553890678207336,0.16391496732308372
2.0,0.066,1.2843368552353192,-0.0006055205392143246,5.51523835806371,0.18324902281629452
2.2,0.066,1.2855837217736148,-0.0004947385319616519,5.482244722306034,0.2018550123249563
2.4000000000000004,0.066,1.2866970588751905,-0.0003992427598905155,5.447454543107989,0.21975656157273243
2.6,0.066,1.2871222374262627,-0.0003246040563308136,5.415105020820502,0.2370202969390466
2.8000000000000003,0.066,1.2873726415831726,-0.0002613303730803903,5.382383007917867,0.2536938861298919
3.0,0.066,1.287264256235479,-0.0002106042347317,5.350812146936729,0.26983377621295995
3.2,0.066,1.2870051288448536,-0.00016802372476206202,5.31930847488116,0.28548372967803176
3.4000000000000004,0.066,1.2865416804364842,-0.00013338430882551446,5.288405745439293,0.30068613530237753
3.6,0.066,1.2859637496368292,-0.00010447522669436996,5.257672585080321,0.31547505499401396
3.8000000000000003,0.066,1.2852616925498728,-8.076730109478652e-05,5.227284995859085,0.32988106487065366
4.0,0.066,1.2844776812041006,-6.10521247007995e-05,5.197062696158438,0.34392930516459197
4.2,0.066,1.2836153167241953,-4.4819259994982e-05,5.167055377748395,0.3576417009546064
4.4,0.066,1.282696389540331,-3.1355065536781345e-05,5.137182206527714,0.3710366287338769
4.6000000000000005,0.066,1.2817272293458644,-2.0251221210319017e-05,5.107450575409472,0.3841300218726476
4.800000000000001,0.066,1.2807201036949634,-1.1058087225555283e-05,5.07782090605073,0.39693550503012354
5.0,0.066,1.2796806430971388,-3.4655089275122927e-06,5.048288172180224,0.4094650367675152
5.2,0.066,1.2786156861321332,2.8372203477588093e-06,5.018831102670252,0.4217293030373557
5.4,0.066,1.277529650868933,8.058073539180874e-06,4.98944236370606,0.4337376170592602
5.6000000000000005,0.066,1.2764278136716651,1.2366210477514164e-05,4.960109474938754,0.44549787889436787
5.800000000000001,0.066,1.275313776560588,1.5909203349466355e-05,4.930826201220475,0.457017268589016
6.0,0.066,1.2741908587832085,1.882038193796381e-05,4.901584901956511,0.46830233548717193
6.2,0.066,1.2730615488255714,2.1206326402546267e-05,4.872380742853108,0.47935911025918826
6.4,0.066,1.2719280413129384,2.315750146862345e-05,4.843208767174807,0.4901931852316715
6.6000000000000005,0.066,1.270792061513867,2.474744394524257e-05,4.814065414937148,0.5008097886335804
6.800000000000001,0.066,1.2696550943660383,2.603796363229393e-05,4.78494736137586,0.5112138407832183
7.0,0.066,1.2685183400627147,2.707978655985409e-05,4.755852042148984,0.5214100028032825
7.2,0.066,1.2673828187588478,2.7915310123726473e-05,4.7267771754046235,0.531402714512299
7.4,0.066,1.2662493688933179,2.857950617258145e-05,4.697720926986994,0.5411962261962108
7.6000000000000005,0.066,1.2651186993229522,2.9101510569551743e-05,4.668681702605258,0.550794623744546
7.800000000000001,0.066,1.2639913990982796,2.950542041339879e-05,4.639658187364605,0.5602018494108395
8.0,0.066,1.2628679658228374,2.9811273472483184e-05,4.610649248373437,0.5694217184417999
8.200000000000001,0.066,1.2617488165421102,3.0035663969756075e-05,4.581653933916206,0.5784579327370711
8.4,0.066,1.2606343044512727,3.0192374055649236e-05,4.5526714236743,0.5873140919011888
8.6,0.066,1.2595247279998938,3.029282363556436e-05,4.52370101760035,0.5959937023286676
8.8,0.066,1.2584203413520176,3.0346489491939932e-05,4.494742108187968,0.6045001846300366
9.0,0.066,1.2573213612676428,3.036122531020412e-05,4.465794168840339,0.6128368797729982
9.200000000000001,0.066,1.2562279739020086,3.034354467335212e-05,4.43685673724013,0.6210070541640471
9.4,0.066,1.2551403397605105,3.029884545189814e-05,4.407929405838693,0.6290139038972298
9.600000000000001,0.066,1.2540585982172938,3.0231602581904993e-05,4.379011811334665,0.6368605583245196
9.8,0.066,1.2529828710055344,3.0145523991316998e-05,4.350103627571193,0.6445500830881901
10.0,0.066,1.2519132652710308,3.0043682472691743e-05,4.321204558661676,0.6520854827175803
10.200000000000001,0.066,1.2508498760117732,2.9928623557459084e-05,4.292314333911779,0.659469702878129
10.4,0.066,1.2497927881633284,2.9802456009307802e-05,4.263432703243406,0.6667056323392303
10.600000000000001,0.066,1.248742078292626,2.9666926369794405e-05,4.2345594336386485,0.6737961047161275
10.8,0.066,1.247697816023523,2.9523481161111597e-05,4.20569430605302,0.680743900028537
11.0,0.066,1.2466600652023447,2.937331828911588e-05,4.176837112946233,0.6875517461108022
11.200000000000001,0.066,1.245628884869582,2.9217429807347873e-05,4.147987656181748,0.6942223199008547
11.4,0.066,1.2446043300573664,2.9056637293928896e-05,4.119145745320982,0.7007582486300515
11.600000000000001,0.066,1.243586452451937,2.8891621204868146e-05,4.090311196190071,0.7071621109313231
11.8,0.066,1.2425753009391518,2.872294515726594e-05,4.061483829706781,0.7134364378797532
12.0,0.066,1.2415709220568498,2.8551076075190918e-05,4.032663470902737,0.7195837139767971
12.200000000000001,0.066,1.2405733603680063,2.837640088287228e-05,4.003849948119206,0.7256063780871838
12.4,0.066,1.2395826587694498,2.8199240311068007e-05,3.9750430923398974,0.7315068243357465
12.600000000000001,0.066,1.2385988587467243,2.8019860325410197e-05,3.9462427366408193,0.7372874029699795
12.8,0.066,1.2376220005846479,2.7838481624153208e-05,3.9174487157349147,0.7429504211930174
13.0,0.066,1.236652123541368,2.76552874643941e-05,3.8886608655971813,0.7484981439707931
13.200000000000001,0.066,1.2356892659924592,2.7470430138833246e-05,3.8598790231546016,0.7539327948164054
13.4,0.066,1.2347334655501263,2.7284036365901198e-05,3.8311030260317165,0.7592565565541526
13.600000000000001,0.066,1.2337847591622986,2.7096211689015553e-05,3.8023327123412023,0.7644715720652189
13.8,0.066,1.2328431831949418,2.6907044184591168e-05,3.7735679205120176,0.7695799450165967
14.0,0.066,1.2319087735006629,2.671660747715505e-05,3.744808489149174,0.7745837405745857
14.200000000000001,0.066,1.2309815654759915,2.652496324611304e-05,3.7160542569187047,0.7794849861038956
14.4,0.066,1.2300615941090298,2.633216333039026e-05,3.6873050624543,0.7842856718532403
14.600000000000001,0.066,1.2291488940191162,2.613825141456598e-05,3.658560744280709,0.7889877516281435
14.8,0.066,1.2282434994892617,2.5943264484855558e-05,3.6298211407505687,0.7935931434515465
15.0,0.066,1.2273454444924148,2.5747234013048996e-05,3.601086089992507,0.7981037302127295
15.200000000000001,0.066,1.2264547627121722,2.5550186928554335e-05,3.572355429866681,0.8025213603049739
15.4,0.066,1.2255714875586792,2.5352146434937862e-05,3.5436289979281623,0.8068478482523398
15.600000000000001,0.066,1.2246956521807375,2.5153132694088635e-05,3.514906631394863,0.8110849753258841
15.8,0.066,1.2238272894747597,2.4953163358923807e-05,3.486188167121049,0.8152344901496125
16.0,0.066,1.2229664320917575,2.4752254029896984e-05,3.457473441575261,0.8192981092964143
16.2,0.066,1.222113112443014,2.4550418612064802e-05,3.428762290822455,0.8232775178742157
16.400000000000002,0.066,1.221267362704891,2.434766960795295e-05,3.4000545505103004,0.8271743701025511
16.6,0.066,1.2204292148233788,2.4144018364093288e-05,3.3713500558590908,0.8309902898797151
16.8,0.066,1.2195987005181705,2.393947528087279e-05,3.342648641654182,0.8347268713406535
17.0,0.066,1.2187758512863993,2.3734049963235772e-05,3.313950142241279,0.8383856794056921
17.2,0.066,1.2179606984057931,2.3527751354629515e-05,3.285254391522321,0.8419682503201908
17.400000000000002,0.066,1.2171532729370178,2.3320587889968393e-05,3.2565612229533394,0.8454760921851655
17.6,0.066,1.2163536057254534,2.3112567569082876e-05,3.227870469542155,0.8489106854788873
17.8,0.066,1.2155617274020731,2.2903698060727167e-05,3.1991819638469274,0.8522734835694392
18.0,0.066,1.2147776683838778,2.269398675071947e-05,3.170495537975213,0.855565913218169
18.2,0.066,1.2140014588738246,2.248344082124575e-05,3.141811023582747,0.8587893750739324
18.400000000000002,0.066,1.2132331288603417,2.227206728532916e-05,3.113128251873502,0.8619452441580076
18.6,0.066,1.2124727081166897,2.2059873019040238e-05,3.0844470535993667,0.8650348703394829
18.8,0.066,1.2117202262000235,2.184686480414626e-05,3.0557672590607,0.8680595788009214
19.0,0.066,1.2109757124502671,2.163304935232769e-05,3.0270886981067764,0.8710206704940312
19.200000000000003,0.066,1.2102391959888208,2.1418433324551883e-05,2.9984112001369727,0.873919422585046
19.400000000000002,0.066,1.2095107057170664,2.120302333500526e-05,2.9697345941017597,0.8767570888894797
19.6,0.066,1.2087902703146696,2.098682599573729e-05,2.9410587085045488,0.8795349002958819
19.8,0.066,1.2080779182378127,2.076984790020233e-05,2.9123833714035468,0.8822540651781876
20.0,0.066,1.2073736777171804,2.0552095642908563e-05,2.8837084104141746,0.8849157697962393
20.200000000000003,0.066,1.2066775767557876,2.0333575835033946e-05,2.8550336527122018,0.8875211786840399
20.400000000000002,0.066,1.205989643126595,2.0114295099062598e-05,2.8263589250372,0.8900714350252917
20.6,0.066,1.205309904369748,1.9894260087668873e-05,2.7976840536969965,0.8925676610157924
20.8,0.066,1.2046383877895213,1.9673477481865305e-05,2.7690088645730095,0.8950109582122774
21.0,0.066,1.2039751204507876,1.9451954005695477e-05,2.7403331831265323,0.8974024078673425
21.200000000000003,0.066,1.2033201291749345,1.9229696417263506e-05,2.711656834407029,0.8997430712501457
21.400000000000002,0.066,1.2026734405352006,1.90067115264933e-05,2.6829796430618598,0.9020339899526492
21.6,0.066,1.2020350808511273,1.878300620434809e-05,2.6543014333488575,0.9042761861812866
21.8,0.066,1.2014050761821342,1.8558587370523355e-05,2.6256220291518515,0.9064706630340271
22.0,0.066,1.2007834523197176,1.833346203668304e-05,2.59694125399977,0.9086184047629706
22.200000000000003,0.066,1.2001702347780279,1.8107637284480698e-05,2.568258931090744,0.9107203770227416
22.400000000000002,0.066,1.1995654487823342,1.788112029599578e-05,2.5395748833213108,0.9127775271051267
22.6,0.066,1.1989691192546774,1.765391838235115e-05,2.5108889333227395,0.9147907841605736
22.8,0.066,1.1983812707962218,1.7426038994886637e-05,2.4822009035053663,0.9167610594073576
23.0,0.066,1.1978019276653284,1.719748977560723e-05,2.453510616112678,0.9186892463294122
23.200000000000003,0.066,1.197231113750534,1.6968278580423023e-05,2.4248178932877575,0.9205762208640065
23.400000000000002,0.066,1.196668852537431,1.673841354224081e-05,2.396122557153682,0.922422841580637
23.6,0.066,1.1961151670681422,1.6507903118440068e-05,2.3674244299115603,0.9242299498526615
23.8,0.066,1.195570079892324,1.6276756174681124e-05,2.338723333959312,0.9259983700233659
24.0,0.066,1.1950336130080323,1.604498205233635e-05,2.310019092034547,0.9277289095682701
24.200000000000003,0.066,1.1945057877909406,1.581259068828861e-05,2.2813115273869173,0.929422359255578
24.400000000000002,0.066,1.1939866249101145,1.5579592719924182e-05,2.2526004639833928,0.9310794933067421
24.6,0.066,1.193476144228277,1.5345999624456557e-05,2.2238857267528913,0.9327010695591385
24.8,0.066,1.1929743646846807,1.5111823902151315e-05,2.195167141875059,0.9342878296328146
25.0,0.066,1.1924813041581175,1.4877079263041138e-05,2.166444537119175,0.9358404991032423
25.200000000000003,0.066,1.191996979307906,1.4641780857167893e-05,2.1377177422397113,0.9373597876818689
25.400000000000002,0.066,1.1915214053905014,1.4405945546844928e-05,2.108986589433674,0.9388463894061442
25.6,0.066,1.1910545960493226,1.4169592193893411e-05,2.0802509138665517,0.940300982840488
25.8,0.066,1.1905965630759006,1.3932742063037869e-05,2.0515105542714247,0.9417242312894615
26.0,0.066,1.1901473161402236,1.3695419173165874e-05,2.022765353626162,0.9431167830241312
26.200000000000003,0.066,1.1897068624890168,1.3457650773082146e-05,1.9940151599126048,0.9444792715223445
26.400000000000002,0.066,1.189275206610993,1.3219467835127487e-05,1.965259826959084,0.9458123157233327
26.6,0.066,1.1888523498688481,1.29809056092018e-05,1.936499215367269,0.9471165202967425
26.8,0.066,1.1884382900988857,1.2742004218021615e-05,1.9077331935211659,0.948392475925886
27.0,0.066,1.1880330211799988,1.2502809289053555e-05,1.8789616386733172,0.94964075960469
27.200000000000003,0.066,1.1876365325751699,1.226337261514757e-05,1.8501844381011627,0.9508619349475215
27.400000000000002,0.066,1.187248808849922,1.2023752878162111e-05,1.8214014903217586,0.952056552510802
27.6,0.066,1.1868698291737279,1.1784016315883109e-05,1.7926127063508832,0.953225150125063
27.8,0.066,1.1864995668120277,1.1544237429689999e-05,1.763818010987035,0.9543682532358825
28.0,0.066,1.1861379886178371,1.1304499647009341e-05,1.735017344098347,0.9554863752519709
28.200000000000003,0.066,1.1857850545338855,1.1064895953906736e-05,1.7062106618857962,0.9565800178985248
28.400000000000002,0.066,1.185440717117231,1.0825529410534929e-05,1.677397938092346,0.9576496715738857
28.6,0.066,1.1851049210997788,1.0586513619200605e-05,1.6485791651257524,0.9586958157074839
28.8,0.066,1.1847776029990074,1.034797302731576e-05,1.6197543550587727,0.9597189191170463
29.0,0.066,1.1844586907935795,1.0110043075984142e-05,1.590923540470573,0.9607194403630799
29.200000000000003,0.066,1.1841481036790544,9.872870158985273e-06,1.562086775092208,0.9616978280987174
29.400000000000002,0.066,1.1838457519179888,9.636611384363059e-06,1.5332441342195178,0.9626545214131262
29.6,0.066,1.1835515367981237,9.401434077822852e-06,1.5043957148609381,0.9635899501668165
29.8,0.066,1.1832653507105815,9.167515021073035e-06,1.4755416355893964,0.9645045353173486
30.0,0.066,1.1829870773579123,8.935039433343951e-06,1.4466820360752821,0.9653986892341371
30.200000000000003,0.066,1.1827165920989002,8.704199666837863e-06,1.4178170762822098,0.9662728160012275
30.400000000000002,0.066,1.1824537624340727,8.475193614674236e-06,1.3889469353180097,0.9671273117071508
30.6,0.066,1.182198448631616,8.248222869124964e-06,1.360071809939195,0.9679625647211527
30.8,0.066,1.1819505044902348,8.023490617524311e-06,1.331191912721949,0.9687789559553123
31.0,0.066,1.181709778230101,7.801199330601162e-06,1.302307469916216,0.9695768591122663
31.200000000000003,0.066,1.181476113500814,7.581548288224122e-06,1.2734187190192068,0.9703566409184378
31.400000000000002,0.066,1.1812493504886588,7.364730966599814e-06,1.244525906100226,0.9711186613428491
31.6,0.066,1.1810293271058707,7.150932379377146e-06,1.2156292829376314,0.9718632738017605
31.8,0.066,1.1808158802363051,6.9403264036148346e-06,1.1867291040064651,0.9725908253495092
32.0,0.066,1.1806088470173322,6.733073192282412e-06,1.1578256234021123,0.973301656856052
32.2,0.066,1.1804080661256358,6.529316710703149e-06,1.1289190917293939,0.9739961031718084
32.4,0.066,1.1802133790497369,6.3291824723887376e-06,1.1000097530709327,0.9746744932804894
32.6,0.066,1.1800246313102243,6.1327755831695125e-06,1.0710978420277908,0.9753371504406448
32.800000000000004,0.066,1.1798416736224513,5.9401790121519535e-06,1.0421835809918003,0.9759843923167205
33.0,0.066,1.1796643629519763,5.751452389952358e-06,1.0132671775584354,0.9766165311004242
33.2,0.066,1.1794925634839823,5.566630978771694e-06,0.984348822333559,0.9772338736232176
33.4,0.066,1.1793261474325947,5.385725388604884e-06,0.9554286868689114,0.9778367214607414
33.6,0.066,1.1791649957645778,5.208721261057712e-06,0.9265069221898917,0.9784253710299722
33.800000000000004,0.066,1.1790089987039292,5.0355800629334875e-06,0.8975836572933712,0.979000113679855
34.0,0.066,1.1788580562006765,4.8662392709762025e-06,0.868658998553702,0.9795612357761669
34.2,0.066,1.178712078088809,4.700614443043486e-06,0.8397330286620236,0.980109018781262
34.4,0.066,1.1785709843482497,4.53859937538075e-06,0.8108058071046964,0.980643739329372
34.6,0.066,1.1784347048672406,4.380069910319696e-06,0.7818773691727293,0.9811656692980052
34.800000000000004,0.066,1.1783031796296126,4.224882935108089e-06,0.752947727906339,0.9816750758760412
35.0,0.066,1.1781763579703972,4.0728831297894174e-06,0.7240168723472886,0.9821722216289106
35.2,0.066,1.1780541989690199,3.9238984282608815e-06,0.695084771905172,0.9826573645614364
35.4,0.066,1.177936669904557,3.777752724075355e-06,0.6661513720802956,0.9831307581785039
35.6,0.066,1.1778237474414728,3.6342526615514813e-06,0.6372166035713325,0.9835926515442137
35.800000000000004,0.066,1.1777154145460023,3.493213511261325e-06,0.6082803715998675,0.9840432893393402
36.0,0.066,1.177611663730297,3.3544258463497797e-06,0.5793425752432906,0.9844829119180324
36.2,0.066,1.1775124906608285,3.2177114308790113e-06,0.5504030817273738,0.9849117553629646
36.4,0.066,1.1774179022714044,3.0828439348377082e-06,0.5214617687096706,0.9853300515405823
36.6,0.066,1.1773279029425245,2.94967354656179e-06,0.4925184640204781,0.9857380281544479
36.800000000000004,0.066,1.1772425138185865,2.8179430250397054e-06,0.4635730401305279,0.9861359087999286
37.0,0.066,1.1771617420926872,2.687569413956121e-06,0.4346252749715903,0.9865239130157779
37.2,0.066,1.177085625889983,2.5582220576659904e-06,0.40567506539185605,0.9869022563392906
37.4,0.066,1.1770141650708514,2.429962362412781e-06,0.3767221081036643,0.9872711503554966
37.6,0.066,1.1769474242635984,2.302281125448946e-06,0.3477663842841066,0.9876308027543473
37.800000000000004,0.066,1.1768853761559965,2.175551924195464e-06,0.3188074311859343,0.9879814173757704
38.0,0.066,1.1768281365041906,2.048842544901486e-06,0.28984544356979364,0.9883231942717673
38.2,0.066,1.1767756088780956,1.923212217706459e-06,0.2608796153717954,0.9886563297434295
38.400000000000006,0.066,1.176728018588601,1.7967493734300439e-06,0.23191064150331578,0.9889810164136964
38.6,0.066,1.1766851080539322,1.6720370529730805e-06,0.2029369509428567,0.9892974432481527
38.800000000000004,0.066,1.1766473463315323,1.5449286693018888e-06,0.17396038088174623,0.9896057956501746
39.0,0.066,1.176614109730754,1.4214202417369315e-06,0.14497763867466257,0.9899062554485156
39.2,0.066,1.1765864150645116,1.2923873136358335e-06,0.11599314700950672,0.9901990010363481
39.400000000000006,0.066,1.1765628114928468,1.1710514497876846e-06,0.08699973325865429,0.9904842072983283
39.6,0.066,1.1765455234733322,1.01056930361216e-06,0.05800765396253032,0.9907620464449144
39.800000000000004,0.066,1.1765313930773704,4.6245462465611003e-07,0.02900090364932143,0.9910325507143026
40.0,0.066,1.1765313930773704,0.0,0.0,0.9910325507143026
0.0,0.068,1.0,0.0,6.087835776929058,0.0
0.2,0.068,1.1085246579013919,-0.009694259067088823,6.087835776929058,0.011330178463650567
0.4,0.068,1.1908327272727488,-0.004834959276806984,5.8251929632130945,0.02848898125897941
0.6000000000000001,0.068,1.2040325973384671,-0.0033813095202045776,5.855072743485888,0.05054921100591526
0.8,0.068,1.2311810529008467,-0.0024472612376889575,5.741288778595596,0.07454966349332272
1.0,0.068,1.236064869335906,-0.0019442350493816681,5.7274012502436396,0.099436798158854
1.2000000000000002,0.068,1.2459334549089043,-0.0014951497856833744,5.661975887076991,0.12378531035669847
1.4000000000000001,0.068,1.2477681778697693,-0.0012134082518376135,5.633243818169893,0.14732288231388355
1.6,0.068,1.2512861623365505,-0.0009582120423394138,5.586539812036989,0.1696601439693754
1.8,0.068,1.251790784447507,-0.0007815864684622554,5.553889733266381,0.19086258804399253
2.0,0.068,1.252821911802534,-0.0006258245067476963,5.515237448827273,0.2109181254144961
2.2,0.068,1.252671647543023,-0.0005101877141858138,5.482244126849318,0.22996114804511392
2.4000000000000004,0.068,1.2526490116879456,-0.0004106154020460082,5.4474539960247945,0.24807384491310336
2.6,0.068,1.2521337924454385,-0.00033322906417619104,5.415104625081909,0.26537524960270836
2.8000000000000003,0.068,1.25161814440126,-0.00026764247999436084,5.3823826566446815,0.2819512428599335
3.0,0.068,1.2508798365501463,-0.00021522839411658513,5.35081187518231,0.29789039397425965
3.2,0.068,1.2501081689769915,-0.00017122965013574584,5.3193082382995085,0.3132605727460454
3.4000000000000004,0.068,1.249226198887177,-0.00013549788989079527,5.288405554246299,0.32812382106863647
3.6,0.068,1.2483093719392797,-0.00010567458604665494,5.257672419905388,0.34252921012360715
3.8000000000000003,0.068,1.2473331525422495,-8.12395787865881e-05,5.227284858398015,0.3565193365150675
4.0,0.068,1.2463292623290056,-6.091862054047236e-05,5.197062577330025,0.370128601088394
4.2,0.068,1.2452915178348647,-4.419585161548478e-05,5.1670552767072335,0.38338625553942407
4.4,0.068,1.2442343097802075,-3.032533641913928e-05,5.137182118629761,0.39631633463860777
4.6000000000000005,0.068,1.2431573998035375,-1.8889991717094396e-05,5.107450499308663,0.4089392035166189
4.800000000000001,0.068,1.2420678554435072,-9.42164068259103e-06,5.0778208391516815,0.42127190761050104
5.0,0.068,1.2409667633110943,-1.5994195619808203e-06,5.048288113207095,0.43332908707346274
5.2,0.068,1.2398573136889002,4.8961595973871064e-06,5.018831049703844,0.4451234779711431
5.4,0.068,1.2387413299699428,1.0273357381764901e-05,4.989442315791358,0.4566657267795618
5.6000000000000005,0.068,1.2376215653962543,1.4706844961136129e-05,4.960109431425276,0.46796493263021144
5.800000000000001,0.068,1.236499523325141,1.835005304872186e-05,4.930826161470273,0.4790291562724578
6.0,0.068,1.2353768014485176,2.1341285203830653e-05,4.901584865299766,0.48986558634221294
6.2,0.068,1.2342544529728194,2.3790690273867522e-05,4.872380708790043,0.5004807093896941
6.4,0.068,1.2331334878270672,2.579180250293915e-05,4.843208735264748,0.5108804317954413
6.6000000000000005,0.068,1.232014645153679,2.742050003277859e-05,4.814065384836216,0.5210701872912116
6.800000000000001,0.068,1.2308985937554606,2.8740576545774314e-05,4.784947332789067,0.5310550179781989
7.0,0.068,1.2297858553586511,2.9804327498295482e-05,4.755852014839895,0.5408396427870895
7.2,0.068,1.2286768879289518,3.065546894003117e-05,4.7267771491735076,0.5504285103959272
7.4,0.068,1.2275720629496765,3.133003862367485e-05,4.697720901671404,0.5598258428626331
7.6000000000000005,0.068,1.2264717021285079,3.1858063571045894e-05,4.6686816780692,0.5690356698630691
7.800000000000001,0.068,1.2253760731162053,3.226436996004709e-05,4.6396581634965965,0.578061856578559
8.0,0.068,1.2242854069657831,3.256960326743905e-05,4.6106492250806665,0.5869081258024009
8.200000000000001,0.068,1.2231998994990125,3.279085814636796e-05,4.581653911122308,0.595578075853485
8.4,0.068,1.2221197203995104,3.2942333005519316e-05,4.55267140131588,0.6040751948889408
8.6,0.068,1.2210450158175468,3.303579168773024e-05,4.523700995625182,0.6124028724998654
8.8,0.068,1.2199759135445463,3.308099666253194e-05,4.494742086552839,0.6205644090508899
9.0,0.068,1.2189125254403628,3.308603805048569e-05,4.465794147509615,0.6285630232800945
9.200000000000001,0.068,1.2178549505778162,3.3057625680944994e-05,4.436856716184414,0.6364018584822668
9.4,0.068,1.2168032771399315,3.300131996821192e-05,4.4079293850337775,0.6440839875865504
9.600000000000001,0.068,1.2157575844177313,3.292173069739263e-05,4.37901179076062,0.6516124173437772
9.8,0.068,1.2147179442001241,3.282267754556735e-05,4.3501036072116595,0.6589900918140887
10.0,0.068,1.2136844220915262,3.270732595203264e-05,4.321204538503226,0.6662198952944689
10.200000000000001,0.068,1.2126570785083137,3.257829825369652e-05,4.292314313943424,0.6733046548039815
10.4,0.068,1.211635969569965,3.2437766874277366e-05,4.263432683456179,0.6802471422157707
10.600000000000001,0.068,1.2106211478015223,3.228753110642667e-05,4.234559414025243,0.6870500761088074
10.8,0.068,1.2096126627384334,3.212908121967688e-05,4.20569428660752,0.6937161233955264
11.0,0.068,1.208610561411554,3.1963651399217605e-05,4.176837093663855,0.7002479007706046
11.200000000000001,0.068,1.207614888755415,3.179226376499445e-05,4.147987637058664,0.7066479760160843
11.4,0.068,1.2066256879388815,3.161576486240695e-05,4.119145726354147,0.7129188691909698
11.600000000000001,0.068,1.2056430006411865,3.143485588867691e-05,4.09031117737707,0.7190630537273125
11.8,0.068,1.2046668672774297,3.125011767414475e-05,4.061483811045748,0.725082957450364
12.0,0.068,1.203697327186098,3.106203146311524e-05,4.032663452392248,0.730980963536583
12.200000000000001,0.068,1.2027344187829987,3.0870996106653705e-05,4.003849929758194,0.7367594114204635
12.4,0.068,1.201778179688611,3.067734226714047e-05,3.975043074127601,0.7424205976588494
12.600000000000001,0.068,1.2008286468328853,3.048134420541775e-05,3.9462427185767153,0.7479667767595615
12.8,0.068,1.1998858565417048,3.0283229557060963e-05,3.917448697818697,0.7534001619797737
13.0,0.068,1.1989498446083173,3.0083187395529016e-05,3.8886608478287004,0.7587229260984282
13.200000000000001,0.068,1.1980206463525833,2.9881374901173373e-05,3.8598790055338457,0.7639372021660729
13.4,0.068,1.1970982966700527,2.9677922907363614e-05,3.8311030085587943,0.7690450842348328
13.600000000000001,0.068,1.1961828300730932,2.9472940439429468e-05,3.8023326950163034,0.7740486280706504
13.8,0.068,1.1952742807253136,2.926651853983696e-05,3.7735679033354184,0.7789498518494784
14.0,0.068,1.194372682470601,2.9058733346614004e-05,3.744808472121209,0.7837507368388107
14.200000000000001,0.068,1.1934780688577153,2.884964870932857e-05,3.716054240039754,0.7884532280656052
14.4,0.068,1.1925904731609442,2.86393183328923e-05,3.687305045724779,0.7930592349714726
14.600000000000001,0.068,1.1917099283974684,2.8427787518545534e-05,3.6585607277010754,0.7975706320558478
14.8,0.068,1.1908364673413951,2.8215094680876417e-05,3.6298211243213023,0.8019892595077023
15.0,0.068,1.1899701225348376,2.8001272549074786e-05,3.6010860737141104,0.8063169238262832
15.200000000000001,0.068,1.189110926296105,2.7786349173517338e-05,3.572355413739674,0.8105553984312783
15.4,0.068,1.188258910725293,2.7570348774173905e-05,3.543628981953073,0.8147064242627402
15.600000000000001,0.068,1.1874141077079063,2.7353292442982635e-05,3.5149066155722375,0.8187717103710709
15.8,0.068,1.1865765489168398,2.7135198695848773e-05,3.48618815145143,0.8227529344973226
16.0,0.068,1.1857462658136384,2.691608391908031e-05,3.457473426059208,0.8266517436440345
16.2,0.068,1.1849232896494561,2.6695962780233153e-05,3.4287622754605236,0.8304697546368089
16.400000000000002,0.068,1.184107651465977,2.647484848840722e-05,3.400054535303054,0.8342085546768072
16.6,0.068,1.1832993820967832,2.625275306588678e-05,3.3713500408070898,0.8378697018842898
16.8,0.068,1.1824985121687794,2.6029687560309584e-05,3.3426486267579856,0.8414547258333462
17.0,0.068,1.1817050721037614,2.5805662205926695e-05,3.313950127501452,0.8449651280778939
17.2,0.068,1.180919092119781,2.5580686547738225e-05,3.2852543769394247,0.848402382669004
17.400000000000002,0.068,1.1801406022320144,2.5354769617238142e-05,3.256561208527923,0.8517679366635958
17.6,0.068,1.1793696322533398,2.512791999802333e-05,3.2278704552747803,0.8550632106244817
17.8,0.068,1.1786062117942253,2.4900145917935292e-05,3.1991819497381426,0.8582895991117424
18.0,0.068,1.1778503702623768,2.4671455335718316e-05,3.1704955240255726,0.8614484711653486
18.2,0.068,1.1771021368620147,2.4441856002196777e-05,3.1418110097927903,0.8645411707789269
18.400000000000002,0.068,1.1763615405928654,2.421135547420781e-05,3.113128238243774,0.8675690173645314
18.6,0.068,1.1756286102491063,2.3979961197760097e-05,3.084447040130401,0.8705333062082311
18.8,0.068,1.1749033744180852,2.3747680505813085e-05,3.055767245753035,0.8734353089163012
19.0,0.068,1.1741858614789284,2.3514520666745848e-05,3.027088684960945,0.8762762738517548
19.200000000000003,0.068,1.173476099601028,2.3280488900565988e-05,2.9984111871534997,0.8790574265609199
19.400000000000002,0.068,1.1727741167423895,2.304559238349852e-05,2.969734581281166,0.8817799701897231
19.6,0.068,1.1720799406477866,2.2809838289234996e-05,2.9410586958473566,0.8844450858893219
19.8,0.068,1.1713935988469109,2.2573233771532218e-05,2.9123833589102666,0.8870539332106824
20.0,0.068,1.1707151186522717,2.233578599899101e-05,2.883708398085317,0.8896076504876932
20.200000000000003,0.068,1.1700445271569728,2.2097502152694628e-05,2.8550336405482724,0.892107355208391
20.400000000000002,0.068,1.169381851232286,2.1858389430573004e-05,2.8263589130386992,0.894554144373867
20.6,0.068,1.1687271175248641,2.1618455062509842e-05,2.7976840418644175,0.8969490948444486
20.8,0.068,1.1680803524536707,2.1377706318785322e-05,2.7690088529068455,0.8992932636727652
21.0,0.068,1.1674415822064388,2.1136150506429882e-05,2.7403331716272707,0.9015876884233583
21.200000000000003,0.068,1.1668108327355844,2.0893794982983385e-05,2.711656823075149,0.9038333874785586
21.400000000000002,0.068,1.166188129753545,2.0650647157421145e-05,2.6829796318978385,0.9060313603304205
21.6,0.068,1.1655734987272313,2.040671451175701e-05,2.6543014223531642,0.908182587858621
21.8,0.068,1.1649669648715932,2.0162004580474625e-05,2.6256220183249503,0.9102880325943268
22.0,0.068,1.164368553141815,1.991652500073631e-05,2.5969412433421155,0.9123486389701798
22.200000000000003,0.068,1.1637782882238656,1.9670283494045916e-05,2.568258920602796,0.9143653335566996
22.400000000000002,0.068,1.1631961945229332,1.9423287895347634e-05,2.5395748730035086,0.916339025285555
22.6,0.068,1.162622296149024,1.9175546182592516e-05,2.510888923175521,0.9182706056603419
22.8,0.068,1.1620566168992468,1.8927066502406785e-05,2.4822008935291655,0.9201609489556771
23.0,0.068,1.1614991802357915,1.8677857211774614e-05,2.4535106063079146,0.9220109124056038
23.200000000000003,0.068,1.1609500092587828,1.8427926920356694e-05,2.424817883654848,0.9238213363824797
23.400000000000002,0.068,1.1604091266730148,1.817728454681743e-05,2.396122547693023,0.925593044567699
23.6,0.068,1.1598765547472225,1.7925939392996024e-05,2.3674244206235455,0.9273268441157483
23.8,0.068,1.1593523152648608,1.7673901222502606e-05,2.3387233248443158,0.9290235258132447
24.0,0.068,1.1588364294646765,1.7421180345122237e-05,2.3100190830929366,0.9306838642347172
24.200000000000003,0.068,1.1583289179695846,1.7167787762614004e-05,2.281311518619027,0.9323086178969748
24.400000000000002,0.068,1.1578298007020427,1.6913735267344584e-05,2.252600455389548,0.9338985294139658
24.6,0.068,1.1573390967838346,1.6659035629273682e-05,2.223885718333386,0.935454325654043
24.8,0.068,1.1568568244184052,1.640370278112124e-05,2.195167133630161,0.936976717901519
25.0,0.068,1.1563830007532496,1.614775205005837e-05,2.166444529049108,0.9384664020243452
25.200000000000003,0.068,1.1559176417202157,1.5891200400510094e-05,2.137717734344666,0.9399240586496209
25.400000000000002,0.068,1.1554607618513635,1.5634066759441836e-05,2.1089865817137947,0.9413503533485057
25.6,0.068,1.1550123740679954,1.5376372352753363e-05,2.080250906321916,0.9427459368319123
25.8,0.068,1.1545724894409721,1.5118141115503617e-05,2.05151054690205,0.9441114451581366
26.0,0.068,1.1541411169202256,1.48594001402216e-05,2.022765346431989,0.9454474999533383
26.200000000000003,0.068,1.1537182630322431,1.4600180191014324e-05,1.994015152893483,0.9467547086454947
26.400000000000002,0.068,1.1533039315446085,1.434051625052914e-05,1.965259820114766,0.9480336647121805
26.6,0.068,1.1528981230974307,1.4080448155432006e-05,1.9364992086973856,0.9492849479422063
26.8,0.068,1.1525008348026278,1.3820021248524502e-05,1.9077331870252092,0.9505091247108574
27.0,0.068,1.152112059812884,1.3559287086711181e-05,1.8789616323506464,0.9517067482681789
27.200000000000003,0.068,1.151731786863534,1.32983041849554e-05,1.8501844319509548,0.9528783590394632
27.400000000000002,0.068,1.1513599997919368,1.3037138791124165e-05,1.8214014843430124,0.9540244849368446
27.6,0.068,1.1509966770404712,1.2775865638611204e-05,1.792612700542396,0.9551456416806651
27.8,0.068,1.1506417911509432,1.2514568714012054e-05,1.763818005347368,0.956242333129081
28.0,0.068,1.150295308259534,1.2253341967981279e-05,1.735017338625835,0.9573150516142096
28.200000000000003,0.068,1.149957187603386,1.1992289996922358e-05,1.7062106565785067,0.9583642782829949
28.400000000000002,0.068,1.149627381050919,1.1731528597039619e-05,1.6773979329480762,0.9593904834408907
28.6,0.068,1.1493058326694372,1.1471185227217002e-05,1.6485791601420048,0.9603941268964197
28.8,0.068,1.148992478344472,1.1211399317775997e-05,1.6197543502327547,0.961375658304662
29.0,0.068,1.1486872454656312,1.095232238151759e-05,1.5909235357991833,0.962335517507785
29.200000000000003,0.068,1.1483900526942388,1.0694117915234845e-05,1.5620867705720427,0.9632741348707832
29.400000000000002,0.068,1.1481008098270904,1.0436961076722639e-05,1.5332441298468642,0.964191931610728
29.6,0.068,1.1478194177699907,1.0181038063270744e-05,1.5043957106317851,0.965089320117953
29.8,0.068,1.147545768632924,9.926545212076002e-06,1.4755416314994516,0.9659667042677688
30.0,0.068,1.1472797459565558,9.673687797512163e-06,1.4466820321199867,0.9668244797214812
30.200000000000003,0.068,1.1470212250767557,9.42267851087153e-06,1.4178170724567785,0.9676630342156791
30.400000000000002,0.068,1.146770073630815,9.173735648911882e-06,1.3889469316174503,0.9684827478389573
30.6,0.068,1.1465261522046848,8.927080995685937e-06,1.3600718063583528,0.9692839932954392
30.8,0.068,1.1462893151173943,8.682937449451524e-06,1.3311919092555564,0.9700671361546656
31.0,0.068,1.1460594113332574,8.441526419474524e-06,1.3023074665589462,0.9708325350876074
31.200000000000003,0.068,1.1458362854903328,8.203065053533147e-06,1.273418715765717,0.9715805420887332
31.400000000000002,0.068,1.145619779026789,7.967763327599095e-06,1.2445259029452265,0.9723115026842378
31.6,0.068,1.1454097313874008,7.735821104591808e-06,1.2156292798759432,0.973025756126681
31.8,0.068,1.1452059812838853,7.5074251965093885e-06,1.1867291010330765,0.9737236355764186
32.0,0.068,1.1450083679885148,7.2827465210815975e-06,1.1578256205122424,0.9744054682703275
32.2,0.068,1.1448167326279703,7.061937443111127e-06,1.128919088918544,0.9750715756784026
32.4,0.068,1.1446309194601338,6.8451293331566286e-06,1.1000097503349393,0.9757222736489023
32.6,0.068,1.1444507770940315,6.632430490872079e-06,1.0710978393628772,0.9763578725427466
32.800000000000004,0.068,1.1442761596480644,6.423924339185403e-06,1.0421835783946094,0.9769786773579378
33.0,0.068,1.1441069277958122,6.2196682044221555e-06,1.0132671750260605,0.977584987844764
33.2,0.068,1.1439429497219156,6.019692306126833e-06,0.9843488198635756,0.9781770986125847
33.4,0.068,1.1437841019122565,5.823999569722301e-06,0.9554286844593806,0.9787552992289598
33.6,0.068,1.1436302698558656,5.632565413947674e-06,0.9265069198393775,0.9793198743118928
33.800000000000004,0.068,1.1434813485215067,5.4453387603924195e-06,0.8975836550009262,0.9798711036159012
34.0,0.068,1.1433372427985382,5.262242369338315e-06,0.8686589963188656,0.9804092621126348
34.2,0.068,1.143197867618977,5.0831752392897805e-06,0.8397330264847954,0.9809346200666558
34.4,0.068,1.1430631481889961,4.908012919285681e-06,0.8108058049855191,0.9814474431070463
34.6,0.068,1.1429330197080674,4.73661177118936e-06,0.7818773671124386,0.9819479922953204
34.800000000000004,0.068,1.14280742752899,4.56880800119525e-06,0.7529477259061641,0.9824365241902725
35.0,0.068,1.1426863263610239,4.404425113005738e-06,0.7240168704087551,0.9829132909100388
35.2,0.068,1.1425696806488348,4.243269037574165e-06,0.6950847700301471,0.983378540192062
35.4,0.068,1.1424574629581408,4.085142059593837e-06,0.6661513702708153,0.9838325154509073
35.6,0.068,1.1423496551786696,3.929828444342278e-06,0.637216601829757,0.9842754558348602
35.800000000000004,0.068,1.1422462453318847,3.7771227113062834e-06,0.6082803699285371,0.9847075962806829
36.0,0.068,1.1421472309023295,3.6267932634565863e-06,0.5793425736449447,0.9851291675680854
36.2,0.068,1.1420526122446903,3.4786433957066605e-06,0.5504030802044176,0.985540396372177
36.4,0.068,1.1419624009388465,3.332424713382188e-06,0.5214617672651918,0.9859415053168987
36.6,0.068,1.141876605549798,3.1879731452720773e-06,0.4925184626566282,0.9863327130254212
36.800000000000004,0.068,1.141795251533209,3.0450080746416956e-06,0.46357303885088563,0.9867142341737016
37.0,0.068,1.141718349594641,2.903439849865948e-06,0.4346252737775273,0.987086279538393
37.2,0.068,1.1416459419427172,2.7629090167296015e-06,0.4056750642879592,0.9874490560521683
37.4,0.068,1.1415780310036039,2.623484732073336e-06,0.3767221070895049,0.9878027668475411
37.6,0.068,1.141514685594671,2.4846136696094256e-06,0.3477663833666058,0.9881476113168909
37.800000000000004,0.068,1.1414558794711487,2.3467067482440575e-06,0.3188074303606922,0.9884837851483897
38.0,0.068,1.1414017334940838,2.2087495900341352e-06,0.28984544284917924,0.9888114803965661
38.2,0.068,1.1413521495900243,2.0719023943214605e-06,0.2608796147426406,0.9891308855020765
38.400000000000006,0.068,1.1413073609448579,1.9340820314700203e-06,0.23191064099054134,0.9894421853848858
38.6,0.068,1.1412671028886385,1.798112879140267e-06,0.2029369505137947,0.9897455614304529
38.800000000000004,0.068,1.14123185930221,1.6594717719154835e-06,0.17396038058990862,0.9900411916307156
39.0,0.068,1.1412009877791958,1.5247092817583154e-06,0.14497763844372016,0.9903292505000544
39.2,0.068,1.1411755363330198,1.3838709071121866e-06,0.11599314695651504,0.9906099093135757
39.400000000000006,0.068,1.1411540100326523,1.2515766384346863e-06,0.0869997332164403,0.9908833358808883
39.6,0.068,1.141138693142184,1.0787752441936192e-06,0.05800765456533982,0.9911496956763034
39.800000000000004,0.068,1.141126149439103,4.930205394873675e-07,0.02900090963353187,0.9914090180088118
40.0,0.068,1.141126149439103,0.0,0.0,0.9914090180088118
0.0,0.07,1.0,0.0,6.08794159420302,0.0
0.2,0.07,1.1047408092099322,-0.010679029462321086,6.08794159420302,0.01584222021723598
0.4,0.07,1.1825389556366805,-0.005240492831007069,5.825133314493498,0.03828428008672059
0.6000000000000001,0.07,1.1901024385064882,-0.003607747420353374,5.855057056500798,0.06570573562201376
0.8,0.07,1.2124251740211895,-0.002571510851554307,5.741279619166968,0.09426153697705632
1.0,0.07,1.21273456312588,-0.002021270252217068,5.727397424753592,0.1228449035104614
1.2000000000000002,0.07,1.218973172673054,-0.0015379423696392184,5.661972359768551,0.14996278788369588
1.4000000000000001,0.07,1.2176594683346325,-0.001240441837257589,5.633242109037434,0.17553475723863643
1.6,0.07,1.2186954933830525,-0.0009730868011601163,5.586538104554961,0.1992845138384343
1.8,0.07,1.2171137098781264,-0.000790904987397795,5.553888769265487,0.2214324736058898
2.0,0.07,1.2164821182343992,-0.0006306637966715939,5.515236515207077,0.24206317372000116
2.2,0.07,1.2149512443422772,-0.0005129301212907448,5.482243521289734,0.2614041746209108
2.4000000000000004,0.07,1.213816940704782,-0.0004116053347368077,5.447453436853836,0.2795995002404644
2.6,0.07,1.2123848411290894,-0.00033334378696781985,5.415104222582889,0.29682168167341033
2.8000000000000003,0.07,1.2111268489997489,-0.00026700694295606325,5.382382298054742,0.31319418883671407
3.0,0.07,1.2097798428271742,-0.00021417728622778886,5.350811598234101,0.3288366724859589
3.2,0.07,1.2085151754335124,-0.00016981820846073182,5.31930799647557,0.34383977599011256
3.4000000000000004,0.07,1.2072318737600944,-0.00013386183563955734,5.288405358732275,0.3582839453218823
3.6,0.07,1.2059915584612286,-0.00010384462207146612,5.257672250511147,0.3722320959590537
3.8000000000000003,0.07,1.2047547639514515,-7.927598814516456e-05,5.22728471716083,0.3857378541467648
4.0,0.07,1.2035431440753959,-5.8841431863398e-05,5.197062454851738,0.398844034987464
4.2,0.07,1.2023408518569558,-4.2035177154287774e-05,5.167055172257329,0.41158652193488166
4.4,0.07,1.2011551295190497,-2.809503529195061e-05,5.137182027436892,0.42399443589201347
4.6000000000000005,0.07,1.199979300013412,-1.6606192412721684e-05,5.107450420062222,0.43609211226656547
4.800000000000001,0.07,1.1988153841729814,-7.091926467885429e-06,5.077820769207374,0.447899647325056
5.0,0.07,1.1976599918324784,7.710046386536433e-07,5.048288051195255,0.45943408123001106
5.2,0.07,1.1965130228511662,7.30132740502535e-06,5.018830993675157,0.4707098469047524
5.4,0.07,1.1953736678200564,1.2702529715788843e-05,4.989442264899394,0.4817388014435092
5.6000000000000005,0.07,1.194242205215405,1.715210296319373e-05,4.960109385008821,0.4925310930350877
5.800000000000001,0.07,1.193118082882905,2.0805354689497355e-05,4.930826118877376,0.5030955406923985
6.0,0.07,1.1920012195375054,2.380222811826177e-05,4.901584825849739,0.5134398720067984
6.2,0.07,1.1908912691657352,2.625374751724213e-05,4.872380671977512,0.5235709470919458
6.4,0.07,1.1897880896198847,2.8254269468073517e-05,4.843208700642926,0.5334949184741914
6.6000000000000005,0.07,1.1886914613870554,2.9880171468718885e-05,4.8140653520573755,0.5432173690693892
6.800000000000001,0.07,1.187601260980284,3.11956959671443e-05,4.784947301554471,0.5527434156869617
7.0,0.07,1.186517351581911,3.2253441621453786e-05,4.7558519849104295,0.5620777953753523
7.2,0.07,1.1854396458679657,3.3097389428200785e-05,4.726777120347075,0.5712249318454321
7.4,0.07,1.1843680624106405,3.376377137645181e-05,4.697720873783746,0.5801889897599083
7.6000000000000005,0.07,1.1833025475333063,3.4282781114397645e-05,4.668681650982757,0.5889739171062783
7.800000000000001,0.07,1.1822430572318785,3.467937373530447e-05,4.63965813709869,0.5975834794500405
8.0,0.07,1.1811895641136472,3.497430400209654e-05,4.610649199277446,0.6060212869145205
8.200000000000001,0.07,1.180142049473681,3.518475386544449e-05,4.581653885836583,0.6142908158749232
8.4,0.07,1.1791005050277312,3.5324995135714774e-05,4.5526713764836275,0.6223954261592023
8.6,0.07,1.1780649291967402,3.540685136278295e-05,4.523700971193646,0.6303383748635965
8.8,0.07,1.1770353271678475,3.5440134948034267e-05,4.494742062478359,0.63812282737823
9.0,0.07,1.1760117089982196,3.543297701955612e-05,4.465794123756246,0.6457518662686722
9.200000000000001,0.07,1.1749940892219382,3.539212161420101e-05,4.436856692722467,0.6532284984228307
9.4,0.07,1.1739824857821208,3.5323157408927425e-05,4.407929361838856,0.6605556608502812
9.600000000000001,0.07,1.1729769195879305,3.523071772509446e-05,4.379011767812645,0.6677362254032082
9.8,0.07,1.1719774138686743,3.511864176482114e-05,4.350103584494148,0.6747730026545798
10.0,0.07,1.1709839938102347,3.4990111223349685e-05,4.321204516002681,0.68166874510618
10.200000000000001,0.07,1.1699966861531537,3.484776192959636e-05,4.292314291648806,0.6884261498709814
10.4,0.07,1.169015518927075,3.4693777555733065e-05,4.263432661358485,0.6950478609388733
10.600000000000001,0.07,1.168040521192731,3.452996673121887e-05,4.234559392117173,0.7015364711145157
10.8,0.07,1.1670717228518057,3.4357827532722486e-05,4.2056942648831495,0.7078945236953699
11.0,0.07,1.1661091544726387,3.417860065245526e-05,4.176837072118432,0.7141245139444234
11.200000000000001,0.07,1.1651528471527277,3.399331366050799e-05,4.147987615688387,0.7202288903998009
11.4,0.07,1.1642028323971598,3.380281769075526e-05,4.119145705156004,0.7262100560547466
11.600000000000001,0.07,1.163259142020337,3.360781777145923e-05,4.090311156348707,0.7320703694340153
11.8,0.07,1.162321808061478,3.340889800425522e-05,4.061483790185349,0.7378121455872878
12.0,0.07,1.1613908627156069,3.3206542386075025e-05,4.032663431698439,0.7434376570156512
12.200000000000001,0.07,1.160466338275141,3.300115212598104e-05,4.003849909229975,0.7489491345437953
12.4,0.07,1.1595482670815498,3.279305989996038e-05,3.9750430537642667,0.7543487681478102
12.600000000000001,0.07,1.1586366814848168,3.25825417115476e-05,3.9462426983778203,0.7596387077463033
12.8,0.07,1.1577316138096871,3.236982670579551e-05,3.9174486777839967,0.7648210639609118
13.0,0.07,1.1568330963276976,3.215510527413787e-05,3.8886608279581187,0.7698979088509403
13.200000000000001,0.07,1.1559411612342463,3.193853575388714e-05,3.859878985827449,0.774871276625814
13.4,0.07,1.1550558406297318,3.17202500114497e-05,3.8311029890167543,0.7797431643382597
13.600000000000001,0.07,1.1541771665045535,3.150035799966326e-05,3.802332675638897,0.7845155325604722
13.8,0.07,1.153305170727131,3.1278951584491984e-05,3.7735678841229823,0.7891903060450258
14.0,0.07,1.152439885034634,3.105610766134759e-05,3.744808453074151,0.7937693743719427
14.200000000000001,0.07,1.1515813410259086,3.083189077121759e-05,3.716054221158527,0.7982545925829844
14.4,0.07,1.1507295701559899,3.060635526536211e-05,3.6873050270098875,0.8026477818040324
14.600000000000001,0.07,1.1498846037318753,3.037954704220774e-05,3.6585607091530434,0.8069507298562474
14.8,0.07,1.149046472908731,3.01515050815653e-05,3.6298211059406844,0.8111651918565427
15.0,0.07,1.1482152086862698,2.9922262650545264e-05,3.6010860555014843,0.8152928908078283
15.200000000000001,0.07,1.1473908419048184,2.9691848321261972e-05,3.5723553956956233,0.8193355181793871
15.4,0.07,1.1465734032409256,2.946028682538465e-05,3.543628964078212,0.8232947344776866
15.600000000000001,0.07,1.14576292320278,2.9227599740524787e-05,3.5149065978671734,0.8271721698078954
15.8,0.07,1.1449594321254373,2.899380606437352e-05,3.48618813391679,0.8309694244263235
16.0,0.07,1.1441629601665462,2.875892267739983e-05,3.4574734086956203,0.8346880692839782
16.2,0.07,1.1433735373027405,2.852296470585032e-05,3.4287622582686192,0.8383296465614121
16.400000000000002,0.07,1.1425911933268187,2.828594583599701e-05,3.400054518283465,0.8418956701950112
16.6,0.07,1.141815957846014,2.804787855764261e-05,3.371350023960453,0.845387626394826
16.8,0.07,1.1410478602808785,2.7808774372665284e-05,3.3426486100849337,0.8488069741540692
17.0,0.07,1.1402869298647376,2.756864397002699e-05,3.313950111002611,0.8521551457503374
17.2,0.07,1.1395331956433317,2.7327497356008548e-05,3.285254360615425,0.8554335472385987
17.400000000000002,0.07,1.1387866864742577,2.7085344006204696e-05,3.2565611923793982,0.8586435589359703
17.6,0.07,1.138047431026392,2.684219296092823e-05,3.227870439302345,0.8617865358982575
17.8,0.07,1.1373154577788216,2.6598052902110513e-05,3.199181933942423,0.8648638083882191
18.0,0.07,1.1365907950197314,2.6352932237287902e-05,3.1704955084071837,0.8678766823354672
18.2,0.07,1.1358734708450624,2.6106839170166008e-05,3.141810994352347,0.8708264397878902
18.400000000000002,0.07,1.1351635131570017,2.5859781720818523e-05,3.1131282229818864,0.8737143393544555
18.6,0.07,1.1344609496625253,2.5611767787597845e-05,3.084447025047677,0.876541616639198
18.8,0.07,1.133765807871798,2.5362805169608537e-05,3.0557672308500745,0.8793094846661776
19.0,0.07,1.1330781150965252,2.5112901598839572e-05,3.0270886702383426,0.8820191342951491
19.200000000000003,0.07,1.1323978984482408,2.4862064760539342e-05,2.998411172611851,0.8846717346276424
19.400000000000002,0.07,1.1317251848364962,2.4610302300704725e-05,2.9697345669210593,0.8872684334031313
19.6,0.07,1.1310600009668983,2.435762186834581e-05,2.9410586816693685,0.8898103573849324
19.8,0.07,1.1304023733391655,2.4104031098249303e-05,2.912383344914983,0.8922986127354426
20.0,0.07,1.129752328244965,2.3849537635087425e-05,2.8837083842733096,0.8947342853803272
20.200000000000003,0.07,1.129109891765638,2.3594149143533435e-05,2.8550336269201075,0.8971184413612389
20.400000000000002,0.07,1.1284750897697438,2.3337873315652278e-05,2.8263588995949407,0.8994521271766697
20.6,0.07,1.1278479479102501,2.3080717870634728e-05,2.797684028605627,0.9017363701105393
20.8,0.07,1.1272284916214563,2.282269057875881e-05,2.7690088398335706,0.9039721785481649
21.0,0.07,1.1266167461154473,2.2563799251166377e-05,2.7403331587400577,0.9061605422792891
21.200000000000003,0.07,1.1260127363780081,2.230405175286867e-05,2.711656810374542,0.9083024327879216
21.400000000000002,0.07,1.1254164871639722,2.204345601029613e-05,2.68297961938437,0.9103988035288141
21.6,0.07,1.1248280229916725,2.178202002342868e-05,2.6543014100273674,0.9124505901904952
21.8,0.07,1.1242473681365106,2.1519751862263494e-05,2.6256220061873474,0.9144587109449052
22.0,0.07,1.1236745466231475,2.1256659701396644e-05,2.5969412313932256,0.9164240666837976
22.200000000000003,0.07,1.1231095822160333,2.0992751816774097e-05,2.568258908843122,0.9183475412422302
22.400000000000002,0.07,1.122552498407816,2.0728036611196055e-05,2.539574861433559,0.9202300016096118
22.6,0.07,1.1220033184048959,2.0462522644709556e-05,2.5108889117957878,0.922072298128952
22.8,0.07,1.1214620651096405,2.0196218674042505e-05,2.4822008823401336,0.9238752646851289
23.0,0.07,1.1209287610982843,1.992913368894701e-05,2.4535105953100587,0.9256397188831595
23.200000000000003,0.07,1.1204034285936617,1.9661276969528496e-05,2.4248178728486316,0.927366462217636
23.400000000000002,0.07,1.1198860894318043,1.9392658149405312e-05,2.3961225370789023,0.9290562802346487
23.6,0.07,1.119376765021027,1.9123287286545203e-05,2.367424410201958,0.9307099426876666
23.8,0.07,1.118875476292487,1.885317496989295e-05,2.3387233146156863,0.9323282036889708
24.0,0.07,1.1183822436404909,1.8582332413229544e-05,2.3100190730576666,0.9339118018583514
24.200000000000003,0.07,1.1178970868510487,1.8310771600949495e-05,2.281311508777506,0.9354614604708421
24.400000000000002,0.07,1.1174200250168753,1.8038505428538136e-05,2.252600445742135,0.9369778876053168
24.6,0.07,1.1169510764367345,1.776554789439535e-05,2.2238857088804123,0.9384617762957814
24.8,0.07,1.1164902584972884,1.7491914310295266e-05,2.1951671243719204,0.9399138046871507
25.0,0.07,1.1160375875349295,1.721762156589649e-05,2.166444519985862,0.9413346361972409
25.200000000000003,0.07,1.1155930786754857,1.694268841357357e-05,2.137717725476626,0.9427249196865893
25.400000000000002,0.07,1.1151567456494438,1.6667135808068596e-05,2.108986573041109,0.9440852896375613
25.6,0.07,1.1147286005803172,1.6390987297468183e-05,2.0802508978446776,0.9454163663440266
25.8,0.07,1.1143086537443232,1.611426948765639e-05,2.0515105386202768,0.9467187561126574
26.0,0.07,1.1138969132992875,1.583701253414211e-05,2.0227653383456072,0.9479930514766678
26.200000000000003,0.07,1.113493384981619,1.5559250696055303e-05,1.9940151450023185,0.9492398314225351
26.400000000000002,0.07,1.113098071770504,1.5281022980149496e-05,1.9652598124185294,0.9504596616299763
26.6,0.07,1.1127109735191996,1.5002373801730344e-05,1.9364992011956534,0.9516530947251529
26.8,0.07,1.1123320865545143,1.4723353730911517e-05,1.90773317971742,0.9528206705467968
27.0,0.07,1.1119614032463743,1.4444020256166081e-05,1.8789616252360544,0.9539629164246679
27.200000000000003,0.07,1.111598911550852,1.4164438595999946e-05,1.8501844250286426,0.9550803474694879
27.400000000000002,0.07,1.111244594531363,1.3884682535941188e-05,1.8214014776118461,0.9561734668732468
27.6,0.07,1.1108984298642826,1.360483525638684e-05,1.7926126940010092,0.9572427662185723
27.8,0.07,1.1105603893369507,1.3324990135827218e-05,1.7638179989941578,0.9582887257956557
28.0,0.07,1.1102304383473292,1.304525152000226e-05,1.7350173324589158,0.9593118149250882
28.200000000000003,0.07,1.1099085354165792,1.2765735427316791e-05,1.7062106505957104,0.9603124922848416
28.400000000000002,0.07,1.1095946317267968,1.2486570123978647e-05,1.6773979271469264,0.9612912062395716
28.6,0.07,1.109288670697607,1.220789657683047e-05,1.6485791545197097,0.9622483951703822
28.8,0.07,1.108990587616182,1.1929868749558503e-05,1.619754344786191,0.9631844878031955
29.0,0.07,1.1087003093355248,1.1652653651690786e-05,1.5909235305248863,0.9640999035339399
29.200000000000003,0.07,1.1084177540563689,1.1376431172526893e-05,1.5620867654662112,0.9649950527488211
29.400000000000002,0.07,1.108142831206997,1.1101393648009818e-05,1.533244124905359,0.9658703371380782
29.6,0.07,1.107875441434597,1.0827745110215457e-05,1.504395705850144,0.9667261500017509
29.8,0.07,1.1076154767198578,1.0555700217773229e-05,1.4755416268729007,0.9675628765461454
30.0,0.07,1.1073628206243236,1.0285482866940353e-05,1.4466820276434706,0.9683808941698652
30.200000000000003,0.07,1.1071173486768988,1.0017324448340282e-05,1.4178170681249813,0.9691805727384505
30.400000000000002,0.07,1.106878928902832,9.75146178723901e-06,1.388946927424845,0.9699622748468718
30.6,0.07,1.1066474224940663,9.488134774375245e-06,1.360071802299243,0.9707263560693027
30.8,0.07,1.1064226846166416,9.22758370511767e-06,1.3311919053241248,0.971473165195792
31.0,0.07,1.1062045653451527,8.97004640316996e-06,1.302307462749311,0.9722030444556375
31.200000000000003,0.07,1.1059929107121942,8.715755151188324e-06,1.2734187120719975,0.9729163297274244
31.400000000000002,0.07,1.105787563853752,8.46493351740066e-06,1.2445258993616055,0.9736133507358535
31.6,0.07,1.1055883662322161,8.217793146311478e-06,1.215629276396731,0.9742944312356236
31.8,0.07,1.105395158910006,7.974530581784234e-06,1.18672909765278,0.9749598891827501
32.0,0.07,1.1052077838528396,7.73532422372123e-06,1.1578256172256252,0.9756100368938135
32.2,0.07,1.1050260852288722,7.5003314976316666e-06,1.1289190857206917,0.9762451811937066
32.4,0.07,1.1048499106863399,7.269686284053314e-06,1.1000097472213155,0.9768656235525303
32.6,0.07,1.1046791125691102,7.043496778864064e-06,1.0710978363293662,0.9774716602123221
32.800000000000004,0.07,1.104513549065842,6.821843642975693e-06,1.0421835754375672,0.9780635823043554
33.0,0.07,1.10435308524093,6.604778826661541e-06,1.013267172142347,0.9786416759577341
33.2,0.07,1.1041975939714028,6.392324618180029e-06,0.9843488170505736,0.979206222400053
33.4,0.07,1.1040469567119768,6.184473604648071e-06,0.9554286817150159,0.9797574980508423
33.6,0.07,1.1039010641693763,5.981188607030964e-06,0.9265069171621216,0.980295774608542
33.800000000000004,0.07,1.10375981674457,5.78240392754787e-06,0.8975836523897887,0.980821319131665
34.0,0.07,1.103623124940182,5.588025888513715e-06,0.8686589937733908,0.9813343941148609
34.2,0.07,1.1034909094403225,5.397935566952333e-06,0.8397330240050234,0.9818352575604312
34.4,0.07,1.1033631013071852,5.2119892876844035e-06,0.8108058025719789,0.9823241630459654
34.6,0.07,1.103239641650595,5.030023344052773e-06,0.7818773647660854,0.9828013597884983
34.800000000000004,0.07,1.1031204817585245,4.851853087640313e-06,0.7529477236283779,0.983267092705865
35.0,0.07,1.1030055822408136,4.677281025097105e-06,0.7240168682012377,0.9837216024753999
35.2,0.07,1.102894913395517,4.506091699048573e-06,0.6950847678949685,0.9841651255907967
35.4,0.07,1.1027884535154062,4.338066676344816e-06,0.666151368210226,0.9845978944168465
35.6,0.07,1.102686190117208,4.172969202832275e-06,0.6372165998463543,0.9850201372432674
35.800000000000004,0.07,1.1025881166235247,4.010574517373968e-06,0.6082803680249005,0.9854320783365491
36.0,0.07,1.102494235805488,3.850630902680792e-06,0.5793425718240728,0.9858339379919933
36.2,0.07,1.1024045529520083,3.6929250216821185e-06,0.5504030784689591,0.9862259325832605
36.4,0.07,1.1023190845234114,3.5371891535353423e-06,0.5214617656185079,0.9866082746138002
36.6,0.07,1.1022378434094002,3.3832468346984624e-06,0.4925184611010943,0.9869811727640985
36.800000000000004,0.07,1.1021608595517511,3.230797649054773e-06,0.4635730373903759,0.987344831943923
37.0,0.07,1.1020881471885502,3.0797465520360423e-06,0.4346252724135863,0.9876994533363526
37.2,0.07,1.102019752769379,2.9297102435572758e-06,0.4056750630255157,0.9880452344531048
37.4,0.07,1.1019556811465079,2.780765211643461e-06,0.3767221059281962,0.9883823691727601
37.6,0.07,1.1018960055529379,2.6323217425408878e-06,0.34776638231380935,0.9887110478034852
37.800000000000004,0.07,1.1018407004104491,2.4848235245946448e-06,0.3188074294118513,0.9890314571095721
38.0,0.07,1.1017898921634945,2.3371879030730342e-06,0.2898454420173998,0.9893437803903807
38.2,0.07,1.101743480188695,2.190662003088313e-06,0.2608796140141163,0.9896481974825302
38.400000000000006,0.07,1.1017017066759023,2.0430189230129625e-06,0.23191064039159245,0.9899448848735264
38.6,0.07,1.1016642978863393,1.8972890267175257e-06,0.2029369500100556,0.9902340156528326
38.800000000000004,0.07,1.101631755187454,1.7486318316904793e-06,0.173960380237817,0.9905157596989591
39.0,0.07,1.1016034131036343,1.60406906682758e-06,0.14497763816290044,0.9907902835229637
39.2,0.07,1.1015803570241025,1.4529451424909887e-06,0.11599314687026666,0.9910577506067207
39.400000000000006,0.07,1.1015610384254615,1.3111267353055988e-06,0.0869997331456398,0.9913183210201655
39.6,0.07,1.1015478173671491,1.128508935704934e-06,0.05800765514651213,0.9915721528291165
39.800000000000004,0.07,1.1015369576972287,5.149930971356762e-07,0.029000915735829857,0.9918192719825368
40.0,0.07,1.1015369576972287,0.0,0.0,0.9918192719825368
0.0,0.07200000000000001,1.0,0.0,6.088058175979554,0.0
0.2,0.07200000000000001,1.0994536173258345,-0.011616831234426481,6.088058175979554,0.02199346096630661
0.4,0.07200000000000001,1.1714590039745507,-0.005588538103706526,5.825068305185103,0.051055842496199086
0.6000000000000001,0.07200000000000001,1.1722041424439407,-0.0037768826961569277,5.85504029464565,0.08472773389012402
0.8,0.07200000000000001,1.189062831305719,-0.00264555053003409,5.741269961288949,0.11824146071875251
1.0,0.07200000000000001,1.1843780314955483,-0.0020554113877039155,5.727393487691662,0.15061060957583175
1.2000000000000002,0.07200000000000001,1.1868417484314375,-0.0015458803745835332,5.661968727773535,0.1803963476526715
1.4000000000000001,0.07200000000000001,1.182319812644059,-0.0012389208969942561,5.633240387738265,0.2078163940826938
1.6,0.07200000000000001,1.180905251649489,-0.0009650292257240633,5.586536372155048,0.23276143844544406
1.8,0.07200000000000001,1.1772847770255428,-0.0007815570948059675,5.553887806631066,0.2556395913479476
2.0,0.07200000000000001,1.175059181638534,-0.0006204411776392852,5.515235575834433,0.2766450849929305
2.2,0.07200000000000001,1.1722118987505328,-0.0005033962656340211,5.482242917709207,0.2961043655522869
2.4000000000000004,0.07200000000000001,1.1700296779706019,-0.0004026387257876379,5.4474528763390975,0.31422354980495104
2.6,0.07200000000000001,1.167736178247617,-0.0003253386177146059,5.41510382092233,0.3312272677614894
2.8000000000000003,0.07200000000000001,1.1657859167538354,-0.0002597756411877284,5.382381938742232,0.34727411501343647
3.0,0.07200000000000001,1.1638729725890156,-0.0002077596605805134,5.3508113210584325,0.36251234240847846
3.2,0.07200000000000001,1.1621526242406823,-0.00016405965221266428,5.319307753642666,0.3770529641788952
3.4000000000000004,0.07200000000000001,1.1604997828662063,-0.0001287106326161518,5.288405162217207,0.3909927504959922
3.6,0.07200000000000001,1.1589634505440858,-9.91893633318642e-05,5.2576720796950385,0.4044066690313081
3.8000000000000003,0.07200000000000001,1.1574896055173334,-7.505398868952264e-05,5.227284574395335,0.41735789629122094
4.0,0.07200000000000001,1.1560906154223585,-5.497575504949705e-05,5.197062330604323,0.4298964412280179
4.2,0.07200000000000001,1.154741377307436,-3.8473493995748356e-05,5.167055065930856,0.4420638321857062
4.4,0.07200000000000001,1.1534424941013919,-2.4784587466637614e-05,5.137181934226486,0.4538934787607326
4.6000000000000005,0.07200000000000001,1.1521811755102678,-1.3506808613562248e-05,5.107450338720427,0.4654130497644383
4.800000000000001,0.07200000000000001,1.1509547153626192,-4.164457132313965e-06,5.077820697079613,0.4766451883730236
5.0,0.07200000000000001,1.149755487740239,3.558661539804377e-06,5.048287986820062,0.4876089307177359
5.2,0.07200000000000001,1.148580638145696,9.972008905565267e-06,5.0188309351526454,0.4983199580704616
5.4,0.07200000000000001,1.1474266385682248,1.527101249588561e-05,4.989442211532286,0.5087912028414037
5.6000000000000005,0.07200000000000001,1.1462914602863292,1.963259982521612e-05,4.960109336106245,0.5190336430270062
5.800000000000001,0.07200000000000001,1.145172611401577,2.321014036702137e-05,4.9308260737864815,0.5290566908600031
6.0,0.07200000000000001,1.14406843149206,2.6141990045020188e-05,4.901584783892385,0.5388684816134515
6.2,0.07200000000000001,1.1429772577032051,2.8537455437726847e-05,4.8723806326526695,0.5484761435213624
6.4,0.07200000000000001,1.14189786664583,3.0489551009312375e-05,4.8432086635064735,0.5578859900266634
6.6000000000000005,0.07200000000000001,1.1408291389972585,3.207338795389422e-05,4.814065316764498,0.5671036839592772
6.800000000000001,0.07200000000000001,1.1397702088029855,3.335218662023125e-05,4.784947267808506,0.576134360140845
7.0,0.07200000000000001,1.138720322062447,3.437763925129804e-05,4.755851952474289,0.5849827269646488
7.2,0.07200000000000001,1.137678880831251,3.5192985552002006e-05,4.726777089020177,0.5936531442114049
7.4,0.07200000000000001,1.136645379514271,3.5833820681236416e-05,4.697720843403227,0.602149686334426
7.6000000000000005,0.07200000000000001,1.1356194130023558,3.632981427283497e-05,4.668681621412183,0.6104761916517961
7.800000000000001,0.07200000000000001,1.134600645472894,3.670547873215752e-05,4.639658108226346,0.6186363019333438
8.0,0.07200000000000001,1.1335888075578673,3.698120340037076e-05,4.610649171010302,0.6266334934418815
8.200000000000001,0.07200000000000001,1.1325836796522464,3.717386427786943e-05,4.581653858098165,0.6344711017731789
8.4,0.07200000000000001,1.1315850867907573,3.729748020467466e-05,4.55267134921047,0.6421523414487117
8.6,0.07200000000000001,1.1305928889924213,3.736366391389357e-05,4.523700944333501,0.6496803215645806
8.8,0.07200000000000001,1.1296069765502121,3.738205336887571e-05,4.4947420359880175,0.6570580582023376
9.0,0.07200000000000001,1.1286272640809047,3.7360634728364664e-05,4.465794097600116,0.6642884843588379
9.200000000000001,0.07200000000000001,1.1276536868278113,3.7306032036208306e-05,4.4368566668712095,0.671374457875873
9.4,0.07200000000000001,1.1266861968160258,3.722373443885857e-05,4.407929336268345,0.6783187678213022
9.600000000000001,0.07200000000000001,1.1257247601285072,3.711829288905807e-05,4.379011742503048,0.6851241396355486
9.8,0.07200000000000001,1.124769354354893,3.6993478350037955e-05,4.35010355942922,0.6917932393170065
10.0,0.07200000000000001,1.1238199666563504,3.6852416055336226e-05,4.321204491169111,0.6983286768463784
10.200000000000001,0.07200000000000001,1.1228765920553756,3.669769509426866e-05,4.292314267035736,0.7047330090167826
10.4,0.07200000000000001,1.1219392320887254,3.653146048812971e-05,4.263432636957078,0.7110087417951884
10.600000000000001,0.07200000000000001,1.1210078936509675,3.635548891269387e-05,4.2345593679202675,0.7171583323171169
10.8,0.07200000000000001,1.1200825880609542,3.6171252017983396e-05,4.205694240884971,0.7231841905925097
11.0,0.07200000000000001,1.119163330270879,3.597996869427723e-05,4.176837048314346,0.7290886809849567
11.200000000000001,0.07200000000000001,1.1182501382184227,3.5782648519776174e-05,4.1479875920747205,0.7348741235122543
11.4,0.07200000000000001,1.1173430322822453,3.5580127785904676e-05,4.119145681729855,0.7405427950061803
11.600000000000001,0.07200000000000001,1.1164420348336883,3.5373099311217393e-05,4.090311133107828,0.7460969301608195
11.8,0.07200000000000001,1.1155471698623807,3.516213715538811e-05,4.061483767128021,0.7515387224925479
12.0,0.07200000000000001,1.1146584626673381,3.494771706435414e-05,4.032663408823397,0.7568703252295408
12.200000000000001,0.07200000000000001,1.113775939599979,3.473023348900904e-05,4.003849886536306,0.7620938521448133
12.4,0.07200000000000001,1.1128996278514924,3.45100135781747e-05,3.9750430312513747,0.7672113783436665
12.600000000000001,0.07200000000000001,1.1120295552763986,3.4287328825420044e-05,3.946242676045337,0.7722249410139606
12.8,0.07200000000000001,1.11116575024638,3.4062404714085114e-05,3.917448655631772,0.7771365401457919
13.0,0.07200000000000001,1.1103082415293655,3.383542866498821e-05,3.888660805986162,0.7819481392256471
13.200000000000001,0.07200000000000001,1.1094570581897527,3.360655662106978e-05,3.859878964035907,0.7866616659089555
13.4,0.07200000000000001,1.1086122295060252,3.337591853429068e-05,3.8311029674058905,0.7912790126740951
13.600000000000001,0.07200000000000001,1.107773784903259,3.3143622826146876e-05,3.802332654209059,0.7958020374601956
13.8,0.07200000000000001,1.1069417538977655,3.290976016441525e-05,3.7735678628746,0.8002325642905482
14.0,0.07200000000000001,1.1061161660519847,3.2674406510673504e-05,3.744808432007716,0.8045723838830376
14.200000000000001,0.07200000000000001,1.10529705093782,3.2437625683548634e-05,3.7160542002745744,0.808823254248663
14.4,0.07200000000000001,1.104484438106692,3.2199471502362816e-05,3.6873050063089843,0.8129869012789973
14.600000000000001,0.07200000000000001,1.1036783570651316,3.195998948159608e-05,3.658560688635799,0.8170650193232438
14.8,0.07200000000000001,1.1028788372543246,3.171921834427052e-05,3.6298210856077313,0.821059271755396
15.0,0.07200000000000001,1.1020859080327405,3.14771912012976e-05,3.601086035353477,0.824971291531929
15.200000000000001,0.07200000000000001,1.101299598660879,3.1233936555388835e-05,3.572355375733232,0.8288026817403451
15.4,0.07200000000000001,1.1005199382875475,3.0989479152930783e-05,3.54362894430211,0.8325550161388492
15.600000000000001,0.07200000000000001,1.0997469559376147,3.0743840633576584e-05,3.5149065782780573,0.8362298396873848
15.8,0.07200000000000001,1.098980680500942,3.049704012583866e-05,3.4861881145153535,0.8398286690702248
16.0,0.07200000000000001,1.0982211407229305,3.024909467201048e-05,3.4574733894825673,0.8433529932102724
16.2,0.07200000000000001,1.0974683651966695,3.000001959687401e-05,3.4287622392446537,0.8468042737752278
16.400000000000002,0.07200000000000001,1.0967223823566077,2.9749828812630898e-05,3.4000544994492956,0.8501839456757337
16.6,0.07200000000000001,1.0959832204739517,2.949853506482862e-05,3.371350005316782,0.8534934175555872
16.8,0.07200000000000001,1.0952509076531567,2.924615012049982e-05,3.3426485916324653,0.8567340722741162
17.0,0.07200000000000001,1.094525471829431,2.8992684959139266e-05,3.3139500927420538,0.8599072673807582
17.2,0.07200000000000001,1.0938069407667574,2.8738149873634914e-05,3.2852543425474816,0.86301433558187
17.400000000000002,0.07200000000000001,1.0930953420560066,2.8482554665711628e-05,3.2565611745047573,0.8660565851997729
17.6,0.07200000000000001,1.0923907031132836,2.8225908674510742e-05,3.227870421621712,0.8690353006239978
17.8,0.07200000000000001,1.0916930511779757,2.7968220922425594e-05,3.1991819164564794,0.8719517427546801
18.0,0.07200000000000001,1.0910024133109317,2.770950014442449e-05,3.170495491116625,0.8748071494380052
18.2,0.07200000000000001,1.0903188163925512,2.744975489312488e-05,3.141810977257851,0.8776027358935866
18.400000000000002,0.07200000000000001,1.0896422871208093,2.7188993523971933e-05,3.113128206084131,0.8803396951336296
18.6,0.07200000000000001,1.0889728520094388,2.6927224302706727e-05,3.0844470083473357,0.8830191983736791
18.8,0.07200000000000001,1.0883105373860327,2.6664455377318872e-05,3.055767214347817,0.8856423954347421
19.0,0.07200000000000001,1.087655369390172,2.6400694848390134e-05,3.027088653934835,0.8882104151365209
19.200000000000003,0.07200000000000001,1.0870073739715285,2.613595077139299e-05,2.998411156507751,0.8907243656814693
19.400000000000002,0.07200000000000001,1.086366576887923,2.5870231161993777e-05,2.9697345510170208,0.8931853350293487
19.6,0.07200000000000001,1.0857330037032509,2.5603544047523593e-05,2.941058665966044,0.8955943912619403
19.8,0.07200000000000001,1.0851066797854718,2.533589744627031e-05,2.9123833294130104,0.8979525829375355
20.0,0.07200000000000001,1.0844876303043873,2.5067299386589066e-05,2.8837083689733283,0.900260939434827
20.200000000000003,0.07200000000000001,1.0838758802293333,2.4797757926763668e-05,2.8550336118227535,0.9025204712858081
20.400000000000002,0.07200000000000001,1.0832714543267004,2.4527281151608977e-05,2.826358884700839,0.9047321704972976
20.6,0.07200000000000001,1.0826743771571123,2.4255877178318606e-05,2.797684013915399,0.9068970108607166
20.8,0.07200000000000001,1.0820846730723488,2.3983554182244308e-05,2.7690088253478313,0.909015948249796
21.0,0.07200000000000001,1.0815023662118055,2.3710320382461017e-05,2.740333144459419,0.9110899209059123
21.200000000000003,0.07200000000000001,1.0809274804984175,2.3436184062475592e-05,2.7116567962996063,0.9131198497108367
21.400000000000002,0.07200000000000001,1.0803600396340156,2.3161153562860084e-05,2.682979605515733,0.9151066384467497
21.6,0.07200000000000001,1.0798000670937935,2.288523731740654e-05,2.65430139636562,0.9170511740434699
21.8,0.07200000000000001,1.0792475861198845,2.2608443831491464e-05,2.62562199273307,0.918954326812968
22.0,0.07200000000000001,1.0787026197135479,2.2330781720396867e-05,2.596941218146993,0.9208169506713529
22.200000000000003,0.07200000000000001,1.0781651906256946,2.205225972441185e-05,2.568258895805508,0.9226398833486713
22.400000000000002,0.07200000000000001,1.0776353213452805,2.1772886717706857e-05,2.539574848605116,0.9244239465870024
22.6,0.07200000000000001,1.077113034084817,2.14926717514795e-05,2.510888899177067,0.9261699463274992
22.8,0.07200000000000001,1.0765983507625418,2.12116240986759e-05,2.4822008699316784,0.9278786728871892
23.0,0.07200000000000001,1.0760912929802464,2.0929753290684095e-05,2.453510583112398,0.9295509011265137
23.200000000000003,0.07200000000000001,1.0755918819959167,2.06470691861918e-05,2.424817860862286,0.9311873906087431
23.400000000000002,0.07200000000000001,1.075100138690207,2.0363582038616645e-05,2.39612252530437,0.93278888575256
23.6,0.07200000000000001,1.074616083525378,2.007930258613772e-05,2.3674243986397325,0.9343561159792384
23.8,0.07200000000000001,1.0741397364956704,1.9794242153966466e-05,2.3387233032662382,0.9358897958559623
24.0,0.07200000000000001,1.0736711170673903,1.9508412771863853e-05,2.3100190619214507,0.9373906252369267
24.200000000000003,0.07200000000000001,1.073210244107197,1.9221827337733e-05,2.281311497854945,0.9388592894039197
24.400000000000002,0.07200000000000001,1.0727571357967982,1.8934499766938742e-05,2.2526004350336333,0.9402964592081285
24.6,0.07200000000000001,1.072311809531949,1.8646445214264805e-05,2.2238856983863338,0.9417027912149026
24.8,0.07200000000000001,1.0718742818039113,1.835768030934281e-05,2.1951671140925977,0.9430789278531636
25.0,0.07200000000000001,1.0714445680608755,1.8068223447949045e-05,2.166444509921575,0.9444254975710936
25.200000000000003,0.07200000000000001,1.0710226825472253,1.7778095099500288e-05,2.1377177156276033,0.9457431149995915
25.400000000000002,0.07200000000000001,1.0706086381183364,1.7487318206620403e-05,2.1089865634075236,0.947032381124858
25.6,0.07200000000000001,1.0702024460285373,1.719591859587965e-05,2.0802508884266215,0.9482938834712784
25.8,0.07200000000000001,1.0698041156904554,1.6903925499123543e-05,2.051510529417761,0.9495281962955545
26.0,0.07200000000000001,1.0694136544036967,1.661137209530252e-05,2.0227653293585424,0.9507358807928072
26.200000000000003,0.07200000000000001,1.0690310670517782,1.6318296114703245e-05,1.9940151362305072,0.9519174853151051
26.400000000000002,0.07200000000000001,1.0686563557665114,1.602474054291635e-05,1.9652598038616442,0.9530735456026185
26.6,0.07200000000000001,1.0682895195598343,1.5730754347322464e-05,1.9364991928532203,0.9542045850273099
26.8,0.07200000000000001,1.0679305539242576,1.5436393275065274e-05,1.907733171588789,0.955311114848809
27.0,0.07200000000000001,1.0675794504039469,1.5141720687971167e-05,1.8789616173204056,0.9563936344818558
27.200000000000003,0.07200000000000001,1.06723619613996,1.4846808430129384e-05,1.8501844173249309,0.9574526317744408
27.400000000000002,0.07200000000000001,1.0669007733944675,1.4551737726982625e-05,1.8214014701188073,0.9584885832955531
27.6,0.07200000000000001,1.0665731590603815,1.4256600055741939e-05,1.7926126867171244,0.9595019546312415
27.8,0.07200000000000001,1.066253324164504,1.3961497999352792e-05,1.7638179919176213,0.9604932006875309
28.0,0.07200000000000001,1.0659412333736304,1.3666546045837868e-05,1.735017325587639,0.9614627659985956
28.200000000000003,0.07200000000000001,1.0656368445150282,1.3371871309886537e-05,1.7062106439272806,0.962411085038507
28.400000000000002,0.07200000000000001,1.065340108123671,1.3077614104842206e-05,1.6773979206785976,0.9633385825347993
28.6,0.07200000000000001,1.0650509670300623,1.2783928384407564e-05,1.6485791482483823,0.964245673782097
28.8,0.07200000000000001,1.064769356003288,1.249098198521653e-05,1.6197543387084035,0.965132764954045
29.0,0.07200000000000001,1.0644952014642262,1.2198956617829267e-05,1.5909235246368079,0.9660002534118531
29.200000000000003,0.07200000000000001,1.0642284212842439,1.1908047600838854e-05,1.5620867597636472,0.9668485280078365
29.400000000000002,0.07200000000000001,1.063968924683646,1.1618463306592665e-05,1.5332441193837472,0.9676779693824504
29.6,0.07200000000000001,1.0637166122433668,1.1330424256489164e-05,1.5043957005045683,0.9684889502534599
29.8,0.07200000000000001,1.0634713760414214,1.1044161883556019e-05,1.4755416216981156,0.9692818356960238
30.0,0.07200000000000001,1.0632330999233481,1.075991691978988e-05,1.44668202263392,0.9700569834126571
30.200000000000003,0.07200000000000001,1.063001659912683,1.0477937441709708e-05,1.4178170632748466,0.9708147439921985
30.400000000000002,0.07200000000000001,1.0627769247643626,1.0198476556959137e-05,1.3889469227280757,0.9715554611571053
30.6,0.07200000000000001,1.06255875665941,9.92178977124726e-06,1.3600717977496077,0.9722794719985648
30.8,0.07200000000000001,1.062347012036039,9.648132063140207e-06,1.3311919009152753,0.9729871071990945
31.0,0.07200000000000001,1.0621415425465066,9.377754725792064e-06,1.3023074584748424,0.9736786912424789
31.200000000000003,0.07200000000000001,1.061942196127044,9.110902048816955e-06,1.2734187079255104,0.9743545426110329
31.400000000000002,0.07200000000000001,1.0617488181610535,8.847807880761522e-06,1.2445258953367795,0.9750149739703396
31.6,0.07200000000000001,1.0615612527167018,8.58869219201643e-06,1.2156292724873976,0.9756602923417347
31.8,0.07200000000000001,1.0613793438311163,8.333757711907232e-06,1.1867290938529926,0.9762907992629172
32.0,0.07200000000000001,1.0612029368198639,8.083186699113707e-06,1.1578256135297291,0.976906790937174
32.2,0.07200000000000001,1.061031879577154,7.83713801500453e-06,1.1289190821233859,0.977508558371768
32.4,0.07200000000000001,1.0608660238494902,7.595744464085596e-06,1.100009743717717,0.9780963875061154
32.6,0.07200000000000001,1.0607052264413017,7.3591106294115105e-06,1.0710978329150624,0.9786705593304112
32.800000000000004,0.07200000000000001,1.0605493503490904,7.127311065200935e-06,1.0421835721086603,0.9792313499954023
33.0,0.07200000000000001,1.0603982657710453,6.900389187322958e-06,1.0132671688954824,0.9797790309140042
33.2,0.07200000000000001,1.0602518510184042,6.678356452423513e-06,0.9843488138829786,0.980313868855488
33.4,0.07200000000000001,1.0601099932484328,6.461192497563972e-06,0.9554286786244993,0.9808361260329204
33.6,0.07200000000000001,1.0599725891046365,6.24884527359761e-06,0.9265069141470886,0.9813460601845654
33.800000000000004,0.07200000000000001,1.059839545117709,6.04123256792808e-06,0.8975836494492269,0.9818439246498634
34.0,0.07200000000000001,1.059710778073743,5.838242770597955e-06,0.8686589909068604,0.9823299684406726
34.2,0.07200000000000001,1.0595862150452526,5.639737959961288e-06,0.839733021212626,0.9828044363082719
34.4,0.07200000000000001,1.0594657935487584,5.445554607199111e-06,0.8108057998543347,0.9832675688067894
34.6,0.07200000000000001,1.0593494611585033,5.255508723782712e-06,0.7818773621242734,0.9837196023533832
34.800000000000004,0.07200000000000001,1.0592371756061496,5.069395057722092e-06,0.7529477210639307,0.9841607692858836
35.0,0.07200000000000001,1.0591289038583527,4.886995746902378e-06,0.724016865716032,0.98459129791793
35.2,0.07200000000000001,1.059024622473951,4.708075045368462e-06,0.6950847654912706,0.9850114125925239
35.4,0.07200000000000001,1.0589243158216122,4.532395171030366e-06,0.6661513658904978,0.9854213337334998
35.6,0.07200000000000001,1.0588279773475162,4.359700225848472e-06,0.6372165976134186,0.9858212778963973
35.800000000000004,0.07200000000000001,1.0587356061127398,4.18974811126938e-06,0.6082803658815635,0.986211457817214
36.0,0.07200000000000001,1.0586472103769697,4.022269571063559e-06,0.5793425697735759,0.9865920824618276
36.2,0.07200000000000001,1.058562800488335,3.8570368976236085e-06,0.5504030765141797,0.9869633570724732
36.4,0.07200000000000001,1.0584823979033045,3.693766329381972e-06,0.5214617637630604,0.9873254832169754
36.6,0.07200000000000001,1.058406019846698,3.532271182443802e-06,0.4925184593475699,0.9876786588326988
36.800000000000004,0.07200000000000001,1.0583337008039109,3.3722354336602827e-06,0.4635730357429084,0.9880230782772639
37.0,0.07200000000000001,1.0582654584282043,3.213560021368315e-06,0.43462527087390207,0.988358932368583
37.2,0.07200000000000001,1.0582013434621387,3.0558435670758626e-06,0.4056750615988244,0.988686408439929
37.4,0.07200000000000001,1.058141362894976,2.899169082427033e-06,0.37672210461424466,0.9890056903725128
37.6,0.07200000000000001,1.0580855945255054,2.7429195448739468e-06,0.3477663811203208,0.9893169586605464
37.800000000000004,0.07200000000000001,1.0580340128633092,2.587565488585377e-06,0.31880742833423203,0.9896203904284828
38.0,0.07200000000000001,1.057986750400535,2.4319724860218396e-06,0.28984544106926763,0.9899161595177709
38.2,0.07200000000000001,1.057943702808533,2.277457103122505e-06,0.2608796131813221,0.9902044364718591
38.400000000000006,0.07200000000000001,1.0579051225282665,2.1216820501009945e-06,0.23191063970136905,0.9904853886692518
38.6,0.07200000000000001,1.0578707243513286,1.9678402488223008e-06,0.20293694942703544,0.9907591802405171
38.800000000000004,0.07200000000000001,1.0578410302005434,1.810845568330506e-06,0.17396037982028104,0.9910259722994961
39.0,0.07200000000000001,1.057815346356251,1.6580890546511652e-06,0.14497763782802198,0.9912859227168128
39.2,0.07200000000000001,1.0577948027955018,1.4983699919327684e-06,0.11599314674520252,0.9915391865540952
39.400000000000006,0.07200000000000001,1.0577777861632593,1.3485976000309574e-06,0.08699973304243386,0.9917859155285382
39.6,0.07200000000000001,1.0577667514619127,1.158815063984987e-06,0.0580076556853855,0.9920262596639733
39.800000000000004,0.07200000000000001,1.0577576447847379,5.279617149406419e-07,0.02900092180612213,0.9922602411196256
40.0,0.07200000000000001,1.0577576447847379,0.0,0.0,0.9922602411196256
0.0,0.074,1.0,0.0,6.08818525406178,0.0
0.2,0.074,1.0921246630911317,-0.012492233882211002,6.08818525406178,0.030320127597091934
0.4,0.074,1.1567941685526304,-0.0058655116921986945,5.824998402086542,0.06755089401651461
0.6000000000000001,0.074,1.1494434771492892,-0.003879339068067071,5.855022693556849,0.10833280350106209
0.8,0.074,1.1602831382960057,-0.00266439046264125,5.741259970563511,0.14705529385024813
1.0,0.074,1.1502980893907737,-0.002044351980885031,5.7273895203570975,0.1831243925530985
1.2000000000000002,0.074,1.148974095426516,-0.0015184861595152635,5.6619650620419115,0.21532251146061454
1.4000000000000001,0.074,1.1412922155358527,-0.001209193439936761,5.633238689037051,0.2442830217269232
1.6,0.074,1.1375514878455861,-0.0009348477577823696,5.586534647449242,0.2701159983352407
1.8,0.074,1.1320116720643123,-0.0007544623280120688,5.553886862704311,0.2934432671530458
2.0,0.074,1.1283191662522893,-0.0005960946653476657,5.515234647012268,0.3145759377750045
2.2,0.074,1.1242650972356616,-0.0004824467285007278,5.482242325872843,0.3339398904516899
2.4000000000000004,0.074,1.1211355954624844,-0.0003844907816621445,5.447452323409074,0.3518000340020443
2.6,0.074,1.1180654970067945,-0.00030988682628505757,5.415103426075019,0.3684289824328582
2.8000000000000003,0.074,1.1154969989950625,-0.00024653155432096513,5.382381583997754,0.3840161529724239
3.0,0.074,1.1130802457755136,-0.00019647314649016718,5.350811047502852,0.39873453793710334
3.2,0.074,1.1109574490038163,-0.00015437938210327733,5.3193075131234435,0.4127121580037434
3.4000000000000004,0.074,1.1089798598565423,-0.00012040625770566398,5.288404967253225,0.4260593014234615
3.6,0.074,1.1071856967535483,-9.201788281219633e-05,5.257671909624504,0.43886067008574464
3.8000000000000003,0.074,1.1055071268380499,-6.883758662105203e-05,5.227284431822718,0.451187109132908
4.0,0.074,1.1039483875049854,-4.954816856271807e-05,5.197062206034668,0.4630943012611415
4.2,0.074,1.10247578163884,-3.3705894764553116e-05,5.167054958899371,0.47462820158411223
4.4,0.074,1.1010840169035554,-2.056288802242025e-05,5.1371818399777185,0.4858255357763685
4.6000000000000005,0.074,1.0997546873313524,-9.73865925671397e-06,5.1074502560860395,0.49671653421191686
4.800000000000001,0.074,1.0984808259770176,-7.679047618752583e-07,5.0778206233767476,0.5073257824146904
5.0,0.074,1.0972511120346844,6.648747088397182e-06,5.0482879205818225,0.5176737574267065
5.2,0.074,1.0960602946279445,1.2804810620917753e-05,5.0188308746122345,0.5277770077780347
5.4,0.074,1.0949022507134591,1.788574750371058e-05,4.989442156081694,0.537649287510152
5.6000000000000005,0.074,1.0937728642185502,2.2063903351437306e-05,4.96010928504179,0.5473021569035028
5.800000000000001,0.074,1.0926678801619032,2.548721505379002e-05,4.930826026465575,0.5567454263217294
6.0,0.074,1.0915842098393111,2.8289447347880517e-05,4.901584739650215,0.5659874846673608
6.2,0.074,1.0905189972522054,3.057578753124973e-05,4.872380591000218,0.5750356058969722
6.4,0.074,1.089470042686424,3.243589828309475e-05,4.8432086240091605,0.5838961665968091
6.6000000000000005,0.074,1.088435413722934,3.3941994065745286e-05,4.8140652790856855,0.5925748309982153
6.800000000000001,0.074,1.0874135748026266,3.5154914293318744e-05,4.784947231658143,0.6010766885012956
7.0,0.074,1.0864032150653102,3.612433112272696e-05,4.755851917620851,0.6094063672274642
7.2,0.074,1.085403276318047,3.6891816387376785e-05,4.726777055267686,0.6175681206647693
7.4,0.074,1.0844128705114735,3.749156465216714e-05,4.697720810592661,0.6255658979405183
7.6000000000000005,0.074,1.0834312758029099,3.795208674275976e-05,4.668681589410285,0.6334033982556488
7.800000000000001,0.074,1.0824578932795168,3.829692751292107e-05,4.639658076924078,0.6410841145710127
8.0,0.074,1.0814922354380232,3.854567500952592e-05,4.610649140316846,0.6486113677438867
8.200000000000001,0.074,1.0805339015020108,3.87145383466442e-05,4.581653827938887,0.6559883337600269
8.4,0.074,1.0795825661689105,3.881698380117407e-05,4.552671319523482,0.6632180651307524
8.6,0.074,1.0786379645714075,3.886416511916209e-05,4.523700915067861,0.6703035079185715
8.8,0.074,1.0776998832884812,3.886533989081745e-05,4.4947420071015864,0.6772475151788123
9.0,0.074,1.0767681507327054,3.8828178677940704e-05,4.46579406905825,0.6840528576633719
9.200000000000001,0.074,1.0758426304851256,3.875904405651949e-05,4.436856638645321,0.6907222323210224
9.4,0.074,1.0749232149459793,3.866320837841462e-05,4.407929308334983,0.697258269096817
9.600000000000001,0.074,1.0740098205601272,3.85450430428422e-05,4.379011714842942,0.7036635363782633
9.8,0.074,1.073102383549023,3.84081702481863e-05,4.35010353202659,0.7099405453912933
10.0,0.074,1.072200856561906,3.825559205323461e-05,4.321204464011066,0.7160917537667824
10.200000000000001,0.074,1.0713052057872643,3.808979553172111e-05,4.2923142401117715,0.7221195684616774
10.4,0.074,1.0704154086326243,3.791284128168102e-05,4.263432610258666,0.728026348172804
10.600000000000001,0.074,1.0695314517591044,3.772643609775271e-05,4.2345593414405185,0.7338144053553396
10.8,0.074,1.0686533294788665,3.753199382805777e-05,4.205694214618339,0.7394860079312857
11.0,0.074,1.0677810424090022,3.733068555215111e-05,4.176837022256419,0.7450433807559421
11.200000000000001,0.074,1.066914596364357,3.712348133789812e-05,4.1479875662220005,0.7504887068946712
11.4,0.074,1.066054001432298,3.691118481912036e-05,4.119145656079616,0.7558241287511481
11.600000000000001,0.074,1.0651992712093896,3.6694461852596726e-05,4.090311107657977,0.7610517490788722
11.8,0.074,1.0643504221660676,3.647386423780987e-05,4.0614837418769865,0.7661736319008783
12.0,0.074,1.063507473121835,3.6249849375375357e-05,4.032663383770035,0.7711918033568608
12.200000000000001,0.074,1.0626704448095552,3.602279657349549e-05,4.003849861679838,0.7761082524926913
12.4,0.074,1.0618393595149542,3.579302052078999e-05,3.9750430065913025,0.780924932003912
12.600000000000001,0.074,1.0610142407778733,3.5560782463088515e-05,3.946242651581417,0.7856437589421117
12.8,0.074,1.0601951131449219,3.532629945689957e-05,3.91744863136395,0.7902666153911199
13.0,0.074,1.0593820019649147,3.508975200626696e-05,3.8886607819145493,0.7947953491182994
13.200000000000001,0.074,1.0585749332199303,3.485129039275542e-05,3.8598789401607507,0.7992317742050198
13.4,0.074,1.0577739333857594,3.461103993000712e-05,3.831102943727539,0.8035776716594402
13.600000000000001,0.074,1.0569790293171641,3.436910525831993e-05,3.8023326307279643,0.8078347900139936
13.8,0.074,1.0561902481534864,3.412557395885706e-05,3.7735678395912697,0.8120048459093915
14.0,0.074,1.0554076172412865,3.388051949697088e-05,3.7448084089227183,0.8160895246665563
14.200000000000001,0.074,1.0546311640710457,3.363400366992131e-05,3.7160541773885307,0.8200904808475343
14.4,0.074,1.0538609162252124,3.3386078667099184e-05,3.6873049836225618,0.8240093388062061
14.600000000000001,0.074,1.0530969013356364,3.313678870801259e-05,3.6585606661496795,0.8278476932294216
14.8,0.074,1.0523391470481211,3.2886171478697585e-05,3.629821063322626,0.8316071096690402
15.0,0.074,1.0515876809926912,3.2634259298460964e-05,3.601086013270119,0.8352891250652614
15.200000000000001,0.074,1.050842530758156,3.238108004219624e-05,3.5723553538523634,0.8388952482615427
15.4,0.074,1.0501037238700013,3.212665800396089e-05,3.5436289226244946,0.8424269605113461
15.600000000000001,0.074,1.049371287771262,3.187101448546607e-05,3.5149065568044593,0.8458857159769078
15.8,0.074,1.0486452498057912,3.161416839203087e-05,3.486188093246548,0.8492729422202059
16.0,0.074,1.0479256372041748,3.135613662427536e-05,3.457473368419334,0.8525900406862433
16.2,0.074,1.0472124770720557,3.109693445044366e-05,3.428762218387771,0.8558383871787798
16.400000000000002,0.074,1.046505796380669,3.083657576524904e-05,3.400054478799545,0.8590193323286004
16.6,0.074,1.0458056219596532,3.057507336238492e-05,3.371349984874945,0.862134202054388
16.8,0.074,1.0451119804914069,3.031243908896628e-05,3.342648571399323,0.8651842980162762
17.0,0.074,1.0444248985068303,3.0048684034966295e-05,3.313950072718374,0.8681708980621028
17.2,0.074,1.0437444023818947,2.978381863819147e-05,3.2852543227340445,0.871095256666379
17.400000000000002,0.074,1.0430705183345725,2.951785285123499e-05,3.25656115490233,0.8739586053619641
17.6,0.074,1.0424032724222132,2.9250796210323956e-05,3.2278704022310594,0.8767621531644009
17.8,0.074,1.0417426905388092,2.8982657924825712e-05,3.199181897278365,0.8795070869888476
18.0,0.074,1.0410887984125468,2.8713446945026322e-05,3.1704954721518033,0.8821945720595067
18.2,0.074,1.0404416216033858,2.8443172046849107e-05,3.1418109585070737,0.8848257523114209
18.400000000000002,0.074,1.039801185500685,2.8171841818548644e-05,3.1131281875481522,0.8874017507844909
18.6,0.074,1.0391675153210667,2.7899464763895665e-05,3.0844469900268963,0.8899236700095076
18.8,0.074,1.038540636106262,2.762604928962419e-05,3.055767196243655,0.8923925923859962
19.0,0.074,1.0379205727210463,2.7351603750668424e-05,3.0270886360476807,0.8948095805516073
19.200000000000003,0.074,1.0373073498511916,2.7076136461857032e-05,2.9984111388383314,0.8971756777427744
19.400000000000002,0.074,1.0367009920014119,2.679965571251927e-05,2.96973453356606,0.8994919081463278
19.6,0.074,1.036101523493206,2.6522169802564978e-05,2.941058648734253,0.9017592772417279
19.8,0.074,1.0355089684627916,2.6243687026898163e-05,2.9123833124011043,0.9039787721335593
20.0,0.074,1.034923350858847,2.5964215699462978e-05,2.8837083521820093,0.9061513618739241
20.200000000000003,0.074,1.0343446944401793,2.5683764167111836e-05,2.8550335952527184,0.908277997774363
20.400000000000002,0.074,1.033773022773237,2.5402340807229245e-05,2.8263588683527794,0.9103596137069464
20.6,0.074,1.033208359229289,2.511995403369467e-05,2.797683997790004,0.9123971263941865
20.8,0.074,1.0326507269813576,2.4836612320694312e-05,2.769008809445776,0.9143914356874744
21.0,0.074,1.0321001490006891,2.4552324199883232e-05,2.740333128781376,0.9163434248337771
21.200000000000003,0.074,1.0315566480526976,2.4267098260804414e-05,2.711656780846242,0.9182539607303957
21.400000000000002,0.074,1.0310202466923455,2.3980943166939586e-05,2.682979590287705,0.9201238941676771
21.6,0.074,1.0304909672586233,2.3693867673852406e-05,2.654301381363581,0.9219540600596495
21.8,0.074,1.0299688318681497,2.3405880620271613e-05,2.6256219779576635,0.9237452776626771
22.0,0.074,1.029453862407365,2.3116990968866228e-05,2.5969412035988597,0.9254983507823459
22.200000000000003,0.074,1.0289460805230644,2.2827207811261858e-05,2.5682588814852654,0.9272140679689327
22.400000000000002,0.074,1.0284455076107881,2.253654039152073e-05,2.53957483451339,0.9288932027019541
22.6,0.074,1.0279521648003094,2.224499815384605e-05,2.510888885314463,0.9305365135644411
22.8,0.074,1.0274660729377842,2.195259078273422e-05,2.482200856298793,0.9321447444077567
23.0,0.074,1.0269872525635309,2.1659328250147174e-05,2.4535105697098167,0.9337186245079075
23.200000000000003,0.074,1.0265157238846172,2.1365220898047764e-05,2.4248178476905777,0.9352588687144672
23.400000000000002,0.074,1.0260515067412523,2.107027949611744e-05,2.3961225123640983,0.9367661775933631
23.6,0.074,1.025594620565629,2.0774515364421225e-05,2.3674243859314346,0.9382412375649021
23.8,0.074,1.0251450843321759,2.0477940467126834e-05,2.338723290790433,0.9396847210385207
24.0,0.074,1.024702916497501,2.0180567561955306e-05,2.3100190496786333,0.9410972865458254
24.200000000000003,0.074,1.024268134928514,1.988241036248042e-05,2.2813114858455905,0.9424795788735392
24.400000000000002,0.074,1.023840756816936,1.9583483718853887e-05,2.252600423258181,0.9438322291980061
24.6,0.074,1.0234207985780959,1.9283803857723345e-05,2.223885686845187,0.9451558552228781
24.8,0.074,1.0230082757321897,1.8983388642365205e-05,2.1951671027861153,0.9464510613215741
25.0,0.074,1.0226032027655043,1.868225789111291e-05,2.1664444988500686,0.9477184386860206
25.200000000000003,0.074,1.0222055929695235,1.8380433720683673e-05,2.137717704791326,0.9489585654830587
25.400000000000002,0.074,1.021815458255625,1.807794098310135e-05,2.1089865528066496,0.9501720070197553
25.6,0.074,1.02143280894303,1.777480771176937e-05,2.0802508780612534,0.9513593159186815
25.8,0.074,1.021057653518302,1.7471065699888868e-05,2.051510519287909,0.9525210323040042
26.0,0.074,1.0206899983643665,1.716675106598274e-05,2.0227653194640998,0.953657683999013
26.200000000000003,0.074,1.0203298474580753,1.6861904943138027e-05,1.9940151265712474,0.954769786735459
26.400000000000002,0.074,1.0199772020355837,1.655657421448756e-05,1.9652597944371952,0.9558578443748244
26.6,0.074,1.0196320602256408,1.6250812295546275e-05,1.9364991836630432,0.9569223491413843
26.8,0.074,1.019294416652086,1.5944680001820062e-05,1.9077331626321743,0.9579637818666663
27.0,0.074,1.0189642620076804,1.5638246431629546e-05,1.878961608596421,0.9589826122446667
27.200000000000003,0.074,1.0186415826029631,1.5331589886886566e-05,1.8501844088324302,0.9599792990969545
27.400000000000002,0.074,1.0183263598950878,1.5024798816523805e-05,1.8214014618563799,0.9609542906465799
27.6,0.074,1.0180185700032343,1.4717972730623052e-05,1.792612678683081,0.961908024799536
27.8,0.074,1.017718183218867,1.4411223086111817e-05,1.7638179841099844,0.9628409294323526
28.0,0.074,1.0174251635204303,1.410467409821994e-05,1.73501731800409,0.9637534226843018
28.200000000000003,0.074,1.017139468104042,1.3798463464411955e-05,1.7062106365651604,0.9646459132526005
28.400000000000002,0.074,1.0168610469426977,1.3492742919754904e-05,1.6773979135348807,0.9655188006889558
28.6,0.074,1.0165898423879198,1.3187678646988643e-05,1.6485791413196653,0.9663724756957842
28.8,0.074,1.0163257888285366,1.2883451441629313e-05,1.6197543319908911,0.9672073204204662
29.0,0.074,1.0160688124215411,1.2580256632411509e-05,1.5909235181263044,0.9680237087460489
29.200000000000003,0.074,1.0158188309103104,1.227830369499812e-05,1.5620867534555591,0.9688220065768954
29.400000000000002,0.074,1.015575753544323,1.1977815556936865e-05,1.5332441132730887,0.9696025721178925
29.6,0.074,1.015339481113684,1.1679027530704443e-05,1.5043956945859807,0.9703657561459627
29.8,0.074,1.015109906109681,1.1382185877123315e-05,1.4755416159658798,0.971111902272762
30.0,0.074,1.0148869130202611,1.1087545989305893e-05,1.4466820170819996,0.9718413471976299
30.200000000000003,0.074,1.0146703787659948,1.0795370195264665e-05,1.4178170578969145,0.9725544209499918
30.400000000000002,0.074,1.0144601732789194,1.050592520305079e-05,1.3889469175175693,0.9732514471206248
30.6,0.074,1.0142561602219966,1.0219479208501892e-05,1.360071792699786,0.9739327430813293
30.8,0.074,1.0140581978436738,9.93629871563262e-06,1.3311918960192723,0.9745986201927395
31.0,0.074,1.013866139956153,9.656645128611363e-06,1.3023074537257422,0.9752493840001534
31.200000000000003,0.074,1.0136798370240234,9.380771185199286e-06,1.273418703316418,0.9758853344174071
31.400000000000002,0.074,1.0134991373426496,9.108917315276998e-06,1.2445258908608965,0.9765067658989522
31.6,0.074,1.013323888286897,8.841308006201604e-06,1.2156292681380994,0.9771139676004197
31.8,0.074,1.0131539376015788,8.578148283952915e-06,1.1867290896239036,0.9777072235280417
32.0,0.074,1.012989134712065,8.319620384017957e-06,1.1578256094147978,0.9782868126774097
32.2,0.074,1.012829332019695,8.065880742211086e-06,1.1289190781169545,0.9788530091620953
32.4,0.074,1.0126743861649716,7.817057330815678e-06,1.1000097398145847,0.979406082332737
32.6,0.074,1.0125241592162262,7.573247530068255e-06,1.0710978291105404,0.9799462968872129
32.800000000000004,0.074,1.0123785197813917,7.334516394739675e-06,1.0421835683986178,0.9804739129725736
33.0,0.074,1.012237343988552,7.1008956943084326e-06,1.0132671652763854,0.9809891862793794
33.2,0.074,1.0121005163641568,6.872383257639717e-06,0.9843488103519097,0.9814923681291445
33.4,0.074,1.0119679305261158,6.64894334656873e-06,0.9554286751791762,0.9819837055555138
33.6,0.074,1.0118394897828096,6.430507029557519e-06,0.9265069107858654,0.9824634413798546
33.800000000000004,0.074,1.0117151074854178,6.216973992717015e-06,0.897583646171081,0.9829318142818246
34.0,0.074,1.0115947073511908,6.008213586972764e-06,0.8686589877113852,0.9833890588655827
34.2,0.074,1.011478223439165,5.804068243588367e-06,0.839733018099984,0.9838354057220766
34.4,0.074,1.0113656002652691,5.604354436899742e-06,0.8108057968252472,0.9842710814880736
34.6,0.074,1.0112567923544011,5.408868199302141e-06,0.7818773591799466,0.9846963089021825
34.800000000000004,0.074,1.0111517643093335,5.217384481778025e-06,0.75294771820605,0.9851113068586073
35.0,0.074,1.0110504898159158,5.029666246301771e-06,0.7240168629466468,0.9855162904585526
35.2,0.074,1.0109529519967557,4.84545914675457e-06,0.6950847628128382,0.9859114710603009
35.4,0.074,1.010859141530321,4.6645079945191e-06,0.6661513633056814,0.986297056327261
35.6,0.074,1.0107690579728024,4.486540222023553e-06,0.6372165951252555,0.9866732502757118
35.800000000000004,0.074,1.01068270613065,4.311298870524472e-06,0.6082803634930803,0.9870402533203229
36.0,0.074,1.0106000998213915,4.138500315614611e-06,0.5793425674882393,0.9873982623207785
36.2,0.074,1.010521254436842,3.967905186466729e-06,0.5504030743350913,0.9877474706250613
36.4,0.074,1.0104461964092393,3.7992175564373076e-06,0.5214617616940602,0.9880880681162835
36.6,0.074,1.010374947162417,3.632242981821009e-06,0.4925184573914644,0.9884202412532489
36.800000000000004,0.074,1.010307545651934,3.4666546729281144e-06,0.4635730339040556,0.988744173119388
37.0,0.074,1.010244012677447,3.3023509283528763e-06,0.43462526915422195,0.9890600434587792
37.2,0.074,1.0101844032119556,3.138918933073028e-06,0.40567506000374964,0.9893680287305915
37.4,0.074,1.0101287259309573,2.976446864353583e-06,0.3767221031436811,0.9896683021361593
37.6,0.074,1.0100770632695315,2.814300959383486e-06,0.3477663797822223,0.9899610336857704
37.800000000000004,0.074,1.0100293890557932,2.6529709817952703e-06,0.31880742712410376,0.9902463902071074
38.0,0.074,1.0099858422851153,2.4912902390657446e-06,0.28984544000099904,0.9905245354386683
38.2,0.074,1.0099463135012403,2.3306230831561736e-06,0.260879612240749,0.9907956299988534
38.400000000000006,0.074,1.0099110667824505,2.1685617519264115e-06,0.23191063891611272,0.9910598315361752
38.6,0.074,1.0098798025949258,2.008408650851998e-06,0.20293694876148147,0.9913172946151162
38.800000000000004,0.074,1.0098530669431145,1.844918261528868e-06,0.17396037933339067,0.9915681709867821
39.0,0.074,1.0098301317911833,1.6857272283034285e-06,0.14497763743624015,0.9918126092988437
39.2,0.074,1.0098121800707174,1.5192777119506822e-06,0.11599314657698394,0.9920507556159799
39.400000000000006,0.074,1.0097975204266822,1.3632540082889729e-06,0.08699973290463787,0.992282752744247
39.6,0.074,1.0097887252620876,1.1690690584358647e-06,0.058007656164209664,0.9925087420745399
39.800000000000004,0.074,1.0097814093784205,5.316777441322794e-07,0.029000927700355558,0.9927287415670774
40.0,0.074,1.0097814093784205,0.0,0.0,0.9927287415670774
0.0,0.076,1.0,0.0,6.088322422252105,0.0
0.2,0.076,1.082041556141151,-0.013285516795610715,6.088322422252105,0.04151526721860873
0.4,0.076,1.1375649197515894,-0.006056031009524692,5.824924222039836,0.08864940601178509
0.6000000000000001,0.076,1.1208034849686792,-0.003905944042376971,5.855004534049884,0.13728462988960977
0.8,0.076,1.1252257886565717,-0.0026243123438015304,5.741249832156359,0.1812421553148179
1.0,0.076,1.109795828071043,-0.001987216351743833,5.727385602756178,0.2207091950975659
1.2000000000000002,0.076,1.1048309523958821,-0.0014565994768368847,5.661961432035788,0.254896432402274
1.4000000000000001,0.076,1.094156128199328,-0.0011526663245283002,5.63323704214766,0.28496941350959665
1.6,0.076,1.0883094306497891,-0.000884191474728946,5.586532959083802,0.3113007574958966
1.8,0.076,1.0810391442791099,-0.0007111873771353587,5.553885950471394,0.3347403005756946
2.0,0.076,1.076061584041109,-0.0005590696936112959,5.515233741786905,0.35571522839095704
2.2,0.076,1.0709514477797084,-0.0004513384086925556,5.482241752570101,0.37474520436110104
2.4000000000000004,0.076,1.0670080836400129,-0.00035825227182032844,5.447451784673655,0.3921468461044108
2.6,0.076,1.0632717100689126,-0.00028791348372855915,5.41510304201798,0.4082339096457776
2.8000000000000003,0.076,1.0601796761109377,-0.00022806132207428954,5.382381237513227,0.42322064631084755
3.0,0.076,1.0573377630329763,-0.00018098047357182704,5.3508107800676665,0.43729971676180784
3.2,0.076,1.054879264932549,-0.00014133772450696804,5.319307277145502,0.45061199822158804
3.4000000000000004,0.076,1.0526326942484858,-0.00010942109423370883,5.288404775478435,0.4632779129609369
3.6,0.076,1.0506279123070774,-8.272998046831384e-05,5.2576717417176635,0.4753891849566245
3.8000000000000003,0.076,1.0487843321746202,-6.096536357259754e-05,5.227284290541425,0.4870221503854001
4.0,0.076,1.0470995526746112,-4.284665604555984e-05,5.197062082076945,0.4982364344873304
4.2,0.076,1.0455321562199518,-2.7977993458382823e-05,5.167054851909232,0.5090810402950142
4.4,0.076,1.0440719027796292,-1.5640372478939825e-05,5.137181745320397,0.5195949190580816
4.6000000000000005,0.076,1.042695410056447,-5.482547600869983e-06,5.107450172681749,0.5298100015386971
4.800000000000001,0.076,1.04139203815931,2.9402797342915123e-06,5.077820548467659,0.5397521475593483
5.0,0.076,1.0401476473720768,9.90239618445761e-06,5.04828785277172,0.5494425915777263
5.2,0.076,1.0389546738409365,1.5677173304458572e-05,5.0188308123670025,0.5588984594951448
5.4,0.076,1.0378047272674897,2.0438051689477043e-05,4.989442098807853,0.5681339832239544
5.6000000000000005,0.076,1.0366918880976057,2.4348910290043093e-05,4.960109232031717,0.5771610335396049
5.800000000000001,0.076,1.0356103663628198,2.7549147668653855e-05,4.930825977093882,0.5859896052469651
6.0,0.076,1.0345558391401262,3.0165244981378492e-05,4.901584693272931,0.5946281729084671
6.2,0.076,1.0335244159088697,3.2296139056980995e-05,4.87238054714525,0.6030840236018603
6.4,0.076,1.032513054377842,3.402634878999051e-05,4.843208582256119,0.6113634919322997
6.6000000000000005,0.076,1.0315191192165096,3.542374859604843e-05,4.814065239109433,0.6194721597799263
6.800000000000001,0.076,1.0305404975125827,3.654559168076602e-05,4.78494719317823,0.6274150040435119
7.0,0.076,1.029575397777922,3.743854670653167e-05,4.755851880413653,0.6351965184973405
7.2,0.076,1.0286223651076316,3.8141698619035546e-05,4.726777019143769,0.6428208064138542
7.4,0.076,1.0276801815656598,3.868716794691065e-05,4.697720775398423,0.6502916555901164
7.6000000000000005,0.076,1.026747852266368,3.910174668678091e-05,4.668681555016993,0.6576125962820936
7.800000000000001,0.076,1.025824551367696,3.9407549736810135e-05,4.639658043226424,0.6647869476273524
8.0,0.076,1.0249096032305027,3.962297968018544e-05,4.610649107227146,0.6718178538147306
8.200000000000001,0.076,1.024002450733371,3.976326086424437e-05,4.581653795385119,0.6787083128803307
8.4,0.076,1.0231026388045512,3.984104313752604e-05,4.552671287445913,0.6854611992654102
8.6,0.076,1.0222097947039326,3.986680265366288e-05,4.523700883417351,0.6920792817189636
8.8,0.076,1.021323615374918,3.984923530371897e-05,4.494741975837537,0.698565237383214
9.0,0.076,1.0204438546622259,3.979554580805152e-05,4.465794038147266,0.704921662972061
9.200000000000001,0.076,1.0195703141013486,3.971171064649787e-05,4.436856608059904,0.7111510836113265
9.4,0.076,1.01870283440727,3.960268215813727e-05,4.407929278052565,0.7172559598788344
9.600000000000001,0.076,1.0178412889383897,3.947256659444076e-05,4.379011684845016,0.7232386934139069
9.8,0.076,1.0169855779484644,3.932476648162652e-05,4.35010350229803,0.7291016314194371
10.0,0.076,1.0161356240223922,3.91621019294256e-05,4.32120443453952,0.7348470702907822
10.200000000000001,0.076,1.015291368172608,3.898690933157417e-05,4.292314210887207,0.7404772585670706
10.4,0.076,1.0144527666817589,3.8801124543856304e-05,4.2634325812729506,0.7459943993511244
10.600000000000001,0.076,1.0136197884406088,3.8606351081351094e-05,4.234559312687107,0.7514006523166052
10.8,0.076,1.0127924127698387,3.840391733257111e-05,4.205694186091997,0.7566981353925025
11.0,0.076,1.0119706275959692,3.81949236768345e-05,4.176836993952985,0.7618889261967363
11.200000000000001,0.076,1.0111544279489386,3.798028169807944e-05,4.147987538138219,0.7669750632739044
11.4,0.076,1.0103438147091481,3.776074668041762e-05,4.119145628212965,0.7719585471804669
11.600000000000001,0.076,1.0095387935730664,3.753694451209881e-05,4.090311080006546,0.7768413414506564
11.8,0.076,1.0087393741933208,3.7309393972959174e-05,4.06148371443937,0.7816253734691895
12.0,0.076,1.0079455694681145,3.707852518196873e-05,4.032663356545244,0.7863125352707824
12.200000000000001,0.076,1.0071573949517079,3.684469493980783e-05,4.003849834667228,0.7909046842820401
12.4,0.076,1.0063748683666935,3.660819934710061e-05,3.975042979790518,0.7954036440176868
12.600000000000001,0.076,1.0055980091999874,3.636928433066133e-05,3.9462426249923226,0.7998112047403202
12.8,0.076,1.0048268383684276,3.6128154311381764e-05,3.9174486049866113,0.8041291240907918
13.0,0.076,1.0040613779422252,3.588497938944854e-05,3.8886607557491857,0.8083591276946014
13.200000000000001,0.076,1.0033016509165156,3.5639901284660316e-05,3.859878914207704,0.8125029097484359
13.4,0.076,1.0025476810226015,3.5393038267194255e-05,3.8311029179872667,0.8165621335900087
13.600000000000001,0.076,1.0017994925725617,3.514448918894821e-05,3.802332605200998,0.8205384322535763
13.8,0.076,1.0010571103312587,3.489433687568102e-05,3.7735678142782194,0.8244334090129432
14.0,0.076,1.0003205594112303,3.464265090703905e-05,3.7448083838242505,0.8282486379133244
14.200000000000001,0.076,0.9995898651864682,3.438948988735645e-05,3.7160541525053525,0.8319856642930915
14.4,0.076,0.9988650532215291,3.4134903404344797e-05,3.687304958955407,0.8356460052961785
14.600000000000001,0.076,0.9981461492133482,3.387893355287998e-05,3.6585606416993217,0.8392311503757439
14.8,0.076,0.9974331789428951,3.362161629674837e-05,3.629821039089864,0.8427425617895292
15.0,0.076,0.9967261682348193,3.336298256386489e-05,3.6010859892557607,0.8461816750872697
15.200000000000001,0.076,0.9960251429232585,3.310305911197685e-05,3.572355330057244,0.8495498995904193
15.4,0.076,0.9953301288225357,3.284186934351419e-05,3.543628899049439,0.8528486188644002
15.600000000000001,0.076,0.994641151702123,3.2579433855910685e-05,3.514906533450322,0.8560791911835478
15.8,0.076,0.9939582372650567,3.231577100064754e-05,3.486188070114174,0.8592429499888856
16.0,0.076,0.9932814111298806,3.2050897269493385e-05,3.457473345509584,0.8623412043388388
16.2,0.076,0.9926106988157013,3.178482760400841e-05,3.4287621957014953,0.8653752393529779
16.400000000000002,0.076,0.9919461257300256,3.1517575670999615e-05,3.4000544563376054,0.8683463166488745
16.6,0.076,0.9912877171593627,3.1249154107707795e-05,3.371349962638191,0.8712556747721032
16.8,0.076,0.9906354982617427,3.097957464854791e-05,3.3426485493886053,0.8741045296194574
17.0,0.076,0.9899894940609528,3.0708848333861544e-05,3.3139500509345505,0.8768940748553798
17.2,0.076,0.9893497294418636,3.043698558476661e-05,3.2852543011779596,0.8796254823216084
17.400000000000002,0.076,0.9887162291463398,3.0163996370977226e-05,3.256561133574824,0.8822999024400214
17.6,0.076,0.9880890177697975,2.988989026843825e-05,3.227870381132975,0.8849184646086192
17.8,0.076,0.9874681197577999,2.9614676549969342e-05,3.199181876410529,0.8874822775905785
18.0,0.076,0.9868535594030785,2.9338364259968227e-05,3.170495451515051,0.889992429896268
18.2,0.076,0.9862453608426969,2.906096226611906e-05,3.1418109381022234,0.8924499901581001
18.400000000000002,0.076,0.9856435480553302,2.8782479277799143e-05,3.113128167376021,0.8948560074980587
18.6,0.076,0.9850481448588805,2.8502923921625603e-05,3.0844469700882997,0.8972115118877124
18.8,0.076,0.9844591749081125,2.8222304740882883e-05,3.055767176539399,0.8995175145005005
19.0,0.076,0.9838766616924359,2.7940630236808305e-05,3.0270886165785678,0.9017750080560424
19.200000000000003,0.076,0.9833006285337422,2.7657908872684957e-05,2.9984111196051564,0.90398496715619
19.400000000000002,0.076,0.982731098584273,2.7374149098890937e-05,2.9697345145696112,0.9061483486125337
19.6,0.076,0.9821680948243946,2.708935937875702e-05,2.9410586299753176,0.9082660917650311
19.8,0.076,0.9816116400605148,2.6803548174488946e-05,2.912383293880454,0.9103391187914216
20.0,0.076,0.9810617569227933,2.651672397673223e-05,2.883708333900416,0.9123683350070854
20.200000000000003,0.076,0.9805184678628127,2.62288953075143e-05,2.8550335772109494,0.9143546291549965
20.400000000000002,0.076,0.9799817951510981,2.59400707311926e-05,2.8263588505515913,0.9162988736854382
20.6,0.076,0.9794517608743051,2.5650258847236004e-05,2.7976839802301448,0.9182019250251604
20.8,0.076,0.9789283869321778,2.5359468320564344e-05,2.7690087921279933,0.9200646238357081
21.0,0.076,0.978411695034047,2.5067707879271776e-05,2.740333111706406,0.9218877952606892
21.200000000000003,0.076,0.9779017066948004,2.477498631588366e-05,2.711656764014814,0.9236722491618107
21.400000000000002,0.076,0.9773984432302977,2.448131250162432e-05,2.6829795737005404,0.9254187803436
21.6,0.076,0.9769019257518783,2.4186695405584633e-05,2.6543013650213942,0.9271281687668163
21.8,0.076,0.9764121751599943,2.3891144092077848e-05,2.625621961861159,0.9288011797506588
22.0,0.076,0.9759292121364301,2.3594667751222455e-05,2.596941187748731,0.9304385641640115
22.200000000000003,0.076,0.9754530571348566,2.32972757212069e-05,2.5682588658822065,0.9320410586060834
22.400000000000002,0.076,0.9749837303692414,2.2998977507496993e-05,2.539574819158072,0.9336093855769448
22.6,0.076,0.9745212517993483,2.269978282870485e-05,2.510888870207553,0.9351442536386099
22.8,0.076,0.9740656411128931,2.239970167300732e-05,2.4822008414409478,0.9366463575674575
23.0,0.076,0.9736169177033236,2.20987443422665e-05,2.4535105551016767,0.938116378498929
23.200000000000003,0.076,0.9731751006424053,2.1796921546708365e-05,2.4248178333327703,0.9395549840655805
23.400000000000002,0.076,0.9727402086466016,2.1494244475632366e-05,2.39612249825723,0.9409628285296937
23.6,0.076,0.9723122600359,2.1190724908247364e-05,2.3674243720761,0.942340552911767
23.8,0.076,0.9718912726840501,2.088637534842768e-05,2.338723277187201,0.9436887851162953
24.0,0.076,0.9714772639584871,2.0581209168914463e-05,2.3100190363280504,0.9450081400563294
24.200000000000003,0.076,0.9710702506484424,2.027524079277708e-05,2.281311472748168,0.9462992197783335
24.400000000000002,0.076,0.9706702488794581,1.9968485903791967e-05,2.252600410414403,0.9475626135888897
24.6,0.076,0.9702772740122101,1.9660961694180292e-05,2.2238856742554893,0.9487988981847733
24.8,0.076,0.9698913405238401,1.9352687154142215e-05,2.195167090450893,0.9500086377878627
25.0,0.076,0.9695124618693247,1.904368342407597e-05,2.166444486769653,0.951192384286284
25.200000000000003,0.076,0.9691406503208183,1.873397416644554e-05,2.137717692965985,0.9523506773830512
25.400000000000002,0.076,0.9687759167827393,1.842358603168164e-05,2.1089865412365816,0.9534840447533257
25.6,0.076,0.9684182705802858,1.8112549156452336e-05,2.080250866746557,0.9545930022112458
25.8,0.076,0.9680677192197699,1.780089777235193e-05,2.05151050822858,0.9556780538870648
26.0,0.076,0.9677242681187871,1.7488670827091137e-05,2.0227653086600172,0.9567396924151301
26.200000000000003,0.076,0.9673879203053539,1.7175912707129395e-05,1.9940151160221533,0.957778399132993
26.400000000000002,0.076,0.9670586760853757,1.686267404198743e-05,1.96525978414267,0.9587946442917034
26.6,0.076,0.9667365326786599,1.6549012525075385e-05,1.936499173622494,0.9597888872771012
26.8,0.076,0.9664214838248967,1.6234993831423323e-05,1.9077331528447947,0.9607615768416718
27.0,0.076,0.9661135193618786,1.5920692547433517e-05,1.878961599061195,0.9617131513463185
27.200000000000003,0.076,0.9658126247798028,1.560619313494074e-05,1.8501843995480738,0.9626440390111765
27.400000000000002,0.076,0.965518780756752,1.529159091263446e-05,1.8214014528213436,0.9635546581744213
27.6,0.076,0.9652319626821265,1.497699298749629e-05,1.7926126698955127,0.9644454175578518
27.8,0.076,0.9649521401764358,1.4662519171712636e-05,1.7638179755676904,0.9653167165378926
28.0,0.076,0.9646792766171887,1.4348302778997204e-05,1.7350173097045392,0.9661689454205656
28.200000000000003,0.076,0.964413328682561,1.403449133586891e-05,1.7062106285054377,0.9670024857189057
28.400000000000002,0.076,0.9641542459254508,1.3721247110050104e-05,1.677397905711683,0.9678177104312655
28.6,0.076,0.963901970391902,1.34087474534873e-05,1.6485791337292703,0.9686149843189505
28.8,0.076,0.9636564362985988,1.3097184888168274e-05,1.619754324629159,0.9693946641816527
29.0,0.076,0.9634175697843014,1.2786766925013832e-05,1.5909235109886681,0.9701570991292188
29.200000000000003,0.076,0.9631852887504092,1.2477715546743957e-05,1.5620867465370287,0.970902630848369
29.400000000000002,0.076,0.9629595028045668,1.2170266350247222e-05,1.5332441065682563,0.9716315938630896
29.6,0.076,0.9627401133203276,1.1864667308271752e-05,1.504395688089035,0.9723443157875571
29.8,0.076,0.9625270136237506,1.1561177126883192e-05,1.4755416096706422,0.9730411175705828
30.0,0.076,0.9623200893153231,1.126006321399953e-05,1.446682010981943,0.9737223137307349
30.200000000000003,0.076,0.9621192187322503,1.0961599244617066e-05,1.4178170519852247,0.9743882125814292
30.400000000000002,0.076,0.9619242735528664,1.0666062372236042e-05,1.3889469117871829,0.9750391164454665
30.6,0.076,0.9617351195402071,1.0373730089390085e-05,1.3600717871434527,0.9756753218586297
30.8,0.076,0.9615516174185237,1.0084876811006876e-05,1.3311918906296303,0.9762971197621151
31.0,0.076,0.9613736238705349,9.799770247022802e-06,1.3023074484953852,0.976904795683723
31.200000000000003,0.076,0.9612009926413989,9.518667629583368e-06,1.2734186982379754,0.9774986299078515
31.400000000000002,0.076,0.9610335757279476,9.241811894811787e-06,1.2445258859271127,0.9780788976344701
31.6,0.076,0.9608712246332777,8.969427909168926e-06,1.2156292633419181,0.9786458691273552
31.8,0.076,0.9607137916572844,8.701718856574378e-06,1.18672908495855,0.9791998098519555
32.0,0.076,0.9605611312014402,8.438862846259419e-06,1.1578256048738529,0.9797409806033451
32.2,0.076,0.9604131010517246,8.181009906476366e-06,1.1289190736944306,0.9802696376247708
32.4,0.076,0.9602695636231744,7.9282793664761e-06,1.1000097355049931,0.980786032717366
32.6,0.076,0.9601303871228971,7.680757822718133e-06,1.0710978249089458,0.9812904133416137
32.800000000000004,0.076,0.9599954466307219,7.438497554049903e-06,1.04218356430069,0.9817830227111987
33.0,0.076,0.9598646250417058,7.201515754047276e-06,1.0132671612784259,0.9822640998798517
33.2,0.076,0.9597378139026994,6.969794101265795e-06,0.9843488064508936,0.98273387982184
33.4,0.076,0.9596149140570317,6.743279403362462e-06,0.9554286713727471,0.9831925935066961
33.6,0.076,0.95949583619493,6.5218842498179155e-06,0.9265069070723475,0.9836404679688174
33.800000000000004,0.076,0.9593805011498023,6.305489133570771e-06,0.8975836425494637,0.9840777263724606
34.0,0.076,0.9592688401711863,6.093943800701796e-06,0.8686589841813029,0.9845045880727553
34.2,0.076,0.9591607948391115,5.887070986286825e-06,0.8397330146616834,0.9849212686731319
34.4,0.076,0.9590563171343089,5.684667655571551e-06,0.8108057934795535,0.9853279800798019
34.6,0.076,0.9589553689236806,5.486510830561955e-06,0.7818773559281985,0.985724930553485
34.800000000000004,0.076,0.9588579220001919,5.292357154319493e-06,0.7529477150500873,0.9861123247591304
35.0,0.076,0.9587639570103843,5.101952287214669e-06,0.7240168598886915,0.9864903638134652
35.2,0.076,0.9586734638127717,4.915025669346987e-06,0.6950847598555343,0.9868592453314508
35.4,0.076,0.9585864394890755,4.73130729872563e-06,0.6661513604518925,0.9872191634707891
35.6,0.076,0.958502889739895,4.550511085539956e-06,0.6372165923782238,0.9875703089763911
35.800000000000004,0.076,0.9584228250707529,4.372368268875671e-06,0.608280360856043,0.9879128692225534
36.0,0.076,0.958346264772572,4.196584662811866e-06,0.5793425649648748,0.9882470282566167
36.2,0.076,0.958273229105638,4.022912391216677e-06,0.5504030719287146,0.988572966838973
36.4,0.076,0.9582037493043272,3.851047851923383e-06,0.5214617594087196,0.9888908624872805
36.6,0.076,0.9581378506938198,3.680791552937258e-06,0.49251845523017873,0.9892008895136132
36.800000000000004,0.076,0.9580755764823825,3.5118114448573502e-06,0.46357303187137266,0.9895032190713026
37.0,0.076,0.9580169501850238,3.344004469556676e-06,0.4346252672522731,0.9897980191870497
37.2,0.076,0.9579620308191457,3.1769539390611627e-06,0.4056750582381271,0.9900854548142313
37.4,0.076,0.9579108281273262,3.010751095408224e-06,0.3767221015145068,0.9903656878548547
37.6,0.076,0.9578634291665671,2.844757643108406e-06,0.347766378297561,0.9906388772271418
37.800000000000004,0.076,0.9578198061207575,2.679472884465534e-06,0.318807425779705,0.9909051788661546
38.0,0.076,0.9577801049331623,2.51372077135924e-06,0.28984543881076946,0.9911647458220655
38.2,0.076,0.957744209331099,2.348886839542648e-06,0.26087961119085895,0.9914177282156016
38.400000000000006,0.076,0.9577123965555394,2.182540285739245e-06,0.23191063803401432,0.9916642734016908
38.6,0.076,0.957684349440412,2.0180286002336807e-06,0.2029369480121237,0.9919045258292191
38.800000000000004,0.076,0.9576606420564642,1.8500500604767042e-06,0.17396037877517062,0.9921386273433512
39.0,0.076,0.9576405050902518,1.686337634817044e-06,0.14497763698672098,0.9923667168428811
39.2,0.076,0.9576251839483667,1.515201884705827e-06,0.11599314636318724,0.9925889308705885
39.400000000000006,0.076,0.9576128941709219,1.3547606423593352e-06,0.08699973273243847,0.9928054028200239
39.6,0.076,0.9576063511325286,1.1590070974360772e-06,0.05800765656960267,0.9930162649043107
39.800000000000004,0.076,0.9576008298115376,5.260684364924314e-07,0.029000933285797854,0.9932215305221047
40.0,0.076,0.9576008298115376,0.0,0.0,0.9932215305221047
0.0,0.078,1.0,0.0,6.088469076626221,0.0
0.2,0.078,1.068267923870952,-0.01397175224059796,6.088469076626221,0.05646811723148454
0.4,0.078,1.1125894374105036,-0.006143295630390656,5.824846566328748,0.11536360570029414
0.6000000000000001,0.078,1.0851599284390097,-0.003848521544229002,5.854986140495487,0.17235832731787823
0.8,0.078,1.0830122836255955,-0.0025235349566413005,5.741239745171715,0.2212726951337492
1.0,0.078,1.0622025095201313,-0.0018849381483685465,5.727381807653578,0.26358613849130497
1.2000000000000002,0.078,1.0539246144289853,-0.0013625466701482525,5.661957901650784,0.2991687379400125
1.4000000000000001,0.078,1.0405466513262815,-0.001071845763536798,5.633235468064048,0.3298160435776709
1.6,0.078,1.0329071642936156,-0.0008155307546538461,5.586531329945608,0.3561885214053648
1.8,0.078,1.0241587931383767,-0.0006539001694264255,5.5538850774465764,0.3793619595125917
2.0,0.078,1.01812640021815,-0.0005112668138699658,5.515232869155279,0.3998694905801306
2.2,0.078,1.0121458235977707,-0.00041167323995827774,5.4822412010971435,0.4183122346976619
2.4000000000000004,0.078,1.0075493749448288,-0.0003252833826156151,5.447451264034229,0.4350478441781371
2.6,0.078,1.0032778634929982,-0.00026055510912102866,5.415102670456813,0.4504218829245589
2.8000000000000003,0.078,0.9997737035344422,-0.00020532086502460944,5.382380901166322,0.4646660842718066
3.0,0.078,0.9965984669257226,-0.00016208040944372339,5.350810519744749,0.47798674389396884
3.2,0.078,0.9938817587204959,-0.00012560560659460204,5.319307046710911,0.4905328951457765
3.4000000000000004,0.078,0.9914306380824726,-9.631761604309674e-05,5.288404587514214,0.502431313610396
3.6,0.078,0.989269561252049,-7.179928342902878e-05,5.257671576558933,0.5137777919496958
3.8000000000000003,0.078,0.987306485047365,-5.1836422688814326e-05,5.227284150958854,0.5246518020485355
4.0,0.078,0.9855341451789228,-3.5208934962208084e-05,5.197061959096148,0.5351150657487218
4.2,0.078,0.9839044404645529,-2.1576224774370433e-05,5.167054745235893,0.5452181694035826
4.4,0.078,0.9824032963541229,-1.0260950755450648e-05,5.137181650494726,0.5550011416779486
4.6000000000000005,0.078,0.9810031008070855,-9.470410334296623e-07,5.107450088630978,0.5644967107387654
4.800000000000001,0.078,0.9796904264820598,6.779197778737252e-06,5.077820472450607,0.5737312483002779
5.0,0.078,0.978448970887247,1.3161549250681259e-05,5.048287783537384,0.5827261589844634
5.2,0.078,0.9772691076368023,1.8451247193682116e-05,5.018830748553355,0.5914987832158396
5.4,0.078,0.9761405722274122,2.2806900785588347e-05,4.98944203982253,0.6000634710632139
5.6000000000000005,0.078,0.9750559765576298,2.6380587387853677e-05,4.960109177169663,0.6084321222618061
5.800000000000001,0.078,0.9740082644732646,2.9300560282270724e-05,4.930825925749476,0.6166146952099583
6.0,0.078,0.9729921072741503,3.168371122583335e-05,4.901584644826867,0.624619577119614
6.2,0.078,0.9720027661887367,3.362093108487185e-05,4.8723805011441605,0.6324539321673981
6.4,0.078,0.9710365129454447,3.519007251404131e-05,4.84320853829592,0.6401239457037887
6.6000000000000005,0.078,0.97009013798977,3.645345654359946e-05,4.814065196877755,0.6476350322552399
6.800000000000001,0.078,0.9691610585828747,3.746373273387577e-05,4.784947152405503,0.6549919885604505
7.0,0.078,0.9682470913304944,3.826374119115513e-05,4.755851840884964,0.6621991198668481
7.2,0.078,0.9673464584834544,3.8889391294456147e-05,4.726776980677067,0.6692603355538217
7.4,0.078,0.9664576732881062,3.937016523101594e-05,4.697720737846119,0.6761792265778646
7.6000000000000005,0.078,0.9655795185473368,3.973066628164308e-05,4.668681518255385,0.6829591250966781
7.800000000000001,0.078,0.9647109834651931,3.999119213920491e-05,4.639658007154369,0.6896031522114583
8.0,0.078,0.9638512390839994,4.0168637962718764e-05,4.610649071760427,0.6961142550700908
8.200000000000001,0.078,0.9629996007492767,4.02769771947211e-05,4.5816537604545795,0.702495236369652
8.4,0.078,0.9621555074910684,4.0327822205410074e-05,4.552671252994243,0.7087487774106588
8.6,0.078,0.9613184984443329,4.033078856281038e-05,4.523700849397425,0.7148774563607925
8.8,0.078,0.9604881972610042,4.0293858618965656e-05,4.494741942210416,0.7208837625857155
9.0,0.078,0.9596642967304937,4.02236454342273e-05,4.46579400488097,0.7267701079942661
9.200000000000001,0.078,0.958846547513795,4.012563507213821e-05,4.436856575128104,0.7325388359816317
9.4,0.078,0.9580347478674414,4.0004373412674796e-05,4.4079292454336905,0.7381922285278585
9.600000000000001,0.078,0.9572287356811857,3.9863629892653296e-05,4.3790116525213945,0.7437325118310635
9.8,0.078,0.9564283815244619,3.970652798840589e-05,4.350103470255229,0.749161860808842
10.0,0.078,0.955633583096596,3.953565665527472e-05,4.321204402765798,0.7544824027081819
10.200000000000001,0.078,0.9548442604973595,3.935316084805274e-05,4.292314179373042,0.7596962200251118
10.4,0.078,0.9540603523902399,3.9160817886746717e-05,4.263432550010645,0.7648053528838905
10.600000000000001,0.078,0.9532818127738987,3.896010005433942e-05,4.234559281670497,0.7698118009974312
10.8,0.078,0.9525086083365654,3.875222711222086e-05,4.2056941553161655,0.774717525301143
11.0,0.078,0.9517407162434759,3.853820954139821e-05,4.17683696341406,0.779524449333622
11.200000000000001,0.078,0.9509781223134761,3.831888456139531e-05,4.1479875078331885,0.7842344604203354
11.4,0.078,0.9502208194997905,3.80949459439324e-05,4.119145598139525,0.7888494107044549
11.600000000000001,0.078,0.9494688066354795,3.786696869806164e-05,4.0903110501629865,0.7933711180586808
11.8,0.078,0.9487220873910961,3.763542955924292e-05,4.061483684824461,0.7978013669045456
12.0,0.078,0.9479806694132287,3.7400723885476526e-05,4.03266332715816,0.8021419089594489
12.200000000000001,0.078,0.9472445636100615,3.7163179754365584e-05,4.00384980550747,0.8063944639271493
12.4,0.078,0.9465137835603111,3.69230695571361e-05,3.9750429508578544,0.8105607201437771
12.600000000000001,0.078,0.9457883450237405,3.6680619611290364e-05,3.9462425962867553,0.8146423351885713
12.8,0.078,0.9450682655360594,3.643601818563899e-05,3.9174485765083187,0.8186409364664576
13.0,0.078,0.9443535640739105,3.618942201798123e-05,3.8886607274984972,0.8225581217678218
13.200000000000001,0.078,0.9436442607780922,3.5940961824195266e-05,3.8598788861850752,0.8263954598095778
13.4,0.078,0.9429403767248378,3.5690746798160365e-05,3.831102890193245,0.8301544907606352
13.600000000000001,0.078,0.942241933737405,3.543886830047509e-05,3.802332577636227,0.8338367267540977
13.8,0.078,0.941548954230792,3.518540299342678e-05,3.7735677869433952,0.8374436523879484
14.0,0.078,0.940861461084086,3.4930415368614815e-05,3.7448083567201165,0.8409767252155427
14.200000000000001,0.078,0.9401794775356235,3.467395984993896e-05,3.716054125632706,0.8444373762268905
14.4,0.078,0.9395030270967257,3.441608258127349e-05,3.687304932315087,0.8478270103214551
14.600000000000001,0.078,0.9388321334808252,3.415682282901877e-05,3.658560615292179,0.8511470067730318
14.8,0.078,0.9381668205446579,3.3896214230688794e-05,3.629821012916775,0.8543987196871022
15.0,0.078,0.9375071122392976,3.3634285806138606e-05,3.60108596331762,0.8575834784509928
15.200000000000001,0.078,0.9368530325688683,3.337106275959529e-05,3.5723553043549554,0.8607025881770659
15.4,0.078,0.9362046055554187,3.310656721288736e-05,3.5436288735839216,0.8637573301391255
15.600000000000001,0.078,0.9355618552091152,3.284081873642908e-05,3.514906508222499,0.8667489622021769
15.8,0.078,0.9349248055027316,3.25738348338039e-05,3.48618804512498,0.8696787192456616
16.0,0.078,0.9342934803503951,3.23056313247409e-05,3.457473320759946,0.872547813580238
16.2,0.078,0.933667903589997,3.203622259062992e-05,3.428762171192348,0.8753574353581898
16.400000000000002,0.078,0.9330480989688615,3.1765621867463684e-05,3.400054432069882,0.8781087529775172
16.6,0.078,0.9324340901325556,3.149384143153884e-05,3.371349938612819,0.8808029134797316
16.8,0.078,0.9318259006159302,3.122089274499253e-05,3.34264852560652,0.8834410429414057
17.0,0.078,0.9312235538361309,3.094678662494398e-05,3.3139500273966678,0.8860242468594638
17.2,0.078,0.9306270730869296,3.0671533326075155e-05,3.285254277885204,0.8885536105302052
17.400000000000002,0.078,0.9300364815338104,3.0395142685603268e-05,3.2565611105281063,0.8910301994220329
17.6,0.078,0.9294518022098683,3.0117624182372096e-05,3.2278703583332073,0.8934550595418185
17.8,0.078,0.9288730580118827,2.98389870242504e-05,3.1991818538586214,0.8958292177948328
18.0,0.078,0.9283002716969135,2.955924021504643e-05,3.170495429211897,0.8981536823381296
18.2,0.078,0.9277334658791453,2.927839259513504e-05,3.14181091604872,0.9004294429272512
18.400000000000002,0.078,0.9271726630269066,2.899645286147028e-05,3.1131281455730617,0.9026574712561033
18.6,0.078,0.9266178854600937,2.871342965146688e-05,3.0844469485367667,0.904838721289804
18.8,0.078,0.9260691553476608,2.8429331527273433e-05,3.055767155240169,0.9069741295903072
19.0,0.078,0.9255264947052901,2.814416700856917e-05,3.0270885955325095,0.9090646156345524
19.200000000000003,0.078,0.9249899253931587,2.785794460194656e-05,2.9984110988131345,0.9111110821248782
19.400000000000002,0.078,0.9244594691137585,2.757067279372726e-05,2.969734494032488,0.9131144152914155
19.6,0.078,0.9239351474096412,2.728236009672971e-05,2.941058609693938,0.9150754851861574
19.8,0.078,0.9234169816613316,2.6993015025478553e-05,2.91238327385567,0.9169951459683752
20.0,0.078,0.9229049930850396,2.670264612726356e-05,2.883708314133063,0.9188742361810751
20.200000000000003,0.078,0.9223992027303506,2.641126199073988e-05,2.8550335577018564,0.9207135790181583
20.400000000000002,0.078,0.921899631477765,2.6118871240331296e-05,2.826358831301583,0.9225139825819854
20.6,0.078,0.9214063000359214,2.5825482548879643e-05,2.797683961240041,0.924276240131053
20.8,0.078,0.9209192289385878,2.5531104658493128e-05,2.7690087733985997,0.92600113031754
21.0,0.078,0.9204384385412042,2.5235746372029507e-05,2.7403330932385255,0.9276894174145189
21.200000000000003,0.078,0.9199639490168917,2.4939416571586684e-05,2.7116567458092398,0.9293418515326951
21.400000000000002,0.078,0.9194957803519193,2.464212421284093e-05,2.6829795557580582,0.9309591688266111
21.6,0.078,0.9190339523402508,2.434387836485948e-05,2.654301347342782,0.9325420916903494
21.8,0.078,0.9185784845772331,2.4044688189850737e-05,2.625621944447183,0.9340913289428595
22.0,0.078,0.918129396451858,2.374456299237993e-05,2.596941170600156,0.9356075760031608
22.200000000000003,0.078,0.9176867071373662,2.344351223996872e-05,2.568258848999772,0.937091515055787
22.400000000000002,0.078,0.9172504355797092,2.314154557195223e-05,2.5395748025425204,0.9385438152069788
22.6,0.078,0.9168206004831003,2.283867286896223e-05,2.5108888538596097,0.9399651326322529
22.8,0.078,0.9163972202922276,2.2534904296273447e-05,2.4822008253613235,0.9413561107161336
23.0,0.078,0.9159803131701009,2.2230250372294764e-05,2.4535105392910714,0.9427173801849404
23.200000000000003,0.078,0.9155698969707133,2.1924722047624885e-05,2.4248178177918636,0.9440495592336777
23.400000000000002,0.078,0.9151659892055122,2.1618330806487152e-05,2.396122482986689,0.9453532536481668
23.6,0.078,0.9147686070023316,2.131108877610849e-05,2.3674243570765667,0.9466290569236778
23.8,0.078,0.9143777670557686,2.100300886634772e-05,2.3387232624592933,0.9478775503813932
24.0,0.078,0.9139934855672714,2.069410494950409e-05,2.3100190218723573,0.9490993032840979
24.200000000000003,0.078,0.9136157781734668,2.038439203191653e-05,2.2813114585652534,0.9502948729525181
24.400000000000002,0.078,0.9132446598609516,2.007388650615546e-05,2.252600396504784,0.9514648048837485
24.6,0.078,0.9128801448654728,1.976260639526462e-05,2.2238856606196413,0.9526096328731731
24.8,0.078,0.9125222465537433,1.945057169504051e-05,2.195167077089238,0.9537298791412291
25.0,0.078,0.9121709772854232,1.9137804728912935e-05,2.166444473682553,0.9548260544662844
25.200000000000003,0.078,0.9118263482532845,1.882433056023436e-05,2.1377176801537283,0.9558986583247777
25.400000000000002,0.078,0.9114883692993615,1.851017749270007e-05,2.108986528699366,0.9569481790396179
25.6,0.078,0.911157048704842,1.8195377606158497e-05,2.080250854484488,0.9579750939376892
25.8,0.078,0.9108323929521778,1.7879967394762214e-05,2.0515104962416495,0.9589798695170934
26.0,0.078,0.9105144064575059,1.7563988439908808e-05,2.022765296948078,0.9599629616245735
26.200000000000003,0.078,0.9102030912726337,1.724748817393689e-05,1.9940151045849135,0.9609248156433307
26.400000000000002,0.078,0.9098984467560575,1.6930520716536684e-05,1.9652597729796615,0.9618658666912294
26.6,0.078,0.9096004692133614,1.6613147756939013e-05,1.9364991627330492,0.9627865398291543
26.8,0.078,0.9093091515085597,1.629543948761069e-05,1.9077331422280372,0.9636872502790709
27.0,0.078,0.909024482648804,1.5977475594680063e-05,1.8789615887159856,0.9645684036511258
27.200000000000003,0.078,0.9087464473464452,1.5659346232705846e-05,1.8501843894730186,0.965430396178941
27.400000000000002,0.078,0.908475025563714,1.534115304037457e-05,1.8214014430147334,0.9662736149620695
27.6,0.078,0.9082101920469088,1.5023010076002244e-05,1.7926126603553132,0.967098438214466
27.8,0.078,0.9079519158586713,1.4705044727621747e-05,1.763817966291521,0.9679052355176659
28.0,0.078,0.9077001599181672,1.4387398512837665e-05,1.7350173006896255,0.9686943680773217
28.200000000000003,0.078,0.907454880560952,1.407022773096234e-05,1.7062106197486084,0.9694661889816585
28.400000000000002,0.078,0.9072160271311619,1.3753703948835616e-05,1.6773978972093389,0.9702210434604054
28.6,0.078,0.9069835416200084,1.3438014263160213e-05,1.6485791254773758,0.9709592691427572
28.8,0.078,0.9067573583652002,1.3123361289835974e-05,1.6197543166232296,0.9716811963129512
29.0,0.078,0.9065374038260207,1.2809962861453853e-05,1.5909235032237619,0.9723871481621247
29.200000000000003,0.078,0.9063235964490268,1.2498051358867229e-05,1.5620867390077504,0.9730774410351773
29.400000000000002,0.078,0.9061158466379721,1.2187872683383487e-05,1.533244099268771,0.9737523846714922
29.6,0.078,0.9059140568405678,1.187968484128095e-05,1.5043956810130892,0.9744122824384748
29.8,0.078,0.9057181217624636,1.1573756086028732e-05,1.475541602811584,0.9750574315570093
30.0,0.078,0.9055279287162702,1.127036267343414e-05,1.4466820043327726,0.9756881233180804
30.200000000000003,0.078,0.9053433581099936,1.0969786207299374e-05,1.4178170455386319,0.9763046432899362
30.400000000000002,0.078,0.9051642840759295,1.0672310614567616e-05,1.388946905535608,0.9769072715153432
30.6,0.078,0.9049905752362635,1.0378218794023038e-05,1.360071781079157,0.9774962826986021
30.8,0.078,0.9048220955983991,1.0087788995464257e-05,1.3311918847447597,0.9780719463821504
31.0,0.078,0.904658705566958,9.801291001801903e-06,1.3023074427820542,0.9786345271127033
31.200000000000003,0.078,0.9045002630577672,9.51898219551755e-06,1.2734186926883506,0.9791842845970055
31.400000000000002,0.078,0.9043466246915483,9.241103626400565e-06,1.2445258805335004,0.9797214738473725
31.6,0.078,0.9041976470469898,8.967876149613602e-06,1.2156292580968506,0.9802463453173068
31.8,0.078,0.9040531879430683,8.699496777128485e-06,1.1867290798548664,0.9807591450275461
32.0,0.078,0.903913107728962,8.43613530026196e-06,1.1578255999047886,0.9812601146829752
32.2,0.078,0.9037772705448259,8.177931344183358e-06,1.1289190688536896,0.9817494917808904
32.4,0.078,0.9036455455376848,7.924991866990663e-06,1.1000097307868182,0.982227509711147
32.6,0.078,0.9035178079885133,7.67738928408061e-06,1.071097820308176,0.9826943978487428
32.800000000000004,0.078,0.9033939403516489,7.435160094701093e-06,1.0421835598128109,0.9831503816394291
33.0,0.078,0.9032738331492438,7.1983043535679536e-06,1.0132671568996063,0.9835956826789152
33.2,0.078,0.9031573857569549,6.966785522850265e-06,0.9843488021780078,0.9840305187862728
33.4,0.078,0.9030445069913373,6.740531411246901e-06,0.9554286672033871,0.9844551040720895
33.6,0.078,0.9029351156043129,6.519435146279656e-06,0.9265069030048226,0.9848696490019574
33.800000000000004,0.078,0.9028291405162991,6.303357608315456e-06,0.8975836385827836,0.9852743604557808
34.0,0.078,0.902726521034254,6.092129102859631e-06,0.8686589803151621,0.9856694417834853
34.2,0.078,0.9026272066995874,5.88555338337646e-06,0.8397330108964087,0.98605509285748
34.4,0.078,0.9025311573125471,5.683409192820279e-06,0.8108057898160878,0.986431510122485
34.6,0.078,0.9024383423474911,5.485456310593327e-06,0.781877352368017,0.9867988866428635
34.800000000000004,0.078,0.9023487409676786,5.291435383105492e-06,0.7529477115951869,0.9871574121482092
35.0,0.078,0.9022623408712322,5.10107742857455e-06,0.7240168565414679,0.9875072730769362
35.2,0.078,0.9021791386652691,4.914098847214837e-06,0.6950847566188151,0.9878486526190093
35.4,0.078,0.9020991377609436,4.730218145278128e-06,0.6661513573287372,0.9881817307568168
35.6,0.078,0.9020223498663114,4.549139581641966e-06,0.6372165893720725,0.9885066843062319
35.800000000000004,0.078,0.9019487909637923,4.3705862628443915e-06,0.6082803579703433,0.9888236869553743
36.0,0.078,0.9018784855585765,4.194257899969858e-06,0.5793425622035033,0.9891329093051383
36.2,0.078,0.9018114584268883,4.0199017124331e-06,0.5504030692952028,0.9894345189058819
36.4,0.078,0.9017477452618958,3.847211524604881e-06,0.5214617569073012,0.9897286802987973
36.6,0.078,0.9016873748189321,3.6759856947281777e-06,0.49251845286409174,0.9900155550496866
36.800000000000004,0.078,0.9016303941850295,3.505893084010626e-06,0.4635730296453235,0.9902953017933447
37.0,0.078,0.9015768289917168,3.336830352970006e-06,0.4346252651686266,0.9905680762619846
37.2,0.078,0.9015267419811216,3.168385442217878e-06,0.4056750563025785,0.990834031336754
37.4,0.078,0.9014801431778274,3.0006496153647165e-06,0.37672209972745807,0.9910933170651964
37.6,0.078,0.9014371241502008,2.832994001830057e-06,0.3477663766670658,0.991346080728372
37.800000000000004,0.078,0.9013976542960338,2.66591530431876e-06,0.3188074243019186,0.9915924668351683
38.0,0.078,0.9013618869202928,2.498254781583028e-06,0.2898454374993539,0.9918326172228664
38.2,0.078,0.9013296970143945,2.331386849240944e-06,0.26087961003269317,0.9920666710023248
38.400000000000006,0.078,0.9013013766017153,2.1629135205394346e-06,0.2319106370558001,0.9922947647297508
38.6,0.078,0.9012765872057684,1.996150058331546e-06,0.20293694718022787,0.9925170322477584
38.800000000000004,0.078,0.9012559353015033,1.8258608068015124e-06,0.1739603781461261,0.9927336050081741
39.0,0.078,0.9012386026225128,1.659696779190212e-06,0.14497763648114764,0.9929446116927656
39.2,0.078,0.9012259074798595,1.486105211031082e-06,0.1159931461038181,0.9931501788499818
39.400000000000006,0.078,0.9012159556342811,1.3232127321083788e-06,0.08699973252887168,0.9933504300179944
39.6,0.078,0.9012116332828655,1.1287572370838252e-06,0.05800765689368695,0.9935454877368687
39.800000000000004,0.078,0.9012078732626115,5.112510927667467e-07,0.029000938446073907,0.9937353605619307
40.0,0.078,0.9012078732626115,0.0,0.0,0.9937353605619307
0.0,0.08,1.0,0.0,6.088624335303435,0.0
0.2,0.08,1.0495815008572988,-0.01451980190589873,6.088624335303435,0.07631058911817995
0.4,0.08,1.0804689635189522,-0.00610986662428565,5.824766456413396,0.14882348518563782
0.6000000000000001,0.08,1.041313481313333,-0.003700970768373597,5.854967873094957,0.21428925359207995
0.8,0.08,1.0327877626412152,-0.002362942020705935,5.741229913251526,0.2674999730025166
1.0,0.08,1.006915923282796,-0.0017405855321156831,5.72737819338474,0.31184086782338494
1.2000000000000002,0.08,0.995844131030538,-0.0012402283943305462,5.661954524720892,0.3480669851146539
1.4000000000000001,0.08,0.9801714835938278,-0.0009703088209500958,5.633233977097188,0.37866089995837116
1.6,0.08,0.9711362583788042,-0.0007320875588621999,5.586529775588719,0.4045704081048925
1.8,0.08,0.9612160066474078,-0.000585290358185589,5.553884244843725,0.42707547528938106
2.0,0.08,0.954398433834513,-0.0004549670761978725,5.515232033493549,0.44679555401843213
2.2,0.08,0.9477603276110261,-0.0003653323796327768,5.48224067094247,0.4643944469752793
2.4000000000000004,0.08,0.9426925153113617,-0.00028715779477519587,5.447450762450903,0.48025721771648705
2.6,0.08,0.9380325293557126,-0.00022911271471222914,5.415102310686616,0.4947498839416646
2.8000000000000003,0.08,0.9342399888210724,-0.00017939634745775353,5.38238057491207,0.5081134045575718
3.0,0.08,0.930832860704988,-0.00014067536793263232,5.350810265946185,0.5205610413687829
3.2,0.08,0.9279432130740215,-0.00010793775140649313,5.319306821538832,0.5322450081798488
3.4000000000000004,0.08,0.9253581994454366,-8.172619820747299e-05,5.288404402924802,0.5432944560164382
3.6,0.08,0.9231002471337181,-5.97548863331637e-05,5.2576714138660865,0.5538062138679295
3.8000000000000003,0.08,0.9210673239439521,-4.18951851410824e-05,5.227284012766977,0.5638604774220485
4.0,0.08,0.9192492961665535,-2.7009861410702787e-05,5.197061836868241,0.57351920144619
4.2,0.08,0.9175925298497056,-1.4817395804431074e-05,5.167054638668325,0.5828330792321277
4.4,0.08,0.9160803511028174,-4.693253872331404e-06,5.137181555351297,0.5918420699394493
4.6000000000000005,0.08,0.9146817366324903,3.638008164684168e-06,5.107450003712241,0.6005788002579736
4.800000000000001,0.08,0.9133817148551056,1.055011813758989e-05,5.077820395139197,0.6090693223975435
5.0,0.08,0.9121620391406794,1.6254426295489584e-05,5.048287712816352,0.617334774441534
5.2,0.08,0.9110115445939798,2.0978150605681065e-05,5.018830683123468,0.6253922723074873
5.4,0.08,0.9099185228407587,2.4862451558062525e-05,4.989441979085447,0.6332559307372015
5.6000000000000005,0.08,0.9088744887329577,2.80449014150282e-05,4.960109120424381,0.6409374011106782
5.800000000000001,0.08,0.907871418236058,3.0640569440532594e-05,4.930825872408038,0.648446388103937
6.0,0.08,0.9069032303803677,3.27548948573439e-05,4.9015845942945635,0.6557910218031432
6.2,0.08,0.9059645444244245,3.44693131439432e-05,4.872380452984923,0.6629782103659284
6.4,0.08,0.9050511192356034,3.585379748077544e-05,4.8432084921214384,0.6700138853068843
6.6000000000000005,0.08,0.9041593130187305,3.696416521049139e-05,4.814065152387473,0.6769032112456179
6.800000000000001,0.08,0.9032861916981151,3.7847658583356394e-05,4.784947109340175,0.6836507393549961
7.0,0.08,0.9024292776248507,3.854264387111129e-05,4.7558517990378055,0.6902605342346355
7.2,0.08,0.9015865514537612,3.908131371565692e-05,4.726776939872939,0.6967362695902828
7.4,0.08,0.9007563247433693,3.949007093270233e-05,4.697720697943008,0.7030813057775837
7.6000000000000005,0.08,0.8999372137343223,3.979096189255581e-05,4.668681479134314,0.7092987493300019
7.800000000000001,0.08,0.8991280687912824,4.000216453538168e-05,4.639657968718042,0.7153915006196461
8.0,0.08,0.8983279458849732,4.013881468116802e-05,4.610649033927879,0.7213622908115157
8.200000000000001,0.08,0.897536064475477,4.0213426935888724e-05,4.581653723159342,0.7272137112276102
8.4,0.08,0.8967517839156963,4.0236403359895044e-05,4.552671216181238,0.7329482362447987
8.6,0.08,0.8959745769087321,4.021635598346004e-05,4.523700813021389,0.7385682414128073
8.8,0.08,0.8952040117711759,4.016043489966835e-05,4.494741906233988,0.7440760176395896
9.0,0.08,0.8944397350845694,4.007456322937144e-05,4.465793969273468,0.7494737824014
9.200000000000001,0.08,0.8936814589125501,3.996365507313844e-05,4.436856539864314,0.7547636885569721
9.4,0.08,0.8929289491961044,3.9831782293943436e-05,4.407929210492957,0.7599478313262827
9.600000000000001,0.08,0.8921820167331472,3.968232150556761e-05,4.3790116178868255,0.7650282538112269
9.8,0.08,0.8914405093208329,3.951807071051625e-05,4.350103435913069,0.7700069513923128
10.0,0.08,0.8907043054725062,3.934134925780103e-05,4.321204368704857,0.7748858752404885
10.200000000000001,0.08,0.8899733090700955,3.915407878176758e-05,4.292314145584274,0.7796669351451307
10.4,0.08,0.8892474450210801,3.8957851664220883e-05,4.263432516486773,0.7843520018071876
10.600000000000001,0.08,0.8885266556064215,3.8753987086275076e-05,4.234559248405703,0.7889429087187579
10.8,0.08,0.8878108974863408,3.8543578049650355e-05,4.205694122305849,0.7934414537206999
11.0,0.08,0.8871001391975067,3.832753013497528e-05,4.176836930654614,0.7978494003112698
11.200000000000001,0.08,0.8863943590901706,3.8106593749152225e-05,4.147987475321839,0.8021684787614847
11.4,0.08,0.8856935436101042,3.7881390845205876e-05,4.119145565874179,0.8064003870809776
11.600000000000001,0.08,0.884997685879803,3.765243703229326e-05,4.090311018142126,0.810546791867844
11.8,0.08,0.8843067845199712,3.742015990198428e-05,4.0614836530470235,0.8146093290686447
12.0,0.08,0.8836208426755001,3.718491419124823e-05,4.032663295623469,0.8185896046685447
12.200000000000001,0.08,0.8829398672077957,3.69469943847581e-05,4.003849774215174,0.8224891953270609
12.4,0.08,0.882263868026631,3.670664509972372e-05,3.9750429198078576,0.8263096489712741
12.600000000000001,0.08,0.881592857536877,3.646406971871689e-05,3.9462425654791766,0.8300524853555106
12.8,0.08,0.8809268501806499,3.621943753454474e-05,3.9174485459434485,0.8337191965944463
13.0,0.08,0.8802658620586858,3.5972889625284064e-05,3.88866069717678,0.8373112476748479
13.200000000000001,0.08,0.8796099106174983,3.572454375349607e-05,3.8598788561070605,0.8408300769499146
13.4,0.08,0.8789590143908318,3.5474498417778925e-05,3.831102860359591,0.8442770966192268
13.600000000000001,0.08,0.8783131927866084,3.522283614153292e-05,3.802332548047658,0.8476536931965309
13.8,0.08,0.8776724659112696,3.4969626280543115e-05,3.773567757600706,0.8509612279670421
14.0,0.08,0.8770368544252951,3.47149272885083e-05,3.744808327624156,0.8542010374355111
14.200000000000001,0.08,0.8764063794244664,3.445878860846226e-05,3.7160540967843563,0.8573744337659799
14.4,0.08,0.87578106234212,3.420125225271548e-05,3.6873049037152548,0.860482705213902
14.600000000000001,0.08,0.8751609248688118,3.394235407822068e-05,3.6585605869418054,0.8635271165511499
14.8,0.08,0.8745459888857194,3.3682124900502844e-05,3.6298209848168232,0.866508909484262
15.0,0.08,0.8739362764092553,3.342059140770945e-05,3.6010859354690656,0.8694293030662285
15.200000000000001,0.08,0.8733318095445216,3.3157776873512726e-05,3.572355276758792,0.8722894941020166
15.4,0.08,0.8727326104458606,3.2893701816180324e-05,3.5436288462411336,0.8750906575479855
15.600000000000001,0.08,0.8721387012835242,3.2628384488020144e-05,3.5149064811340986,0.8778339469053108
15.8,0.08,0.8715501042152672,3.2361841295165616e-05,3.48618801829197,0.8805204946075154
16.0,0.08,0.8709668413627312,3.20940871426889e-05,3.4574732941833366,0.8831514124021559
16.2,0.08,0.8703889347919166,3.1825135654802056e-05,3.4287621448731485,0.8857277917267324
16.400000000000002,0.08,0.8698164064972348,3.155499943435636e-05,3.400054406009103,0.8882507040788559
16.6,0.08,0.8692492783890099,3.128369022916899e-05,3.3713499128114632,0.8907212013806772
16.8,0.08,0.8686875722834124,3.101121905153615e-05,3.342648500065589,0.8931403163376271
17.0,0.08,0.8681313098945702,3.073759634374977e-05,3.3139500021171675,0.8955090627914274
17.2,0.08,0.8675805128281625,3.0462832041090097e-05,3.285254252868124,0.8978284360673675
17.400000000000002,0.08,0.8670352025758995,3.0186935704389146e-05,3.256561085774435,0.900099413315807
17.6,0.08,0.8664954005109468,2.990991659023538e-05,3.2278703338439345,0.9023229538478325
17.8,0.08,0.8659611278836147,2.9631783699085023e-05,3.199181829634718,0.904499999464989
18.0,0.08,0.865432405817669,2.935254586146641e-05,3.170495405254342,0.9066314747829807
18.2,0.08,0.8649092553069462,2.9072211760230975e-05,3.1418108923584724,0.9087182875492038
18.400000000000002,0.08,0.8643916972122068,2.8790789972689427e-05,3.1131281221510876,0.9107613289539654
18.6,0.08,0.8638797522584415,2.8508289007871873e-05,3.0844469253840194,0.9127614739351956
18.8,0.08,0.8633734410322663,2.822471731993438e-05,3.055767132357593,0.914719581476466
19.0,0.08,0.8628727839795476,2.7940083333823688e-05,3.0270885729210506,0.9166364948980719
19.200000000000003,0.08,0.8623778014031288,2.7654395465591474e-05,2.9984110764737237,0.9185130421409323
19.400000000000002,0.08,0.8618885134606482,2.7367662130007606e-05,2.9697344719660532,0.9203500360430391
19.6,0.08,0.8614049401622843,2.7079891753720217e-05,2.9410585879014026,0.9221482746081701
19.8,0.08,0.8609271013686921,2.6791092789305646e-05,2.9123832523379427,0.9239085412665591
20.0,0.08,0.8604550167887461,2.650127372016741e-05,2.8837082928910527,0.9256316051272409
20.200000000000003,0.08,0.8599887059772665,2.6210443065802913e-05,2.855033536736461,0.92731822122176
20.400000000000002,0.08,0.8595281883326086,2.591860940190807e-05,2.8263588106136956,0.9289691307389703
20.6,0.08,0.8590734830939276,2.562578134524056e-05,2.797683940830542,0.9305850612506679
20.8,0.08,0.8586246093382349,2.5331967590624348e-05,2.769008753268367,0.9321667269278374
21.0,0.08,0.8581815859769901,2.503717689458091e-05,2.740333073388428,0.9337148287473405
21.200000000000003,0.08,0.8577444317521773,2.474141809193906e-05,2.7116567262401334,0.935230054688935
21.400000000000002,0.08,0.8573131652318319,2.4444700109929454e-05,2.682979536470793,0.9367130799225868
21.6,0.08,0.8568878048046575,2.4147031984149586e-05,2.6543013283381987,0.9381645669861278
21.8,0.08,0.8564683686737845,2.3848422856680802e-05,2.625621925726114,0.9395851659534036
22.0,0.08,0.8560548748491095,2.354888201512418e-05,2.59694115216342,0.9409755145931687
22.200000000000003,0.08,0.855647341137978,2.3248418919191418e-05,2.5682588308481837,0.9423362385191001
22.400000000000002,0.08,0.8552457851337519,2.294704322375354e-05,2.5395747846768724,0.9436679513314238
22.6,0.08,0.8548502242014582,2.2644764836177697e-05,2.5108888362806865,0.9449712547507725
22.8,0.08,0.8544606754601426,2.2341593970780765e-05,2.4822008080699,0.946246738745022
23.0,0.08,0.8540771557608678,2.2037541231122114e-05,2.453510522287901,0.947494981649971
23.200000000000003,0.08,0.8536996816595693,2.1732617673677537e-05,2.424817801077687,0.9487165502848499
23.400000000000002,0.08,0.853328269383756,2.1426834940939593e-05,2.39612246656222,0.9499120000637382
23.6,0.08,0.8529629347917298,2.1120205372605093e-05,2.367424340942501,0.9510818751040717
23.8,0.08,0.8526036933233067,2.0812742151096017e-05,2.338723246616303,0.9522267083334819
24.0,0.08,0.8522505599403428,2.0504459492428795e-05,2.31001900632108,0.9533470215962622
24.200000000000003,0.08,0.8519035490555921,2.019537285155653e-05,2.2813114433062895,0.9544433257607822
24.400000000000002,0.08,0.8515626744481624,1.9885499167233413e-05,2.252600381538695,0.9555161208291634
24.6,0.08,0.8512279491635221,1.957485714499199e-05,2.2238856459469365,0.9565658960505119
24.8,0.08,0.8508993853963487,1.9263467612860195e-05,2.195167062710371,0.9575931300389252
25.0,0.08,0.850576994353796,1.8951353903246815e-05,2.166444459597903,0.9585982908974239
25.200000000000003,0.08,0.8502607860972616,1.863854228967728e-05,2.137717666363598,0.9595818363488331
25.400000000000002,0.08,0.8499507693605325,1.8325062524012773e-05,2.1089865152039726,0.9605442138744948
25.6,0.08,0.8496469513421366,1.801094839919553e-05,2.0802508412839296,0.9614858608615466
25.8,0.08,0.8493493374704987,1.76962384207065e-05,2.0515104833358997,0.9624072047593012
26.0,0.08,0.8490579311400686,1.7380976519132198e-05,2.02276528433697,0.9633086632450872
26.200000000000003,0.08,0.8487727334178301,1.7065212840360178e-05,1.9940150922681135,0.9641906443996886
26.400000000000002,0.08,0.8484937427197742,1.6749004627788775e-05,1.9652597609566467,0.9650535468923302
26.6,0.08,0.8482209544578226,1.643241712213346e-05,1.9364991510030864,0.9658977601749371
26.8,0.08,0.8479543606589265,1.6115524541178238e-05,1.9077331307901448,0.9667236646852033
27.0,0.08,0.8476939495589011,1.5798411074112772e-05,1.8789615775689297,0.9675316320578161
27.200000000000003,0.08,0.8474397051751389,1.548117189109115e-05,1.8501843786152523,0.9683220253430083
27.400000000000002,0.08,0.8471916068636006,1.5163914141756414e-05,1.8214014324443955,0.9690951992314601
27.6,0.08,0.846949628867095,1.4846757906059215e-05,1.7926126500701878,0.9698515002844552
27.8,0.08,0.8467137398635335,1.4529837075421232e-05,1.7638179562890013,0.9705912671680748
28.0,0.08,0.8464839025240217,1.4213300108143078e-05,1.7350172909667052,0.9713148308901594
28.200000000000003,0.08,0.8462600730926151,1.389731064041696e-05,1.7062106103018424,0.972022515038717
28.400000000000002,0.08,0.8460422010003155,1.3582047891318362e-05,1.6773978880348341,0.9727146360204381
28.6,0.08,0.8458302285272088,1.3267706828301667e-05,1.6485791165707626,0.9733915032979973
28.8,0.08,0.8456240905271803,1.2954498045269817e-05,1.6197543079796637,0.9740534196248516
29.0,0.08,0.8454237142296804,1.2642647316592105e-05,1.5909234948379147,0.974700681276321
29.200000000000003,0.08,0.8452290191331654,1.233239477510118e-05,1.5620867308738176,0.975333578275802
29.400000000000002,0.08,0.8450399170033689,1.2023993709885397e-05,1.5332440913804861,0.9759523946150843
29.6,0.08,0.844856311988483,1.1717708956887908e-05,1.5043956733637385,0.9765574084678419
29.8,0.08,0.8446781008610151,1.1413814843013528e-05,1.4755415953940518,0.9771488923955014
30.0,0.08,0.8445051733934407,1.1112592735211612e-05,1.44668199713957,0.9777271135448242
30.200000000000003,0.08,0.84433741287124,1.081432817460871e-05,1.4178170385619617,0.9782923338366658
30.400000000000002,0.08,0.844174696743583,1.0519307660134535e-05,1.3889468987674194,0.9788448101455212
30.6,0.08,0.844016897407028,1.0227815104864547e-05,1.3600717745112156,0.9793847944695894
30.8,0.08,0.8438638831144878,9.940128055895152e-06,1.3311918783687315,0.9799125340912213
31.0,0.08,0.8437155189955335,9.65651373277163e-06,1.3023074365895848,0.9804282717277271
31.200000000000003,0.08,0.843571668172746,9.377225006637002e-06,1.273418686671158,0.9809322456726391
31.400000000000002,0.08,0.8434321929510591,9.102496393831103e-06,1.2445258746834635,0.9814246899276101
31.6,0.08,0.8432969560595192,8.832540184915566e-06,1.2156292524061028,0.9819058343252264
31.8,0.08,0.8431658219147277,8.567542836940094e-06,1.1867290743158867,0.9823759046430754
32.0,0.08,0.8430386578846085,8.307661668137908e-06,1.1578255945104838,0.9828351227094854
32.2,0.08,0.8429153355152889,8.053022062974973e-06,1.1289190635974766,0.9832837065013806
32.4,0.08,0.8427957317065085,7.803715140487274e-06,1.1000097256626937,0.9837218702347631
32.6,0.08,0.8426797297909534,7.559796109061517e-06,1.0710978153107773,0.9841498244483179
32.800000000000004,0.08,0.8425672205211634,7.3212831602591646e-06,1.042183554937466,0.9845677760807041
33.0,0.08,0.8424581029051303,7.088157225558277e-06,1.0132671521423628,0.9849759285420416
33.2,0.08,0.8423522849315276,6.860362156029765e-06,0.9843487975356702,0.9853744817801624
33.4,0.08,0.842249684090983,6.637805969091725e-06,0.9554286626735112,0.9857636323421188
33.6,0.08,0.8421502278077351,6.420362169426885e-06,0.9265068985857231,0.9861435734315053
33.800000000000004,0.08,0.8420538536033868,6.2078724813813934e-06,0.8975836342735114,0.9865144949620135
34.0,0.08,0.8419605092567521,6.000148851371307e-06,0.8686589761154788,0.9868765836077805
34.2,0.08,0.8418701525818075,5.796977709393825e-06,0.8397330068067479,0.9872300228508235
34.4,0.08,0.8417827514072747,5.598121819115266e-06,0.8108057858375125,0.9875749930261533
34.6,0.08,0.8416982829201752,5.403326431031813e-06,0.781877348502151,0.9879116713646512
34.800000000000004,0.08,0.8416167336618289,5.212319435172373e-06,0.752947707844188,0.9882402320344481
35.0,0.08,0.8415380982906752,5.024820758294476e-06,0.7240168529079114,0.9885608461805014
35.2,0.08,0.8414623799858197,4.8405377928816e-06,0.6950847531057156,0.9888736819635048
35.4,0.08,0.8413895882196772,4.659181650188279e-06,0.6661513539393538,0.9891789045970756
35.6,0.08,0.8413197403742521,4.48045156724949e-06,0.637216586110042,0.9894766763852951
35.800000000000004,0.08,0.8412528574894536,4.304066799408485e-06,0.6082803548393211,0.9897671567580114
36.0,0.08,0.8411889688308695,4.12972606480063e-06,0.5793425592075602,0.990050502308079
36.2,0.08,0.8411281031461331,3.957175683566867e-06,0.5504030664380857,0.9903268668247309
36.4,0.08,0.8410703000587474,3.786112577131646e-06,0.5214617541934176,0.9905964013318547
36.6,0.08,0.841015591102527,3.616335977272651e-06,0.4925184502969091,0.9908592541185026
36.800000000000004,0.08,0.8409640267002936,3.447522431997553e-06,0.4635730272296784,0.9911155707803851
37.0,0.08,0.8409156338362281,3.279569070494285e-06,0.4346252629071462,0.99136549424496
37.2,0.08,0.8408704785099721,3.112077873064277e-06,0.4056750542010025,0.9916091648203499
37.4,0.08,0.8408285700943562,2.9451359537617417e-06,0.37672209778654037,0.9918467202091944
37.6,0.08,0.8407900044380602,2.778139607275471e-06,0.34776637489472806,0.9920782955736982
37.800000000000004,0.08,0.8407547468751218,2.6115680530333246e-06,0.3188074226948896,0.9923040235256646
38.0,0.08,0.8407229584008175,2.444310463794716e-06,0.28984543607078184,0.9925240342260485
38.2,0.08,0.8406945032172825,2.277691587682601e-06,0.2608796087705565,0.9927384553243905
38.400000000000006,0.08,0.8406696897166213,2.1094110967352255e-06,0.23191063598544903,0.9929474121317805
38.6,0.08,0.8406481542756272,1.942660707568652e-06,0.20293694627033876,0.9931510274530089
38.800000000000004,0.08,0.840630540166687,1.7724135898991829e-06,0.17396037745001575,0.9933494219152113
39.0,0.08,0.84061597225425,1.606029196540875e-06,0.14497763592451127,0.9935427135730189
39.2,0.08,0.8406058524079068,1.4324060767941267e-06,0.11599314580213012,0.9937310185608152
39.400000000000006,0.08,0.8405981594032328,1.269166654606959e-06,0.08699973230062505,0.9939144501773816
39.6,0.08,0.8405959784809968,1.0788724410970666e-06,0.05800765713549016,0.9940931208472888
39.800000000000004,0.08,0.8405939063347558,4.87547464605422e-07,0.02900094308603909,0.9942670341239279
40.0,0.08,0.8405939063347558,0.0,0.0,0.9942670341239279
0.0,0.082,1.0,0.0,6.088786934171198,0.0
0.2,0.082,1.0243992343914445,-0.01489127084899265,6.088786934171198,0.10247001800746554
0.4,0.082,1.0395864638899874,-0.00593901040790653,5.824685166689304,0.1902402939611872
0.6000000000000001,0.082,0.9880438402479443,-0.0034606373526098622,5.854950111276733,0.26370348503306634
0.8,0.082,0.9737719188973312,-0.0021467915789417156,5.74122053094881,0.3201065449181595
1.0,0.082,0.9434384563900268,-0.0015595705262758395,5.727374795982277,0.3653949819556935
1.2000000000000002,0.082,0.9302770188939238,-0.0010950924823022866,5.661951340538302,0.40138490272242267
1.4000000000000001,0.082,0.9128238414453606,-0.0008525965506611704,5.633232566938003,0.4312387320213985
1.6,0.082,0.9028581513813883,-0.0006377150740610578,5.58652830304927,0.4561600299926271
1.8,0.082,0.8921134723786661,-0.0005084605546968675,5.553883447132843,0.47759028162509815
2.0,0.082,0.8848088083077703,-0.0003927396885670408,5.515231234252804,0.49620739962076515
2.2,0.082,0.8777449456587335,-0.00031440045128878054,5.482240157698604,0.5127136219320774
2.4000000000000004,0.082,0.8724014181759873,-0.0002456007150759667,5.447450277873574,0.5275058967802396
2.6,0.082,0.8675096752638519,-0.0001950014416526038,5.415101959587202,0.5409579845004258
2.8000000000000003,0.082,0.8635603115537768,-0.00015146301920660295,5.3823802567761065,0.5533114650111919
3.0,0.082,0.8600287121198669,-0.00011773779340318216,5.35081001651612,0.5647796254410491
3.2,0.082,0.8570561925525765,-8.914508207641823e-05,5.319306600073083,0.575512899699311
3.4000000000000004,0.082,0.8544117509947781,-6.632244877817327e-05,5.288404220228872,0.5856388399493502
3.6,0.082,0.8521194365934205,-4.716266345133906e-05,5.25767125249866,0.5952523589051247
3.8000000000000003,0.082,0.850068811491011,-3.1615971814804364e-05,5.22728387495088,0.6044320224722352
4.0,0.082,0.8482490018952241,-1.8648675038027156e-05,5.197061714586901,0.6132382275524244
4.2,0.082,0.8466020642487191,-8.03811412064269e-06,5.167054531516825,0.6217203540433589
4.4,0.082,0.8451100329445029,7.774884149936365e-07,5.1371814592464045,0.6299171995499394
4.6000000000000005,0.082,0.8437395852549191,8.028423937310134e-06,5.107449917374271,0.6378603695778297
4.800000000000001,0.082,0.8424750748849017,1.404292821339153e-05,5.077820316176825,0.6455749301787572
5.0,0.082,0.8412967147986622,1.9000675363984715e-05,5.048287640324849,0.6530812814442066
5.2,0.082,0.8401923867086429,2.3102238635196622e-05,5.018830615844481,0.6603958914720998
5.4,0.082,0.8391493943542102,2.646958558814572e-05,4.989441916403691,0.6675323061037919
5.6000000000000005,0.082,0.8381585498546065,2.9223764560588174e-05,4.960109061639061,0.6745016671777292
5.800000000000001,0.082,0.8372111783277205,3.146523675269206e-05,4.93082581694206,0.6813132211240664
6.0,0.082,0.8363007158112323,3.328660696904513e-05,4.901584541573819,0.6879746815290066
6.2,0.082,0.8354213583865564,3.475886721113858e-05,4.872380402585981,0.6944925757872221
6.4,0.082,0.8345685353961723,3.594323455823704e-05,4.843208443668592,0.7008724838662065
6.6000000000000005,0.082,0.8337383229678847,3.6888357980231467e-05,4.814065105588857,0.7071192435547796
6.800000000000001,0.082,0.832927560880069,3.7635500193574685e-05,4.784947063944563,0.7132370997315501
7.0,0.082,0.8321335803236807,3.821810258723363e-05,4.755851754844372,0.7192298281285204
7.2,0.082,0.8313542060886466,3.86642588495205e-05,4.726776896711833,0.7251008282926032
7.4,0.082,0.8305876188514492,3.8996984195988126e-05,4.6977206556763615,0.7308531990249348
7.6000000000000005,0.082,0.8298323270777292,3.923550920572002e-05,4.6686814376467005,0.7364897961311242
7.800000000000001,0.082,0.829087090911952,3.939568056968109e-05,4.639657927915049,0.742013278675936
8.0,0.082,0.8283508915738709,3.9490698063011424e-05,4.610648993730966,0.7474261447708102
8.200000000000001,0.082,0.8276228860001856,3.9531472077349425e-05,4.58165368350404,0.7527307600033913
8.4,0.082,0.8269023815082392,3.9527073252461927e-05,4.55267117701417,0.75792937956616
8.6,0.082,0.8261888072383051,3.948501009505506e-05,4.5237007742987,0.7630241657522773
8.8,0.082,0.8254816951023265,3.941151730294389e-05,4.494741867919489,0.768017201629154
9.0,0.082,0.8247806611286724,3.9311759299283235e-05,4.4657939313374815,0.7729105018303125
9.200000000000001,0.082,0.8240853917298373,3.919002111644382e-05,4.436856502282447,0.7777060210235167
9.4,0.082,0.8233956312285541,3.9049853318731964e-05,4.407929173245274,0.7824056606030855
9.600000000000001,0.082,0.8227111721672474,3.889420046473957e-05,4.3790115809570365,0.7870112739707937
9.8,0.082,0.8220318468637214,3.87255026068682e-05,4.35010339928792,0.7915246707307811
10.0,0.082,0.82135752066071,3.854578251598469e-05,4.321204332373603,0.7959476200296484
10.200000000000001,0.082,0.8206880861789444,3.835671620040916e-05,4.292314109538249,0.8002818532370217
10.4,0.082,0.8200234586501932,3.81596926045617e-05,4.263432480719027,0.8045290661106519
10.600000000000001,0.082,0.8193635719922656,3.7955862450020456e-05,4.234559212910703,0.808690920563613
10.8,0.082,0.8187083755913344,3.774617928746293e-05,4.20569408707924,0.8127690461221149
11.0,0.082,0.8180578316123757,3.753143326096665e-05,4.176836895693014,0.8167650411445522
11.200000000000001,0.082,0.8174119127827307,3.7312279231240877e-05,4.147987440622672,0.8206804738555346
11.4,0.082,0.8167706005462607,3.708926010290377e-05,4.119145531435532,0.8245168832371613
11.600000000000001,0.082,0.8161338835392046,3.686282606206448e-05,4.090310983962632,0.8282757798097955
11.8,0.082,0.8155017563242263,3.663335058703934e-05,4.0614836191257755,0.8319586463275415
12.0,0.082,0.8148742183442009,3.6401143635924246e-05,4.032663261959927,0.8355669384076153
12.200000000000001,0.082,0.8142512730547052,3.616646266705816e-05,4.003849740809109,0.8391020851084685
12.4,0.082,0.8136329272064312,3.592952167408145e-05,3.9750428866592906,0.842565489468009
12.600000000000001,0.082,0.8130191902510063,3.569049869586194e-05,3.9462425325883395,0.8459585290105311
12.8,0.082,0.8124100738492998,3.54495420837735e-05,3.9174485133107453,0.849282556228992
13.0,0.082,0.8118055914648215,3.5206775578880925e-05,3.888660664802749,0.8525388990475802
13.200000000000001,0.082,0.8112057580277453,3.4962302602965324e-05,3.859878823992357,0.8557288612683434
13.4,0.082,0.8106105896572091,3.4716209793838386e-05,3.8311028285049593,0.8588537230047085
13.600000000000001,0.082,0.8100201034324583,3.446856985481466e-05,3.8023325164539257,0.8619147411039939
13.8,0.082,0.809434317204079,3.42194440089568e-05,3.7735677262687526,0.8649131495604853
14.0,0.082,0.8088532494387126,3.39688839761841e-05,3.744808296554906,0.8678501599202364
14.200000000000001,0.082,0.808276919091387,3.371693360336987e-05,3.7160540659787737,0.8707269616784471
14.4,0.082,0.8077053455003924,3.346363026252875e-05,3.6873048731743516,0.8735447226700371
14.600000000000001,0.082,0.8071385483008799,3.320900596533134e-05,3.6585605566665995,0.8763045894538943
14.8,0.082,0.8065765473532684,3.29530883219141e-05,3.6298209548083564,0.8790076876911109
15.0,0.082,0.8060193626837697,3.2695901345445876e-05,3.601085905728392,0.8816551225174724
15.200000000000001,0.082,0.8054670144345011,3.243746608499469e-05,3.572355247286975,0.8842479789103723
15.4,0.082,0.804919522821307,3.2177801196031754e-05,3.543628817039255,0.8867873220502857
15.600000000000001,0.082,0.804376908098213,3.1916923368703646e-05,3.5149064522032365,0.8892741976768866
15.8,0.082,0.8038391905272099,3.16548476916078e-05,3.486187989633214,0.8917096324399041
16.0,0.082,0.8033063903531646,3.139158796423701e-05,3.4574732657977694,0.89409463424473
16.2,0.082,0.8027785277830791,3.112715686096961e-05,3.4287621167618583,0.8964301925928491
16.400000000000002,0.082,0.8022556229691321,3.086156618095657e-05,3.400054378173175,0.8987172789170979
16.6,0.082,0.8017376959953542,3.0594826978617013e-05,3.3713498852519743,0.9009568469117528
16.8,0.082,0.8012247668668624,3.032694965869721e-05,3.3426484727836274,0.9031498328574824
17.0,0.082,0.8007168555014025,3.005794414592777e-05,3.313949975113796,0.9052971559411178
17.2,0.082,0.8002139817224829,2.9787819912014897e-05,3.2852542261444153,0.9073997185702273
17.400000000000002,0.082,0.799716165253466,2.951658610454274e-05,3.256561059331452,0.9094584066824531
17.6,0.082,0.7992234257127183,2.9244251608719265e-05,3.22787030768273,0.9114740900495334
17.8,0.082,0.7987357826090675,2.8970825098058174e-05,3.199181803756348,0.9134476225759299
18.0,0.082,0.7982532553379585,2.86963150952796e-05,3.170495379659846,0.9153798425919587
18.2,0.082,0.7977758631779538,2.8420730000611232e-05,3.141810867048895,0.9172715731412853
18.400000000000002,0.082,0.7973036252875033,2.81440781293835e-05,3.1131280971274586,0.9191236222626503
18.6,0.082,0.7968365607022151,2.7866367746422968e-05,3.084446900647364,0.9209367832656344
18.8,0.082,0.7963746883322224,2.7587607069320478e-05,3.0557671079089306,0.9227118350002912
19.0,0.082,0.7959180269598092,2.7307804302438305e-05,3.027088548761391,0.9244495421204141
19.200000000000003,0.082,0.7954665952371521,2.7026967643733693e-05,2.9984110526040735,0.9261506553402116
19.400000000000002,0.082,0.7950204116841701,2.674510530055396e-05,2.9697344483874084,0.9278159116841378
19.6,0.082,0.7945794946863071,2.64622254990643e-05,2.941058564614751,0.9294460347296145
19.8,0.082,0.7941438624925234,2.6178336490135017e-05,2.9123832293442713,0.9310417348423634
20.0,0.082,0.7937135332130928,2.5893446567364336e-05,2.8837082701913315,0.9326037094040908
20.200000000000003,0.082,0.7932885248173941,2.5607564062197318e-05,2.8550335143316583,0.934132643032242
20.400000000000002,0.082,0.7928688551315681,2.5320697362340113e-05,2.826358788504768,0.9356292077915808
20.6,0.082,0.7924545418358523,2.5032854899581712e-05,2.797683919018443,0.9370940633973661
20.8,0.082,0.7920456024617193,2.4744045189303128e-05,2.7690087317540346,0.9385278574099362
21.0,0.082,0.7916420543885424,2.4454276811521787e-05,2.740333052172794,0.939931225420553
21.200000000000003,0.082,0.7912439148397593,2.4163558426958408e-05,2.711656705324127,0.9413047912284274
21.400000000000002,0.082,0.7908512008784875,2.387189879652975e-05,2.682979515855328,0.9426491670089012
21.6,0.082,0.790463929402231,2.3579306788275413e-05,2.65430130802418,0.9439649534728615
21.8,0.082,0.79008211713675,2.3285791383868446e-05,2.625621905714433,0.9452527400175416
22.0,0.082,0.7897057806285077,2.2991361726738603e-05,2.596941132454965,0.9465131048689681
22.200000000000003,0.082,0.789334936235491,2.2696027130557916e-05,2.568258811443822,0.9477466152164202
22.400000000000002,0.082,0.7889696001159363,2.2399797127174032e-05,2.5395747655774676,0.948953827339383
22.6,0.082,0.788609788214162,2.2102681506180427e-05,2.5108888174870825,0.950135286727586
22.8,0.082,0.7882555162431586,2.180469039887932e-05,2.4822007895829272,0.9512915281948375
23.0,0.082,0.7879067996628681,2.150583433440006e-05,2.4535105041083702,0.952423075987472
23.200000000000003,0.082,0.7875636536533903,2.120612434386819e-05,2.424817783206392,0.9535304438883314
23.400000000000002,0.082,0.7872260930821119,2.0905572067645266e-05,2.396122448999937,0.9546141353172911
23.6,0.082,0.7868941324634526,2.0604189906831923e-05,2.367424323689976,0.9556746434294215
23.8,0.082,0.7865677859102349,2.030199115105067e-05,2.3387232296742497,0.9567124512119344
24.0,0.082,0.7862470670750028,1.9998990201405145e-05,2.310018989690185,0.9577280315810994
24.200000000000003,0.082,0.7859319890798537,1.969520277956201e-05,2.2813114269872,0.9587218474803395
24.400000000000002,0.082,0.7856225644330899,1.9390646189636355e-05,2.2526003655320075,0.9596943519806961
24.6,0.082,0.7853188049306782,1.908533961847224e-05,2.223885630253198,0.9606459883848358
24.8,0.082,0.785020721540894,1.8779304517353493e-05,2.1951670473300595,0.9615771903356867
25.0,0.082,0.784728324269765,1.8472564991018473e-05,2.166444444531426,0.9624883819307324
25.200000000000003,0.082,0.7844416220054994,1.8165148272430805e-05,2.137717651611276,0.963379977842865
25.400000000000002,0.082,0.7841606223398578,1.7857085282836252e-05,2.108986500766017,0.9642523834485656
25.6,0.082,0.7838853313643998,1.7548411205053225e-05,2.080250827160439,0.9651059949640393
25.8,0.082,0.7836157534403442,1.7239166198515954e-05,2.0515104695268382,0.9659411995897529
26.0,0.082,0.7833518909402996,1.6929396132316263e-05,2.0227652708421355,0.9667583756636505
26.200000000000003,0.082,0.7830937439614559,1.661915340042729e-05,1.9940150790871316,0.9675578928231285
26.400000000000002,0.082,0.7828413100099343,1.630849782593566e-05,1.9652597480889331,0.9683401121756718
26.6,0.082,0.7825945836569507,1.5997497583475534e-05,1.9364991384478267,0.9691053864778582
26.8,0.082,0.7823535561686603,1.5686230183133806e-05,1.9077331185462698,0.9698540603222597
27.0,0.082,0.7821182151123883,1.5374783489342047e-05,1.8789615656350704,0.9705864703316077
27.200000000000003,0.082,0.7818885439435217,1.5063256709010094e-05,1.8501843669897335,0.9713029453594271
27.400000000000002,0.082,0.7816645215785771,1.475176139319766e-05,1.8214014211251817,0.9720038066962227
27.6,0.082,0.7814461219615194,1.4440422353121171e-05,1.792612639054863,0.9726893682801857
27.8,0.082,0.7812333136320848,1.4129378502325365e-05,1.7638179455747471,0.9733599369113048
28.0,0.082,0.7810260593059367,1.3818783563133945e-05,1.7350172805502546,0.9740158124677013
28.200000000000003,0.082,0.7808243154784338,1.3508806592440417e-05,1.7062106001794723,0.9746572881229878
28.400000000000002,0.082,0.7806280320644351,1.3199632305631553e-05,1.6773978782023333,0.9752846505634262
28.6,0.082,0.7804371520878322,1.289146112084502e-05,1.6485791070234257,0.9758981802036927
28.8,0.082,0.7802516114349257,1.258450891161518e-05,1.6197542987122766,0.9764981514000858
29.0,0.082,0.7800713386857386,1.2279006416455861e-05,1.5909234858447543,0.9770848326600887
29.200000000000003,0.082,0.7798962550373684,1.1975198247487275e-05,1.562086722148655,0.9776584868472638
29.400000000000002,0.082,0.7797262743319582,1.1673341523084581e-05,1.5332440829166074,0.9782193713805638
29.6,0.082,0.7795613032006732,1.1373704062867616e-05,1.5043956651539718,0.9787677384272402
29.8,0.082,0.7794012413326873,1.1076562153947013e-05,1.4755415874307947,0.9793038350886547
30.0,0.082,0.7792459818754731,1.0782197911560063e-05,1.4466819894148486,0.9798279035784166
30.200000000000003,0.082,0.779095411969104,1.049089624258444e-05,1.4178170310674776,0.9803401813923849
30.400000000000002,0.082,0.7789494134139682,1.0202941459804934e-05,1.3889468914946215,0.980840901470212
30.6,0.082,0.7788078634663466,9.918613608412159e-06,1.360071767451381,0.9813302923482047
30.8,0.082,0.7786706357533483,9.638184571776308e-06,1.3311918715130382,0.9818085783034117
31.0,0.082,0.778537601292439,9.361914040226178e-06,1.3023074299292117,0.9822759794889298
31.200000000000003,0.082,0.778408629599782,9.090045455021114e-06,1.2734186801973735,0.9827327120605416
31.400000000000002,0.082,0.7782835898637024,8.822802019649852e-06,1.244525868387726,0.9831789882948637
31.6,0.082,0.7781623521626526,8.560382889902131e-06,1.2156292462801577,0.9836150166992711
31.8,0.082,0.7780447886965622,8.30295967591456e-06,1.1867290683518537,0.9840410021139236
32.0,0.082,0.777930775010836,8.050673305995113e-06,1.1578255887009554,0.9844571458062802
32.2,0.082,0.7778201911755439,7.803631426012946e-06,1.1289190579355914,0.9848636455585134
32.4,0.082,0.7777129229068007,7.561906333711987e-06,1.1000097201422154,0.9852606957482952
32.6,0.082,0.7776088625852511,7.325533608470341e-06,1.0710978099261526,0.9856484874234105
32.800000000000004,0.082,0.7775079101783339,7.094511321772848e-06,1.042183549683876,0.9860272083707091
33.0,0.082,0.7774099740058695,6.868800119903878e-06,1.0132671470157606,0.9863970431798685
33.2,0.082,0.7773149713953561,6.648323756948993e-06,0.9843487925327941,0.9867581733024801
33.4,0.082,0.7772228291289316,6.43297065908675e-06,0.9554286577919018,0.9871107771069069
33.6,0.082,0.7771334838064163,6.2225955930812135e-06,0.9265068938237128,0.987455029929424
33.800000000000004,0.082,0.7770468819350512,6.017022675142708e-06,0.8975836296302021,0.9877911041220153
34.0,0.082,0.7769629800297078,5.816047689548294e-06,0.8686589715907216,0.9881191690973399
34.2,0.082,0.7768817443197343,5.619442517158237e-06,0.8397330024010835,0.9884393913711266
34.4,0.082,0.7768031506871109,5.426957290363834e-06,0.8108057815521424,0.9887519346025432
34.6,0.082,0.7767271839397213,5.23832651872768e-06,0.7818773443388563,0.9890569596325978
34.800000000000004,0.082,0.7766538377973117,5.053269609559041e-06,0.7529477038052999,0.9893546245212657
35.0,0.082,0.7765831135730044,4.8714999083457656e-06,0.7240168489961931,0.9896450845830238
35.2,0.082,0.7765150206219091,4.692720745298687e-06,0.6950847493243753,0.9899284924218775
35.4,0.082,0.7764495739891638,4.5166407256268005e-06,0.6661513502918567,0.9902049979648321
35.6,0.082,0.7763867961764896,4.342959451253574e-06,0.6372165826002246,0.9904747484958127
35.800000000000004,0.082,0.7763267126460679,4.171397201153737e-06,0.60828035147106,0.9907378886874991
36.0,0.082,0.7762693567568556,4.001657410538317e-06,0.5793425559851163,0.9909945606351144
36.2,0.082,0.7762147604813513,3.833489848276749e-06,0.5504030633654351,0.9912449038865222
36.4,0.082,0.7761629666456374,3.666600702226657e-06,0.521461751275134,0.9914890554771428
36.6,0.082,0.7761140087302032,3.5007931279056724e-06,0.4925184475367054,0.991727149957362
36.800000000000004,0.082,0.7760679397678549,3.3357586444626005e-06,0.46357302463250194,0.9919593194306503
37.0,0.082,0.7760247871814022,3.1713951732632553e-06,0.4346252604759231,0.9921856935757782
37.2,0.082,0.7759846195915323,3.0073289246992044e-06,0.405675051941467,0.9924063996921899
37.4,0.082,0.7759474446765288,2.843637469636929e-06,0.37672209569987786,0.9926215627113548
37.6,0.082,0.7759133621662454,2.6797596440049038e-06,0.34776637298860963,0.9928313052578316
37.800000000000004,0.082,0.7758823320063376,2.516139477728996e-06,0.31880742096679876,0.9930357476375321
38.0,0.082,0.7758545230128958,2.3517484288844513e-06,0.2898454345330843,0.9932350079322863
38.2,0.082,0.7758297866061745,2.1878167652825035e-06,0.2608796074127353,0.9934292019390355
38.400000000000006,0.082,0.7758084488338386,2.0222153984883573e-06,0.23191063483089525,0.9936184433356234
38.6,0.082,0.7757901173617491,1.857907270982273e-06,0.20293694529095138,0.9938028435159484
38.800000000000004,0.082,0.7757754760918671,1.6902372127346556e-06,0.1739603766945239,0.993982511906743
39.0,0.082,0.7757635858222848,1.5260325686710323e-06,0.14497763532574398,0.9941575555826679
39.2,0.082,0.7757559414513254,1.355003825919779e-06,0.11599314546527426,0.9943280798967314
39.400000000000006,0.082,0.7757503791731268,1.1936708388746403e-06,0.08699973205858481,0.9944941875822034
39.6,0.082,0.7757502082525387,1.010366401768624e-06,0.05800765730196143,0.9946559805617482
39.800000000000004,0.082,0.7757497071590803,4.5549831510026403e-07,0.02900094713605959,0.9948134574016794
40.0,0.082,0.7757497071590803,0.0,0.0,0.9948134574016794
0.0,0.084,1.0,0.0,6.08895509784209,0.0
0.2,0.084,0.9906900793866361,-0.015039494415408135,6.08895509784209,0.13672485279264887
0.4,0.084,0.9881278386656199,-0.005616806049873739,5.824604246736766,0.24083756926638167
0.6000000000000001,0.084,0.9241901413894417,-0.0031299293160246796,5.854933225320483,0.32103102951016976
0.8,0.084,0.9053145128445735,-0.0018832821113768095,5.741211766158726,0.37905426736367925
1.0,0.084,0.8714128222213674,-0.0013496771542728363,5.727371621638915,0.42398805761230607
1.2000000000000002,0.084,0.8570240542913136,-0.00093396713499191,5.661948370011903,0.4587824029912827
1.4000000000000001,0.084,0.8383897946912843,-0.0007240304485835763,5.63323122161352,0.4871889279665018
1.6,0.084,0.8280053490605015,-0.0005367330611306933,5.586526910233902,0.5106039965301195
1.8,0.084,0.8168109949947667,-0.00042679705703440213,5.553882672082963,0.530568776996686
2.0,0.084,0.8093333302067555,-0.00032733861498171994,5.515230465977243,0.547786228093066
2.2,0.084,0.8020859485532753,-0.0002610856654059223,5.48223965323429,0.5629689353340319
2.4000000000000004,0.084,0.7966690708744814,-0.00020242506922692248,5.447449805360193,0.576509620784653
2.6,0.084,0.7917071193853044,-0.00015970024134435976,5.415101611770632,0.5887764967381817
2.8000000000000003,0.084,0.7877358790889329,-0.00012274451256465304,5.382379942964787,0.6000033982481184
3.0,0.084,0.7841898358756,-9.427742525024994e-05,5.350809767838463,0.6103967917995562
3.2,0.084,0.7812264682545028,-7.006796430916373e-05,5.3193063795663775,0.6201006636326263
3.4000000000000004,0.084,0.7785986232750469,-5.0805398424763646e-05,5.2884040369757015,0.6292371818161132
3.6,0.084,0.7763356734254089,-3.460731741131154e-05,5.257671090519221,0.6378966119692108
3.8000000000000003,0.084,0.7743204666987364,-2.1488247171858662e-05,5.227283735842354,0.6461536955448302
4.0,0.084,0.7725435461021085,-1.0536804595480072e-05,5.197061590906212,0.6540656315061161
4.2,0.084,0.7709439312471553,-1.5847620402396064e-06,5.16705442263927,0.6616791795554556
4.4,0.084,0.7695037418646816,5.856937010961211e-06,5.137181361160129,0.6690309711129283
4.6000000000000005,0.084,0.7681886569072157,1.1972496627681756e-05,5.107449828779787,0.6761507214129463
4.800000000000001,0.084,0.7669827790596134,1.704262757753566e-05,5.0778202349742525,0.6830620029738538
5.0,0.084,0.7658654558157625,2.121628003049294e-05,5.048287565573569,0.6897839864720099
5.2,0.084,0.7648242115829056,2.46651671407009e-05,5.01883054631423,0.6963321100383396
5.4,0.084,0.7638458299439901,2.7491281174765364e-05,4.989441851445295,0.7027190490938301
5.6000000000000005,0.084,0.7629208241874709,2.9797834859499582e-05,4.960109000543117,0.7089552003824213
5.800000000000001,0.084,0.7620401947425463,3.166989622507421e-05,4.930825759131216,0.7150491677277977
6.0,0.084,0.7611971708058258,3.318635818917819e-05,4.901584486486873,0.72100810492914
6.2,0.084,0.7603857497060693,3.440722277511608e-05,4.872380349804476,0.7268380465753629
6.4,0.084,0.7596012188388006,3.538442665880743e-05,4.8432083928237475,0.7325441335399276
6.6000000000000005,0.084,0.7588395258828265,3.6159083868825774e-05,4.8140650563923515,0.7381308079826291
6.800000000000001,0.084,0.7580974123694547,3.676614637488235e-05,4.7849470161491645,0.7436019543297582
7.0,0.084,0.7573721236521074,3.723388147904528e-05,4.7558517082517655,0.7489610165560682
7.2,0.084,0.7566614161741293,3.758606684405646e-05,4.726776851154639,0.7542110859359473
7.4,0.084,0.75596341201332,3.784215948480717e-05,4.697720611018454,0.7593549723739885
7.6000000000000005,0.084,0.7552765718514289,3.8018428666277416e-05,4.668681393774282,0.7643952588650569
7.800000000000001,0.084,0.7545996152298162,3.812827262929548e-05,4.6396578847349375,0.7693343451429335
8.0,0.084,0.7539314897582119,3.8182856302690445e-05,4.61064895116573,0.7741744813858763
8.200000000000001,0.084,0.7532713238927439,3.819140518603107e-05,4.581653641490096,0.7789177949928401
8.4,0.084,0.7526184011190166,3.8161590998242596e-05,4.552671135498901,0.7835663113922078
8.6,0.084,0.7519721303502341,3.8099763166574826e-05,4.523700733238877,0.7881219704865532
8.8,0.084,0.7513320264107592,3.8011194694536296e-05,4.494741827279491,0.792586639485598
9.0,0.084,0.7506976907512652,3.790025307245564e-05,4.465793891088076,0.7969621230255327
9.200000000000001,0.084,0.7500687973452397,3.777056248339745e-05,4.436856462399661,0.8012501710965638
9.4,0.084,0.7494450798153172,3.762512587950342e-05,4.407929133709507,0.8054524852993444
9.600000000000001,0.084,0.7488263214681234,3.746643392525326e-05,4.379011541752303,0.8095707237722762
9.8,0.084,0.7482123465874381,3.729655061100293e-05,4.350103360401238,0.8136065050978569
10.0,0.084,0.7476030134874424,3.711718712749004e-05,4.32120429379446,0.8175614114053379
10.200000000000001,0.084,0.7469982085897399,3.6929761380715363e-05,4.2923140712581835,0.8214369908541977
10.4,0.084,0.746397841618483,3.673544856060951e-05,4.263432442731272,0.8252347596338724
10.600000000000001,0.084,0.745801841556059,3.653522237812331e-05,4.234559175209897,0.8289562035906249
10.8,0.084,0.7452101533296446,3.632988982136757e-05,4.205694049661188,0.8326027795647454
11.0,0.084,0.7446227350404778,3.6120119688225564e-05,4.176836858554468,0.8361759165045735
11.200000000000001,0.084,0.7440395556814537,3.590646642242537e-05,4.147987403761195,0.8396770164078139
11.4,0.084,0.7434605932359989,3.56893897835451e-05,4.119145494849325,0.8431074551298601
11.600000000000001,0.084,0.7428858331086544,3.546927116423279e-05,4.090310947650455,0.8464685830893824
11.8,0.084,0.742315266821415,3.524642710344834e-05,4.06148358308682,0.8497617258948029
12.0,0.084,0.7417488909364958,3.502112043942786e-05,4.032663226193765,0.8529881849096302
12.200000000000001,0.084,0.7411867061630583,3.4793569641804894e-05,4.003849705315615,0.8561492377705555
12.4,0.084,0.7406287166183954,3.456395643182739e-05,3.9750428514385785,0.8592461388688883
12.600000000000001,0.084,0.7400749292161546,3.433243214201358e-05,3.946242497640741,0.862280119803376
12.8,0.084,0.7395253531601151,3.4099123009689335e-05,3.917448478636744,0.8652523898105738
13.0,0.084,0.7389799995255536,3.3864134468558494e-05,3.888660630402983,0.8681641361773621
13.200000000000001,0.084,0.7384388809133291,3.362755478726889e-05,3.8598787898675653,0.8710165246390911
13.4,0.084,0.7379020111639158,3.338945802381031e-05,3.831102794655976,0.8738106997659828
13.600000000000001,0.084,0.7373694051217417,3.314990648125274e-05,3.8023324828816527,0.8765477853397043
13.8,0.084,0.736841078440743,3.2908952721040416e-05,3.773567692974159,0.8792288847215713
14.0,0.084,0.7363170474244114,3.266664128342391e-05,3.7448082635390065,0.8818550812134242
14.200000000000001,0.084,0.7357973288942457,3.2423010044966525e-05,3.7160540332426164,0.884427438411959
14.4,0.084,0.7352819400814283,3.217809140320932e-05,3.6873048407190137,0.8869470005570719
14.600000000000001,0.084,0.7347708985378215,3.19319132220911e-05,3.658560524493182,0.889414792874638
14.8,0.084,0.7342642220622282,3.168449963379339e-05,3.629820922917982,0.8918318219140071
15.0,0.084,0.7337619286392029,3.1435871742911235e-05,3.601085874122195,0.8941990758804476
15.200000000000001,0.084,0.7332640363877784,3.118604815323479e-05,3.572355215966108,0.8965175249626861
15.4,0.084,0.7327705635181819,3.0935045458542374e-05,3.5436287860048608,0.8987881216556538
15.600000000000001,0.084,0.7322815282954226,3.068287859598519e-05,3.51490642145648,0.9010118010785071
15.8,0.084,0.7317969490083678,3.0429561163674105e-05,3.4861879591752554,0.9031894812879975
16.0,0.084,0.7313168439440949,3.0175105683052216e-05,3.4574732356297697,0.905322063587199
16.2,0.084,0.7308412313666787,2.9919523724186045e-05,3.42876208688498,0.9074104328296381
16.400000000000002,0.084,0.7303701294998369,2.9662826129487202e-05,3.4000543485885815,0.9094554577188309
16.6,0.084,0.7299035565132765,2.9405023105555782e-05,3.3713498559608173,0.9114579911032192
16.8,0.084,0.7294415305116347,2.9146124320763165e-05,3.3426484437870605,0.9134188702665265
17.0,0.084,0.7289840695257971,2.8886139027994925e-05,3.31394994641297,0.9153389172134859
17.2,0.084,0.7285311915058372,2.8625076100935416e-05,3.2852541977404677,0.9172189389509237
17.400000000000002,0.084,0.7280829143149669,2.8362944139949615e-05,3.25656103122552,0.9190597277641497
17.6,0.084,0.7276392557245881,2.809975153615857e-05,3.2278702798759507,0.9208620614885812
17.8,0.084,0.7272002334096913,2.7835506491187492e-05,3.199181776249835,0.9226267037765193
18.0,0.084,0.7267658649449772,2.757021709145354e-05,3.170495352454723,0.9243544043589796
18.2,0.084,0.7263361678013663,2.7303891334899365e-05,3.1418108401462668,0.9260458993024463
18.400000000000002,0.084,0.7259111593427687,2.703653713291828e-05,3.1131280705284348,0.9277019112604195
18.6,0.084,0.7254908568234001,2.67681623780922e-05,3.0844468743530378,0.929323149719581
18.8,0.084,0.725075277385188,2.6498774923554964e-05,3.05576708192039,0.9309103112404132
19.0,0.084,0.7246644380554481,2.6228382616731833e-05,3.0270885230797204,0.93246407969206
19.200000000000003,0.084,0.7242583557446984,2.5956993311538077e-05,2.998411027230345,0.9339851264812168
19.400000000000002,0.084,0.7238570472445759,2.568461487315817e-05,2.9697344233226888,0.9354741107748205
19.6,0.084,0.7234605292256919,2.5411255194072584e-05,2.941058539860102,0.9369316797162993
19.8,0.084,0.7230688182357138,2.513692219679954e-05,2.9123832049007405,0.938358468635124
20.0,0.084,0.7226819306972445,2.486162384398554e-05,2.883708246059964,0.9397551012494348
20.200000000000003,0.084,0.7222998829057049,2.4585368146384118e-05,2.855033490513487,0.9411221898614837
20.400000000000002,0.084,0.7219226910270884,2.4308163163291846e-05,2.8263587650008195,0.9424603355456851
20.6,0.084,0.721550371095387,2.403001701379738e-05,2.7976838958297328,0.9437701283290681
20.8,0.084,0.7211829390098369,2.3750937890068924e-05,2.7690087088815747,0.9450521473639749
21.0,0.084,0.7208204105316931,2.3470934060652708e-05,2.740333029617584,0.9463069610928798
21.200000000000003,0.084,0.7204628012804988,2.319001387373555e-05,2.711656683087154,0.947535127405276
21.400000000000002,0.084,0.7201101267298275,2.2908185778525906e-05,2.6829794939375713,0.9487371937866217
21.6,0.084,0.7197624022021132,2.262545833453212e-05,2.654301286426608,0.9499136974594351
21.8,0.084,0.7194196428626768,2.2341840227483942e-05,2.6256218844380084,0.9510651655166978
22.0,0.084,0.7190818637123324,2.2057340304791456e-05,2.596941111500629,0.9521921150478229
22.200000000000003,0.084,0.7187490795784108,2.177196759120904e-05,2.5682587908125147,0.9532950532575422
22.400000000000002,0.084,0.7184213051037315,2.14857313431267e-05,2.539574745270102,0.9543744775781714
22.6,0.084,0.7180985547327252,2.119864108897324e-05,2.510888797504566,0.9554308757758111
22.8,0.084,0.7177808426943979,2.0910706713425107e-05,2.4822007699261484,0.9564647260511485
23.0,0.084,0.7174681829810606,2.0621938520678167e-05,2.453510484778201,0.9574764971356154
23.200000000000003,0.084,0.717160589322104,2.0332347347890245e-05,2.4248177642036826,0.9584666483837563
23.400000000000002,0.084,0.7168580751518232,2.004194467312294e-05,2.3961224303255104,0.9594356298627336
23.6,0.084,0.7165606535700155,1.9750742768401786e-05,2.367424305344631,0.9603838824399638
23.8,0.084,0.7162683372944055,1.9458754855415082e-05,2.3387232116587575,0.9613118378699326
24.0,0.084,0.7159811386032444,1.9165995315835278e-05,2.3100189720052753,0.9622199188812578
24.200000000000003,0.084,0.7156990692667043,1.8872479932474548e-05,2.281311409633558,0.9631085392650884
24.400000000000002,0.084,0.7154221404654337,1.8578226142282035e-05,2.2526003485102715,0.9639781039659073
24.6,0.084,0.715150362694323,1.8283253371471225e-05,2.2238856135639455,0.9648290091757766
24.8,0.084,0.7148837456499384,1.7987583416998698e-05,2.1951670309737983,0.9656616424329892
25.0,0.084,0.7146222980993245,1.7691240855524758e-05,2.1664444285085773,0.9664763827260299
25.200000000000003,0.084,0.7143660277284839,1.7394253546288064e-05,2.13771763592217,0.9672736006036216
25.400000000000002,0.084,0.7141149409685791,1.7096653180138524e-05,2.108986485410876,0.9680536582915242
25.6,0.084,0.7138690427979384,1.679847591185332e-05,2.080250812139349,0.9688169098166084
25.8,0.084,0.7136283365187482,1.6499763057676547e-05,2.0515104548397365,0.9695637011385634
26.0,0.084,0.7133928235068072,1.620056185113804e-05,2.0227652564887926,0.970294370289456
26.200000000000003,0.084,0.7131625029341357,1.5900926284163057e-05,1.9940150650671205,0.971009247521158
26.400000000000002,0.084,0.712937371464244,1.5600918001920008e-05,1.9652597344016038,0.9717086554605244
26.6,0.084,0.7127174229209079,1.5300607240709287e-05,1.936499125092281,0.9723929092720061
26.8,0.084,0.7125026479324404,1.5000073805848594e-05,1.9077331055213218,0.9730623168272432
27.0,0.084,0.712293033554293,1.4699408073905107e-05,1.8789615529392343,0.9737171788810312
27.200000000000003,0.084,0.7120885628743762,1.439871196824335e-05,1.8501843546211652,0.9743577892529127
27.400000000000002,0.084,0.7118892146066548,1.4098099916081281e-05,1.8214014090816697,0.9749844350135483
27.6,0.084,0.7116949626801267,1.379769973230733e-05,1.7926126273337861,0.9755973966749133
27.8,0.084,0.7115057758318921,1.34976533941622e-05,1.7638179341730378,0.9761969483833068
28.0,0.084,0.7113216172140322,1.3198117665381666e-05,1.7350172694643857,0.9767833581140984
28.200000000000003,0.084,0.7111424440258975,1.2899264541762178e-05,1.7062105894054178,0.9773568878671369
28.400000000000002,0.084,0.7109682071839382,1.2601281460874774e-05,1.6773978677355585,0.9779177938617132
28.6,0.084,0.7107988510424138,1.230437122281031e-05,1.6485790968588598,0.9784663267300239
28.8,0.084,0.7106343131786136,1.2008751610429032e-05,1.6197542888443166,0.9790027317080946
29.0,0.084,0.7104745242561056,1.1714654638295824e-05,1.5909234762672577,0.9795272488232052
29.200000000000003,0.084,0.7103194079794514,1.1422325414420115e-05,1.5620867128549543,0.9800401130769161
29.400000000000002,0.084,0.710168881152181,1.1132020598934758e-05,1.5332440738995257,0.9805415546228959
29.6,0.084,0.7100228538485837,1.084400644400151e-05,1.5043956564058474,0.9810317989388401
29.8,0.084,0.7098812297073854,1.055855639207491e-05,1.4755415789435349,0.9815110669918802
30.0,0.084,0.7097439063526937,1.0275948294075942e-05,1.446681981179967,0.9819795753969909
30.200000000000003,0.084,0.7096107759439203,9.996461239173581e-06,1.4178170230761664,0.9824375365680063
30.400000000000002,0.084,0.7094817258531898,9.720372069362184e-06,1.3889468837378207,0.9828851588609814
30.6,0.084,0.7093566394637871,9.447951623926042e-06,1.3600717599198566,0.9833226467097139
30.8,0.084,0.7092353970804176,9.179460808284568e-06,1.3311918641974803,0.9837502007533729
31.0,0.084,0.7091178769358155,8.915146571418583e-06,1.3023074228203226,0.9841680179562402
31.200000000000003,0.084,0.7090039562776059,8.655237895285637e-06,1.2734186732859738,0.9845762917196881
31.400000000000002,0.084,0.7088935125113136,8.399941904708342e-06,1.2445258616648518,0.9849752119865618
31.6,0.084,0.7087864243791686,8.149440207438047e-06,1.215629239737163,0.9853649653382228
31.8,0.084,0.7086825731434931,7.903885585096729e-06,1.1867290619805122,0.9857457350845547
32.0,0.084,0.7085818437549716,7.663399102871054e-06,1.1578255824935453,0.986117701347283
32.2,0.084,0.7084841259684266,7.428067784875747e-06,1.1289190518849892,0.9864810411369904
32.4,0.084,0.7083893153951486,7.197942861989975e-06,1.1000097142419638,0.9868359284242492
32.6,0.084,0.7082973144465015,6.973038729981441e-06,1.0710978041705241,0.987182534205292
32.800000000000004,0.084,0.7082080331789951,6.753332521530646e-06,1.0421835440679246,0.987521026562676
33.0,0.084,0.7081213899789331,6.53876453286458e-06,1.0132671415353494,0.9878515707213661
33.2,0.084,0.7080373121390051,6.3292391094400774e-06,0.9843487871846277,0.9881743291007031
33.4,0.084,0.7079557362241519,6.124626526743364e-06,0.9554286525735174,0.9884894613626557
33.6,0.084,0.7078766083618887,5.924764990265934e-06,0.9265068887334835,0.988797124456813
33.800000000000004,0.084,0.7077998842558495,5.729463856210623e-06,0.8975836246673051,0.9890974726624572
34.0,0.084,0.707725529227315,5.538506257292541e-06,0.8686589667551093,0.9893906576281722
34.2,0.084,0.7076535178531546,5.351653575834558e-06,0.839732997693435,0.9896768284092184
34.4,0.084,0.7075838338685307,5.168647906204581e-06,0.8108057769738126,0.9899561315031637
34.6,0.084,0.7075164693754508,4.989217983607821e-06,0.7818773398918036,0.9902287108838177
34.800000000000004,0.084,0.7074514248295184,4.813080111849298e-06,0.7529476994920445,0.9904947080340896
35.0,0.084,0.7073887076470835,4.639946570905161e-06,0.7240168448197054,0.9907542619774801
35.2,0.084,0.7073283327149428,4.469522494286621e-06,0.6950847452880715,0.9910075093091771
35.4,0.084,0.7072703199186489,4.301519660934154e-06,0.6661513463994277,0.9912545842258105
35.6,0.084,0.7072146960826622,4.135644135838164e-06,0.637216578855721,0.9914956185556631
35.800000000000004,0.084,0.70716149022626,3.971622631961148e-06,0.6082803478785892,0.9917307417870473
36.0,0.084,0.7071107389054985,3.809169523692856e-06,0.5793425525491427,0.9919600810984931
36.2,0.084,0.7070624763657555,3.648042641386901e-06,0.5504030600901795,0.9921837613856375
36.4,0.084,0.707016747695451,3.4879639629320863e-06,0.5214617481653369,0.9924019052924992
36.6,0.084,0.7069735873201779,3.3287435673638406e-06,0.4925184445963527,0.9926146332360046
36.800000000000004,0.084,0.7069330499570506,3.1700955431640186e-06,0.4635730218666363,0.9928220634402054
37.0,0.084,0.7068951624351547,3.011918461670957e-06,0.43462525788781203,0.9930243119561606
37.2,0.084,0.7068599951551802,2.85387345523137e-06,0.40567504953679406,0.9932214927027362
37.4,0.084,0.70682755302099,2.6960220101232993e-06,0.3767220934803465,0.9934137174767141
37.6,0.084,0.7067979389914466,2.5378640537975466e-06,0.34776637096152746,0.9936010960077659
37.800000000000004,0.084,0.7067711064083431,2.379788253134276e-06,0.3188074191305873,0.9937837359477615
38.0,0.084,0.7067472316369747,2.2208856231615764e-06,0.2898454328990613,0.9939617429559502
38.2,0.084,0.7067261517256819,2.062241855696412e-06,0.26087960597229953,0.9941352206440628
38.400000000000006,0.084,0.7067082108864446,1.901979633237242e-06,0.23191063360486852,0.9943042707256504
38.6,0.084,0.7066929855406432,1.742716386481167e-06,0.20293694425537975,0.9944689928675088
38.800000000000004,0.084,0.706681202388014,1.5803476371311953e-06,0.17396037589216612,0.9946294849749264
39.0,0.084,0.7066718533804103,1.4209027076259228e-06,0.1449776346986402,0.9947858428451226
39.2,0.084,0.7066665322195111,1.2553024713627154e-06,0.11599314510525621,0.9949381607343186
39.400000000000006,0.084,0.7066629223473061,1.0982972365916689e-06,0.08699973181870539,0.9950865305394341
39.6,0.084,0.7066645726601202,9.247529579436718e-07,0.0580076574091734,0.9952310433538963
39.800000000000004,0.084,0.7066654791845183,4.158777166251269e-07,0.029000950555729352,0.9953716930015322
40.0,0.084,0.7066654791845183,0.0,0.0,0.9953716930015322
0.0,0.08600000000000001,1.0,0.0,6.089126391818892,0.0
0.2,0.08600000000000001,0.94588028079154,-0.014908674125349292,6.089126391818892,0.18125494425035563
0.4,0.08600000000000001,0.9241377535812695,-0.005135228608362171,5.824525520398498,0.30173755611512654
0.6000000000000001,0.08600000000000001,0.8487591534370363,-0.00271804262466654,5.854917533909357,0.3864082341548395
0.8,0.08600000000000001,0.8269471293735607,-0.0015848079604257573,5.741203740004249,0.4440464465913488
1.0,0.08600000000000001,0.7906504846564482,-0.0011208565604823393,5.727368640892934,0.48717602482908456
1.2000000000000002,0.08600000000000001,0.7760037446907715,-0.0007647464114047198,5.66194561313586,0.5197984422217287
1.4000000000000001,0.08600000000000001,0.756849039422655,-0.0005904681788586935,5.6332299116147855,0.5460722671100399
1.6,0.08600000000000001,0.7465769351853759,-0.00043373168648436146,5.586525585992164,0.5674982228117598
1.8,0.08600000000000001,0.7353217401244677,-0.00034383267199480667,5.553881901319365,0.585640905712988
2.0,0.08600000000000001,0.7279879191431784,-0.0002615959972623188,5.515229718647205,0.6011930433124311
2.2,0.08600000000000001,0.7208022923582688,-0.0002076423336540223,5.482239146114506,0.6148477314972114
2.4000000000000004,0.08600000000000001,0.7155140872391353,-0.00015947007308945914,5.447449337366752,0.626978154905723
2.6,0.08600000000000001,0.7106437754239918,-0.0001247050276431807,5.415101259863322,0.6379339131593627
2.8000000000000003,0.08600000000000001,0.7067848783820445,-9.447497852754745e-05,5.382379628074968,0.6479335087960799
3.0,0.08600000000000001,0.7033341014798922,-7.131139211349427e-05,5.350809515024582,0.6571701736893047
3.2,0.08600000000000001,0.700471298604913,-5.155173562710787e-05,5.319306156226363,0.6657773056709496
3.4000000000000004,0.08600000000000001,0.6979356846620418,-3.587774052344923e-05,5.28840384987042,0.6738682496124225
3.6,0.08600000000000001,0.6957653656796072,-2.2676091679346234e-05,5.25767092529366,0.6815262284387653
3.8000000000000003,0.08600000000000001,0.6938383503818478,-1.2003299684063732e-05,5.227283593203338,0.6888202037464098
4.0,0.08600000000000001,0.6921486339807787,-3.0867548716082706e-06,5.197061464022189,0.695802746986673
4.2,0.08600000000000001,0.690633532796279,4.194642070893261e-06,5.167054310389779,0.7025168485779615
4.4,0.08600000000000001,0.6892769310371122,1.024891597995174e-05,5.137181259748742,0.7089960377427982
4.6000000000000005,0.08600000000000001,0.6880441097902363,1.5218089298293289e-05,5.10744973695436,0.7152675175303289
4.800000000000001,0.08600000000000001,0.6869197116212259,1.933471130404152e-05,5.077820150724842,0.7213528462781102
5.0,0.08600000000000001,0.6858828909224002,2.2717970990554857e-05,5.048287487892168,0.7272695402767342
5.2,0.08600000000000001,0.6849214005013189,2.550955174871053e-05,5.018830473980847,0.733031677957254
5.4,0.08600000000000001,0.6840219728981641,2.779164792241682e-05,4.989441783755441,0.7386508035130914
5.6000000000000005,0.08600000000000001,0.6831752236058036,2.9649035586318255e-05,4.96010893676545,0.7441363654116078
5.800000000000001,0.08600000000000001,0.6823721559364991,3.115124629234968e-05,4.930825698673131,0.7494961658831313
6.0,0.08600000000000001,0.6816060670275575,3.236309911293088e-05,4.901584428789022,0.7547366757254808
6.2,0.08600000000000001,0.6808709796867047,3.3333507155653635e-05,4.872380294443086,0.7598633403999032
6.4,0.08600000000000001,0.6801622257751332,3.410496022461857e-05,4.843208339429114,0.7648807865862288
6.6000000000000005,0.08600000000000001,0.6794757775723376,3.471097163542089e-05,4.8140650046727655,0.7697930018619018
6.800000000000001,0.08600000000000001,0.678808405418318,3.518009493959614e-05,4.784946965855919,0.7746034639040439
7.0,0.08600000000000001,0.6781573736072462,3.5535377452948994e-05,4.755851659184331,0.779315248334455
7.2,0.08600000000000001,0.6775204571686182,3.5796230009735116e-05,4.726776803144318,0.7839311091277816
7.4,0.08600000000000001,0.6768957914402942,3.597851933240097e-05,4.697720563927677,0.7884535440868449
7.6000000000000005,0.08600000000000001,0.6762818489099148,3.609552188569758e-05,4.668681347488243,0.7928848447145058
7.800000000000001,0.08600000000000001,0.6756773578244679,3.615816503717043e-05,4.639657839159503,0.797227136215707
8.0,0.08600000000000001,0.6750812730513905,3.617555839969773e-05,4.610648906222754,0.8014824083350097
8.200000000000001,0.08600000000000001,0.6744927283926834,3.6155226972598575e-05,4.581653597115371,0.8056525398585086
8.4,0.08600000000000001,0.6739110115207179,3.610342983807438e-05,4.552671091639337,0.8097393176298087
8.6,0.08600000000000001,0.6733355343081879,3.602534650161535e-05,4.523700689850856,0.8137444515741208
8.8,0.08600000000000001,0.6727658136835014,3.592527898361322e-05,4.494741784327069,0.8176695864084434
9.0,0.08600000000000001,0.6722014523932055,3.5806790304695095e-05,4.4657938485418,0.8215163108697273
9.200000000000001,0.08600000000000001,0.6716421250992187,3.567283742548696e-05,4.4368564202353555,0.8252861649350745
9.4,0.08600000000000001,0.671087565573241,3.55258704670465e-05,4.407929091907444,0.8289806455141318
9.600000000000001,0.08600000000000001,0.6705375568489655,3.5367921796793446e-05,4.37901150029639,0.8326012109253852
9.8,0.08600000000000001,0.6699919225752906,3.520067572509652e-05,4.35010331927842,0.8361492844397137
10.0,0.08600000000000001,0.6694505201421862,3.5025528811164085e-05,4.32120425299418,0.8396262570895339
10.200000000000001,0.08600000000000001,0.6689132348037102,3.484363835639567e-05,4.292314030771969,0.8430334899128301
10.4,0.08600000000000001,0.6683799749198368,3.465596365964436e-05,4.263432402552357,0.8463723157557854
10.600000000000001,0.08600000000000001,0.6678506679455093,3.446329967430424e-05,4.234559135332927,0.8496440407356024
10.8,0.08600000000000001,0.6673252571481948,3.426630534599001e-05,4.205694010081984,0.8528499454394874
11.0,0.08600000000000001,0.666803698860923,3.4065526896691215e-05,4.176836819269831,0.8559912859206387
11.200000000000001,0.08600000000000001,0.6662859602209147,3.386141729443085e-05,4.147987364768713,0.8590692945372954
11.4,0.08600000000000001,0.6657720172852083,3.365435228380236e-05,4.119145456147265,0.8620851806711366
11.600000000000001,0.08600000000000001,0.6652618534756585,3.344464371579611e-05,4.09031090923762,0.865040131352608
11.8,0.08600000000000001,0.6647554582869561,3.3232550536307714e-05,4.061483544962469,0.8679353118147268
12.0,0.08600000000000001,0.6642528262192834,3.301828793462962e-05,4.032663188357533,0.8707718659917292
12.200000000000001,0.08600000000000001,0.663753955893127,3.2802034897651665e-05,4.003849667767434,0.8735509169752056
12.4,0.08600000000000001,0.6632588493172556,3.258394047208161e-05,3.9750428141786402,0.8762735674373439
12.600000000000001,0.08600000000000001,0.6627675112825209,3.23641289113267e-05,3.9462424606694397,0.8789409000285805
12.8,0.08600000000000001,0.6622799488602794,3.2142704026249284e-05,3.917448441954648,0.8815539777552439
13.0,0.08600000000000001,0.6617961709875768,3.191975266248233e-05,3.888660594010795,0.8841138443413593
13.200000000000001,0.08600000000000001,0.6613161881243922,3.1695347663182654e-05,3.8598787537661012,0.8866215245777418
13.4,0.08600000000000001,0.6608400119702298,3.14695502883473e-05,3.8311027588461433,0.8890780246607618
13.600000000000001,0.08600000000000001,0.6603676552305865,3.124241221098387e-05,3.802332447364432,0.8914843325224915
13.8,0.08600000000000001,0.6598991314242111,3.1013977153486295e-05,3.773567657750591,0.8938414181535421
14.0,0.08600000000000001,0.6594344547245573,3.078428229428088e-05,3.744808228610177,0.8961502339195224
14.200000000000001,0.08600000000000001,0.6589736398293878,3.0553359360110066e-05,3.716053998609649,0.8984117148718109
14.4,0.08600000000000001,0.6585167018533903,3.0321235617557427e-05,3.6873048063830733,0.9006267790531383
14.600000000000001,0.08600000000000001,0.6580636562399963,3.00879346207467e-05,3.6585604904554403,0.9027963277983447
14.8,0.08600000000000001,0.6576145186883288,2.985347688898556e-05,3.629820889179639,0.9049212460305636
15.0,0.08600000000000001,0.6571693050926438,2.9617880473001092e-05,3.601085840684456,0.9070024025530276
15.200000000000001,0.08600000000000001,0.6567280314916235,2.9381161394518642e-05,3.5723551828301954,0.9090406503366232
15.4,0.08600000000000001,0.6562907140256004,2.9143334032628826e-05,3.543628753172005,0.9110368268032843
15.600000000000001,0.08600000000000001,0.6558573689006152,2.8904411452546885e-05,3.5149063889279124,0.9129917541052781
15.8,0.08600000000000001,0.65542801235789,2.866440562445738e-05,3.4861879269522196,0.9149062394004444
16.0,0.08600000000000001,0.6550026606485334,2.8423327648260877e-05,3.4574732037134988,0.9167810751233847
16.2,0.08600000000000001,0.6545813300125951,2.818118786666637e-05,3.4287620552767133,0.9186170392526364
16.400000000000002,0.08600000000000001,0.6541640366619265,2.7937996023872555e-05,3.4000543172895514,0.9204148955738305
16.6,0.08600000000000001,0.6537507967666886,2.7693761359588003e-05,3.371349824972255,0.9221753939388162
16.8,0.08600000000000001,0.6533416264444067,2.744849266138979e-05,3.3426484131101946,0.9238992705207671
17.0,0.08600000000000001,0.6529365417513943,2.7202198388388e-05,3.3139499160490145,0.9255872480652229
17.2,0.08600000000000001,0.6525355586757736,2.6954886683460192e-05,3.2852541676906415,0.9272400361370396
17.400000000000002,0.08600000000000001,0.6521386931315089,2.6706565476298712e-05,3.2565610014910367,0.92885833136321
17.6,0.08600000000000001,0.651745960953563,2.6457242523427977e-05,3.227870250458003,0.9304428176714727
17.8,0.08600000000000001,0.6513573778933726,2.62069254288508e-05,3.199181747149626,0.9319941665246414
18.0,0.08600000000000001,0.6509729596150918,2.5955621720222605e-05,3.1704953236734372,0.9335130371505556
18.2,0.08600000000000001,0.6505927216922045,2.5703338840524552e-05,3.1418108116850867,0.9350000767675339
18.400000000000002,0.08600000000000001,0.6502166796043917,2.5450084188679467e-05,3.113128042388537,0.9364559208052113
18.6,0.08600000000000001,0.6498448487349732,2.519586513964644e-05,3.084446846535588,0.9378811931205915
18.8,0.08600000000000001,0.6494772443684109,2.4940689050738344e-05,3.0557670544265494,0.9392765062091758
19.0,0.08600000000000001,0.6491138816881045,2.4684563282390518e-05,3.0270884959106383,0.9406424614109654
19.200000000000003,0.08600000000000001,0.6487547757743101,2.4427495201658347e-05,2.998411000387167,0.9419796491111516
19.400000000000002,0.08600000000000001,0.6483999416021803,2.416949220215579e-05,2.969734396806552,0.9432886489352833
19.6,0.08600000000000001,0.6480493940397203,2.391056170124803e-05,2.9410585136721314,0.9445700299387036
19.8,0.08600000000000001,0.6477031478459998,2.3650711155820866e-05,2.9123831790420582,0.945824350790015
20.0,0.08600000000000001,0.6473612176691399,2.3389948058560333e-05,2.883708220531678,0.9470521599483868
20.200000000000003,0.08600000000000001,0.6470236180443214,2.3128279955765373e-05,2.855033465316699,0.9482539958344648
20.400000000000002,0.08600000000000001,0.6466903633916602,2.286571444680011e-05,2.826358740136624,0.9494303869947132
20.6,0.08600000000000001,0.646361468013762,2.2602259181720656e-05,2.7976838712992156,0.9505818522590046
20.8,0.08600000000000001,0.6460369460931036,2.233792190043167e-05,2.7690086846858075,0.9517089008913348
21.0,0.08600000000000001,0.6457168116889452,2.2072710404096035e-05,2.74033300575763,0.9528120327335565
21.200000000000003,0.08600000000000001,0.6454010787337495,2.1806632582895226e-05,2.7116566595640705,0.9538917383421017
21.400000000000002,0.08600000000000001,0.6450897610290914,2.1539696429579067e-05,2.6829794707524024,0.9549484991176983
21.6,0.08600000000000001,0.6447828722406594,2.127191004878602e-05,2.6543012635803898,0.9559827874281752
21.8,0.08600000000000001,0.6444804258924953,2.1003281671572235e-05,2.625621861931757,0.9569950667245207
22.0,0.08600000000000001,0.6441824353598339,2.0733819698061678e-05,2.596941089335358,0.9579857916504334
22.200000000000003,0.08600000000000001,0.6438889138604237,2.0463532710454562e-05,2.5682587689892147,0.9589554081457085
22.400000000000002,0.08600000000000001,0.6435998744438503,2.0192429529932952e-05,2.5395747237897583,0.9599043535438804
22.6,0.08600000000000001,0.6433153299781016,1.9920519254889628e-05,2.5108887763681422,0.9608330566646388
22.8,0.08600000000000001,0.6430352931330826,1.9647811362580858e-05,2.4822007491345928,0.9617419379016309
23.0,0.08600000000000001,0.6427597763600345,1.937431575411258e-05,2.4535104643324392,0.9626314093063306
23.200000000000003,0.08600000000000001,0.6424887918661526,1.910004288862735e-05,2.4248177441046184,0.9635018746687569
23.400000000000002,0.08600000000000001,0.6422223515834731,1.882500388845285e-05,2.396122410574024,0.9643537295958662
23.6,0.08600000000000001,0.6419604671307559,1.854921069826007e-05,2.3674242859415755,0.9651873615885198
23.8,0.08600000000000001,0.6417031497675039,1.827267624980911e-05,2.33872319260494,0.9660031501179533
24.0,0.08600000000000001,0.6414504103384853,1.7995414674756124e-05,2.310018953301476,0.9668014667027033
24.200000000000003,0.08600000000000001,0.6412022592074741,1.771744155119217e-05,2.2813113912805045,0.9675826749869471
24.400000000000002,0.08600000000000001,0.6409587061786473,1.743877417665208e-05,2.2526003305086353,0.9683471308212005
24.6,0.08600000000000001,0.6407197604037566,1.7159431897221823e-05,2.2238855959143358,0.9690951823462745
24.8,0.08600000000000001,0.6404854302736683,1.687943650819859e-05,2.195167013676745,0.9698271700813335
25.0,0.08600000000000001,0.6402557232920628,1.659881266072665e-05,2.166444411564526,0.9705434270168283
25.200000000000003,0.08600000000000001,0.6400306459297449,1.6317588388616123e-05,2.137717619331456,0.9712442787129697
25.400000000000002,0.08600000000000001,0.6398102034577541,1.6035795657832414e-05,2.1089864691737166,0.9719300434042992
25.6,0.08600000000000001,0.639594399757493,1.5753470994648376e-05,2.0802507962558203,0.9726010321107892
25.8,0.08600000000000001,0.6393832371069548,1.5470656201666863e-05,2.051510439309754,0.9732575487557584
26.0,0.08600000000000001,0.639176715941552,1.5187399107955708e-05,2.0227652413120807,0.9738998902907533
26.200000000000003,0.08600000000000001,0.6389748345895346,1.4903754407122648e-05,1.9940150502431973,0.974528346827379
26.400000000000002,0.08600000000000001,0.6387775889819622,1.4619784540509204e-05,1.9652597199297424,0.9751432017759382
26.6,0.08600000000000001,0.6385849723382016,1.4335560624470525e-05,1.936499110971485,0.9757447319905639
26.8,0.08600000000000001,0.6383969748290964,1.4051163395613568e-05,1.9077330917502966,0.9763332079204127
27.0,0.08600000000000001,0.6382135832207063,1.3766684194359983e-05,1.8789615395163377,0.9769088937663484
27.200000000000003,0.08600000000000001,0.6380347805030694,1.3482225881395503e-05,1.8501843415443986,0.9774720476424398
27.400000000000002,0.08600000000000001,0.6378605455095288,1.31979037526089e-05,1.8214013963486217,0.9780229217414889
27.6,0.08600000000000001,0.6376908525336531,1.2913846347937144e-05,1.7926126149416057,0.9785617625037433
27.8,0.08600000000000001,0.6375256709523127,1.2630196143947795e-05,1.7638179221184107,0.9790888107878765
28.0,0.08600000000000001,0.637364964864382,1.2347110096165536e-05,1.7350172577434892,0.979604302043283
28.200000000000003,0.08600000000000001,0.6372086927563174,1.2064759961260368e-05,1.7062105780139105,0.9801084664827374
28.400000000000002,0.08600000000000001,0.6370568072063004,1.1783332405938318e-05,1.6773978566685483,0.9806015292544384
28.6,0.08600000000000001,0.6369092546397214,1.1503028774562573e-05,1.6485790861108987,0.9810837106125156
28.8,0.08600000000000001,0.6367659751489475,1.1224064595952783e-05,1.6197542784093872,0.9815552260850915
29.0,0.08600000000000001,0.6366269023901279,1.094666868015274e-05,1.5909234661387786,0.9820162866390649
29.200000000000003,0.08600000000000001,0.636491963569581,1.0671081832986749e-05,1.5620867030257863,0.982467098840839
29.400000000000002,0.08600000000000001,0.6363610795306065,1.0397555183661243e-05,1.5332440643620007,0.9829078650123071
29.6,0.08600000000000001,0.6362341649502469,1.0126348085298442e-05,1.5043956471518007,0.9833387833814875
29.8,0.08600000000000001,0.6361111286530253,9.857725610157706e-06,1.4755415699643426,0.9837600482273
30.0,0.08600000000000001,0.6359918740459904,9.591955662648262e-06,1.4466819724666145,0.9841718500180691
30.200000000000003,0.08600000000000001,0.6358762996757591,9.329305748653844e-06,1.4178170146193074,0.9845743755434335
30.400000000000002,0.08600000000000001,0.6357642999051645,9.070039457032022e-06,1.388946875527857,0.9849678080394468
30.6,0.08600000000000001,0.6356557657022247,8.814412707802482e-06,1.3600717519470322,0.9853523273067267
30.8,0.08600000000000001,0.6355505855316399,8.562669871784246e-06,1.3311918564519696,0.9857281098216207
31.0,0.08600000000000001,0.635448646332846,8.315039840462124e-06,1.3023074152923377,0.9860953288404107
31.200000000000003,0.08600000000000001,0.6353498345684953,8.071732163004989e-06,1.273418665965867,0.9864541544966802
31.400000000000002,0.08600000000000001,0.6352540373191711,7.832933340954847e-06,1.2445258545432258,0.9868047538919998
31.6,0.08600000000000001,0.6351611434046491,7.598803410079835e-06,1.2156292328049767,0.9871472911801751
31.8,0.08600000000000001,0.6350710445008262,7.36947290949516e-06,1.1867290552291783,0.9874819276453222
32.0,0.08600000000000001,0.6349836362340916,7.14504030076923e-06,1.1578255759150349,0.9878088217740971
32.2,0.08600000000000001,0.6348988192163375,6.92556999446847e-06,1.1289190454719091,0.9881281293224133
32.4,0.08600000000000001,0.6348165000121351,6.711090954888847e-06,1.1000097079876394,0.9884400033770325
32.6,0.08600000000000001,0.6347365919930524,6.501596023604494e-06,1.0710977980690597,0.9887445944123933
32.800000000000004,0.08600000000000001,0.6346590160931875,6.297041872411024e-06,1.042183538114254,0.9890420503430912
33.0,0.08600000000000001,0.6345837014029396,6.097349764352183e-06,1.0132671357252692,0.989332516572384
33.2,0.08600000000000001,0.6345105856595706,5.902406797591264e-06,0.9843487815148112,0.989616136037132
33.4,0.08600000000000001,0.6344396155274937,5.712068042254807e-06,0.9554286470415246,0.98989304924953
33.6,0.08600000000000001,0.6343707468142054,5.526158841402967e-06,0.926506883337744,0.990163394336032
33.800000000000004,0.08600000000000001,0.634303944408918,5.344478162354649e-06,0.8975836194070916,0.9904273070737672
34.0,0.08600000000000001,0.6342391822692933,5.16680147273594e-06,0.8686589616305042,0.9906849209248507
34.2,0.08600000000000001,0.6341764429971513,4.992885144417094e-06,0.8397329927052696,0.9909363670687887
34.4,0.08600000000000001,0.6341157177143615,4.822469175436408e-06,0.810805772123626,0.9911817744334068
34.6,0.08600000000000001,0.6340570052178157,4.655282739592463e-06,0.7818773351817555,0.9914212697243505
34.800000000000004,0.08600000000000001,0.6340003119789849,4.491045561833559e-06,0.7529476949248717,0.9916549774536815
35.0,0.08600000000000001,0.6339456506911295,4.3294753898005395e-06,0.7240168403986112,0.991883019967343
35.2,0.08600000000000001,0.633893040853645,4.170285912645126e-06,0.6950847410167074,0.9921055174723021
35.4,0.08600000000000001,0.633842506197305,4.013198503415384e-06,0.6661513422817338,0.992322588062595
35.6,0.08600000000000001,0.6337940768108475,3.857932405119704e-06,0.6372165748959833,0.9925343477457604
35.800000000000004,0.08600000000000001,0.6337477841675274,3.704226628945996e-06,0.6082803440811805,0.9927409104677818
36.0,0.08600000000000001,0.6337036668818063,3.5518130696957087e-06,0.5793425489187445,0.992942388139532
36.2,0.08600000000000001,0.6336617603196788,3.400462404167889e-06,0.5504030566312887,0.9931388906605351
36.4,0.08600000000000001,0.6336221106664683,3.249919064253284e-06,0.5214617448828727,0.9933305259463334
36.6,0.08600000000000001,0.633584752144878,3.1000029549317594e-06,0.4925184414946077,0.9935173999503493
36.800000000000004,0.08600000000000001,0.633549740007825,2.9504583243213253e-06,0.46357301895074643,0.9936996166936918
37.0,0.08600000000000001,0.6335170993942068,2.8011838646549423e-06,0.4346252551614386,0.9938772782832499
37.2,0.08600000000000001,0.6334869013830197,2.651886299633212e-06,0.4056750470055341,0.9940504849468993
37.4,0.08600000000000001,0.6334591471025549,2.50260373763225e-06,0.3767220911465152,0.9942193350436362
37.6,0.08600000000000001,0.633433941696221,2.352915936611745e-06,0.347766368831964,0.9943839251103634
37.800000000000004,0.08600000000000001,0.6334112310447784,2.2031346700982773e-06,0.31880741720484346,0.9945443498550672
38.0,0.08600000000000001,0.6333911980549914,2.0525086482808226e-06,0.2898454311871492,0.9947007022282303
38.2,0.08600000000000001,0.6333736647629497,1.9019263306552903e-06,0.26087960446794783,0.9948530733799954
38.400000000000006,0.08600000000000001,0.6333589924963068,1.7498452378175787e-06,0.23191063232573192,0.9950015527838054
38.6,0.08600000000000001,0.6333467261481072,1.5984153823391902e-06,0.2029369431825701,0.9951462281173352
38.800000000000004,0.08600000000000001,0.6333376339313389,1.4442683954977402e-06,0.17396037506110976,0.9952871854966336
39.0,0.08600000000000001,0.6333306393250027,1.2923587702479922e-06,0.144977634062644,0.9954245091961831
39.2,0.08600000000000001,0.6333274328477303,1.135232477823165e-06,0.11599314473974656,0.9955582821113133
39.400000000000006,0.08600000000000001,0.6333255466141886,9.851736487617825e-07,0.0869997316026542,0.9956885850825369
39.6,0.08600000000000001,0.6333287657773078,8.240898497495455e-07,0.058007657483084334,0.9958154981086549
39.800000000000004,0.08600000000000001,0.6333308668544119,3.697062968701714e-07,0.02900095333654649,0.9959390108030504
40.0,0.08600000000000001,0.6333308668544119,0.0,0.0,0.9959390108030504
0.0,0.088,1.0,0.0,6.089297575843651,0.0
0.2,0.088,0.886764689360842,-0.014433323156137661,6.089297575843651,0.23866839027863887
0.4,0.088,0.845623729298227,-0.004496386875812328,5.824451041465245,0.37379202532715994
0.6000000000000001,0.088,0.761056397819645,-0.0022425367453892875,5.854903247552815,0.45958421333393723
0.8,0.088,0.7384188463450312,-0.0012677126956252367,5.741196507208577,0.5145142430953031
1.0,0.088,0.7011477889916469,-0.0008847742698332034,5.727365786159168,0.5543505069184715
1.2000000000000002,0.088,0.6872438646390675,-0.0005959436143684601,5.661943048443567,0.5838771480785753
1.4000000000000001,0.088,0.6682690002886326,-0.0004580296046146456,5.633228595374988,0.6073955920972515
1.6,0.088,0.6586284613217567,-0.00033336124624935604,5.5865243109546645,0.6264087907958593
1.8,0.088,0.6477054112831317,-0.0002631166890012786,5.553881111398865,0.6424214335627848
2.0,0.088,0.6408214466876626,-0.0001983203429460213,5.515228978355583,0.6560828168676746
2.2,0.088,0.6339404214172031,-0.0001563023076223024,5.482238622263292,0.6680372528168312
2.4000000000000004,0.088,0.6289758999859503,-0.00011854592304348637,5.447448864211896,0.6786250720121054
2.6,0.088,0.6243559607475275,-9.148841074697144e-05,5.41510089492337,0.6881651815558221
2.8000000000000003,0.088,0.620739231972151,-6.786605037875269e-05,5.382379305408584,0.6968543543678075
3.0,0.088,0.617490848145411,-4.9838802872306134e-05,5.350809252185008,0.7048668905778958
3.2,0.088,0.6148172095297808,-3.442569438458498e-05,5.319305925429545,0.7123221507295467
3.4000000000000004,0.088,0.6124475297448179,-2.2229105909954848e-05,5.288403654956096,0.7193216842896455
3.6,0.088,0.6104312440371922,-1.1944896443178597e-05,5.257670753637269,0.7259396862317583
3.8000000000000003,0.088,0.6086437863053736,-3.642909315241856e-06,5.227283444359868,0.732237679144094
4.0,0.088,0.6070843051282565,3.2964894554500088e-06,5.19706133164611,0.7382624258958664
4.2,0.088,0.6056901643964584,8.957312591052182e-06,5.167054192835781,0.7440521410460477
4.4,0.088,0.6044480189602434,1.3662534608499101e-05,5.13718115355031,0.7496365621920105
4.6000000000000005,0.088,0.6033235582531145,1.751876848886152e-05,5.10744964070731,0.7550398304790581
4.800000000000001,0.088,0.6023027755506726,2.0709689808113416e-05,5.077820062449731,0.760281047632196
5.0,0.088,0.6013653096880214,2.3326951939305577e-05,5.048287406469551,0.7653757239456314
5.2,0.088,0.6004996958746107,2.54820615799644e-05,5.018830398177307,0.7703363071957388
5.4,0.088,0.5996930806696762,2.7238491129210718e-05,4.989441712785624,0.775172995284893
5.6000000000000005,0.088,0.5989365682053919,2.866268405610575e-05,4.960108869859099,0.7798941214282877
5.800000000000001,0.088,0.5982214884909262,2.9809115917410885e-05,4.930825635204351,0.7845065556167448
6.0,0.088,0.597541472526221,3.0728689553017145e-05,4.90158436818659,0.7890159847157587
6.2,0.088,0.5968907882578603,3.145956954645812e-05,4.872380236265502,0.7934271861224832
6.4,0.088,0.5962649925754865,3.203498796311805e-05,4.843208283296112,0.7977442109037532
6.6000000000000005,0.088,0.5956602316910414,3.248108619920774e-05,4.814064950280933,0.8019705438626578
6.800000000000001,0.088,0.5950734279786253,3.2820172050078016e-05,4.784946912948403,0.8061092181606687
7.0,0.088,0.5945019667145518,3.3070225988062356e-05,4.755851607552753,0.8101629112508407
7.2,0.088,0.5939437258991701,3.324640491751633e-05,4.7267767526140645,0.8141340162122096
7.4,0.088,0.5933969240447021,3.336108883854052e-05,4.6977205143558605,0.8180246999173103
7.6000000000000005,0.088,0.5928601033182588,3.3424641920382616e-05,4.66868129875589,0.8218369472572422
7.800000000000001,0.088,0.592332048623134,3.344559117258198e-05,4.639657791168876,0.8255725966363566
8.0,0.088,0.5918117617880585,3.34310472821625e-05,4.610648858892823,0.8292333672995106
8.200000000000001,0.088,0.5912984148477,3.338688289986868e-05,4.581653550379494,0.8328208810480929
8.4,0.088,0.5907913268871862,3.3317983606481596e-05,4.552671045442451,0.8363366790767147
8.6,0.088,0.5902899352786193,3.3228391944237565e-05,4.523700644147688,0.8397822352731199
8.8,0.088,0.5897937777055487,3.312146594591456e-05,4.494741739080356,0.843158966575008
9.0,0.088,0.5893024736404011,3.299998673858046e-05,4.465793803720968,0.8464682411279416
9.200000000000001,0.088,0.588815711192145,3.286626262802829e-05,4.436856375815358,0.8497113846620516
9.4,0.088,0.588333234827286,3.272220635259222e-05,4.407929047867811,0.8528896855156417
9.600000000000001,0.088,0.587854836018102,3.256940471468268e-05,4.379011456620454,0.8560043985810872
9.8,0.088,0.5873803449708863,3.240917290622836e-05,4.350103275952658,0.8590567484250776
10.0,0.088,0.5869096240849339,3.2242601565700954e-05,4.3212042100076635,0.8620479317586587
10.200000000000001,0.088,0.5864425623378708,3.207059459111053e-05,4.292313988115915,0.8649791194074183
10.4,0.088,0.5859790707532713,3.189390135630245e-05,4.263432360219772,0.8678514578913145
10.600000000000001,0.088,0.5855190785716682,3.1713142957316164e-05,4.234559093318285,0.8706660707042685
10.8,0.088,0.5850625301221729,3.15288343342695e-05,4.205693968380977,0.8734240593607565
11.0,0.088,0.5846093822013385,3.134140248950744e-05,4.176836777879154,0.8761265042633078
11.200000000000001,0.088,0.5841596019173394,3.115120162821041e-05,4.147987323685904,0.8787744654316642
11.4,0.088,0.5837131648923952,3.095852574091228e-05,4.11914541537054,0.8813689831256958
11.600000000000001,0.088,0.5832700537801739,3.0763618958040024e-05,4.09031086876577,0.8839110783864711
11.8,0.088,0.5828302570335169,3.056668414633293e-05,4.061483504794751,0.8864017535145159
12.0,0.088,0.5823937678867336,3.0367890044509457e-05,4.032663148493588,0.8888419924997164
12.200000000000001,0.088,0.5819605835114209,3.016737714807636e-05,4.003849628207232,0.8912327614140227
12.4,0.088,0.5815307043184488,2.9965262609933763e-05,3.975042774922395,0.8935750087754358
12.600000000000001,0.088,0.5811041333798973,2.976164425534966e-05,3.9462424217175966,0.895869665889704
12.8,0.088,0.580680875950737,2.9556603950562057e-05,3.917448403307812,0.8981176471746497
13.0,0.088,0.5802609390732595,2.935021034957133e-05,3.8886605556697256,0.9003198504707812
13.200000000000001,0.088,0.5798443312502094,2.9142521169590174e-05,3.8598787157316714,0.9024771573409311
13.4,0.088,0.5794310621744605,2.8933585104374123e-05,3.831102721119325,0.9045904333610153
13.600000000000001,0.088,0.5790211425063001,2.8723443358958693e-05,3.802332409946265,0.9066605284034
13.8,0.088,0.5786145836895592,2.851213093446979e-05,3.773567620642185,0.9086882769140184
14.0,0.088,0.5782113978003786,2.8299677711197377e-05,3.744808191812686,0.9106744981840481
14.200000000000001,0.088,0.5778115974228437,2.8086109320899967e-05,3.7160539621242714,0.9126199966167428
14.4,0.088,0.5774151955465521,2.7871447908143577e-05,3.6873047702110275,0.9145255619898562
14.600000000000001,0.088,0.5770222054825769,2.7655712711018134e-05,3.658560454597979,0.9163919697139589
14.8,0.088,0.5766326407938406,2.7438920596445887e-05,3.6298208536380323,0.918219981086874
15.0,0.088,0.5762465152374696,2.7221086518117827e-05,3.6010858054599826,0.9200103435443883
15.200000000000001,0.088,0.5758638427165347,2.7002223846948444e-05,3.572355147924155,0.9217637909073534
15.4,0.088,0.5754846372393659,2.6782344695166563e-05,3.543628718585695,0.9234810436252374
15.600000000000001,0.088,0.575108912885374,2.656146014533211e-05,3.5149063546626422,0.9251628090161842
15.8,0.088,0.5747366837760154,2.6339580457642797e-05,3.4861878930092964,0.9268097815036122
16.0,0.088,0.5743679640507277,2.611671521068607e-05,3.4574731700942345,0.9284226428493544
16.2,0.088,0.5740027678469888,2.5892873406469773e-05,3.4287620219824158,0.9300020623833642
16.400000000000002,0.088,0.5736411092839777,2.5668063588570064e-05,3.4000542843215316,0.9315486972299739
16.6,0.088,0.573283002449726,2.5442293903817602e-05,3.371349792331811,0.9330631925306935
16.8,0.088,0.572928461390683,2.5215572151104023e-05,3.342648380798626,0.9345461816635585
17.0,0.088,0.5725775001035576,2.4987905862651576e-05,3.3139498840676187,0.9359982864589743
17.2,0.088,0.5722301325286888,2.4759302339026588e-05,3.2852541360407015,0.9374201174120419
17.400000000000002,0.088,0.5718863725443774,2.4529768711184186e-05,3.2565609701738305,0.9388122738913155
17.6,0.088,0.5715462339623265,2.42993119655781e-05,3.227870219474814,0.9401753443439255
17.8,0.088,0.5712097305233617,2.4067938995598997e-05,3.1991817165017125,0.9415099064969988
18.0,0.088,0.5708768758939038,2.383565662616433e-05,3.1704952933620607,0.942816527555289
18.2,0.088,0.5705476836628093,2.3602471627368502e-05,3.141810781711501,0.9440957643949044
18.400000000000002,0.088,0.5702221673384094,2.336839073649567e-05,3.113128012753986,0.9453481637530341
18.6,0.088,0.5699003403461654,2.3133420686072346e-05,3.0844468172413095,0.946574262413514
18.8,0.088,0.5695822160263274,2.2897568200341112e-05,3.055767025473769,0.9477745873881133
19.0,0.088,0.5692678076319037,2.266084001145258e-05,3.0270884673005796,0.948949656093361
19.200000000000003,0.088,0.5689571283267374,2.2423242867506744e-05,2.9984109721210417,0.9500999765227487
19.400000000000002,0.088,0.5686501911837033,2.218478354321204e-05,2.969734368885564,0.9512260474141225
19.6,0.088,0.5683470091828146,2.194546884425195e-05,2.9410584860974796,0.9523283584120867
19.8,0.088,0.5680475952095863,2.170530561547499e-05,2.912383151814925,0.9534073902252063
20.0,0.088,0.5677519620531767,2.146430073621866e-05,2.883708193653244,0.9544636147778485
20.200000000000003,0.088,0.5674601224045416,2.122246114524089e-05,2.855033438788134,0.9554974953564616
20.400000000000002,0.088,0.5671720888544711,2.0979793829960395e-05,2.826358713959084,0.9565094867501391
20.6,0.088,0.5668878738913058,2.073630583246026e-05,2.7976838454738537,0.9575000353853237
20.8,0.088,0.5666074898984899,2.049200427711195e-05,2.769008659213763,0.9584695794545454
21.0,0.088,0.5663309491516719,2.0246896352635405e-05,2.7403329806400345,0.9594185490391163
21.200000000000003,0.088,0.5660582638153121,2.0000989339128096e-05,2.7116566348020417,0.9603473662257583
21.400000000000002,0.088,0.56578944593882,1.975429061706192e-05,2.682979446347048,0.9612564452171909
21.6,0.088,0.5655245074517943,1.950680767356798e-05,2.6543012395328036,0.962146192436765
21.8,0.088,0.5652634601585516,1.9258548132044e-05,2.6256218382430303,0.9630170066273083
22.0,0.088,0.5650063157312996,1.900951977461451e-05,2.5969410660065537,0.9638692789444011
22.200000000000003,0.088,0.5647530857018708,1.875973058012048e-05,2.568258746021397,0.9647033930443984
22.400000000000002,0.088,0.5645037814515572,1.8509188755997166e-05,2.5395747011839584,0.9655197251675788
22.6,0.088,0.5642584141983031,1.825790280320843e-05,2.5108887541253906,0.966318644216889
22.8,0.088,0.564016994981019,1.800588158953185e-05,2.482200727255889,0.967100511832825
23.0,0.088,0.5637795346399909,1.775313443244114e-05,2.4535104428187706,0.9678656824650608
23.200000000000003,0.088,0.5635460437927234,1.7499671200058267e-05,2.4248177229569423,0.9686145034415125
23.400000000000002,0.088,0.5633165328043546,1.724550244245577e-05,2.39612238979327,0.9693473150355644
23.6,0.088,0.5630910117514007,1.6990639536923597e-05,2.367424265528642,0.9700644505322472
23.8,0.088,0.5628694903780713,1.6735094865895296e-05,2.3387231725606914,0.9707662362941711
24.0,0.088,0.5626519780435608,1.6478882029234654e-05,2.3100189336267305,0.9714529918280511
24.200000000000003,0.088,0.5624384836591569,1.6222016088511208e-05,2.281311371976026,0.9721250298526442
24.400000000000002,0.088,0.562229015613683,1.596451384229816e-05,2.2526003115751307,0.9727826563689099
24.6,0.088,0.5620235816855198,1.5706394168643714e-05,2.2238855773524415,0.9734261707331692
24.8,0.088,0.5618221889399326,1.544767839806043e-05,2.195166995487012,0.9740558657339731
25.0,0.088,0.5616248436096383,1.5188390759194702e-05,2.1664443937474083,0.9746720276733316
25.200000000000003,0.088,0.5614315509572223,1.492855886561524e-05,2.137717601887295,0.9752749364528633
25.400000000000002,0.088,0.5612423151177748,1.4668214276725928e-05,2.108986452102724,0.975864865665317
25.6,0.088,0.5610571389201338,1.44073931183399e-05,2.0802507795580505,0.9764420826918173
25.8,0.088,0.5608760236860111,1.4146136783555758e-05,2.0515104229850842,0.977006848805051
26.0,0.088,0.5606989690056777,1.3884492657981543e-05,2.022765225360194,0.9775594192784968
26.200000000000003,0.088,0.5605259724903822,1.3622514941823368e-05,1.9940150346635401,0.9781000435016519
26.400000000000002,0.088,0.5603570295016084,1.3360265503199359e-05,1.9652597047215032,0.9786289651011099
26.6,0.088,0.5601921328582916,1.3097814760214083e-05,1.9364990961335597,0.9791464220671801
26.8,0.088,0.5600312725242047,1.2835242588133038e-05,1.907733077281251,0.9796526468856609
27.0,0.088,0.5598744352784636,1.257263923195586e-05,1.8789615254143828,0.9801478666742377
27.200000000000003,0.088,0.5597216043735764,1.2310106174503709e-05,1.8501843278073369,0.9806323033229096
27.400000000000002,0.088,0.559572759186449,1.2047756953365152e-05,1.821401382973828,0.9811061736377459
27.6,0.088,0.5594278748691904,1.1785717898566472e-05,1.7926126019259847,0.9815696894872291
27.8,0.088,0.5592869220079705,1.1524128713477348e-05,1.7638179094583593,0.9820230579503824
28.0,0.088,0.5591498662989624,1.1263142914373138e-05,1.7350172454348765,0.9824664814658554
28.200000000000003,0.088,0.5590166682520996,1.1002928036896407e-05,1.7062105660520435,0.9829001579811412
28.400000000000002,0.088,0.5588872829336464,1.0743665616799532e-05,1.6773978450481546,0.9833242811010873
28.6,0.088,0.5587616597595686,1.0485550842911983e-05,1.6485790748261098,0.9837390402349012
28.8,0.088,0.5586397423517397,1.0228791925208008e-05,1.6197542674537386,0.9841446207408859
29.0,0.088,0.5585214684687064,9.973609077668695e-06,1.5909234555052068,0.9845412040681882
29.200000000000003,0.088,0.5584067700224696,9.720233119902209e-06,1.562086692706651,0.9849289678949099
29.400000000000002,0.088,0.5582955731909373,9.468903713985286e-06,1.5332440543491048,0.9853080862619952
29.6,0.088,0.5581877986344039,9.21986717915438e-06,1.5043956374364262,0.9856787297023959
29.8,0.088,0.5580833618218932,8.97337393953462e-06,1.4755415605373088,0.986041065365084
30.0,0.088,0.5579821734705882,8.729675626072674e-06,1.4466819633183308,0.9863952571335741
30.200000000000003,0.088,0.5578841400980166,8.489021853357089e-06,1.4178170057398551,0.9867414657386989
30.400000000000002,0.088,0.5577891646837714,8.25165676830249e-06,1.3889468669070695,0.9870798488654587
30.6,0.088,0.5576971474327937,8.01781540153438e-06,1.3600717435745895,0.9874105612538464
30.8,0.088,0.5576079866301032,7.78771994098574e-06,1.3311918483175054,0.9877337547936296
31.0,0.088,0.5575215795708034,7.561575999998645e-06,1.3023074073855434,0.9880495786131195
31.200000000000003,0.088,0.557437823549582,7.339569000400125e-06,1.273418658276607,0.9883581791620468
31.400000000000002,0.088,0.557356616885909,7.1218607607459806e-06,1.2445258470616487,0.9886597002886911
31.6,0.088,0.5572778599663577,6.908586401919415e-06,1.2156292255216261,0.9889542833114752
31.8,0.088,0.557201456274109,6.699851676602868e-06,1.1867290481351032,0.9892420670852679
32.0,0.088,0.557127313389364,6.495730773735717e-06,1.1578255690018855,0.9895231880626768
32.2,0.088,0.5570553439250746,6.296264727386257e-06,1.128919038732028,0.9897977803506305
32.4,0.088,0.5569854663923481,6.101460425535392e-06,1.10000970141414,0.9900659757625784
32.6,0.088,0.556917605951456,5.911290312951329e-06,1.0710977916558864,0.9903279038666352
32.800000000000004,0.088,0.5568516950664424,5.72569270365102e-06,1.0421835318562371,0.9905836920300205
33.0,0.088,0.55678767400004,5.54457286236003e-06,1.013267129618149,0.9908334654601264
33.2,0.088,0.5567254912131534,5.367804547457076e-06,0.984348775555264,0.9910773472425614
33.4,0.088,0.5566651035584956,5.195232343463825e-06,0.9554286412271508,0.9913154583764839
33.6,0.088,0.5566064764236209,5.026674189161371e-06,0.9265068776670639,0.9915479178075676
33.800000000000004,0.088,0.5565495836005854,4.861924742332124e-06,0.8975836138795065,0.9917748424588627
34.0,0.088,0.5564944072250848,4.700758437800094e-06,0.8686589562462569,0.9919963472598916
34.2,0.088,0.5564409373024337,4.542933658331077e-06,0.8397329874653904,0.9922125451741621
34.4,0.088,0.5563891715676299,4.388195673054564e-06,0.8108057670298693,0.9924235472254495
34.6,0.088,0.5563391146053314,4.23628159426664e-06,0.7818773302365262,0.9926294625229143
34.800000000000004,0.088,0.556290777873722,4.0869222254649654e-06,0.7529476901311606,0.9928303982854647
35.0,0.088,0.5562441782169616,3.939848290126216e-06,0.7240168357598956,0.9930264598652271
35.2,0.088,0.5561993385307864,3.7947895889175438e-06,0.6950847365369113,0.9932177507707232
35.4,0.088,0.5561562851199922,3.651484159343601e-06,0.6661513379650895,0.9934043726892269
35.6,0.088,0.5561150500033347,3.5096716014452245e-06,0.6372165707470503,0.9935864255093649
35.800000000000004,0.088,0.5560756657668151,3.369109438238137e-06,0.6082803401046307,0.993764007342651
36.0,0.088,0.5560381716923593,3.229553793144842e-06,0.5793425451195126,0.9939372145460701
36.2,0.088,0.5560026029296619,3.0907930680807476e-06,0.5504030530141863,0.994106141742773
36.4,0.088,0.5559690053574092,2.952600627901211e-06,0.5214617414530192,0.9942708818453174
36.6,0.088,0.5559374117400259,2.814809029549891e-06,0.4925184382566488,0.9944315260750414
36.800000000000004,0.088,0.5559078764631906,2.677199763517094e-06,0.4635730159099151,0.9945881639870281
37.0,0.088,0.5558804218967852,2.5396710219353487e-06,0.4346252523218502,0.9947408834868608
37.2,0.088,0.5558551183516448,2.401984864421405e-06,0.40567504437267243,0.9948897708593784
37.4,0.088,0.5558319624288256,2.2641488900737695e-06,0.37672208872340585,0.9950349107798857
37.6,0.088,0.5558110598089985,2.1258398158434e-06,0.34776636662488164,0.9951763863509923
37.800000000000004,0.088,0.5557923487802942,1.9872719431390714e-06,0.31880741521466144,0.9953142791020124
38.0,0.088,0.5557760165446494,1.8478868272834624e-06,0.2898454294223266,0.9954486690429378
38.2,0.088,0.5557618712447276,1.708325930370829e-06,0.26087960292495244,0.9955796346387958
38.400000000000006,0.088,0.5557502875510169,1.5674586873157192e-06,0.2319106310184671,0.9957072528998606
38.6,0.088,0.5557407826028735,1.4268531384018253e-06,0.20293694209811802,0.9958315993031392
38.800000000000004,0.088,0.555734158718946,1.284049740955991e-06,0.17396037422622818,0.9959527479590653
39.0,0.088,0.5557292804980799,1.1426688602001056e-06,0.1449776334439245,0.996070771421751
39.2,0.088,0.555727919468342,9.97269961729935e-07,0.11599314439319112,0.9961857410123139
39.400000000000006,0.088,0.5557274786232209,8.570168829916362e-07,0.08699973143878817,0.9962977263390594
39.6,0.088,0.5557319430183716,7.110269436368361e-07,0.0580076575603936,0.9964067961051267
39.800000000000004,0.088,0.5557349734135153,3.1826210375453536e-07,0.02900095550349664,0.9965129365838
40.0,0.088,0.5557349734135153,0.0,0.0,0.9965129365838
0.0,0.09,1.0,0.0,6.08946450368688,0.0
0.2,0.09,0.8094550664072441,-0.013538216596983411,6.08946450368688,0.31196886529257595
0.4,0.09,0.7507193766799009,-0.003717962789430827,5.824382974348915,0.4573548012385411
0.6000000000000001,0.09,0.6608245136508414,-0.0017303542686388973,5.854890402203,0.5398567517542574
0.8,0.09,0.6397011767494102,-0.0009513714270912106,5.741190041581721,0.589639022197526
1.0,0.09,0.6030860140536332,-0.0006541576431266753,5.727362953858394,0.6247808108951881
1.2000000000000002,0.09,0.5908591131069318,-0.0004361543019092553,5.661940634869432,0.6504054290771232
1.4000000000000001,0.09,0.572793093363537,-0.0003328365514360061,5.633227221983458,0.6706422362194575
1.6,0.09,0.5642569239210617,-0.00024012688340719406,5.586523059094779,0.6868955199311952
1.8,0.09,0.5540591524180952,-0.00018810771356521678,5.5538802752854854,0.7005285225890274
2.0,0.09,0.5479065466761891,-0.00014020642520475946,5.515228228261102,0.7121191883709702
2.2,0.09,0.5415679659281074,-0.0001092213186384981,5.482238065798707,0.7222365499057732
2.4000000000000004,0.09,0.5371089565771291,-8.13875720359458e-05,5.447448374673011,0.7311775163618335
2.6,0.09,0.5328930714326986,-6.146865045964353e-05,5.415100506948018,0.7392198730513881
2.8000000000000003,0.09,0.5296407931537833,-4.408015193773789e-05,5.382378967359097,0.7465336723028341
3.0,0.09,0.5266979012263934,-3.082118288143224e-05,5.350808972754265,0.7532695254561855
3.2,0.09,0.5242974291403606,-1.9486434369166367e-05,5.319305681978367,0.7595300730634919
3.4000000000000004,0.09,0.522164404414169,-1.052315744427236e-05,5.2884034478266395,0.7654026465361402
3.6,0.09,0.5203605956989681,-2.9673406237520183e-06,5.257670571997513,0.7709508682368158
3.8000000000000003,0.09,0.5187619042991439,3.1287855308808057e-06,5.22728328624711,0.7762274922691517
4.0,0.09,0.517373927130577,8.221780122237591e-06,5.197061191217443,0.7812725267547326
4.2,0.09,0.516135752574769,1.2372406907188431e-05,5.167054067949269,0.7861186546252971
4.4,0.09,0.5150374853286025,1.581832465283421e-05,5.1371810409604945,0.7907912893467224
4.6000000000000005,0.09,0.5140462994686302,1.863793654071627e-05,5.107449538705526,0.7953110537884658
4.800000000000001,0.09,0.5131502309534853,2.096658392265596e-05,5.077819969051566,0.799694249382396
5.0,0.09,0.5123300964181284,2.2871788384738703e-05,5.048287320397627,0.8039541053655688
5.2,0.09,0.5115757123800688,2.4435823330103743e-05,5.018830318156821,0.8081012284017468
5.4,0.09,0.5108751011084937,2.5705301277181332e-05,4.9894416379227735,0.812144302323486
5.6000000000000005,0.09,0.5102202159259549,2.672914288435566e-05,4.960108799325063,0.8160904153310417
5.800000000000001,0.09,0.50960303151328,2.7547832167190502e-05,4.930825568319721,0.8199454036750271
6.0,0.09,0.5090177630558071,2.8199036154057557e-05,4.901584304352532,0.8237140921329432
6.2,0.09,0.5084591361161362,2.87109282404516e-05,4.872380175008974,0.82740052885214
6.4,0.09,0.5079231034433194,2.9108020539669568e-05,4.843208224215423,0.8310081417693593
6.6000000000000005,0.09,0.5074061287340118,2.940959154011151e-05,4.81406489305167,0.8345398756304648
6.800000000000001,0.09,0.5069054034392161,2.9632089201604152e-05,4.784946857298092,0.8379982899182127
7.0,0.09,0.5064185316083102,2.978877048597101e-05,4.7558515532588475,0.8413856409109903
7.2,0.09,0.5059435745512979,2.9890809363125765e-05,4.726776699490887,0.8447039426195597
7.4,0.09,0.505478900847319,2.994733264716972e-05,4.697720462250911,0.8479550165032509
7.6000000000000005,0.09,0.5050231775151682,2.996598071864331e-05,4.668681247542484,0.8511405292334007
7.800000000000001,0.09,0.5045752919522629,2.9953039837364547e-05,4.639657740742725,0.8542620230070058
8.0,0.09,0.5041343308275307,2.9913752189152977e-05,4.610648809167572,0.8573209388680637
8.200000000000001,0.09,0.5036995358313097,2.985244746987908e-05,4.581653501284033,0.860318635239068
8.4,0.09,0.5032702834474067,2.9772727720310002e-05,4.55267099691807,0.8632564022798928
8.6,0.09,0.5028460580786005,2.967757353791861e-05,4.523700596146092,0.8661354732277711
8.8,0.09,0.5024264359693104,2.956946091673436e-05,4.4947416915617815,0.8689570332227078
9.0,0.09,0.502011068055061,2.9450440578623698e-05,4.465793756652808,0.871722226256398
9.200000000000001,0.09,0.5015996680733944,2.9322214733463803e-05,4.436856329170866,0.8744321606003947
9.4,0.09,0.501192001256687,2.9186194050413286e-05,4.407929001625154,0.8770879130799878
9.600000000000001,0.09,0.5007878758335123,2.9043548977259857e-05,4.379011410761828,0.8796905324285511
9.8,0.09,0.5003871354355299,2.889524977695114e-05,4.350103230463614,0.8822410419378568
10.0,0.09,0.4999896531366475,2.8742101185621494e-05,4.321204164876525,0.8847404415539899
10.200000000000001,0.09,0.4995953263083277,2.858477026533202e-05,4.292313943333311,0.8871897095472802
10.4,0.09,0.4992040724833019,2.8423810159247315e-05,4.263432315778216,0.8895898038496691
10.600000000000001,0.09,0.49881582585083306,2.8259679426354436e-05,4.2345590492118586,0.8919416631364252
10.8,0.09,0.49843053439965507,2.8092758376735134e-05,4.205693924605067,0.8942462077095527
11.0,0.09,0.49804815752025783,2.7923362491300475e-05,4.1768367344302195,0.8965043402288815
11.200000000000001,0.09,0.4976686640352485,2.775175361103752e-05,4.147987280561292,0.8987169463255713
11.4,0.09,0.4972920305555145,2.7578149201980763e-05,4.119145372568333,0.900884895125387
11.600000000000001,0.09,0.49691824012537944,2.7402730006050624e-05,4.090310826284655,0.9030090397025271
11.8,0.09,0.49654728109592206,2.7225646356186575e-05,4.061483462633915,0.9050902174802162
12.0,0.09,0.4961791461948737,2.7047023448260942e-05,4.032663106652634,0.9071292505903601
12.200000000000001,0.09,0.4958138317548711,2.6866965688349856e-05,4.003849586686096,0.9091269462017572
12.4,0.09,0.4954513370754673,2.6685560273120988e-05,3.975042733721299,0.9110840968240748
12.600000000000001,0.09,0.49509166389472103,2.6502880180125004e-05,3.94624238083698,0.9130014805930474
12.8,0.09,0.49473481595195684,2.6318986633115957e-05,3.9174483627483188,0.914879861541075
13.0,0.09,0.49438079862615814,2.613393112097606e-05,3.888660515432137,0.9167199898563198
13.200000000000001,0.09,0.4940296186371547,2.5947757080204135e-05,3.859878675816902,0.9185226021326178
13.4,0.09,0.49368128379844617,2.576050130250866e-05,3.8311026815283866,0.9202884216119832
13.600000000000001,0.09,0.49333580281359335,2.557219505524291e-05,3.802332370680252,0.9220181584209519
13.8,0.09,0.4929931851080751,2.5382865034094636e-05,3.773567581702256,0.9237125098017334
14.0,0.09,0.49265344069099987,2.519253414493722e-05,3.7448081532000557,0.9253721603388514
14.200000000000001,0.09,0.4923165800414191,2.5001222173757178e-05,3.7160539238401946,0.926997782181764
14.4,0.09,0.4919826140146788,2.480894630673397e-05,3.6873047322567993,0.9285900352638403
14.600000000000001,0.09,0.49165155376567143,2.4615721599018657e-05,3.658560416974907,0.9301495675179348
14.8,0.09,0.4913234106852562,2.4421561356104882e-05,3.629820816347456,0.9316770150887528
15.0,0.09,0.49099819634767805,2.4226477476025757e-05,3.601085768503247,0.9331730025421313
15.200000000000001,0.09,0.49067592246655706,2.403048068812594e-05,3.572355111302625,0.9346381430713349
15.4,0.09,0.49035660085780064,2.38335808202332e-05,3.543628682300741,0.9360730387004045
15.600000000000001,0.09,0.4900402434084371,2.363578695038207e-05,3.5149063187156413,0.9374782804846157
15.8,0.09,0.48972686205011084,2.3437107560252215e-05,3.486187857401632,0.9388544487080592
16.0,0.09,0.48941646873711264,2.32375506462752e-05,3.457473134827285,0.9402021130783468
16.2,0.09,0.48910907542814097,2.303712378597403e-05,3.4287619870575647,0.9415218329184578
16.400000000000002,0.09,0.48880469407133653,2.2835834229682998e-05,3.400054249740155,0.9428141573557125
16.6,0.09,0.4885033365925397,2.263368893221316e-05,3.371349758095283,0.9440796255078574
16.8,0.09,0.4882050148857393,2.24306945922067e-05,3.3426483469083164,0.945318766666269
17.0,0.09,0.4879097408056261,2.222685771755998e-05,3.3139498505248874,0.946532100476226
17.2,0.09,0.48761752616157195,2.2022184634994038e-05,3.285254102846908,0.9477201371142348
17.400000000000002,0.09,0.4873283827124573,2.1816681558179166e-05,3.256560937330327,0.9488833774623675
17.6,0.09,0.48704232216257237,2.1610354596500452e-05,3.2278701869829396,0.9500223132795463
17.8,0.09,0.4867593561577216,2.140320978951475e-05,3.199181684362808,0.9511374273697201
18.0,0.09,0.4864794962820593,2.1195253132046495e-05,3.1704952615774507,0.9522291937468518
18.2,0.09,0.4862027540552395,2.098649059399805e-05,3.1418107502825086,0.9532980777966232
18.400000000000002,0.09,0.4859291409297373,2.0776928116213135e-05,3.1131279816819264,0.9543445364347665
18.6,0.09,0.4856586682887696,2.056657165206427e-05,3.0844467865274883,0.9553690182618859
18.8,0.09,0.4853913474441835,2.0355427151122308e-05,3.055766995119484,0.9563719637146707
19.0,0.09,0.4851271896346462,2.0143500579854644e-05,3.0270884373071167,0.9573538052133408
19.200000000000003,0.09,0.4848662060239337,1.9930797921318205e-05,2.998410942489683,0.9583149673051853
19.400000000000002,0.09,0.4846084076993194,1.9717325193563004e-05,2.9697343396175833,0.9592558668040375
19.6,0.09,0.48435380566987607,1.950308844225636e-05,2.9410584571941363,0.9601769129255338
19.8,0.09,0.4841024108650271,1.9288093749954688e-05,2.9123831232774737,0.961078507417977
20.0,0.09,0.48385423413287054,1.9072347239429027e-05,2.883708165482929,0.961961044688674
20.200000000000003,0.09,0.48360928623852373,1.885585508781537e-05,2.8550334109861883,0.9628249119255743
20.400000000000002,0.09,0.4833675778623558,1.863862351733424e-05,2.8263586865267336,0.9636704892140886
20.6,0.09,0.48312911959790317,1.8420658808139525e-05,2.7976838184123145,0.9644981496489693
20.8,0.09,0.4828939219496506,1.820196731233068e-05,2.769008632524236,0.9653082594411695
21.0,0.09,0.4826619953303651,1.7982555452824267e-05,2.7403329543237147,0.9661011780196178
21.200000000000003,0.09,0.4824333500579618,1.7762429731492792e-05,2.711656608860113,0.9668772581279068
21.400000000000002,0.09,0.48220799635193873,1.7541596753308776e-05,2.6829794207806796,0.967636845915917
21.6,0.09,0.48198594432894626,1.7320063226206494e-05,2.654301214343158,0.9683802810264686
21.8,0.09,0.48176720399770495,1.7097835992853003e-05,2.625621813431246,0.9691078966771443
22.0,0.09,0.48155178525265063,1.6874922043700602e-05,2.596941041573769,0.9698200197374877
22.200000000000003,0.09,0.4813396978662381,1.6651328569666202e-05,2.56825872196872,0.9705169708018486
22.400000000000002,0.09,0.48113095147948337,1.642706298336873e-05,2.539574677512495,0.9711990642582136
22.6,0.09,0.4809255555900509,1.620213298708562e-05,2.5108887308362178,0.9718666083534262
22.8,0.09,0.48072351953767184,1.597654664226156e-05,2.48220070435007,0.9725199052552681
23.0,0.09,0.4805248524859504,1.575031245456497e-05,2.453510420297341,0.9731592511119214
23.200000000000003,0.09,0.48032956339992333,1.5523439472540807e-05,2.4248177008209115,0.9737849361094052
23.400000000000002,0.09,0.480137661018612,1.5295937413031556e-05,2.396122368043621,0.9743972445276033
23.6,0.09,0.4799491538213822,1.5067816810662583e-05,2.3674242441663225,0.9749964547955545
23.8,0.09,0.4797640499874523,1.4839089191296775e-05,2.3387231515866014,0.9755828395466826
24.0,0.09,0.47958235734706134,1.4609767271408987e-05,2.3100189130417306,0.9761566656746735
24.200000000000003,0.09,0.4794040833232391,1.4379865208012646e-05,2.2813113517809183,0.9767181943906845
24.400000000000002,0.09,0.47922923486286334,1.4149398863745148e-05,2.252600291770651,0.9772676812825631
24.6,0.09,0.47905781835535266,1.391838613522365e-05,2.2238855579392482,0.977805376376719
24.8,0.09,0.4788898395379343,1.3686847328034288e-05,2.195166976465674,0.9783315242032334
25.0,0.09,0.4787253033855558,1.3454805568330872e-05,2.1664443751183904,0.9788463638647429
25.200000000000003,0.09,0.47856421398428717,1.3222287289205798e-05,2.1377175836509337,0.9793501291095482
25.400000000000002,0.09,0.47840657438675194,1.2989322759240003e-05,2.1089864342592146,0.9798430484093075
25.6,0.09,0.47825238644819096,1.2755946678214653e-05,2.0802507621074238,0.9803253450415949
25.8,0.09,0.47810165064265375,1.2522198844889027e-05,2.0515104059271767,0.9807972371774764
26.0,0.09,0.4779543658581604,1.2288124839850622e-05,2.0227652086946217,0.9812589379741733
26.200000000000003,0.09,0.4778105291712068,1.2053776798994869e-05,1.9940150183896748,0.981710655672748
26.400000000000002,0.09,0.47767013560083604,1.1819214216075515e-05,1.9652596888384297,0.9821525937006691
26.6,0.09,0.4775331778434942,1.1584504750160715e-05,1.936499080640049,0.982584950778973
26.8,0.09,0.477399645990918,1.1349725064378213e-05,1.907733062175724,0.9830079210336783
27.0,0.09,0.47726952723394295,1.1114961662824346e-05,1.8789615106948598,0.9834216941109897
27.200000000000003,0.09,0.47714280555651595,1.0880311643783954e-05,1.8501843134714218,0.9838264552957781
27.400000000000002,0.09,0.4770194614250851,1.0645883441273336e-05,1.8214013690186512,0.9842223856327323
27.6,0.09,0.47689947147981154,1.0411797440160335e-05,1.7926125883481696,0.9846096620495586
27.8,0.09,0.47678280823538083,1.0178186440299041e-05,1.7638178962539983,0.9849884574815357
28.0,0.09,0.4766694397997719,9.94519599070562e-06,1.7350172325994848,0.9853589409967419
28.200000000000003,0.09,0.4765593296209319,9.712984471531644e-06,1.7062105535805425,0.985721277921249
28.400000000000002,0.09,0.4764524362714168,9.48172295335406e-06,1.677397832934849,0.9860756299635891
28.6,0.09,0.47634871328191686,9.25159475063755e-06,1.6485790630646742,0.9864221553378284
28.8,0.09,0.47624810903451065,9.022794685106619e-06,1.6197542560372131,0.9867610088846102
29.0,0.09,0.4761505667260898,8.79552798864875e-06,1.5909234444260054,0.987092342189578
29.200000000000003,0.09,0.4760560244120703,8.570008853098414e-06,1.5620866819565757,0.9874163036986461
29.400000000000002,0.09,0.4759644151386647,8.346458623181058e-06,1.533244043919377,0.9877330388296317
29.6,0.09,0.4758756671707487,8.125103614291639e-06,1.504395627317732,0.9880426900798477
29.8,0.09,0.47578970431987266,7.906172612422694e-06,1.4755415507198473,0.9883453971293077
30.0,0.09,0.4757064463745284,7.689894034919896e-06,1.4466819537918902,0.9886412969392713
30.200000000000003,0.09,0.47562580963139034,7.476492854616132e-06,1.417816996493889,0.9889305238459286
30.400000000000002,0.09,0.47554770752363995,7.266187311391098e-06,1.3889468579307882,0.9892132096490833
30.6,0.09,0.47547205133799486,7.059185492168484e-06,1.3600717348570686,0.9894894836957676
30.8,0.09,0.47539875101032797,6.855681877479967e-06,1.3311918398477876,0.9897594729587769
31.0,0.09,0.47532771598400175,6.655853926057528e-06,1.3023073991527594,0.9900233021101644
31.200000000000003,0.09,0.4752588561159401,6.4598588156390965e-06,1.2734186502700928,0.9902810935898037
31.400000000000002,0.09,0.47519208260770607,6.267830420330094e-06,1.2445258392710667,0.9905329676691427
31.6,0.09,0.4751273089446597,6.079876633808808e-06,1.2156292179370831,0.9907790425103435
31.8,0.09,0.47506445181496,5.896077126440837e-06,1.186729040747257,0.9910194342210086
32.0,0.09,0.4750034319945522,5.716481577985365e-06,1.1578255618020552,0.9912542569047365
32.2,0.09,0.4749441751646279,5.54110851438355e-06,1.1289190317122806,0.9914836227077638
32.4,0.09,0.47488661265891524,5.369944716102066e-06,1.1000096945673752,0.9917076418619711
32.6,0.09,0.47483068209867973,5.202945273028272e-06,1.0710977849758956,0.9919264227245257
32.800000000000004,0.09,0.4747763279369379,5.04003423601739e-06,1.0421835253377574,0.9921400718144631
33.0,0.09,0.4747235018496219,4.881105933549147e-06,1.0132671232568902,0.9923486938464846
33.2,0.09,0.4746721630421688,4.726026746065111e-06,0.9843487693479201,0.9925523917622633
33.4,0.09,0.4746222783600575,4.574637517082683e-06,0.955428635171403,0.9927512667595274
33.6,0.09,0.47457382236433215,4.426756205044234e-06,0.926506871761554,0.9929454183191967
33.800000000000004,0.09,0.4745267771441773,4.2821811208102365e-06,0.8975836081238062,0.9931349442308128
34.0,0.09,0.47448113221921745,4.140694047039134e-06,0.8686589506408184,0.9933199406165203
34.2,0.09,0.47443688403561757,4.002064021532999e-06,0.8397329820114837,0.9935005019537834
34.4,0.09,0.47439403582292067,3.866050386568341e-06,0.8108057617295218,0.9936767210970915
34.6,0.09,0.47435259670731394,3.7324069684754395e-06,0.7818773250924361,0.9938486892987621
34.800000000000004,0.09,0.4743125817682113,3.6008843650019897e-06,0.7529476851466306,0.994016496229105
35.0,0.09,0.47427401055616086,3.4712346745106386e-06,0.7240168309387314,0.9941802299959371
35.2,0.09,0.474236907833005,3.343212017969984e-06,0.695084731883365,0.9943399771638023
35.4,0.09,0.47420130092480106,3.2165786952889396e-06,0.6661513334837402,0.9944958227726546
35.6,0.09,0.47416722216146345,3.0911020769391015e-06,0.6372165664427808,0.9946478503565975
35.800000000000004,0.09,0.4741347036713788,2.966564625581278e-06,0.6082803359824717,0.9947961419620165
36.0,0.09,0.47410378375477785,2.842753229349073e-06,0.5793425411846939,0.9949407781662264
36.2,0.09,0.47407449585079275,2.7194789201362064e-06,0.5504030492718897,0.9950818380951247
36.4,0.09,0.474046883876336,2.5965498430162255e-06,0.5214617379086011,0.9952193994421566
36.6,0.09,0.47402097783106073,2.47381409483821e-06,0.4925184349151634,0.9953535384852836
36.800000000000004,0.09,0.473996829533546,2.3510962343131734e-06,0.46357301277671215,0.9954843301068367
37.0,0.09,0.47397445763564244,2.2282938466071852e-06,0.43462524940156827,0.9956118478091636
37.2,0.09,0.4739539297720569,2.1052317310309423e-06,0.4056750416706655,0.99573616373642
37.4,0.09,0.4739352377465006,1.981881670472264e-06,0.37672208624351583,0.9958573486874187
37.6,0.09,0.47391848523465535,1.8580298990926313e-06,0.3477663643727321,0.9959754721415094
37.800000000000004,0.09,0.47390360402592846,1.7337776648528922e-06,0.31880741319264383,0.996090602265476
38.0,0.09,0.47389078143859187,1.608785052167775e-06,0.2898454276371113,0.9962028059480097
38.2,0.09,0.4738798157050199,1.483409047873373e-06,0.2608796013761509,0.996312148794059
38.400000000000006,0.09,0.47387108673565503,1.356987631890125e-06,0.23191062971566756,0.9964186951773312
38.6,0.09,0.47386409422370623,1.2304211188502289e-06,0.2029369410352579,0.9965225082083605
38.800000000000004,0.09,0.4738596573956634,1.1022863147744741e-06,0.17396037342009785,0.9966236498247754
39.0,0.09,0.4738566063494943,9.746762070378208e-07,0.14497763287636828,0.9967221807045867
39.2,0.09,0.47385675568088653,8.444528426367205e-07,0.11599314409781558,0.9968181604316447
39.400000000000006,0.09,0.4738574348351506,7.171667795124198e-07,0.08699973136300398,0.9969116472421395
39.6,0.09,0.47386274057016403,5.888586665262315e-07,0.05800765768894383,0.997002698408246
39.800000000000004,0.09,0.4738663811288591,2.630875633491041e-07,0.029000957115023603,0.9970912981023466
40.0,0.09,0.4738663811288591,0.0,0.0,0.9970912981023466
0.0,0.092,1.0,0.0,6.089622152041531,0.0
0.2,0.092,0.7094291876892308,-0.012139056150654639,6.089622152041531,0.40439519621578274
0.4,0.092,0.6379049439487444,-0.0028395619920463747,5.824323357317592,0.5520160533753927
0.6000000000000001,0.092,0.5483580657838352,-0.0012177402120079489,5.854878797746363,0.6260725222580427
0.8,0.092,0.5309498599061573,-0.0006565262254563861,5.741184233605175,0.6684177804726622
1.0,0.092,0.49681377745384403,-0.00044206351293830015,5.72736001251727,0.6976757237403756
1.2000000000000002,0.092,0.4870164846980869,-0.0002934882760174029,5.661938316734163,0.7187580772165537
1.4000000000000001,0.092,0.4706246000051264,-0.00022081135449370548,5.6332257352859125,0.7353051262085903
1.6,0.092,0.4635822074941028,-0.00015820342360948022,5.586521800284081,0.7485361158193604
1.8,0.092,0.454507037191407,-0.0001221013241688207,5.553879364369215,0.7596021431533548
2.0,0.092,0.4493291335312625,-8.97605682643985e-05,5.515227450001181,0.7689886911054906
2.2,0.092,0.4437668129769885,-6.844368950429487e-05,5.482237460168117,0.7771678540405944
2.4000000000000004,0.092,0.43997632730907144,-4.961859098452792e-05,5.447447856846035,0.7843854310799664
2.6,0.092,0.4363129111933346,-3.598891938430718e-05,5.415100085575293,0.7908698602616248
2.8000000000000003,0.092,0.4335372244898264,-2.4210439132316434e-05,5.382378605968185,0.7967608649764089
3.0,0.092,0.43099837293345167,-1.5169107093778668e-05,5.350808669949555,0.8021817129601304
3.2,0.092,0.4289491314181273,-7.485609945611697e-06,5.319305420473359,0.807216381954478
3.4000000000000004,0.092,0.42711998843575705,-1.3885103448823334e-06,5.288403223950556,0.8119361590356794
3.6,0.092,0.42558337525942036,3.73261887961205e-06,5.257670376614665,0.8163929733368743
3.8000000000000003,0.092,0.42422030642589104,7.870425323976804e-06,5.2272831156570145,0.8206298024350909
4.0,0.092,0.42304277593475054,1.1317737915443026e-05,5.197061040220401,0.824679239769471
4.2,0.092,0.42199362635286386,1.4126566662447109e-05,5.16705393371778,0.8285678887872296
4.4,0.092,0.4210669033075923,1.6452126759770172e-05,5.137180920323082,0.8323164308298178
4.6000000000000005,0.092,0.42023249734943646,1.8351866319996535e-05,5.107449429578227,0.835941636363909
4.800000000000001,0.092,0.4194809982178722,1.9915472062269952e-05,5.077819869404058,0.8394567573024138
5.0,0.092,0.41879513555938674,2.1190512291295545e-05,5.048287228747989,0.8428725412823668
5.2,0.092,0.41816642491159073,2.223218976964007e-05,5.018830233158971,0.8461976013035408
5.4,0.092,0.41758423013693446,2.3072724419105217e-05,4.989441558546124,0.8494389850277242
5.6000000000000005,0.092,0.41704167731780534,2.374505189183977e-05,4.960108724661387,0.8526024415137746
5.800000000000001,0.092,0.41653169926920564,2.427724914071172e-05,4.930825497615088,0.8556926997691456
6.0,0.092,0.41604932408539835,2.4694959758787826e-05,4.901584236963909,0.8587136660400071
6.2,0.092,0.41558993960209273,2.5017503115235485e-05,4.872380110417421,0.8616686149900358
6.4,0.092,0.41515005248654846,2.5261549839246755e-05,4.843208161986457,0.8645603171236527
6.6000000000000005,0.092,0.4147265808111018,2.5440282964486275e-05,4.814064832830251,0.8673911502150522
6.800000000000001,0.092,0.41431709428124774,2.556490102007629e-05,4.784946798788337,0.8701631790465368
7.0,0.092,0.4139195084803318,2.564445804334409e-05,4.755851496217509,0.87287822214795
7.2,0.092,0.4135321433149935,2.568656708135454e-05,4.72677664371588,0.8755379013884188
7.4,0.092,0.41315358069991115,2.5697457227365396e-05,4.697720407575638,0.878143682404031
7.6000000000000005,0.092,0.4127826643411454,2.568233624236636e-05,4.66868119382887,0.880696905313621
7.800000000000001,0.092,0.4124184274157802,2.564549322094683e-05,4.639657687876869,0.8831988093605172
8.0,0.092,0.41206007707144415,2.559050246655525e-05,4.6106487570552765,0.8856505518708965
8.200000000000001,0.092,0.4117069543016292,2.552031788194574e-05,4.581653449847624,0.8880532233113931
8.4,0.092,0.41135851745699176,2.543739608757108e-05,4.55267094609344,0.8904078589550578
8.6,0.092,0.4110143182759308,2.534377056002641e-05,4.5237005458804695,0.8927154480908215
8.8,0.092,0.41067398833648017,2.524113022119325e-05,4.494741641811736,0.8949769411892653
9.0,0.092,0.4103372239309909,2.513087425379673e-05,4.465793707382666,0.8971932555424202
9.200000000000001,0.092,0.4100037759024271,2.501416402890253e-05,4.436856280351405,0.8993652796678507
9.4,0.092,0.40967343974153475,2.489196225622483e-05,4.407928953232462,0.9014938767745446
9.600000000000001,0.092,0.4093460482700022,2.4765067815893022e-05,4.379011362776416,0.9035798874818154
9.8,0.092,0.4090214650171082,2.4634143138014227e-05,4.350103182869658,0.905624131966236
10.0,0.092,0.40869957906897814,2.4499737760556426e-05,4.32120411766121,0.9076274116583678
10.200000000000001,0.092,0.40838030059140523,2.4362307336520526e-05,4.292313896486331,0.9095905105935809
10.4,0.092,0.40806355724908266,2.4222229805588522e-05,4.263432269291338,0.9115141964929484
10.600000000000001,0.092,0.4077492911598549,2.407981858295872e-05,4.234559003078563,0.9133992216366885
10.8,0.092,0.40743745641905044,2.39353337272382e-05,4.205693878820249,0.9152463235767595
11.0,0.092,0.40712801701741524,2.3788991082992282e-05,4.176836688989944,0.9170562257259591
11.200000000000001,0.092,0.4068209451334881,2.364096993093544e-05,4.147987235462604,0.9188296378517377
11.4,0.092,0.40651621970669655,2.3491419320595247e-05,4.119145327809066,0.9205672564969389
11.600000000000001,0.092,0.40621382526238153,2.3340463265348236e-05,4.0903107818633115,0.9222697653443266
11.8,0.092,0.40591375093400817,2.3188205064548183e-05,4.0614834185495425,0.9239378355380615
12.0,0.092,0.405615989656413,2.3034730893939972e-05,4.032663062904729,0.9255721259720959
12.200000000000001,0.092,0.4053205374961462,2.2880112766616646e-05,4.003849543274528,0.9271732835531881
12.4,0.092,0.40502739309802455,2.2724410987906537e-05,3.9750426906462355,0.9287419434443744
12.600000000000001,0.092,0.40473655722667184,2.2567676164799904e-05,3.9462423380988474,0.9302787292933203
12.8,0.092,0.4044480323871485,2.2409950914310823e-05,3.917448320347736,0.9317842534489368
13.0,0.092,0.4041618225112004,2.2251271217221354e-05,3.8886604733699,0.9332591171687575
13.200000000000001,0.092,0.4038779326979782,2.209166757360801e-05,3.8598786340939424,0.9347039108189577
13.4,0.092,0.4035963689995055,2.1931165958025328e-05,3.8311026401457484,0.9361192140684448
13.600000000000001,0.092,0.4033171382439982,2.1769788573411842e-05,3.8023323296390608,0.9375055960780275
13.8,0.092,0.4030402478899053,2.160755450675179e-05,3.773567541003716,0.9388636156854415
14.0,0.092,0.40276570590589245,2.1444480247199623e-05,3.7448081128454307,0.9401938215867836
14.200000000000001,0.092,0.4024935206721956,2.128058016005259e-05,3.7160538838307904,0.9414967525147385
14.4,0.092,0.40222370089936227,2.111586682628991e-05,3.687304692593957,0.9427729374139122
14.600000000000001,0.092,0.401956255561744,2.0950351370718882e-05,3.658560377660004,0.9440228956134549
14.8,0.092,0.4016911938424046,2.0784043721232024e-05,3.6298207773818865,0.945247136997131
15.0,0.092,0.40142852508762533,2.0616952850548505e-05,3.601085729888421,0.9464461621709362
15.200000000000001,0.092,0.40116825876882983,2.044908694006468e-05,3.5723550730399745,0.9476204626283385
15.4,0.092,0.4009104044505026,2.028045357519077e-05,3.5436286443916996,0.9487705209131706
15.600000000000001,0.092,0.4006549717632176,2.0111059833125794e-05,3.5149062811616547,0.9498968107802184
15.8,0.092,0.4004019703806622,1.994091241172067e-05,3.486187820204144,0.9509997973535157
16.0,0.092,0.40015141000057336,1.977001768296518e-05,3.457473097987746,0.9520799372823386
16.2,0.092,0.3999033003288834,1.9598381742725864e-05,3.428761950577422,0.9531376788949175
16.400000000000002,0.092,0.39965765106667495,1.9426010462257474e-05,3.400054213620856,0.9541734623498482
16.6,0.092,0.3994144718999866,1.925290953721179e-05,3.3713497223382647,0.955187719785188
16.8,0.092,0.39917377249148717,1.9079084462761727e-05,3.34264831151502,0.9561808754652427
17.0,0.092,0.39893556247403766,1.890454061367572e-05,3.313949815496744,0.9571533459250003
17.2,0.092,0.3986998514454871,1.8729283242906295e-05,3.2852540681853415,0.9581055401121977
17.400000000000002,0.092,0.39846664896420797,1.855331753388731e-05,3.2565609030367555,0.9590378595269853
17.6,0.092,0.39823596454559795,1.837664858391934e-05,3.2278701530587797,0.9599506983591327
17.8,0.092,0.3980078076587136,1.8199281463052456e-05,3.199181650809456,0.9608444436227327
18.0,0.092,0.39778218772357515,1.802122121585986e-05,3.170495228396309,0.9617194752883348
18.2,0.092,0.39755911410872935,1.7842472864128556e-05,3.141810717474963,0.9625761664124252
18.400000000000002,0.092,0.39733859612892597,1.7663041429231587e-05,3.1131279492493587,0.9634148832641883
18.6,0.092,0.3971206430433821,1.7482931941251386e-05,3.0844467544712697,0.9642359854494251
18.8,0.092,0.39690526405394677,1.7302149437830564e-05,3.0557669634409774,0.9650398260315607
19.0,0.092,0.39669246830358,1.7120698974051255e-05,3.0270884060076773,0.9658267516495945
19.200000000000003,0.092,0.3964822648748823,1.6938585627421576e-05,2.998410911570658,0.966597102632897
19.400000000000002,0.092,0.39627466278872686,1.6755814505713877e-05,2.9697343090803074,0.9673512131127106
19.6,0.092,0.39606967100279933,1.6572390748033993e-05,2.9410584270399394,0.96808941113024
19.8,0.092,0.3958672984103674,1.638831952563933e-05,2.9123830935076715,0.9688120187411843
20.0,0.092,0.3956675538388316,1.6203606047383587e-05,2.8837081360988313,0.9695193521166052
20.200000000000003,0.092,0.39547044604829523,1.6018255574037043e-05,2.855033381989093,0.9702117216399982
20.400000000000002,0.092,0.3952759837300379,1.5832273407748803e-05,2.8263586579179276,0.970889432000464
20.6,0.092,0.39508417550468616,1.5645664899817564e-05,2.797683790193077,0.9715527822818936
20.8,0.092,0.39489502992026954,1.5458435475362598e-05,2.7690086046958338,0.9722020660481053
21.0,0.092,0.3947085554498652,1.527059061649875e-05,2.740332926887404,0.9728375714238803
21.200000000000003,0.092,0.39452476048880125,1.508213588976729e-05,2.7116565818171368,0.9734595811719112
21.400000000000002,0.092,0.3943436533514843,1.4893076943843276e-05,2.6829793941322695,0.9740683727656818
21.6,0.092,0.3941652422674168,1.4703419535906764e-05,2.654301188090531,0.9746642184583592
21.8,0.092,0.39398953537664855,1.4513169538227774e-05,2.62562178757561,0.9752473853478298
22.0,0.092,0.39381654072405947,1.4322332973079586e-05,2.5969410161163076,0.9758181354380455
22.200000000000003,0.092,0.3936462662524496,1.4130916037097523e-05,2.5682586969106147,0.9763767256969096
22.400000000000002,0.092,0.39347871979406074,1.3938925155274512e-05,2.5395746528548924,0.9769234081109894
22.6,0.092,0.39331390905987756,1.3746367002588544e-05,2.510888706580259,0.9774584297373853
22.8,0.092,0.39315184162658096,1.355324861471046e-05,2.482200680496865,0.9779820327531479
23.0,0.092,0.3929925249202498,1.335957743046253e-05,2.453510396847982,0.9784944545026703
23.200000000000003,0.092,0.3928359661962895,1.316536140628242e-05,2.424817677776458,0.9789959275435399
23.400000000000002,0.092,0.3926821725148996,1.2970609132755237e-05,2.3961223454051006,0.9794866796913526
23.6,0.092,0.3925311507110108,1.277532996645248e-05,2.3674242219347246,0.9799669340640378
23.8,0.092,0.39238290735814607,1.257953419648562e-05,2.338723129762872,0.9804369091262367
24.0,0.092,0.3922374487248627,1.2383233239709916e-05,2.310018891626767,0.9808968187343098
24.200000000000003,0.092,0.3920947807228532,1.218643986177349e-05,2.2813113307755493,0.9813468721825198
24.400000000000002,0.092,0.39195490884557666,1.198916843754137e-05,2.252600271175639,0.9817872742509341
24.6,0.092,0.3918178380959457,1.179143524544067e-05,2.2238855377552733,0.9822182252555588
24.8,0.092,0.3916835729022258,1.1593258819507522e-05,2.1951669566933107,0.9826399211011653
25.0,0.092,0.39155211702040116,1.139466033507126e-05,2.1664443557581015,0.9830525533372326
25.200000000000003,0.092,0.3914234734221289,1.1195664050506173e-05,2.1377175647030464,0.9834563092173579
25.400000000000002,0.092,0.3912976441670064,1.0996297792273606e-05,2.1089864157239027,0.983851371762407
25.6,0.092,0.3911746302580178,1.0796593506617692e-05,2.080250743984676,0.984237919827621
25.8,0.092,0.39105443147985286,1.0596587856581228e-05,2.051510388216772,0.984616128173781
26.0,0.092,0.39093704621914416,1.0396322842603618e-05,2.022765191396108,0.9849861675424758
26.200000000000003,0.092,0.3908224712671485,1.0195846502158776e-05,1.994015001502323,0.9853482047354002
26.400000000000002,0.092,0.39071070160519417,9.995213619985933e-06,1.9652596723612081,0.9857024026975555
26.6,0.092,0.39060173017414235,9.794486439747427e-06,1.936499064571582,0.9860489206041079
26.8,0.092,0.39049554763005684,9.593735407974153e-06,1.9077330465142528,0.9863879139506143
27.0,0.092,0.3903921420887859,9.393039882701032e-06,1.8789614954382075,0.986719534646235
27.200000000000003,0.092,0.39029149886346476,9.192488790431557e-06,1.850184298616942,0.9870439311094978
27.400000000000002,0.092,0.3901936001996526,8.992181226004299e-06,1.8214013545631993,0.9873612483661348
27.6,0.092,0.3900984250139675,8.792226953153729e-06,1.7926125742880588,0.9876716281484674
27.8,0.092,0.3900059486432361,8.592746746131e-06,1.76381788258496,0.9879752089957905
28.0,0.092,0.3899161426115767,8.393872596026415e-06,1.7350172193166462,0.9882721263551966
28.200000000000003,0.092,0.3898289744242851,8.195747702414764e-06,1.7062105406783885,0.9885625126822748
28.400000000000002,0.092,0.38974440739731897,7.998526219881373e-06,1.6773978204072086,0.9888464975411293
28.6,0.092,0.3896624005319125,7.802372745392755e-06,1.6485790509047042,0.9891242077031834
28.8,0.092,0.38958290844368093,7.607461530965679e-06,1.6197542442374016,0.9893957672442654
29.0,0.092,0.38950588135508013,7.4139753681686604e-06,1.590923432978175,0.9896612976395025
29.200000000000003,0.092,0.3894312651597461,7.222104150291798e-06,1.5620866708519103,0.9899209178556106
29.400000000000002,0.092,0.38935900156544123,7.032043129204921e-06,1.533244033148451,0.9901747444401889
29.6,0.092,0.38928902832117673,6.843990842559724e-06,1.5043956168705597,0.9904228916077144
29.8,0.092,0.38922127953175895,6.658146756274054e-06,1.4755415405859469,0.9906654713219564
30.0,0.092,0.3891556860608246,6.4747086477106655e-06,1.446681943960355,0.9909025933746097
30.200000000000003,0.092,0.38909217602029555,6.293869783271848e-06,1.4178169869534805,0.9911343654599876
30.400000000000002,0.092,0.38903067534199054,6.115815943830301e-06,1.3889468486700336,0.9913608932456718
30.6,0.092,0.3889711084230106,5.940722373124058e-06,1.3600717258643689,0.991582280439074
30.8,0.092,0.38891339883525894,5.768750721514834e-06,1.331191831111542,0.9917986288499062
31.0,0.092,0.38885747008417326,5.600046080063224e-06,1.3023073906614864,0.9920100384485973
31.200000000000003,0.092,0.3888032464030874,5.434734194586127e-06,1.2734186420125564,0.9922166074207494
31.400000000000002,0.092,0.38875065356241056,5.272918920641933e-06,1.2445258312364054,0.9924184322177401
31.6,0.092,0.3886996196789259,5.114680049498054e-06,1.21562921011493,0.9926156076036253
31.8,0.092,0.38865007599967566,4.960071534598395e-06,1.1867290331278617,0.9928082266985175
32.0,0.092,0.3886019576493751,4.8091201943503434e-06,1.15782555437639,0.992996381018626
32.2,0.092,0.3885552043110396,4.66182495274256e-06,1.1289190244721372,0.9931801605131824
32.4,0.092,0.3885097608400694,4.51815663667354e-06,1.1000096875054421,0.9933596535984615
32.6,0.092,0.3884655777730214,4.37805831710933e-06,1.0710977780858277,0.9935349471891348
32.800000000000004,0.092,0.3884226117549636,4.24144621299858e-06,1.0421835186142228,0.9937061267271878
33.0,0.092,0.38838082582636896,4.108211139177135e-06,1.0132671166955944,0.9938732762086349
33.2,0.092,0.3883401896392243,3.978220382198549e-06,0.9843487629456252,0.9940364782082615
33.4,0.092,0.38830067949397606,3.851320049211146e-06,0.9554286289259094,0.9941958139026146
33.6,0.092,0.38826227835751137,3.727337682694405e-06,0.9265068656716848,0.9943513630914617
33.800000000000004,0.092,0.3882249756378496,3.6060852104856235e-06,0.8975836021893627,0.9945032042179148
34.0,0.092,0.38818876706393823,3.4873619684317267e-06,0.8686589448625244,0.9946514143874169
34.2,0.092,0.38815365418068726,3.370957920171365e-06,0.8397329763909241,0.9947960693857558
34.4,0.092,0.3881196442156437,3.2566566875157306e-06,0.8108057562690629,0.9949372436962801
34.6,0.092,0.3880867492260598,3.144238779181573e-06,0.7818773197951475,0.9950750105164501
34.800000000000004,0.092,0.38805498619010614,3.0334842264015885e-06,0.7529476800161967,0.9952094417738561
35.0,0.092,0.3880243755905621,2.9241756598349024e-06,0.7240168259793636,0.9953406081418138
35.2,0.092,0.3879949422014947,2.8161001541517116e-06,0.6950847270997152,0.9954685790546459
35.4,0.092,0.38796671253908804,2.7090522266014e-06,0.6661513288808087,0.9955934227226988
35.6,0.092,0.38793971733884375,2.6028343690125974e-06,0.6372165620258432,0.9957152061472175
35.800000000000004,0.092,0.3879139864907655,2.497260492934128e-06,0.6082803317569839,0.9958339951350538
36.0,0.092,0.3878895554047611,2.392154196770771e-06,0.579342537156244,0.9959498543133602
36.2,0.092,0.3878664541966948,2.2873540727127555e-06,0.5504030454460958,0.9960628471441477
36.4,0.092,0.3878447229017037,2.1827076431650695e-06,0.5214617342911022,0.996173035938956
36.6,0.092,0.3878243874695781,2.078081808395392e-06,0.4925184315114913,0.996280481873327
36.800000000000004,0.092,0.3878054951035734,1.973347703298545e-06,0.4635730095923584,0.9963852450015491
37.0,0.092,0.38778806005824096,1.8684037540698337e-06,0.43462524644177325,0.9964873842710462
37.2,0.092,0.38777214477637256,1.7631404551860413e-06,0.40567503894064305,0.9965869575372693
37.4,0.092,0.38775773676327574,1.6574929706735728e-06,0.37672208374803495,0.9966840215779249
37.6,0.092,0.3877449338860544,1.5513605491992222e-06,0.34776636211668543,0.9967786321081081
37.800000000000004,0.092,0.38773366437446183,1.4447271433695298e-06,0.31880741118013567,0.9968708437942118
38.0,0.092,0.3877241086840277,1.3374776578827966e-06,0.2898454258727935,0.9969607102694387
38.2,0.092,0.387716063356193,1.229674016469343e-06,0.2608795998631807,0.997048284147169
38.400000000000006,0.092,0.3877098991054884,1.1211366597977719e-06,0.23191062845875976,0.9971336170370146
38.6,0.092,0.38770511809387986,1.0120744379419048e-06,0.20293694003608007,0.9972167595574278
38.800000000000004,0.092,0.38770252490090673,9.021326965435397e-07,0.1739603726841891,0.9972977613523811
39.0,0.092,0.38770096120897846,7.918248909596047e-07,0.14497763240276768,0.9973766711033142
39.2,0.092,0.38770221426200324,6.803924065386669e-07,0.11599314389477135,0.9974535365430537
39.400000000000006,0.092,0.3877036445379495,5.69618806195157e-07,0.0869997314197527,0.9975284044222481
39.6,0.092,0.38770929730738884,4.6157696568214373e-07,0.0580076579278654,0.9976013205116867
39.800000000000004,0.092,0.38771317423063173,2.0599008349888315e-07,0.029000958261115196,0.9976722684816566
40.0,0.092,0.38771317423063173,0.0,0.0,0.9976722684816566
0.0,0.094,1.0,0.0,6.08976496326509,0.0
0.2,0.094,0.5818030414275257,-0.010143702112421668,6.08976496326509,0.5190106140980781
0.4,0.094,0.5062524251190842,-0.0019293202699352462,5.824273646229086,0.6563651075681933
0.6000000000000001,0.094,0.42454797254076587,-0.0007486808613627344,5.854867940010403,0.7167268488171928
0.8,0.094,0.4124209483464464,-0.00040306137389107893,5.74117889671063,0.749769103461912
1.0,0.094,0.38281227643209337,-0.0002613103509260631,5.727356807043801,0.7722572158012524
1.2000000000000002,0.094,0.37589314954800446,-0.00017507030961843217,5.6619360272338595,0.7883449264330261
1.4000000000000001,0.094,0.36200742396313934,-0.0001276029092067352,5.633224074244801,0.8009191330106454
1.6,0.094,0.35672707410531845,-9.130075143899372e-05,5.586520500928399,0.8109488761945146
1.8,0.094,0.34918874889984514,-6.821815820666728e-05,5.553878348115953,0.8193210131165534
2.0,0.094,0.34517753176614424,-4.925613024984583e-05,5.5152266236001415,0.8264136714087587
2.2,0.094,0.34062588997328225,-3.589868964007823e-05,5.482236787749675,0.8325868335885499
2.4000000000000004,0.094,0.33764316655612364,-2.4734350824212492e-05,5.447447297893093,0.8380298546881322
2.6,0.094,0.3346768899366259,-1.631507667496635e-05,5.415099619746268,0.842916217294371
2.8000000000000003,0.094,0.33247780069515964,-9.273708050018894e-06,5.382378212666154,0.8473528368268188
3.0,0.094,0.3304373921426933,-3.7405526825274583e-06,5.350808336501171,0.8514331821525788
3.2,0.094,0.3288106328787428,8.734566197519195e-07,5.319305135100632,0.855221246515721
3.4000000000000004,0.094,0.3273491345266277,4.58163558609463e-06,5.288402978322378,0.8587710547256868
3.6,0.094,0.32613054666132185,7.661322656939066e-06,5.257670163354701,0.8621220710078209
3.8000000000000003,0.094,0.3250473909746399,1.016481812375799e-05,5.227282929268138,0.8653068540019685
4.0,0.094,0.3241164608216778,1.2234954454470005e-05,5.1970608759835315,0.8683501384799804
4.2,0.094,0.32328736397048197,1.392477600260525e-05,5.167053787902846,0.8712720727924878
4.4,0.094,0.32255796143896925,1.5315411164445855e-05,5.137180789785061,0.8740883345477877
4.6000000000000005,0.094,0.3219023578103032,1.6449808744291193e-05,5.107449311778778,0.8768116206946882
4.800000000000001,0.094,0.3213139547856396,1.737752913863921e-05,5.0778197622223455,0.8794519683130011
5.0,0.094,0.32077821227525727,1.8130534004923438e-05,5.048287130448207,0.8820175109107298
5.2,0.094,0.32028865328331585,1.874059055436079e-05,5.018830142291218,0.8845147668980045
5.4,0.094,0.31983646741158717,1.9228334065794605e-05,4.989441473913182,0.8869490670415837
5.6000000000000005,0.094,0.3194162293711947,1.961304850114598e-05,4.960108645252975,0.8893247589927586
5.800000000000001,0.094,0.31902214364730636,1.991241827304922e-05,4.93082542258018,0.8916454161989253
6.0,0.094,0.3186502532769532,2.014183336085912e-05,4.901584165597437,0.8939139892707116
6.2,0.094,0.3182968065353877,2.031322476070331e-05,4.872380042139309,0.8961329503270855
6.4,0.094,0.3179590071647341,2.043663775137758e-05,4.843208096317312,0.8983043899005834
6.6000000000000005,0.094,0.3176343581369019,2.052015853365572e-05,4.814064769374164,0.9004301011271418
6.800000000000001,0.094,0.3173209077394707,2.0570563911989012e-05,4.784946737217717,0.9025116402961392
7.0,0.094,0.3170169707766352,2.0593387704135934e-05,4.755851436261446,0.9045503773263305
7.2,0.094,0.3167211954864665,2.0593248311018012e-05,4.726776585150181,0.9065475333822257
7.4,0.094,0.31643243663991055,2.057394545201886e-05,4.697720350214871,0.9085042114641649
7.6000000000000005,0.094,0.31614976285128477,2.0538642838970486e-05,4.668681137519662,0.9104214196880794
7.800000000000001,0.094,0.31587239368960707,2.0489954209245337e-05,4.639657632492443,0.9123000899331334
8.0,0.094,0.31559969001276517,2.0430052956399654e-05,4.610648702490887,0.9141410922013476
8.200000000000001,0.094,0.3153311198924883,2.0360738422526e-05,4.581653396016801,0.9159452460114974
8.4,0.094,0.315066246391487,2.0283505277807793e-05,4.552670892924846,0.9177133292305888
8.6,0.094,0.31480470759082013,2.019959198988947e-05,4.523700493315324,0.9194460850410349
8.8,0.094,0.3145462060733201,2.011002654215312e-05,4.494741589801651,0.9211442273626469
9.0,0.094,0.314290496487478,2.001566106249959e-05,4.465793655887892,0.9228084451178378
9.200000000000001,0.094,0.31403737750817545,1.991720274380338e-05,4.436856229339328,0.9244394055621908
9.4,0.094,0.3137866837628039,1.9815238079486558e-05,4.407928902676403,0.9260377569043549
9.600000000000001,0.094,0.3135382799912215,1.9710253825624848e-05,4.379011312654593,0.9276041303608866
9.8,0.094,0.3132920556721144,1.9602653812484356e-05,4.350103133164359,0.9291391417780649
10.0,0.094,0.31304792089277167,1.9492773127287805e-05,4.321204068358085,0.9306433929131718
10.200000000000001,0.094,0.3128058027270744,1.938088974232918e-05,4.292313847573818,0.9321174724540128
10.4,0.094,0.3125656423575297,1.9267234322121108e-05,4.263432220760165,0.9335619568343155
10.600000000000001,0.094,0.31232739261558495,1.9151998245011568e-05,4.23455895492137,0.9349774108922251
10.8,0.094,0.3120910159895494,1.903534040904753e-05,4.205693831031251,0.9363643884072186
11.0,0.094,0.3118564829448287,1.8917392822275547e-05,4.176836641564663,0.9377234325436696
11.200000000000001,0.094,0.3116237705489309,1.879826525196567e-05,4.147987188397639,0.939055076222434
11.4,0.094,0.31139286132077304,1.867804908203463e-05,4.119145281101906,0.940359842437244
11.600000000000001,0.094,0.311163742284202,1.8556820493997787e-05,4.090310735512178,0.9416382445286664
11.8,0.094,0.3109364041796722,1.8434643074041944e-05,4.061483372553269,0.9428907864255782
12.0,0.094,0.3107108408142232,1.8311570005112336e-05,4.032663017262649,0.9441179628616998
12.200000000000001,0.094,0.31048704852169046,1.818764587209491e-05,4.003849497986388,0.9453202595729948
12.4,0.094,0.31026502571671144,1.806290815138515e-05,3.9750426457121173,0.9464981534803617
12.600000000000001,0.094,0.3100447725252099,1.793738843491365e-05,3.9462422935191075,0.9476521128609428
12.8,0.094,0.30982629047862403,1.78111134514539e-05,3.9174482761229745,0.9487825975106186
13.0,0.094,0.3096095822610079,1.7684105920567614e-05,3.8886604295008875,0.9498900588995605
13.200000000000001,0.094,0.30939465150002593,1.755638521728694e-05,3.8598785905816113,0.9509749403222638
13.4,0.094,0.3091815025939744,1.7427967982530497e-05,3.831102596991149,0.95203767704314
13.600000000000001,0.094,0.3089701405693408,1.7298868542341136e-05,3.8023322868433462,0.953078696438424
13.8,0.094,0.30876057096309845,1.7169099346154625e-05,3.7735674985681174,0.9540984181349795
14.0,0.094,0.3085527997259263,1.703867123880721e-05,3.7448080707712497,0.9550972541464241
14.200000000000001,0.094,0.3083468331427008,1.690759378103056e-05,3.716053842119381,0.9560756090068516
14.4,0.094,0.30814267776697585,1.6775875430645484e-05,3.6873046512467167,0.9570338799023979
14.600000000000001,0.094,0.30794034036746604,1.664352376619726e-05,3.658560336678353,0.9579724568007782
14.8,0.094,0.30773982788370663,1.6510545621161624e-05,3.6298207367672783,0.9588917225789216
15.0,0.094,0.30754114738950333,1.6376947264260328e-05,3.6010856896423284,0.9597920531487685
15.200000000000001,0.094,0.3073443060623639,1.6242734481294633e-05,3.572355033163885,0.9606738175812966
15.4,0.094,0.30714931115771377,1.610791270791371e-05,3.543628604887113,0.9615373782287874
15.600000000000001,0.094,0.30695616998725117,1.5972487086845076e-05,3.5149062420300803,0.9623830908453723
15.8,0.094,0.30676488990040895,1.5836462540476605e-05,3.4861877814470943,0.9632113047058609
16.0,0.094,0.3065754782690032,1.5699843811440175e-05,3.457473059606734,0.9640223627228429
16.2,0.094,0.3063879424743926,1.5562635472784516e-05,3.428761912573963,0.9648166015620824
16.400000000000002,0.094,0.30620228989690806,1.5424841978048026e-05,3.400054175996464,0.9655943517561838
16.6,0.094,0.30601852790759543,1.5286467665336208e-05,3.371349685094446,0.9663559378165193
16.8,0.094,0.30583666386147507,1.5147516760245346e-05,3.3426482746532797,0.9671016783434219
17.0,0.094,0.3056567050923597,1.500799341001274e-05,3.3139497790185817,0.9678318861346057
17.2,0.094,0.30547865890867887,1.4867901686932925e-05,3.2852540320922494,0.9685468682918082
17.400000000000002,0.094,0.30530253258989026,1.4727245622374873e-05,3.256560867330219,0.9692469263256231
17.6,0.094,0.30512833338373363,1.458602920908954e-05,3.227870117740276,0.969932356258476
17.8,0.094,0.30495606850350065,1.4444256403912594e-05,3.199181615880462,0.9706034487257185
18.0,0.094,0.30478574512593126,1.4301931179215591e-05,3.1704951938582804,0.9712604890747782
18.2,0.094,0.3046173703892584,1.4159057481818695e-05,3.14181068332936,0.9719037574623057
18.400000000000002,0.094,0.30445095139133693,1.4015639267741789e-05,3.113127915497627,0.9725335289492678
18.6,0.094,0.3042864951882974,1.3871680514297e-05,3.084446721114849,0.9731500735938868
18.8,0.094,0.3041240087930556,1.3727185197951283e-05,3.0557669304812958,0.9737536565423822
19.0,0.094,0.30396349917412385,1.3582157322401056e-05,3.027088373446155,0.9743445381173954
19.200000000000003,0.094,0.30380497325442857,1.3436600907422769e-05,2.9984108794087065,0.9749229739040249
19.400000000000002,0.094,0.3036484379102302,1.329052000194961e-05,2.969734277319331,0.9754892148333714
19.6,0.094,0.3034938999699398,1.3143918684593555e-05,2.941058395681327,0.9760435072634931
19.8,0.094,0.3033413662131499,1.2996801060686004e-05,2.9123830625528067,0.9765860930576726
20.0,0.094,0.3031908433694505,1.2849171266122193e-05,2.8837081055490867,0.9771172096599078
20.200000000000003,0.094,0.3030423381172749,1.270103348465901e-05,2.8550333518458273,0.97763709016753
20.400000000000002,0.094,0.30289585708265954,1.2552391935851381e-05,2.826358628182493,0.9781459634008727
20.6,0.094,0.30275140683773005,1.2403250877226694e-05,2.7976837608668164,0.9786440539699318
20.8,0.094,0.302608993899112,1.2253614638916638e-05,2.7690085757800715,0.9791315823379652
21.0,0.094,0.3024686247259584,1.210348758487578e-05,2.7403328983834605,0.9796087648820004
21.200000000000003,0.094,0.3023303057176118,1.1952874166884628e-05,2.7116565537263138,0.9800758139502692
21.400000000000002,0.094,0.30219404321094046,1.1801778901673209e-05,2.6829793664558594,0.9805329379165753
21.6,0.094,0.3020598434769653,1.165020639821497e-05,2.6543011608298133,0.9809803412316732
21.8,0.094,0.3019277127170234,1.1498161377497881e-05,2.6256217607318444,0.9814182244717572
22.0,0.094,0.30179765705792955,1.1345648675728357e-05,2.596940989690745,0.9818467843841913
22.200000000000003,0.094,0.3016696825461219,1.119267329872252e-05,2.5682586709044806,0.9822662139306636
22.400000000000002,0.094,0.30154379514050883,1.1039240435698903e-05,2.539574627269399,0.9826767023279822
22.6,0.094,0.3014200007034305,1.0885355516988681e-05,2.510888681416597,0.9830784350867705
22.8,0.094,0.3012983049896616,1.0731024271500064e-05,2.4822006557562,0.9834715940483644
23.0,0.094,0.30117871363268844,1.0576252794617913e-05,2.4535103725314524,0.9838563574202327
23.200000000000003,0.094,0.30106123212781233,1.0421047633330656e-05,2.424817653885172,0.9842328998102994
23.400000000000002,0.094,0.3009458658115369,1.0265415892548464e-05,2.3961223219401298,0.984601392260542
23.6,0.094,0.3008326198363094,1.0109365351872243e-05,2.3674241988971034,0.9849620022802866
23.8,0.094,0.30072149914019375,9.952904612528745e-06,2.338723107153579,0.9853148938796135
24.0,0.094,0.30061250841035625,9.796043264509943e-06,2.3100188694467296,0.9856602276032975
24.200000000000003,0.094,0.3005056520395907,9.638792081712213e-06,2.281311309025629,0.9859981605657068
24.400000000000002,0.094,0.300400934074991,9.481163246650646e-06,2.252600249856617,0.9863288464870561
24.6,0.094,0.3002983581575292,9.323170614990745e-06,2.2238855168678353,0.986652435731406
24.8,0.094,0.30019792745191587,9.1648300031579e-06,2.1951669362380404,0.9869690753467425
25.0,0.094,0.3000996445652819,9.006159540714964e-06,2.1664443357354526,0.987278909107455
25.200000000000003,0.094,0.3000035114540594,8.847180032382023e-06,2.137717545113324,0.9875820775594684
25.400000000000002,0.094,0.2999095293180261,8.687915387218675e-06,2.1089863965672415,0.9878787180682248
25.6,0.094,0.2998176984806653,8.528393074075818e-06,2.0802507252610147,0.9881689648696707
25.8,0.094,0.2997280182557199,8.368644639806428e-06,2.0515103699258193,0.9884529491243126
26.0,0.094,0.2996404867991821,8.20870622803477e-06,2.022765173537312,0.9887307989743702
26.200000000000003,0.094,0.29955510094736937,8.048619159848949e-06,1.9940149840748393,0.9890026396039564
26.400000000000002,0.094,0.29947185604142557,7.888430525877875e-06,1.9652596553638553,0.9892685933021822
26.6,0.094,0.299390745739464,7.72819377371016e-06,1.936499048002808,0.98952877952899
26.8,0.094,0.2993117618183304,7.567969311742508e-06,1.907733030372092,0.9897833149834896
27.0,0.094,0.29923489396737274,7.407825079766441e-06,1.8789614797202296,0.9900323136745013
27.200000000000003,0.094,0.2991601295777209,7.247837055174974e-06,1.8501842833202238,0.9902758869929728
27.400000000000002,0.094,0.29908745353111316,7.088089731110878e-06,1.8214013396842668,0.9905141437858995
27.6,0.094,0.2990168479932585,6.92867646355037e-06,1.7926125598228517,0.9907471904313592
27.8,0.094,0.29894829221766944,6.769699699566875e-06,1.7638178685287995,0.9909751309142314
28.0,0.094,0.2988817623661453,6.611271082685623e-06,1.7350172056641935,0.9911980669021907
28.200000000000003,0.094,0.29881723135327365,6.45351135022948e-06,1.7062105274236183,0.991416097821542
28.400000000000002,0.094,0.2987546687221793,6.296550029138462e-06,1.6773978075433946,0.9916293209324828
28.6,0.094,0.29869404055927545,6.140524911423897e-06,1.6485790384244041,0.9918378314033923
28.8,0.094,0.2986353094555586,5.985581286118515e-06,1.6197542321324576,0.9920417223837733
29.0,0.094,0.2985784345214606,5.8318708908728955e-06,1.5909234212397254,0.99224108507549
29.200000000000003,0.094,0.2985233714619482,5.6795506074814e-06,1.5620866594704168,0.9924360088020023
29.400000000000002,0.094,0.2984700727168859,5.528780895202755e-06,1.5332440221137364,0.9926265810753017
29.6,0.094,0.2984184876707283,5.379723961883532e-06,1.5043956061718644,0.9928128876603276
29.8,0.094,0.29836856293353603,5.232541713316911e-06,1.4755415302119939,0.9929950126366593
30.0,0.094,0.29832024269348184,5.087393496873347e-06,1.4466819338994403,0.9931730384573356
30.200000000000003,0.094,0.2982734691383484,4.944433709627891e-06,1.4178169771935634,0.9933470460046889
30.400000000000002,0.094,0.29822818294175096,4.803809288348437e-06,1.3889468391988504,0.9935171146431231
30.6,0.094,0.2981843238063349,4.665657179371145e-06,1.360071716669554,0.993683322268802
30.8,0.094,0.29814183105537473,4.530101841678782e-06,1.3311918221807535,0.9938457453562538
31.0,0.094,0.2981006442596857,4.397252844280936e-06,1.302307381982544,0.9940044590019235
31.200000000000003,0.094,0.29806070388835476,4.267202664126791e-06,1.2734186335735718,0.9941595369647458
31.400000000000002,0.094,0.2980219519654749,4.140024717957739e-06,1.244525823025925,0.9943110517038212
31.6,0.094,0.29798433272102626,4.015771721762642e-06,1.2156292021220643,0.994459074413318
31.8,0.094,0.29794779321430814,3.894474436969853e-06,1.186729025342404,0.9946036750547306
32.0,0.094,0.2979122839218866,3.776140811285244e-06,1.1578255467889365,0.9947449223866373
32.2,0.094,0.29787775926440313,3.660755601647872e-06,1.1289190170741827,0.9948828839921305
32.4,0.094,0.29784417807477237,3.548280457405006e-06,1.100009680289466,0.995017626304076
32.6,0.094,0.2978115039743309,3.438654465508171e-06,1.071097771045356,0.9951492146283827
32.800000000000004,0.094,0.2977797056810887,3.3317951564730694e-06,1.0421835117438782,0.9952777131654573
33.0,0.094,0.2977487571975841,3.2275999296859873e-06,1.0132671099911228,0.9954031850300249
33.2,0.094,0.2977186379442183,3.1259478526667563e-06,0.9843487564038985,0.9955256922694803
33.4,0.094,0.2976893327394025,3.026701753205231e-06,0.9554286225449176,0.9956452958809501
33.6,0.094,0.2976608317751586,2.9297106080394434e-06,0.9265068594504997,0.9957620558272157
33.800000000000004,0.094,0.2976331303817405,2.8348120084359203e-06,0.8975835961280978,0.9958760310516647
34.0,0.094,0.2976062289026918,2.741834875880548e-06,0.8686589389622662,0.9959872794923939
34.2,0.094,0.29758013222812657,2.6506019741922357e-06,0.8397329706536625,0.9960958580956212
34.4,0.094,0.29755484968329093,2.560932696698445e-06,0.8108057506976075,0.9962018228284932
34.6,0.094,0.2975303942647161,2.4726452752613036e-06,0.7818773143930402,0.9963052286914442
34.800000000000004,0.094,0.29750678275755044,2.3855595292814933e-06,0.7529476747876132,0.9964061297301312
35.0,0.094,0.29748403447081556,2.29949833913862e-06,0.724016820929024,0.9965045790471266
35.2,0.094,0.297462172012272,2.214290506455432e-06,0.6950847222327772,0.9966006288133065
35.4,0.094,0.29744121899113196,2.129770879246859e-06,0.6661513242027977,0.9966943302791786
35.6,0.094,0.29742120236214065,2.045783973538335e-06,0.6372165575425244,0.9967857337859325
35.800000000000004,0.094,0.29740214781358815,1.962181606348363e-06,0.6082803274743417,0.9968748887766479
36.0,0.094,0.2973840857021638,1.8788289282256178e-06,0.5793425330803096,0.9969618438070984
36.2,0.094,0.2973670411373935,1.7955971096186456e-06,0.5504030415830184,0.9970466465570583
36.4,0.094,0.29735104807804885,1.7123756022682294e-06,0.5214617306468763,0.9971293438408186
36.6,0.094,0.29733612724325265,1.6290542858704476e-06,0.49251842809221724,0.9972099816188589
36.800000000000004,0.094,0.29732231877112725,1.5455506089435209e-06,0.4635730064037165,0.9972886050078195
37.0,0.094,0.2973096322640732,1.461768426710259e-06,0.43462524348970377,0.9973652582930086
37.2,0.094,0.2972981216913109,1.3776594994366382e-06,0.4056750362302252,0.9974399849371828
37.4,0.094,0.297287771841612,1.2931299950297614e-06,0.37672208128509665,0.9975128275948537
37.6,0.094,0.29727866930970553,1.2081802339283643e-06,0.3477663599053107,0.9975838281184425
37.800000000000004,0.094,0.2972707442239979,1.1226931739351474e-06,0.31880740922636863,0.9976530275764615
38.0,0.094,0.29726415945285134,1.0367512083316706e-06,0.2898454241790221,0.9977204662539348
38.2,0.094,0.29725872379328444,9.501585880420597e-07,0.26087959843655595,0.9977861836789672
38.400000000000006,0.094,0.2972547758155953,8.631574185893538e-07,0.23191062729851739,0.9978502186107234
38.6,0.094,0.29725185301242973,7.75351210285607e-07,0.20293693915258315,0.9979126090841788
38.800000000000004,0.094,0.2972506944408862,6.873186161545208e-07,0.1739603720703192,0.9979733923712065
39.0,0.094,0.29725022867163947,5.981905189181023e-07,0.14497763207689573,0.9980326050647297
39.2,0.094,0.29725210146694614,5.092893086999525e-07,0.11599314383651728,0.998090282979614
39.400000000000006,0.094,0.2972538748945118,4.190677763035813e-07,0.08699973166513209,0.9981464612852539
39.6,0.094,0.29725927976191313,3.3393799490239244e-07,0.058007658349702375,0.9982011742404281
39.800000000000004,0.094,0.2972629648714736,1.4904270561102358e-07,0.02900095906011028,0.9982544068969488
40.0,0.094,0.2972629648714736,0.0,0.0,0.9982544068969488
0.0,0.096,1.0,0.0,6.089886975907789,0.0
0.2,0.096,0.4220437426260375,-0.007457920009595935,6.089886975907789,0.6578353425382106
0.4,0.096,0.35560760696026267,-0.0010861165857634825,5.824234410628511,0.7679236471680512
0.6000000000000001,0.096,0.29080025297849355,-0.0003701750627728007,5.854857257892706,0.8101783087531644
0.8,0.096,0.2843576499885895,-0.00020706246949978076,5.741173879163294,0.8326643549751086
1.0,0.096,0.26164378367830043,-0.00012373929080244838,5.727353244099511,0.847834399482868
1.2000000000000002,0.096,0.2576352258708977,-8.63993682023602e-05,5.6619337360313695,0.8586545798861739
1.4000000000000001,0.096,0.2472037223172419,-5.838509513975875e-05,5.633222213814718,0.8670895502427262
1.6,0.096,0.2437985783106787,-4.241531957069032e-05,5.586519151206398,0.8738124199574422
1.8,0.096,0.23824745300728636,-2.9290402438298502e-05,5.553877217872411,0.8794170705389849
2.0,0.096,0.23553232973199387,-2.060373655285518e-05,5.515225745100323,0.884163350719552
2.2,0.096,0.23223374550417694,-1.3322550816198414e-05,5.482236045132174,0.8882913438016116
2.4000000000000004,0.096,0.2301705156883601,-8.023021645860523e-06,5.447446696090104,0.8919300470554492
2.6,0.096,0.22804519580844118,-3.5796665166247883e-06,5.41509910807349,0.8951951639639898
2.8000000000000003,0.096,0.2265093781985806,-1.5781680146623283e-07,5.382377786771637,0.898159065519576
3.0,0.096,0.22505885465188197,2.69981887032496e-06,5.350807971920506,0.9008841651911546
3.2,0.096,0.22391873852649277,4.971605506522249e-06,5.319304825580203,0.9034135953781106
3.4000000000000004,0.096,0.2228859588912935,6.8592003655129215e-06,5.288402710867151,0.9057834712301818
3.6,0.096,0.22203197466681585,8.383238132151231e-06,5.257669932487131,0.9080203252445563
3.8000000000000003,0.096,0.22127051360379527,9.643236027044518e-06,5.2272827274642095,0.9101459396219305
4.0,0.096,0.22061957928011983,1.066671704885373e-05,5.19706069897495,0.912176917148885
4.2,0.096,0.22003966480873785,1.1507840856647592e-05,5.167053631032896,0.9141267431969307
4.4,0.096,0.2195315107433756,1.2190902731763192e-05,5.137180649930982,0.9160059304224373
4.6000000000000005,0.096,0.2190753231547583,1.274787204488751e-05,5.107449185931674,0.9178229783179086
4.800000000000001,0.096,0.21866724998907613,1.3197547495712552e-05,5.0778196481657325,0.919584612512481
5.0,0.096,0.2182964280000691,1.3559963303208353e-05,5.048287026183712,0.9212962775442498
5.2,0.096,0.21795856083570292,1.384888710924622e-05,5.018830046261484,0.9229623388377645
5.4,0.096,0.2176471842160501,1.4076154371753467e-05,4.989441384751485,0.9245863643722569
5.6000000000000005,0.096,0.2173585406537112,1.4250611148049376e-05,4.960108561845464,0.926171264501556
5.800000000000001,0.096,0.21708842676097878,1.4381858588955375e-05,4.930825343974642,0.9277194298170011
6.0,0.096,0.2168340723117551,1.4477379990641773e-05,4.901584091023517,0.9292328341454523
6.2,0.096,0.21659278062029336,1.4543433320671054e-05,4.8723799709530216,0.9307131306129117
6.4,0.096,0.21636257974399936,1.4584981348883498e-05,4.843208027992288,0.9321617169564339
6.6000000000000005,0.096,0.216141683021385,1.4606201239161659e-05,4.81406470347187,0.933579791673889
6.800000000000001,0.096,0.2159287085792438,1.461047906090928e-05,4.784946673377474,0.9349683947349983
7.0,0.096,0.21572245367888196,1.4600649273417334e-05,4.755851374183523,0.9363284413044207
7.2,0.096,0.21552195909675675,1.457903412054906e-05,4.726776524587333,0.9376607469932454
7.4,0.096,0.2153264085567738,1.4547570584006519e-05,4.697720290962023,0.9389660483160482
7.6000000000000005,0.096,0.21513514027058786,1.4507855102698119e-05,4.668681079407486,0.940245018302404
7.800000000000001,0.096,0.21494759832095206,1.446121674126378e-05,4.639657575380747,0.9414982789734527
8.0,0.096,0.2147633281818344,1.4408754621859115e-05,4.61064864626393,0.9427264109648184
8.200000000000001,0.096,0.2145819510161516,1.4351382633477825e-05,4.5816533405789235,0.943929961151401
8.4,0.096,0.21440315588580638,1.4289857689084724e-05,4.552670838197155,0.9451094485627068
8.6,0.096,0.21422668499375208,1.4224808451438273e-05,4.523700439232751,0.9462653690453533
8.8,0.096,0.2140523265454774,1.4156755924930268e-05,4.4947415363106344,0.9473981988932596
9.0,0.096,0.2138799056967259,1.4086132593237932e-05,4.465793602944383,0.9485083977016512
9.200000000000001,0.096,0.21370927896500835,1.40132971434406e-05,4.436856176907184,0.94959641059614
9.4,0.096,0.2135403284093259,1.3938547378606474e-05,4.407928850726008,0.9506626699854144
9.600000000000001,0.096,0.21337295752512314,1.3862130445438053e-05,4.379011261161763,0.9517075969359533
9.8,0.096,0.21320708739262087,1.3784251603798423e-05,4.350103082109397,0.9527316022566422
10.0,0.096,0.21304265375722836,1.3705081223089628e-05,4.321204017725003,0.9537350873555624
10.200000000000001,0.096,0.21287960444208126,1.3624760758971463e-05,4.292313797349702,0.9547184449214985
10.4,0.096,0.21271789730798701,1.3543407649721437e-05,4.263432170934643,0.9556820594688806
10.600000000000001,0.096,0.21255749849994285,1.3461119435506746e-05,4.234558905486184,0.9566263077777114
10.8,0.096,0.212398381033127,1.3377977176252938e-05,4.205693781979875,0.957551559252165
11.0,0.096,0.21224052359684348,1.3294048315889862e-05,4.176836592892014,0.9584581762167339
11.200000000000001,0.096,0.2120839095777541,1.3209389036871357e-05,4.147987140099829,0.9593465141642438
11.4,0.096,0.21192852624095992,1.3124046217909721e-05,4.119145233176032,0.9602169219669663
11.600000000000001,0.096,0.2117743640573025,1.303805906595908e-05,4.090310687956144,0.9610697420593636
11.8,0.096,0.21162141614247623,1.2951460401788329e-05,4.061483325365654,0.96190531059913
12.0,0.096,0.21146967779490392,1.2864277797910391e-05,4.032662970442586,0.9627239576115704
12.200000000000001,0.096,0.2113191461117726,1.277653448565943e-05,4.003849451533463,0.9635260071212005
12.4,0.096,0.21116981967187595,1.268825010774227e-05,3.9750425996262924,0.9643117772735378
12.600000000000001,0.096,0.21102169827282405,1.259944132358901e-05,3.946242247800654,0.9650815804492892
12.8,0.096,0.21087478271355178,1.2510122365682801e-05,3.9174482307724117,0.9658357233726687
13.0,0.096,0.21072907461443066,1.2420305415477285e-05,3.8886603845189445,0.9665745072150881
13.200000000000001,0.096,0.2105845762686053,1.233000098442069e-05,3.8598785459691887,0.9672982276951666
13.4,0.096,0.21044129051888416,1.2239218190025932e-05,3.8311025527492832,0.9680071751757937
13.600000000000001,0.096,0.2102992206564162,1.2147964986709642e-05,3.802332242973185,0.9687016347587291
13.8,0.096,0.21015837033690493,1.205624837197922e-05,3.773567455070898,0.9693818863771485
14.0,0.096,0.21001874351173774,1.1964074519850759e-05,3.744808027648286,0.9700482048864024
14.200000000000001,0.096,0.20988034437141717,1.1871448964808739e-05,3.7160537993720424,0.9707008601531785
14.4,0.096,0.20974317729894262,1.1778376662795516e-05,3.6873046088764156,0.9713401171432304
14.600000000000001,0.096,0.20960724683180632,1.168486212100774e-05,3.6585602946865454,0.9719662360077591
14.8,0.096,0.20947255763050535,1.1590909472673516e-05,3.6298206951554493,0.9725794721685252
15.0,0.096,0.20933911445265294,1.1496522566460416e-05,3.6010856484119804,0.9731800764017461
15.200000000000001,0.096,0.2092069221313267,1.1401705002548402e-05,3.572354992316547,0.9737682949208096
15.4,0.096,0.20907598555680948,1.1306460225477888e-05,3.543628564424319,0.9743443694578184
15.600000000000001,0.096,0.2089463096612654,1.121079153904358e-05,3.51490620195338,0.9749085373439916
15.8,0.096,0.20881789940555193,1.1114702142902437e-05,3.4861877417580374,0.9754610315889201
16.0,0.096,0.20869075976829507,1.1018195156616013e-05,3.4574730203068778,0.9760020809586729
16.2,0.096,0.20856489573672157,1.0921273627000406e-05,3.4287618736648624,0.9765319100527639
16.400000000000002,0.096,0.2084403122990565,1.0823940540988411e-05,3.400054137479674,0.9770507393799683
16.6,0.096,0.20831701443863515,1.0726198827441685e-05,3.3713496469715203,0.9775587854329747
16.8,0.096,0.20819500712905195,1.0628051362657958e-05,3.342648236925765,0.9780562607618835
17.0,0.096,0.20807429533048438,1.0529500982886091e-05,3.313949741688021,0.9785433740465188
17.2,0.096,0.2079548839867353,1.0430550480458084e-05,3.285253995160178,0.9790203301675492
17.400000000000002,0.096,0.2078367780226833,1.0331202633207832e-05,3.256560830798166,0.9794873302764047
17.6,0.096,0.2077199823423893,1.0231460201604728e-05,3.2278700816097667,0.9799445718639443
17.8,0.096,0.20760450182714318,1.0131325933490619e-05,3.1991815801530072,0.9803922488278694
18.0,0.096,0.2074903413340175,1.0030802576076046e-05,3.170495158535391,0.9808305515388304
18.2,0.096,0.20737750569448843,9.929892889644862e-06,3.141810648412532,0.9812596669051922
18.400000000000002,0.096,0.20726599971309595,9.828599620546624e-06,3.1131278809883542,0.9816797784364267
18.6,0.096,0.20715582816652767,9.726925554885854e-06,3.0844466870146103,0.9820910663050509
18.8,0.096,0.20704699580254607,9.624873466766455e-06,3.0557668967915643,0.9824937074071011
19.0,0.096,0.20693950733916602,9.522446156666302e-06,3.027088340168394,0.9828878754210435
19.200000000000003,0.096,0.20683336746381417,9.41964644267708e-06,2.998410846544371,0.9832737408650841
19.400000000000002,0.096,0.20672858083257084,9.316477160310725e-06,2.9697342448698643,0.983651471152806
19.6,0.096,0.20662515206932153,9.212941170205535e-06,2.9410583636481653,0.9840212306470686
19.8,0.096,0.20652308576507608,9.109041354772141e-06,2.9123830309373715,0.9843831807120984
20.0,0.096,0.2064223864771068,9.00478061526867e-06,2.883708074352793,0.9847374797637216
20.200000000000003,0.096,0.20632305872812373,8.900161894832478e-06,2.855033321070079,0.9850842833176644
20.400000000000002,0.096,0.20622510700536936,8.79518816044876e-06,2.826358597828681,0.9854237440358782
20.6,0.096,0.20612853575951032,8.689862409044925e-06,2.7976837309363227,0.9857560117708477
20.8,0.096,0.20603334940347082,8.584187687901993e-06,2.769008546274263,0.986081233607847
21.0,0.096,0.20593955231096991,8.478167078465237e-06,2.740332869303697,0.98639955390513
21.200000000000003,0.096,0.20584714881476596,8.371803723570922e-06,2.7116565250739373,0.9867111143320615
21.400000000000002,0.096,0.2057561432046657,8.265100816696333e-06,2.6829793382322005,0.9870160539052062
21.6,0.096,0.20566653972497703,8.158061624087822e-06,2.6543011330361894,0.987314509022419
21.8,0.096,0.205578342571615,8.050689496208398e-06,2.625621733369554,0.987606613495015
22.0,0.096,0.20549155588844184,7.942987875120883e-06,2.5969409627610713,0.9878924985781029
22.200000000000003,0.096,0.2054061837628445,7.834960330635554e-06,2.568258644408694,0.9881722929992152
22.400000000000002,0.096,0.20532223022034782,7.726610581401393e-06,2.53957460120874,0.988446122985374
22.6,0.096,0.2052396992177934,7.617942525318257e-06,2.5108886557922916,0.9887141122887774
22.8,0.096,0.20515859463508201,7.50896029774206e-06,2.4822006305694435,0.988976382211307
23.0,0.096,0.20507892026486058,7.399668312997921e-06,2.4535103477834177,0.9892330516280728
23.200000000000003,0.096,0.2050006797998461,7.29007134218352e-06,2.4248176295769923,0.9894842370102587
23.400000000000002,0.096,0.20492387681738872,7.180174581665466e-06,2.3961222980729033,0.9897300524475088
23.6,0.096,0.20484851476055477,7.0699837553688885e-06,2.3674241754718848,0.9899706096701508
23.8,0.096,0.20477459691545932,6.959505217694998e-06,2.3387230841713684,0.9902060180715248
24.0,0.096,0.20470212638398919,6.848746091979613e-06,2.31001884690847,0.9904363847307036
24.200000000000003,0.096,0.20463110605137178,6.737714420241865e-06,2.2813112869321834,0.99066181443589
24.400000000000002,0.096,0.2045615385479378,6.6264193189584235e-06,2.252600228208771,0.9908824097087525
24.6,0.096,0.2044934262041683,6.514871202990951e-06,2.223885495666273,0.9910982708299589
24.8,0.096,0.20442677099861847,6.403081990877908e-06,2.195166915483326,0.9913094958661297
25.0,0.096,0.20436157449762524,6.291065379803001e-06,2.1664443154280115,0.9915161806984221
25.200000000000003,0.096,0.20429783778643168,6.178837109389311e-06,2.137717525253427,0.9917184190529071
25.400000000000002,0.096,0.20423556139098958,6.066415296051792e-06,2.1089863771549715,0.9919163025328723
25.6,0.096,0.20417474518986573,5.9538207698847114e-06,2.0802507062962396,0.9921099206531432
25.8,0.096,0.20411538831628173,5.841077456087813e-06,2.0515103514081603,0.9922993608764662
26.0,0.096,0.20405748904976984,5.7282127641849655e-06,2.0227651554661126,0.9924847086519615
26.200000000000003,0.096,0.204001044698049,5.615258022229538e-06,1.9940149664491211,0.9926660474555995
26.400000000000002,0.096,0.203946051469479,5.5022488888713884e-06,1.9652596381822829,0.9928434588326217
26.6,0.096,0.20389250433709102,5.389225802558083e-06,1.9364990312636428,0.9930170224417733
26.8,0.096,0.20384039689579753,5.27623439878101e-06,1.9077330140731485,0.9931868161011924
27.0,0.096,0.2037897212146407,5.1633259107197615e-06,1.8789614638588317,0.9933529158357515
27.200000000000003,0.096,0.20374046768680418,5.0505575323943574e-06,1.8501842678931546,0.9935153959256267
27.400000000000002,0.096,0.203692624880444,4.93799271544486e-06,1.8214013246877263,0.9936743289558448
27.6,0.096,0.20364617939413343,4.825701407714707e-06,1.792612545252418,0.9938297858665464
27.8,0.096,0.20360111572135514,4.713760163520311e-06,1.7638178543793788,0.9939818360036724
28.0,0.096,0.20355741612860703,4.602252164261206e-06,1.735017191929999,0.9941305471698055
28.200000000000003,0.096,0.20351506055257065,4.491267088824311e-06,1.7062105140981303,0.994275985674872
28.400000000000002,0.096,0.20347402652158475,4.3809008152893295e-06,1.6773977946193506,0.994418216386429
28.6,0.096,0.20343428910701947,4.271254964045771e-06,1.648579025893784,0.994557302779273
28.8,0.096,0.20339582090992298,4.162436252931064e-06,1.6197542199864896,0.9946933069841187
29.0,0.096,0.20335859208783164,4.054555648661228e-06,1.590923409468898,0.9948262898351123
29.200000000000003,0.096,0.2033225704263578,3.9477273234356405e-06,1.5620866480645155,0.9949563109159828
29.400000000000002,0.096,0.20328772145882837,3.842067439325423e-06,1.533244011061882,0.9950834286046345
29.6,0.096,0.20325400863650336,3.7376927240684874e-06,1.5043955954625763,0.9952077001160394
29.8,0.096,0.2032213935503208,3.6347189110351275e-06,1.475541519833269,0.9953291815432895
30.0,0.096,0.20318983620373446,3.5332590365278165e-06,1.4466819238388424,0.9954479278967205
30.200000000000003,0.096,0.20315929533419758,3.4334216507580144e-06,1.4178169674383303,0.995563993141028
30.400000000000002,0.096,0.20312972877961416,3.335308970824697e-06,1.3889468297360144,0.9956774302303311
30.6,0.096,0.20310109388343883,3.2390150365834284e-06,1.36007170748607,0.9957882911411715
30.8,0.096,0.20307334793170612,3.1446239070518697e-06,1.3311918132636387,0.9958966269034425
31.0,0.096,0.20304644861183085,3.05220797253769e-06,1.302307373319021,0.9960024876292807
31.200000000000003,0.096,0.20302035448457784,2.9618264153887186e-06,1.2734186251512147,0.9961059225399662
31.400000000000002,0.096,0.20299502545571055,2.873523883731081e-06,1.2445258148327996,0.9962069799908898
31.6,0.096,0.2029704232388798,2.787329422133615e-06,1.21562919414687,0.9963057074946672
31.8,0.096,0.20294651179359505,2.7032557009256175e-06,1.1867290175746017,0.9964021517424969
32.0,0.096,0.20292325773327347,2.621298557886425e-06,1.1578255392188677,0.9964963586238487
32.2,0.096,0.2029006306841348,2.541436898041707e-06,1.1289190096931692,0.9965883732446063
32.4,0.096,0.20287860359862578,2.4636329401085342e-06,1.1000096730898965,0.9966782399437669
32.6,0.096,0.20285715299780926,2.387832786937721e-06,1.0710977640207502,0.9967660023088221
32.800000000000004,0.096,0.2028362591638238,2.313967352743824e-06,1.042183504888933,0.9968517031899332
33.0,0.096,0.20281590624109277,2.241953549030322e-06,1.0132671033017302,0.9969353847130286
33.2,0.096,0.20279608230092416,2.1716957655897277e-06,0.9843487498771557,0.9970170882919265
33.4,0.096,0.20277677929018112,2.1030874976328985e-06,0.9554286161791007,0.9970968546396126
33.6,0.096,0.20275799298540684,2.0360132275808832e-06,0.9265068532450301,0.9971747237787636
33.800000000000004,0.096,0.20273972278487992,1.9703502380944153e-06,0.897583590083487,0.9972507350516375
34.0,0.096,0.20272197159989847,1.9059707299479146e-06,0.8686589330800437,0.9973249271294046
34.2,0.096,0.20270474547727352,1.842743522254704e-06,0.8397329649362995,0.9973973380210343
34.4,0.096,0.20268805351938135,1.7805363042769767e-06,0.8108057451484172,0.9974680050817786
34.6,0.096,0.2026719072813582,1.7192168547060188e-06,0.7818773090160932,0.9975369650213847
34.800000000000004,0.096,0.20265632089204397,1.6586555133876666e-06,0.7529476695876175,0.9976042539120065
35.0,0.096,0.20264131005630054,1.5987253815270183e-06,0.7240168159112493,0.9976699071960045
35.2,0.096,0.20262689272157366,1.539305502786855e-06,0.6950847174029131,0.9977339596934885
35.4,0.096,0.20261308724813912,1.4802790525496738e-06,0.6661513195669158,0.9977964456099218
35.6,0.096,0.20259991435865546,1.4215385659405618e-06,0.6372165531068926,0.997857398543408
35.800000000000004,0.096,0.2025873934283385,1.3629800139600455e-06,0.6082803232454755,0.9979168514922888
36.0,0.096,0.20257554735843958,1.304513245999007e-06,0.5793425290646815,0.9979748368621885
36.2,0.096,0.20256439455003697,1.2460472269790138e-06,0.5504030377873037,0.9980313864738173
36.4,0.096,0.20255396041765553,1.1875129519177423e-06,0.5214617270774041,0.9980865315696363
36.6,0.096,0.20254425945332447,1.1288290426835372e-06,0.4925184247556455,0.998140302822199
36.800000000000004,0.096,0.20253532184144893,1.0699536020851958e-06,0.4635730033058773,0.9981927303400334
37.0,0.096,0.20252715284200665,1.0108055615024907e-06,0.43462524063723157,0.998243843677166
37.2,0.096,0.202519793774887,9.513827510765223e-07,0.4056750336280011,0.9982936718372989
37.4,0.096,0.20251322965186783,8.91583075975028e-07,0.37672207894002213,0.9983422432858727
37.6,0.096,0.2025075283360551,8.314731320720166e-07,0.3477663578205559,0.9983895859505363
37.800000000000004,0.096,0.20250263041263425,7.708825914600366e-07,0.3188074074099835,0.998435727238655
38.0,0.096,0.20249866589096108,7.100137829543576e-07,0.2898454226309351,0.9984806940297725
38.2,0.096,0.20249547677210128,6.485234301410096e-07,0.26087959716811027,0.9985245127048257
38.400000000000006,0.096,0.2024933361680476,5.86902387671998e-07,0.23191062630307227,0.9985672091213783
38.6,0.096,0.2024918655560679,5.244009268344559e-07,0.2029369384496939,0.998608808667995
38.800000000000004,0.096,0.2024916640558167,4.621439972516645e-07,0.17396037163936542,0.9986493362025255
39.0,0.096,0.20249185803333547,3.9845253388029085e-07,0.14497763195674662,0.9986888161604714
39.2,0.096,0.2024937843924117,3.358658162235382e-07,0.1159931439762256,0.9987272724127673
39.400000000000006,0.096,0.20249545771586763,2.70820443625819e-07,0.08699973214978513,0.9987647284642931
39.6,0.096,0.20249991091295974,2.1137027116189277e-07,0.05800765901779814,0.9988012070986292
39.800000000000004,0.096,0.20250292234695397,9.451581037972823e-08,0.02900095964259259,0.9988366967467782
40.0,0.096,0.20250292234695397,0.0,0.0,0.9988366967467782
0.0,0.098,1.0,0.0,6.089991797800957,0.0
0.2,0.098,0.22748655458785255,-0.003938159244889862,6.089991797800957,0.820196795552447
0.4,0.098,0.18654734282773872,-0.00046246140610747746,5.824200337379999,0.8834785258363685
0.6000000000000001,0.098,0.14878071636106183,-0.00013963413341213553,5.854844213034817,0.9049486238454935
0.8,0.098,0.14688766121475288,-8.344000616344053e-05,5.7411683713571495,0.9162597889391917
1.0,0.098,0.13387881983002928,-4.475319446732472e-05,5.727348581036214,0.9238662669567274
1.2000000000000002,0.098,0.13232866038345306,-3.338466684290562e-05,5.661931092137341,0.9292910894430443
1.4000000000000001,0.098,0.1264655766116904,-2.0250539044717917e-05,5.633219798063092,0.9335147610430108
1.6,0.098,0.12487429383363187,-1.5200352767260306e-05,5.586517538415242,0.9368818332851714
1.8,0.098,0.12181570219383156,-9.26188814625634e-06,5.553875769290235,0.9396870634162591
2.0,0.098,0.1204580921697977,-6.301034922108829e-06,5.515224672466661,0.9420629218241658
2.2,0.098,0.11867049167258249,-3.1506350005266663e-06,5.482235102798499,0.9441285830958039
2.4000000000000004,0.098,0.11760984679113662,-1.2362830456371362e-06,5.4474459528404395,0.9459494425513529
2.6,0.098,0.11647178002590292,6.162712458164128e-07,5.415098463431113,0.9475830516271931
2.8000000000000003,0.098,0.1156726748027456,1.896976060600408e-06,5.382377258210632,0.9490659289601637
3.0,0.098,0.11490232781983363,3.0577467503178825e-06,5.350807515137293,0.9504291866391624
3.2,0.098,0.1143063307296296,3.9242120782873505e-06,5.319304441343383,0.9516945211048393
3.4000000000000004,0.098,0.11376113482386019,4.677183326646862e-06,5.288402377795676,0.9528799653666006
3.6,0.098,0.11331437661586005,5.262959573642489e-06,5.257669646810934,0.9539988396609169
3.8000000000000003,0.098,0.11291441028210256,5.7586342666058266e-06,5.227282477825845,0.9550620319834735
4.0,0.098,0.11257441414242715,6.151963515504704e-06,5.197060481155767,0.9560778675778415
4.2,0.098,0.11227124028874501,6.47847609042664e-06,5.167053438453393,0.9570530915121429
4.4,0.098,0.11200663578639251,6.739123216251604e-06,5.137180479075599,0.9579929714264398
4.6000000000000005,0.098,0.1117692800501339,6.951828841924264e-06,5.107449032730051,0.958901759999627
4.800000000000001,0.098,0.11155763405162533,7.120781311428601e-06,5.077819509968879,0.9597828257180935
5.0,0.098,0.1113656252567928,7.255888622273872e-06,5.04828690035843,0.960638893160299
5.2,0.098,0.11119116168574147,7.3613940544065514e-06,5.018829930891608,0.9614721480300723
5.4,0.098,0.11103069754392855,7.442703259588057e-06,4.989441278054786,0.962284375987245
5.6000000000000005,0.098,0.11088230175239742,7.5028449510290825e-06,4.960108462417357,0.9630770339203154
5.800000000000001,0.098,0.1107436972678645,7.545929554973277e-06,4.930825250592763,0.9638513180304411
6.0,0.098,0.11061344160717067,7.57474913274172e-06,4.901584002721613,0.9646082160846035
6.2,0.098,0.11049008778036402,7.591887945494472e-06,4.8723798869106485,0.9653485552086989
6.4,0.098,0.11037260008636512,7.5992436647804214e-06,4.843207947546274,0.9660730347622414
6.6000000000000005,0.098,0.1102600246095002,7.5985098727641326e-06,4.814064626064911,0.9667822543349708
6.800000000000001,0.098,0.11015163222288858,7.591001548016044e-06,4.784946598553973,0.9674767341947877
7.0,0.098,0.11004678257812861,7.577855709307381e-06,4.755851301563038,0.9681569321293909
7.2,0.098,0.10994496827778813,7.559981853083818e-06,4.7267764538570605,0.9688232561118598
7.4,0.098,0.10984575538333918,7.538152269489688e-06,4.697720221861808,0.9694760745266424
7.6000000000000005,0.098,0.10974879332225868,7.512995137609016e-06,4.668681011722873,0.9701157239932254
7.800000000000001,0.098,0.10965378678278151,7.485038651261341e-06,4.639657508933879,0.9707425156060125
8.0,0.098,0.10956049476771858,7.454716528402589e-06,4.61064858090808,0.9713567397541336
8.200000000000001,0.098,0.10946871608691465,7.422391381100842e-06,4.5816532761927,0.9719586699357743
8.4,0.098,0.10937828576476837,7.388362412132221e-06,4.552670774680444,0.972548565719847
8.6,0.098,0.10928906688274695,7.35287885914688e-06,4.523700376502926,0.9731266750786546
8.8,0.098,0.1092009469968397,7.316146880557494e-06,4.494741474299653,0.9736932362049376
9.0,0.098,0.10911383321256238,7.278337891193436e-06,4.465793541596244,0.9742484789397381
9.200000000000001,0.098,0.10902764929816018,7.239593952672608e-06,4.436856116175901,0.9747926258878813
9.4,0.098,0.10894233255118382,7.20003314093108e-06,4.407928790573872,0.9753258932947931
9.600000000000001,0.098,0.10885783165030792,7.1597534648470645e-06,4.379011201557932,0.9758484917342843
9.8,0.098,0.10877410459469576,7.118836410358945e-06,4.350103023028715,0.9763606266510808
10.0,0.098,0.10869111716617492,7.0773496185249895e-06,4.321203959147016,0.9768624987893937
10.200000000000001,0.098,0.10860884155006775,7.035349318195964e-06,4.292313739257853,0.9773543045337424
10.4,0.098,0.10852725525720781,6.992882212426982e-06,4.2634321133155995,0.9778362361814753
10.600000000000001,0.098,0.10844634019147377,6.949987138589047e-06,4.234558848329276,0.978308482162731
10.8,0.098,0.10836608190150766,6.906696396837133e-06,4.205693725276646,0.9787712272197265
11.0,0.098,0.1082864689455497,6.86303691080985e-06,4.1768365366358315,0.9792246525547996
11.200000000000001,0.098,0.10820749237408442,6.81903115241396e-06,4.147987084285569,0.9796689359543831
11.4,0.098,0.10812914529521116,6.774697913745895e-06,4.119145177799823,0.9801042518945227
11.600000000000001,0.098,0.10805142251813872,6.730052972388888e-06,4.090310633015138,0.9805307716322096
11.8,0.098,0.10797432025556093,6.6851095690485715e-06,4.061483270857858,0.980948663285868
12.0,0.098,0.10789783587867352,6.639878884793874e-06,4.032662916366706,0.9813580919075092
12.200000000000001,0.098,0.10782196771348808,6.594370388612126e-06,4.003849397888787,0.9817592195485011
12.4,0.098,0.10774671487263997,6.548592132334737e-06,3.9750425464125776,0.9821522053204402
12.600000000000001,0.098,0.10767207711602479,6.502550990831527e-06,3.9462421950180544,0.9825372054522212
12.8,0.098,0.10759805473543324,6.4562528882157415e-06,3.917448178421401,0.9829143733441771
13.0,0.098,0.10752464845911848,6.409702937030054e-06,3.888660332600257,0.9832838596199126
13.200000000000001,0.098,0.10745185937294988,6.362905598131994e-06,3.8598784944837754,0.9836458121762935
13.4,0.098,0.10737968885505884,6.315864774210071e-06,3.8311025016982714,0.9840003762319716
13.600000000000001,0.098,0.10730813852208596,6.2685839089896725e-06,3.802332192357842,0.9843476943746784
13.8,0.098,0.107237210184703,6.221066074788845e-06,3.773567404892607,0.9846879066074912
14.0,0.098,0.10716690581104607,6.173314002769235e-06,3.7448079779085273,0.9850211503942139
14.200000000000001,0.098,0.10709722749670417,6.125330183532482e-06,3.716053750072369,0.9853475607039534
14.4,0.098,0.10702817743996249,6.077116860840567e-06,3.6873045600184438,0.9856672700549884
14.600000000000001,0.098,0.10695975792168774,6.028676115059044e-06,3.6585602462719367,0.9859804085579588
14.8,0.098,0.10689197128864429,5.980009867591044e-06,3.629820647185904,0.9862871039584274
15.0,0.098,0.10682481993982752,5.931119926937891e-06,3.6010856008892302,0.9865874816788305
15.200000000000001,0.098,0.10675830631504273,5.882008016878859e-06,3.5723549452423473,0.9868816648598409
15.4,0.098,0.10669243288526364,5.832675790140076e-06,3.543628517800442,0.9871697744011448
15.600000000000001,0.098,0.10662720214456442,5.7831248615947374e-06,3.5149061557816115,0.9874519290016501
15.8,0.098,0.10656261660311636,5.733356794450825e-06,3.4861876960401714,0.9877282451991197
16.0,0.098,0.10649867878140658,5.683373143499889e-06,3.4574729750447104,0.9879988374092317
16.2,0.098,0.10643539120533378,5.63317542140886e-06,3.4287618288601953,0.9882638179640696
16.400000000000002,0.098,0.10637275640214096,5.582765129911967e-06,3.4000540931343055,0.9885232971500372
16.6,0.098,0.10631077689725842,5.53214374393526e-06,3.371349603087249,0.9887773832451914
16.8,0.098,0.10624945521170204,5.48131271700666e-06,3.3426481935043815,0.9890261825559958
17.0,0.098,0.10618879386012409,5.4302734921574316e-06,3.31394969873131,0.9892697994534823
17.2,0.098,0.10612879534923886,5.379027486179123e-06,3.285253952669922,0.989508336408815
17.400000000000002,0.098,0.1060694621764809,5.327576117674488e-06,3.2565607887761363,0.9897418940282516
17.6,0.098,0.1060107968290322,5.275920799754439e-06,3.2278700400577294,0.9899705710874774
17.8,0.098,0.1059528017827759,5.2240629310109445e-06,3.1991815390727196,0.9901944645653127
18.0,0.098,0.10589547950157055,5.172003930390204e-06,3.1704951179285974,0.9904136696767624
18.2,0.098,0.10583883243651053,5.11974520821179e-06,3.1418106082809727,0.9906282799053939
18.400000000000002,0.098,0.10578286302521803,5.067288176516014e-06,3.1131278413337586,0.9908383870350275
18.6,0.098,0.10572757369138024,5.014634268415029e-06,3.0844466478386963,0.9910440811806929
18.8,0.098,0.10567296684416423,4.96178491072448e-06,3.0557668580960393,0.9912454508188552
19.0,0.098,0.10561904487780263,4.90874154741941e-06,3.027088301954957,0.9914425828168516
19.200000000000003,0.098,0.10556581017113388,4.855505628942789e-06,2.998410808814707,0.9916355624615276
19.400000000000002,0.098,0.10551326508721709,4.802078615936459e-06,2.96973420762565,0.9918244734870301
19.6,0.098,0.10546141197286701,4.74846198859366e-06,2.9410583268910635,0.99200939810173
19.8,0.098,0.10541025315829626,4.694657226205286e-06,2.9123829946690343,0.992190417014236
20.0,0.098,0.10535979095665048,4.6406658321554196e-06,2.8837080385748615,0.9923676094584726
20.200000000000003,0.098,0.10531002766355355,4.586489323977207e-06,2.8550332857841783,0.9925410532177937
20.400000000000002,0.098,0.10526096555662567,4.5321292360851784e-06,2.8263585630364263,0.9927108246480988
20.6,0.098,0.10521260689485534,4.477587113324607e-06,2.797683696639316,0.9928769986999417
20.8,0.098,0.10516495391797313,4.422864534640535e-06,2.7690085124740915,0.9930396489396085
21.0,0.098,0.10511800884562082,4.3679630943163055e-06,2.7403328360019352,0.99319884756916
21.200000000000003,0.098,0.10507177387637114,4.312884420842598e-06,2.7116564922721422,0.9933546654454442
21.400000000000002,0.098,0.10502625118659871,4.257630167088356e-06,2.6829793059319136,0.9935071720980855
21.6,0.098,0.10498144292903785,4.202202030262122e-06,2.6543011012389375,0.9936564357464748
21.8,0.098,0.10493735123113417,4.1466017506698566e-06,2.6256217020768418,0.9938025233158019
22.0,0.098,0.1048939781929609,4.090831113526508e-06,2.596940931974388,0.99394550045217
22.200000000000003,0.098,0.10485132588470802,4.034891992131217e-06,2.568258614129501,0.994085431536862
22.400000000000002,0.098,0.10480939634361605,3.9787863152186196e-06,2.5395745714384796,0.9942223796998306
22.6,0.098,0.10476819157011488,3.9225161303311424e-06,2.5108886265323775,0.9943564068325029
22.8,0.098,0.10472771352314984,3.866083602944472e-06,2.4822006018212592,0.9944875736000036
23.0,0.098,0.1046879641143554,3.809491061943606e-06,2.45351031954831,0.994615939452904
23.200000000000003,0.098,0.10464894520090205,3.752741018668484e-06,2.4248176018562675,0.9947415626386309
23.400000000000002,0.098,0.10461065857680604,3.695836222522293e-06,2.396122270867822,0.9948645002126555
23.6,0.098,0.10457310596228442,3.638779714430021e-06,2.3674241487836527,0.9949848080496128
23.8,0.098,0.10453628899101554,3.581574876262717e-06,2.3387230580011256,0.9951025408544828
24.0,0.098,0.10450020919483402,3.5242255086598398e-06,2.310018821257281,0.9952177521739819
24.200000000000003,0.098,0.10446486798555421,3.4667359108324477e-06,2.281311261801023,0.9953304944083015
24.400000000000002,0.098,0.10443026663357646,3.4091109766251104e-06,2.2526002035985093,0.9954408188233295
24.6,0.098,0.10439640624276647,3.3513563016209903e-06,2.223885471577651,0.9955487755634815
24.8,0.098,0.10436328772142313,3.293478292369009e-06,2.195166891916946,0.9956544136652515
25.0,0.098,0.104330911748721,3.2354843313570144e-06,2.1664442923843006,0.9957577810715886
25.200000000000003,0.098,0.10429927873646913,3.1773829099366728e-06,2.1377175027326145,0.9958589246471778
25.400000000000002,0.098,0.10426838878579982,3.119183803535782e-06,2.108986355157056,0.9959578901946915
25.6,0.098,0.10423824163849883,3.0608982540942384e-06,2.0802506848209545,0.9960547224720546
25.8,0.098,0.10420883662307551,3.0025391838753484e-06,2.0515103304549323,0.9961494652107469
26.0,0.098,0.10418017259527328,2.9441213896581754e-06,2.022765135034022,0.9962421611351391
26.200000000000003,0.098,0.10415224787348348,2.8856617800331592e-06,1.9940149465368517,0.9963328519828445
26.400000000000002,0.098,0.10412506016927477,2.8271795945677832e-06,1.9652596187880755,0.99642157852604
26.6,0.098,0.10409860651367132,2.7686966332867565e-06,1.9364990123852404,0.9965083805936903
26.8,0.098,0.10407288318014904,2.7102374789019932e-06,1.9077329957077453,0.996593297094596
27.0,0.098,0.10404788560542953,2.651829707741439e-06,1.8789614460030126,0.9966763660411619
27.200000000000003,0.098,0.10402360830964816,2.593504059903917e-06,1.8501842505428445,0.9967576245737728
27.400000000000002,0.098,0.10400004481765644,2.5352946040366867e-06,1.8214013078381348,0.9968371089856486
27.6,0.098,0.1039771875835855,2.4772388483545825e-06,1.7926125288979844,0.9969148547480483
27.8,0.098,0.10395502792116937,2.4193777686695426e-06,1.7638178385137335,0.9969908965356785
28.0,0.098,0.1039335559423531,2.3617558266368456e-06,1.7350171765459184,0.9970652682521651
28.200000000000003,0.098,0.10391276050718433,2.3044208591433094e-06,1.7062104991875062,0.9971380030554485
28.400000000000002,0.098,0.10389262918784768,2.2474239187777884e-06,1.6773977801731712,0.9972091333829586
28.6,0.098,0.10387314824982884,2.1908189897394454e-06,1.6485790119021266,0.9972786909764413
28.8,0.098,0.10385430265309381,2.1346626374142804e-06,1.6197542064385257,0.9973467069063112
29.0,0.098,0.10383607607577952,2.0790135228698804e-06,1.590923396352919,0.9974132115954091
29.200000000000003,0.098,0.10381845096278694,2.0239318319947315e-06,1.562086635367973,0.997478234842074
29.400000000000002,0.098,0.10380140860080611,1.9694786020685026e-06,1.5332439987714472,0.9975418058424241
29.6,0.098,0.10378492922091923,1.915714950105317e-06,1.5043955835642213,0.9976039532117834
29.8,0.098,0.10376899212898572,1.8627012266718788e-06,1.4755415083123615,0.9976647050051787
30.0,0.098,0.10375357586325874,1.8104960957463986e-06,1.4466819126802672,0.9977240887368697
30.200000000000003,0.098,0.1037386583775396,1.759155584951348e-06,1.41781695662662,0.9977821313988693
30.400000000000002,0.098,0.10372421724753257,1.7087320980303035e-06,1.388946819255501,0.9978388594784325
30.6,0.098,0.10371022989659319,1.6592734453828153e-06,1.360071697321044,0.9978942989745121
30.8,0.098,0.10369667383693154,1.610821901602798e-06,1.3311918033985228,0.9979484754131748
31.0,0.098,0.10368352692039999,1.5634133274288328e-06,1.3023073637385443,0.9980014138619968
31.200000000000003,0.098,0.10367076759406678,1.5170763893032506e-06,1.273418615840588,0.9980531389434649
31.400000000000002,0.098,0.10365837515294953,1.471831878388914e-06,1.2445258057778947,0.9981036748474073
31.6,0.098,0.10364632998545009,1.4276922015562994e-06,1.2156291853343826,0.9981530453424993
31.8,0.098,0.103634613802477,1.3846610155920853e-06,1.1867290089922045,0.9982012737868912
32.0,0.098,0.10362320984801186,1.342733030910352e-06,1.1578255308553522,0.9982483831380023
32.2,0.098,0.10361210308040948,1.3018940212413663e-06,1.128919001538563,0.9982943959615431
32.4,0.098,0.10360128032743943,1.2621210079675567e-06,1.10000966513556,0.9983393344398178
32.6,0.098,0.10359073040055351,1.223382619052192e-06,1.0710977562594484,0.9983832203793697
32.800000000000004,0.098,0.10358044418179464,1.1856396316793522e-06,1.042183497314882,0.9984260752180264
33.0,0.098,0.10357041465921624,1.1488456474736613e-06,1.0132670959106185,0.9984679200314086
33.2,0.098,0.1035606369441906,1.1129479314395081e-06,0.9843487426661335,0.9985087755389543
33.4,0.098,0.10355110822338938,1.07788829002063e-06,0.9554286091467548,0.9985486621095254
33.6,0.098,0.10354182771867193,1.0436041188689073e-06,0.9265068463913243,0.9985875997666372
33.800000000000004,0.098,0.10353279655429942,1.0100293540328249e-06,0.8975835834096938,0.9986256081933795
34.0,0.098,0.10352401768860395,9.770956392420868e-07,0.8686589265886461,0.9986627067370565
34.2,0.098,0.10351549568854379,9.44733176108657e-07,0.8397329586308941,0.9986989144136136
34.4,0.098,0.10350723668765549,9.12871984991542e-07,0.8108057390335858,0.9987342499118598
34.6,0.098,0.10349924803318249,8.814424164501819e-07,0.7818773030973005,0.9987687315975655
34.800000000000004,0.098,0.10349153837237791,8.503766176314163e-07,0.7529476638710516,0.9988023775174024
35.0,0.098,0.10348411706806762,8.196083373732603e-07,0.7240168104037453,0.9988352054028462
35.2,0.098,0.10347699461878755,7.890749912614635e-07,0.6950847121117505,0.9988672326739304
35.4,0.098,0.10347018157702134,7.587160376528649e-07,0.6661513144998175,0.9988984764430666
35.6,0.098,0.10346368974507304,7.284766616072067e-07,0.6372165482717304,0.9989289535186592
35.800000000000004,0.098,0.1034575299622265,6.98303158153415e-07,0.6082803186504386,0.9989586804089491
36.0,0.098,0.10345171506283093,6.681506031493456e-07,0.5793425247177658,0.9989876733254781
36.2,0.098,0.10344625506257167,6.379717068592951e-07,0.5504030336968517,0.9990159481870874
36.4,0.098,0.10344116411589285,6.077338895763736e-07,0.5214617232510822,0.9990435206231195
36.6,0.098,0.10343644973030819,5.773935153555409e-07,0.4925184212018073,0.9990704059777983
36.800000000000004,0.098,0.10343212881899129,5.469346769757094e-07,0.463573000031347,0.9990966193128805
37.0,0.098,0.10342820324925109,5.163103809568719e-07,0.4346252376505164,0.9991221754128614
37.2,0.098,0.103424696595742,4.855309182171393e-07,0.4056750309343346,0.9991470887864329
37.4,0.098,0.10342159851332675,4.545301259997399e-07,0.37672207654874845,0.9991713736734598
37.6,0.098,0.10341894857398218,4.233664693386847e-07,0.3477663557339281,0.99919504404385
37.800000000000004,0.098,0.1034167097096887,3.919195349608024e-07,0.31880740563998405,0.9992181136083288
38.0,0.098,0.10341495897396469,3.6034644693230814e-07,0.2898454211739112,0.9992405958117327
38.2,0.098,0.10341360000298726,3.2839442642767287e-07,0.2608795960429147,0.9992625038519333
38.400000000000006,0.098,0.1034127961115836,2.9643411931483974e-07,0.23191062549368804,0.9992838506611637
38.6,0.098,0.10341231824803372,2.639057302387352e-07,0.20293693799147042,0.9993046489424121
38.800000000000004,0.098,0.10341252613521956,2.3165288582943843e-07,0.17396037148946844,0.9993249111251444
39.0,0.098,0.1034128927377604,1.9841732255699796e-07,0.14497763218867823,0.9993446494390832
39.2,0.098,0.10341422209186774,1.66099751493095e-07,0.1159931444881089,0.999363875814546
39.400000000000006,0.098,0.10341531769340934,1.3195456814433967e-07,0.0869997331070905,0.9993826020230466
39.6,0.098,0.10341800395132827,1.01360031464033e-07,0.05800766020710655,0.9994008394341002
39.800000000000004,0.098,0.10341980584106797,4.5430448659042377e-08,0.029000960233580224,0.9994185816728807
40.0,0.098,0.10341980584106797,0.0,0.0,0.9994185816728807
0.0,0.1,0.0,0.0,6.089991797800957,1.0
0.2,0.1,0.0,0.0,6.089991797800957,1.0
0.4,0.1,0.0,0.0,5.824200337379999,1.0
0.6000000000000001,0.1,0.0,0.0,5.854844213034817,1.0
0.8,0.1,0.0,0.0,5.7411683713571495,1.0
1.0,0.1,0.0,0.0,5.727348581036214,1.0
1.2000000000000002,0.1,0.0,0.0,5.661931092137341,1.0
1.4000000000000001,0.1,0.0,0.0,5.633219798063092,1.0
1.6,0.1,0.0,0.0,5.586517538415242,1.0
1.8,0.1,0.0,0.0,5.553875769290235,1.0
2.0,0.1,0.0,0.0,5.515224672466661,1.0
2.2,0.1,0.0,0.0,5.482235102798499,1.0
2.4000000000000004,0.1,0.0,0.0,5.4474459528404395,1.0
2.6,0.1,0.0,0.0,5.415098463431113,1.0
2.8000000000000003,0.1,0.0,0.0,5.382377258210632,1.0
3.0,0.1,0.0,0.0,5.350807515137293,1.0
3.2,0.1,0.0,0.0,5.319304441343383,1.0
3.4000000000000004,0.1,0.0,0.0,5.288402377795676,1.0
3.6,0.1,0.0,0.0,5.257669646810934,1.0
3.8000000000000003,0.1,0.0,0.0,5.227282477825845,1.0
4.0,0.1,0.0,0.0,5.197060481155767,1.0
4.2,0.1,0.0,0.0,5.167053438453393,1.0
4.4,0.1,0.0,0.0,5.137180479075599,1.0
4.6000000000000005,0.1,0.0,0.0,5.107449032730051,1.0
4.800000000000001,0.1,0.0,0.0,5.077819509968879,1.0
5.0,0.1,0.0,0.0,5.04828690035843,1.0
5.2,0.1,0.0,0.0,5.018829930891608,1.0
5.4,0.1,0.0,0.0,4.989441278054786,1.0
5.6000000000000005,0.1,0.0,0.0,4.960108462417357,1.0
5.800000000000001,0.1,0.0,0.0,4.930825250592763,1.0
6.0,0.1,0.0,0.0,4.901584002721613,1.0
6.2,0.1,0.0,0.0,4.8723798869106485,1.0
6.4,0.1,0.0,0.0,4.843207947546274,1.0
6.6000000000000005,0.1,0.0,0.0,4.814064626064911,1.0
6.800000000000001,0.1,0.0,0.0,4.784946598553973,1.0
7.0,0.1,0.0,0.0,4.755851301563038,1.0
7.2,0.1,0.0,0.0,4.7267764538570605,1.0
7.4,0.1,0.0,0.0,4.697720221861808,1.0
7.6000000000000005,0.1,0.0,0.0,4.668681011722873,1.0
7.800000000000001,0.1,0.0,0.0,4.639657508933879,1.0
8.0,0.1,0.0,0.0,4.61064858090808,1.0
8.200000000000001,0.1,0.0,0.0,4.5816532761927,1.0
8.4,0.1,0.0,0.0,4.552670774680444,1.0
8.6,0.1,0.0,0.0,4.523700376502926,1.0
8.8,0.1,0.0,0.0,4.494741474299653,1.0
9.0,0.1,0.0,0.0,4.465793541596244,1.0
9.200000000000001,0.1,0.0,0.0,4.436856116175901,1.0
9.4,0.1,0.0,0.0,4.407928790573872,1.0
9.600000000000001,0.1,0.0,0.0,4.379011201557932,1.0
9.8,0.1,0.0,0.0,4.350103023028715,1.0
10.0,0.1,0.0,0.0,4.321203959147016,1.0
10.200000000000001,0.1,0.0,0.0,4.292313739257853,1.0
10.4,0.1,0.0,0.0,4.2634321133155995,1.0
10.600000000000001,0.1,0.0,0.0,4.234558848329276,1.0
10.8,0.1,0.0,0.0,4.205693725276646,1.0
11.0,0.1,0.0,0.0,4.1768365366358315,1.0
11.200000000000001,0.1,0.0,0.0,4.147987084285569,1.0
11.4,0.1,0.0,0.0,4.119145177799823,1.0
11.600000000000001,0.1,0.0,0.0,4.090310633015138,1.0
11.8,0.1,0.0,0.0,4.061483270857858,1.0
12.0,0.1,0.0,0.0,4.032662916366706,1.0
12.200000000000001,0.1,0.0,0.0,4.003849397888787,1.0
12.4,0.1,0.0,0.0,3.9750425464125776,1.0
12.600000000000001,0.1,0.0,0.0,3.9462421950180544,1.0
12.8,0.1,0.0,0.0,3.917448178421401,1.0
13.0,0.1,0.0,0.0,3.888660332600257,1.0
13.200000000000001,0.1,0.0,0.0,3.8598784944837754,1.0
13.4,0.1,0.0,0.0,3.8311025016982714,1.0
13.600000000000001,0.1,0.0,0.0,3.802332192357842,1.0
13.8,0.1,0.0,0.0,3.773567404892607,1.0
14.0,0.1,0.0,0.0,3.7448079779085273,1.0
14.200000000000001,0.1,0.0,0.0,3.716053750072369,1.0
14.4,0.1,0.0,0.0,3.6873045600184438,1.0
14.600000000000001,0.1,0.0,0.0,3.6585602462719367,1.0
14.8,0.1,0.0,0.0,3.629820647185904,1.0
15.0,0.1,0.0,0.0,3.6010856008892302,1.0
15.200000000000001,0.1,0.0,0.0,3.5723549452423473,1.0
15.4,0.1,0.0,0.0,3.543628517800442,1.0
15.600000000000001,0.1,0.0,0.0,3.5149061557816115,1.0
15.8,0.1,0.0,0.0,3.4861876960401714,1.0
16.0,0.1,0.0,0.0,3.4574729750447104,1.0
16.2,0.1,0.0,0.0,3.4287618288601953,1.0
16.400000000000002,0.1,0.0,0.0,3.4000540931343055,1.0
16.6,0.1,0.0,0.0,3.371349603087249,1.0
16.8,0.1,0.0,0.0,3.3426481935043815,1.0
17.0,0.1,0.0,0.0,3.31394969873131,1.0
17.2,0.1,0.0,0.0,3.285253952669922,1.0
17.400000000000002,0.1,0.0,0.0,3.2565607887761363,1.0
17.6,0.1,0.0,0.0,3.2278700400577294,1.0
17.8,0.1,0.0,0.0,3.1991815390727196,1.0
18.0,0.1,0.0,0.0,3.1704951179285974,1.0
18.2,0.1,0.0,0.0,3.1418106082809727,1.0
18.400000000000002,0.1,0.0,0.0,3.1131278413337586,1.0
18.6,0.1,0.0,0.0,3.0844466478386963,1.0
18.8,0.1,0.0,0.0,3.0557668580960393,1.0
19.0,0.1,0.0,0.0,3.027088301954957,1.0
19.200000000000003,0.1,0.0,0.0,2.998410808814707,1.0
19.400000000000002,0.1,0.0,0.0,2.96973420762565,1.0
19.6,0.1,0.0,0.0,2.9410583268910635,1.0
19.8,0.1,0.0,0.0,2.9123829946690343,1.0
20.0,0.1,0.0,0.0,2.8837080385748615,1.0
20.200000000000003,0.1,0.0,0.0,2.8550332857841783,1.0
20.400000000000002,0.1,0.0,0.0,2.8263585630364263,1.0
20.6,0.1,0.0,0.0,2.797683696639316,1.0
20.8,0.1,0.0,0.0,2.7690085124740915,1.0
21.0,0.1,0.0,0.0,2.7403328360019352,1.0
21.200000000000003,0.1,0.0,0.0,2.7116564922721422,1.0
21.400000000000002,0.1,0.0,0.0,2.6829793059319136,1.0
21.6,0.1,0.0,0.0,2.6543011012389375,1.0
21.8,0.1,0.0,0.0,2.6256217020768418,1.0
22.0,0.1,0.0,0.0,2.596940931974388,1.0
22.200000000000003,0.1,0.0,0.0,2.568258614129501,1.0
22.400000000000002,0.1,0.0,0.0,2.5395745714384796,1.0
22.6,0.1,0.0,0.0,2.5108886265323775,1.0
22.8,0.1,0.0,0.0,2.4822006018212592,1.0
23.0,0.1,0.0,0.0,2.45351031954831,1.0
23.200000000000003,0.1,0.0,0.0,2.4248176018562675,1.0
23.400000000000002,0.1,0.0,0.0,2.396122270867822,1.0
23.6,0.1,0.0,0.0,2.3674241487836527,1.0
23.8,0.1,0.0,0.0,2.3387230580011256,1.0
24.0,0.1,0.0,0.0,2.310018821257281,1.0
24.200000000000003,0.1,0.0,0.0,2.281311261801023,1.0
24.400000000000002,0.1,0.0,0.0,2.2526002035985093,1.0
24.6,0.1,0.0,0.0,2.223885471577651,1.0
24.8,0.1,0.0,0.0,2.195166891916946,1.0
25.0,0.1,0.0,0.0,2.1664442923843006,1.0
25.200000000000003,0.1,0.0,0.0,2.1377175027326145,1.0
25.400000000000002,0.1,0.0,0.0,2.108986355157056,1.0
25.6,0.1,0.0,0.0,2.0802506848209545,1.0
25.8,0.1,0.0,0.0,2.0515103304549323,1.0
26.0,0.1,0.0,0.0,2.022765135034022,1.0
26.200000000000003,0.1,0.0,0.0,1.9940149465368517,1.0
26.400000000000002,0.1,0.0,0.0,1.9652596187880755,1.0
26.6,0.1,0.0,0.0,1.9364990123852404,1.0
26.8,0.1,0.0,0.0,1.9077329957077453,1.0
27.0,0.1,0.0,0.0,1.8789614460030126,1.0
27.200000000000003,0.1,0.0,0.0,1.8501842505428445,1.0
27.400000000000002,0.1,0.0,0.0,1.8214013078381348,1.0
27.6,0.1,0.0,0.0,1.7926125288979844,1.0
27.8,0.1,0.0,0.0,1.7638178385137335,1.0
28.0,0.1,0.0,0.0,1.7350171765459184,1.0
28.200000000000003,0.1,0.0,0.0,1.7062104991875062,1.0
28.400000000000002,0.1,0.0,0.0,1.6773977801731712,1.0
28.6,0.1,0.0,0.0,1.6485790119021266,1.0
28.8,0.1,0.0,0.0,1.6197542064385257,1.0
29.0,0.1,0.0,0.0,1.590923396352919,1.0
29.200000000000003,0.1,0.0,0.0,1.562086635367973,1.0
29.400000000000002,0.1,0.0,0.0,1.5332439987714472,1.0
29.6,0.1,0.0,0.0,1.5043955835642213,1.0
29.8,0.1,0.0,0.0,1.4755415083123615,1.0
30.0,0.1,0.0,0.0,1.4466819126802672,1.0
30.200000000000003,0.1,0.0,0.0,1.41781695662662,1.0
30.400000000000002,0.1,0.0,0.0,1.388946819255501,1.0
30.6,0.1,0.0,0.0,1.360071697321044,1.0
30.8,0.1,0.0,0.0,1.3311918033985228,1.0
31.0,0.1,0.0,0.0,1.3023073637385443,1.0
31.200000000000003,0.1,0.0,0.0,1.273418615840588,1.0
31.400000000000002,0.1,0.0,0.0,1.2445258057778947,1.0
31.6,0.1,0.0,0.0,1.2156291853343826,1.0
31.8,0.1,0.0,0.0,1.1867290089922045,1.0
32.0,0.1,0.0,0.0,1.1578255308553522,1.0
32.2,0.1,0.0,0.0,1.128919001538563,1.0
32.4,0.1,0.0,0.0,1.10000966513556,1.0
32.6,0.1,0.0,0.0,1.0710977562594484,1.0
32.800000000000004,0.1,0.0,0.0,1.042183497314882,1.0
33.0,0.1,0.0,0.0,1.0132670959106185,1.0
33.2,0.1,0.0,0.0,0.9843487426661335,1.0
33.4,0.1,0.0,0.0,0.9554286091467548,1.0
33.6,0.1,0.0,0.0,0.9265068463913243,1.0
33.800000000000004,0.1,0.0,0.0,0.8975835834096938,1.0
34.0,0.1,0.0,0.0,0.8686589265886461,1.0
34.2,0.1,0.0,0.0,0.8397329586308941,1.0
34.4,0.1,0.0,0.0,0.8108057390335858,1.0
34.6,0.1,0.0,0.0,0.7818773030973005,1.0
34.800000000000004,0.1,0.0,0.0,0.7529476638710516,1.0
35.0,0.1,0.0,0.0,0.7240168104037453,1.0
35.2,0.1,0.0,0.0,0.6950847121117505,1.0
35.4,0.1,0.0,0.0,0.6661513144998175,1.0
35.6,0.1,0.0,0.0,0.6372165482717304,1.0
35.800000000000004,0.1,0.0,0.0,0.6082803186504386,1.0
36.0,0.1,0.0,0.0,0.5793425247177658,1.0
36.2,0.1,0.0,0.0,0.5504030336968517,1.0
36.4,0.1,0.0,0.0,0.5214617232510822,1.0
36.6,0.1,0.0,0.0,0.4925184212018073,1.0
36.800000000000004,0.1,0.0,0.0,0.463573000031347,1.0
37.0,0.1,0.0,0.0,0.4346252376505164,1.0
37.2,0.1,0.0,0.0,0.4056750309343346,1.0
37.4,0.1,0.0,0.0,0.37672207654874845,1.0
37.6,0.1,0.0,0.0,0.3477663557339281,1.0
37.800000000000004,0.1,0.0,0.0,0.31880740563998405,1.0
38.0,0.1,0.0,0.0,0.2898454211739112,1.0
38.2,0.1,0.0,0.0,0.2608795960429147,1.0
38.400000000000006,0.1,0.0,0.0,0.23191062549368804,1.0
38.6,0.1,0.0,0.0,0.20293693799147042,1.0
38.800000000000004,0.1,0.0,0.0,0.17396037148946844,1.0
39.0,0.1,0.0,0.0,0.14497763218867823,1.0
39.2,0.1,0.0,0.0,0.1159931444881089,1.0
39.400000000000006,0.1,0.0,0.0,0.0869997331070905,1.0
39.6,0.1,0.0,0.0,0.05800766020710655,1.0
39.800000000000004,0.1,0.0,0.0,0.029000960233580224,1.0
40.0,0.1,0.0,0.0,0.0,1.0
