x,y,u,v,p,T
0.0,0.0,0.0,0.0,0.7092612681710098,1.0
0.125,0.0,0.0,0.0,0.7092612681710098,1.0
0.25,0.0,0.0,0.0,0.566641862138771,1.0
0.375,0.0,0.0,0.0,0.5602800503493,1.0
0.5,0.0,0.0,0.0,0.5330142496901821,1.0
0.625,0.0,0.0,0.0,0.5290435971898276,1.0
0.75,0.0,0.0,0.0,0.5180851531002701,1.0
0.875,0.0,0.0,0.0,0.5125086505996861,1.0
1.0,0.0,0.0,0.0,0.5049222917318683,1.0
1.125,0.0,0.0,0.0,0.4989336841502871,1.0
1.25,0.0,0.0,0.0,0.4924970672519069,1.0
1.375,0.0,0.0,0.0,0.48667224764868877,1.0
1.5,0.0,0.0,0.0,0.4808491823033936,1.0
1.625,0.0,0.0,0.0,0.4753367734113772,1.0
1.75,0.0,0.0,0.0,0.46994026240190895,1.0
1.875,0.0,0.0,0.0,0.46474484171777275,1.0
2.0,0.0,0.0,0.0,0.45968183348603664,1.0
2.125,0.0,0.0,0.0,0.4547699930242531,1.0
2.25,0.0,0.0,0.0,0.44998095890004275,1.0
2.375,0.0,0.0,0.0,0.4453145135005683,1.0
2.5,0.0,0.0,0.0,0.44075624987224316,1.0
2.625,0.0,0.0,0.0,0.4363012586290531,1.0
2.75,0.0,0.0,0.0,0.43194061860250493,1.0
2.875,0.0,0.0,0.0,0.4276688867158986,1.0
3.0,0.0,0.0,0.0,0.4234797139200617,1.0
3.125,0.0,0.0,0.0,0.41936820679621495,1.0
3.25,0.0,0.0,0.0,0.4153294700488606,1.0
3.375,0.0,0.0,0.0,0.41135933712989964,1.0
3.5,0.0,0.0,0.0,0.40745386568204056,1.0
3.625,0.0,0.0,0.0,0.40360955035510054,1.0
3.75,0.0,0.0,0.0,0.399823135221101,1.0
3.875,0.0,0.0,0.0,0.3960916645883693,1.0
4.0,0.0,0.0,0.0,0.3924124045404012,1.0
4.125,0.0,0.0,0.0,0.3887828453379056,1.0
4.25,0.0,0.0,0.0,0.3852006628272612,1.0
4.375,0.0,0.0,0.0,0.3816637082558874,1.0
4.5,0.0,0.0,0.0,0.3781699857608235,1.0
4.625,0.0,0.0,0.0,0.37471764048019923,1.0
4.75,0.0,0.0,0.0,0.3713049435171516,1.0
4.875,0.0,0.0,0.0,0.3679302813144754,1.0
5.0,0.0,0.0,0.0,0.36459214470316925,1.0
5.125,0.0,0.0,0.0,0.3612891200749364,1.0
5.25,0.0,0.0,0.0,0.35801988099936755,1.0
5.375,0.0,0.0,0.0,0.3547831810452815,1.0
5.5,0.0,0.0,0.0,0.3515778471776818,1.0
5.625,0.0,0.0,0.0,0.3484027739371465,1.0
5.75,0.0,0.0,0.0,0.3452569181436124,1.0
5.875,0.0,0.0,0.0,0.3421392941568732,1.0
6.0,0.0,0.0,0.0,0.3390489695724978,1.0
6.125,0.0,0.0,0.0,0.3359850613354641,1.0
6.25,0.0,0.0,0.0,0.3329467322048441,1.0
6.375,0.0,0.0,0.0,0.3299331875416181,1.0
6.5,0.0,0.0,0.0,0.32694367237759686,1.0
6.625,0.0,0.0,0.0,0.32397746873913325,1.0
6.75,0.0,0.0,0.0,0.3210338931964787,1.0
6.875,0.0,0.0,0.0,0.31811229461684754,1.0
7.0,0.0,0.0,0.0,0.3152120520997967,1.0
7.125,0.0,0.0,0.0,0.31233257307735574,1.0
7.25,0.0,0.0,0.0,0.3094732915626702,1.0
7.375,0.0,0.0,0.0,0.30663366653327656,1.0
7.5,0.0,0.0,0.0,0.30381318043643046,1.0
7.625,0.0,0.0,0.0,0.3010113378054999,1.0
7.75,0.0,0.0,0.0,0.29822766397753286,1.0
7.875,0.0,0.0,0.0,0.29546170390323917,1.0
8.0,0.0,0.0,0.0,0.29271302104151337,1.0
8.125,0.0,0.0,0.0,0.2899811963314449,1.0
8.25,0.0,0.0,0.0,0.2872658272354571,1.0
8.375,0.0,0.0,0.0,0.2845665268478331,1.0
8.5,0.0,0.0,0.0,0.2818829230634435,1.0
8.625,0.0,0.0,0.0,0.27921465780193094,1.0
8.75,0.0,0.0,0.0,0.2765613862830715,1.0
8.875,0.0,0.0,0.0,0.27392277634937945,1.0
9.0,0.0,0.0,0.0,0.27129850783235154,1.0
9.125,0.0,0.0,0.0,0.2686882719590737,1.0
9.25,0.0,0.0,0.0,0.26609177079615826,1.0
9.375,0.0,0.0,0.0,0.2635087167282255,1.0
9.5,0.0,0.0,0.0,0.2609388319683826,1.0
9.625,0.0,0.0,0.0,0.2583818480983442,1.0
9.75,0.0,0.0,0.0,0.25583750563601787,1.0
9.875,0.0,0.0,0.0,0.2533055536285699,1.0
10.0,0.0,0.0,0.0,0.25078574926912994,1.0
10.125,0.0,0.0,0.0,0.24827785753544104,1.0
10.25,0.0,0.0,0.0,0.24578165084891432,1.0
10.375,0.0,0.0,0.0,0.24329690875264137,1.0
10.5,0.0,0.0,0.0,0.24082341760706927,1.0
10.625,0.0,0.0,0.0,0.2383609703021239,1.0
10.75,0.0,0.0,0.0,0.23590936598467555,1.0
10.875,0.0,0.0,0.0,0.23346840980033715,1.0
11.0,0.0,0.0,0.0,0.2310379126486565,1.0
11.125,0.0,0.0,0.0,0.228617690950847,1.0
11.25,0.0,0.0,0.0,0.22620756642926884,1.0
11.375,0.0,0.0,0.0,0.22380736589793612,1.0
11.5,0.0,0.0,0.0,0.22141692106337743,1.0
11.625,0.0,0.0,0.0,0.2190360683352304,1.0
11.75,0.0,0.0,0.0,0.2166646486460034,1.0
11.875,0.0,0.0,0.0,0.21430250727946623,1.0
12.0,0.0,0.0,0.0,0.2119494937071757,1.0
12.125,0.0,0.0,0.0,0.20960546143268263,1.0
12.25,0.0,0.0,0.0,0.2072702678429806,1.0
12.375,0.0,0.0,0.0,0.20494377406679667,1.0
12.5,0.0,0.0,0.0,0.20262584483935134,1.0
12.625,0.0,0.0,0.0,0.2003163483732198,1.0
12.75,0.0,0.0,0.0,0.1980151562349736,1.0
12.875,0.0,0.0,0.0,0.195722143227281,1.0
13.0,0.0,0.0,0.0,0.19343718727616857,1.0
13.125,0.0,0.0,0.0,0.19116016932316424,1.0
13.25,0.0,0.0,0.0,0.18889097322206497,1.0
13.375,0.0,0.0,0.0,0.1866294856400677,1.0
13.5,0.0,0.0,0.0,0.18437559596304126,1.0
13.625,0.0,0.0,0.0,0.18212919620471485,1.0
13.75,0.0,0.0,0.0,0.1798901809195702,1.0
13.875,0.0,0.0,0.0,0.17765844711925693,1.0
14.0,0.0,0.0,0.0,0.17543389419233268,1.0
14.125,0.0,0.0,0.0,0.17321642382717037,1.0
14.25,0.0,0.0,0.0,0.17100593993787144,1.0
14.375,0.0,0.0,0.0,0.16880234859302776,1.0
14.5,0.0,0.0,0.0,0.16660555794720777,1.0
14.625,0.0,0.0,0.0,0.16441547817502514,1.0
14.75,0.0,0.0,0.0,0.1622320214076845,1.0
14.875,0.0,0.0,0.0,0.1600551016718795,1.0
15.0,0.0,0.0,0.0,0.15788463483094564,1.0
15.125,0.0,0.0,0.0,0.1557205385281757,1.0
15.25,0.0,0.0,0.0,0.1535627321322013,1.0
15.375,0.0,0.0,0.0,0.15141113668436382,1.0
15.5,0.0,0.0,0.0,0.14926567484798847,1.0
15.625,0.0,0.0,0.0,0.14712627085949523,1.0
15.75,0.0,0.0,0.0,0.1449928504812753,1.0
15.875,0.0,0.0,0.0,0.14286534095626613,1.0
16.0,0.0,0.0,0.0,0.14074367096416354,1.0
16.125,0.0,0.0,0.0,0.13862777057921463,1.0
16.25,0.0,0.0,0.0,0.13651757122953018,1.0
16.375,0.0,0.0,0.0,0.13441300565786624,1.0
16.5,0.0,0.0,0.0,0.13231400788381656,1.0
16.625,0.0,0.0,0.0,0.13022051316737124,1.0
16.75,0.0,0.0,0.0,0.12813245797378886,1.0
16.875,0.0,0.0,0.0,0.12604977993972694,1.0
17.0,0.0,0.0,0.0,0.12397241784060001,1.0
17.125,0.0,0.0,0.0,0.12190031155909957,1.0
17.25,0.0,0.0,0.0,0.11983340205484085,1.0
17.375,0.0,0.0,0.0,0.11777163133509792,1.0
17.5,0.0,0.0,0.0,0.11571494242656624,1.0
17.625,0.0,0.0,0.0,0.11366327934812269,1.0
17.75,0.0,0.0,0.0,0.11161658708454615,1.0
17.875,0.0,0.0,0.0,0.10957481156114224,1.0
18.0,0.0,0.0,0.0,0.10753789961924885,1.0
18.125,0.0,0.0,0.0,0.10550579899257222,1.0
18.25,0.0,0.0,0.0,0.10347845828433008,1.0
18.375,0.0,0.0,0.0,0.10145582694514477,1.0
18.5,0.0,0.0,0.0,0.0994378552516923,1.0
18.625,0.0,0.0,0.0,0.09742449428600526,1.0
18.75,0.0,0.0,0.0,0.09541569591551115,1.0
18.875,0.0,0.0,0.0,0.09341141277359799,1.0
19.0,0.0,0.0,0.0,0.0914115982409607,1.0
19.125,0.0,0.0,0.0,0.08941620642725584,1.0
19.25,0.0,0.0,0.0,0.08742519215374803,1.0
19.375,0.0,0.0,0.0,0.08543851093580032,1.0
19.5,0.0,0.0,0.0,0.08345611896696019,1.0
19.625,0.0,0.0,0.0,0.08147797310182363,1.0
19.75,0.0,0.0,0.0,0.07950403084207838,1.0
19.875,0.0,0.0,0.0,0.07753425031871314,1.0
20.0,0.0,0.0,0.0,0.07556859028144314,1.0
20.125,0.0,0.0,0.0,0.07360701007783334,1.0
20.25,0.0,0.0,0.0,0.07164946964978128,1.0
20.375,0.0,0.0,0.0,0.06969592950358765,1.0
20.5,0.0,0.0,0.0,0.0677463507227918,1.0
20.625,0.0,0.0,0.0,0.06580069491435794,1.0
20.75,0.0,0.0,0.0,0.0638589242611827,1.0
20.875,0.0,0.0,0.0,0.06192100140742526,1.0
21.0,0.0,0.0,0.0,0.05998688960901786,1.0
21.125,0.0,0.0,0.0,0.058056552465844034,1.0
21.25,0.0,0.0,0.0,0.0561299543160357,1.0
21.375,0.0,0.0,0.0,0.054207059584513835,1.0
21.5,0.0,0.0,0.0,0.05228783378522793,1.0
21.625,0.0,0.0,0.0,0.050372241910501624,1.0
21.75,0.0,0.0,0.0,0.04846025095064481,1.0
21.875,0.0,0.0,0.0,0.04655182588688029,1.0
22.0,0.0,0.0,0.0,0.04464693599931465,1.0
22.125,0.0,0.0,0.0,0.04274554487447153,1.0
22.25,0.0,0.0,0.0,0.040847626173117664,1.0
22.375,0.0,0.0,0.0,0.03895313868770601,1.0
22.5,0.0,0.0,0.0,0.03706206574073153,1.0
22.625,0.0,0.0,0.0,0.03517435288120729,1.0
22.75,0.0,0.0,0.0,0.03329000636594779,1.0
22.875,0.0,0.0,0.0,0.03140893735620056,1.0
23.0,0.0,0.0,0.0,0.029531208450380965,1.0
23.125,0.0,0.0,0.0,0.02765664309752794,1.0
23.25,0.0,0.0,0.0,0.025785445001006428,1.0
23.375,0.0,0.0,0.0,0.023917213511758514,1.0
23.5,0.0,0.0,0.0,0.022052512621066767,1.0
23.625,0.0,0.0,0.0,0.02019035872558939,1.0
23.75,0.0,0.0,0.0,0.01833226557355748,1.0
23.875,0.0,0.0,0.0,0.016475669313076764,1.0
24.0,0.0,0.0,0.0,0.014624738396770294,1.0
24.125,0.0,0.0,0.0,0.012772287468689554,1.0
24.25,0.0,0.0,0.0,0.010930656433603095,1.0
24.375,0.0,0.0,0.0,0.00907753535821803,1.0
24.5,0.0,0.0,0.0,0.007253671347164728,1.0
24.625,0.0,0.0,0.0,0.005381315264314575,1.0
24.75,0.0,0.0,0.0,0.003608170702132038,1.0
24.875,0.0,0.0,0.0,0.0016516175016081523,1.0
25.0,0.0,0.0,0.0,0.0,1.0
0.0,0.02,1.0,0.0,0.7092612681710098,0.0
0.125,0.02,0.6548147000827619,0.041999871932826685,0.7092612681710098,0.4043741010232286
0.25,0.02,0.5279240949030897,0.021719771222202155,0.566641862138771,0.5850432336777954
0.375,0.02,0.41882791204873787,0.01163259041744851,0.5602800503493,0.6753815700956581
0.5,0.02,0.3689024873993804,0.005660375615230257,0.5330142496901821,0.7205713878425152
0.625,0.02,0.32970159567346424,0.0034230955146919225,0.5290435971898276,0.7488303357510878
0.75,0.02,0.3072137749232471,0.0021408561555595054,0.5180851531002701,0.7680401312301239
0.875,0.02,0.2886288949778956,0.0015984767429018908,0.5125086505996861,0.7828140005346336
1.0,0.02,0.27558002139378296,0.0012177630219974305,0.5049222917318683,0.7945176109660581
1.125,0.02,0.26439937029701027,0.0010099052585282877,0.4989336841502871,0.8042550813291033
1.25,0.02,0.2554934103675903,0.000844239122920685,0.4924970672519069,0.8124757388055543
1.375,0.02,0.2476861839863073,0.0007333662370080829,0.48667224764868877,0.8195872350628818
1.5,0.02,0.24102436924392942,0.000641208700439278,0.4808491823033936,0.8258067859095712
1.625,0.02,0.23508237487842576,0.000571362563774219,0.4753367734113772,0.8313241039752505
1.75,0.02,0.2298205696754344,0.0005121661509784037,0.46994026240190895,0.8362600450885742
1.875,0.02,0.22506174707536544,0.00046396307055283985,0.46474484171777275,0.8407165964533537
2.0,0.02,0.22075679245469493,0.00042248398421539633,0.45968183348603664,0.8447668688899544
2.125,0.02,0.21681936309485175,0.0003872910478197522,0.4547699930242531,0.848471813481156
2.25,0.02,0.21320853456090222,0.00035659848880427594,0.44998095890004275,0.8518785138928983
2.375,0.02,0.20987550862546223,0.00032990462298702493,0.4453145135005683,0.8550263024575604
2.5,0.02,0.20678921851434262,0.00030634528693694656,0.44075624987224316,0.8579470116819463
2.625,0.02,0.20391870597059839,0.0002855159883917136,0.4363012586290531,0.8606674716127629
2.75,0.02,0.20124088937068915,0.00026693811367010467,0.43194061860250493,0.863210059024787
2.875,0.02,0.19873451200714812,0.00025031397248101005,0.4276688867158986,0.8655938507134447
3.0,0.02,0.1963823611464787,0.00023534924045702163,0.4234797139200617,0.8678350905059717
3.125,0.02,0.1941690623872345,0.00022183013922645546,0.41936820679621495,0.8699477892135571
3.25,0.02,0.19208160859214868,0.00020956204307473862,0.4153294700488606,0.8719440622279013
3.375,0.02,0.1901084794733191,0.00019839132703569826,0.41135933712989964,0.8738344743610678
3.5,0.02,0.18823968462105745,0.0001881828215513488,0.40745386568204056,0.8756282731678857
3.625,0.02,0.18646636594170576,0.0001788248839161443,0.40360955035510054,0.8773336026593705
3.75,0.02,0.18478072240772037,0.00017022034536859088,0.399823135221101,0.8789576635683115
3.875,0.02,0.18317580380682458,0.00016228682261209068,0.3960916645883693,0.8805068531909012
4.0,0.02,0.18164542317887214,0.00015495262965168626,0.3924124045404012,0.8819868764936921
4.125,0.02,0.18018403542788233,0.00014815597458609896,0.3887828453379056,0.8834028413018808
4.25,0.02,0.17878666345357636,0.00014184285861029418,0.3852006628272612,0.8847593365172447
4.375,0.02,0.17744881956872507,0.00013596619129373395,0.3816637082558874,0.8860604988805731
4.5,0.02,0.1761664482915899,0.0001304845769499541,0.3781699857608235,0.8873100689975449
4.625,0.02,0.17493587210918565,0.00012536158991903666,0.37471764048019923,0.8885114393021062
4.75,0.02,0.17375374824467435,0.00012056500809026737,0.3713049435171516,0.8896676948930285
4.875,0.02,0.17261702963280404,0.00011606626614451238,0.3679302813144754,0.8907816486986203
5.0,0.02,0.17152293232196753,0.00011183994088550607,0.36459214470316925,0.8918558717477769
5.125,0.02,0.17046890659741287,0.00010786334870005662,0.3612891200749364,0.8928927194166377
5.25,0.02,0.16945261223985356,0.000104116185595965,0.35801988099936755,0.8938943542290281
5.375,0.02,0.1684718967192017,0.00010058023166183762,0.3547831810452815,0.8948627657658003
5.5,0.02,0.16752477622889303,9.723909218477993e-05,0.3515778471776818,0.8957997880971682
5.625,0.02,0.1666094189537224,9.407797934897494e-05,0.3484027739371465,0.8967071151086492
5.75,0.02,0.16572413037208414,9.108352221056777e-05,0.3452569181436124,0.8975863140144386
5.875,0.02,0.16486734024370786,8.82436039009967e-05,0.3421392941568732,0.8984388373131927
6.0,0.02,0.1640375910947937,8.55472198787407e-05,0.3390489695724978,0.899266033395249
6.125,0.02,0.16323352797865165,8.29843552161478e-05,0.3359850613354641,0.9000691559806097
6.25,0.02,0.16245388935993138,8.054587741541251e-05,0.3329467322048441,0.9008493725376856
6.375,0.02,0.16169749897126703,7.822344289555995e-05,0.3299331875416181,0.9016077718112749
6.5,0.02,0.16096325852569393,7.600941496002635e-05,0.32694367237759686,0.9023453705687579
6.625,0.02,0.1602501411772536,7.389679177215962e-05,0.32397746873913325,0.9030631196581869
6.75,0.02,0.15955718564160215,7.187914287335451e-05,0.3210338931964787,0.903761909458653
6.875,0.02,0.15888349089790307,6.995055313611461e-05,0.31811229461684754,0.904442574792482
7.0,0.02,0.15822821140541946,6.810557312864667e-05,0.3152120520997967,0.9051058993595529
7.125,0.02,0.15759055277610867,6.633917506984621e-05,0.31233257307735574,0.9057526197463275
7.25,0.02,0.1569697678526883,6.4646713642263e-05,0.3094732915626702,0.9063834290556145
7.375,0.02,0.15636515314777524,6.302389105498542e-05,0.30663366653327656,0.9069989801975393
7.5,0.02,0.15577604560545413,6.146672582322189e-05,0.30381318043643046,0.9075998888774274
7.625,0.02,0.1552018196512804,5.997152481186062e-05,0.3010113378054999,0.9081867363122236
7.75,0.02,0.15464188450090346,5.8534858150056473e-05,0.29822766397753286,0.9087600717035351
7.875,0.02,0.15409568170099383,5.7153536679028e-05,0.29546170390323917,0.9093204144922945
8.0,0.02,0.15356268287925215,5.582459163826889e-05,0.29271302104151337,0.9098682564173485
8.125,0.02,0.1530423876829221,5.454525633690918e-05,0.2899811963314449,0.9104040633978739
8.25,0.02,0.15253432188754854,5.331294958778167e-05,0.2872658272354571,0.9109282772574171
8.375,0.02,0.15203803565973045,5.212526071097377e-05,0.2845665268478331,0.9114413173054501
8.5,0.02,0.15155310195938368,5.097993593841639e-05,0.2818829230634435,0.9119435817906433
8.625,0.02,0.1510791150685687,4.987486607059067e-05,0.27921465780193094,0.912435449238547
8.75,0.02,0.15061568923528804,4.88080752558663e-05,0.2765613862830715,0.9129172796849656
8.875,0.02,0.15016245742185827,4.7777710777620016e-05,0.27392277634937945,0.9133894158151223
9.0,0.02,0.14971907014850747,4.678203374743301e-05,0.27129850783235154,0.9138521840175617
9.125,0.02,0.149285194423787,4.581941061473667e-05,0.2686882719590737,0.9143058953607663
9.25,0.02,0.14886051275421108,4.488830541320657e-05,0.26609177079615826,0.9147508464995546
9.375,0.02,0.14844472222627833,4.398727267313722e-05,0.2635087167282255,0.9151873205175447
9.5,0.02,0.14803753365468528,4.311495093489092e-05,0.2609388319683826,0.9156155877112453
9.625,0.02,0.14763867079113194,4.2270056808558834e-05,0.2583818480983442,0.9160359063207284
9.75,0.02,0.14724786958864788,4.145137952675175e-05,0.25583750563601787,0.9164485232112661
9.875,0.02,0.1468648775168435,4.065777594664483e-05,0.2533055536285699,0.9168536745098449
10.0,0.02,0.146489452923915,3.98881659577177e-05,0.25078574926912994,0.9172515862000494
10.125,0.02,0.14612136444162238,3.914152825990547e-05,0.24827785753544104,0.9176424746784341
10.25,0.02,0.1457603904298004,3.8416896476520994e-05,0.24578165084891432,0.9180265472751965
10.375,0.02,0.14540631845728447,3.771335557358611e-05,0.24329690875264137,0.9184040027416868
10.5,0.02,0.14505894481640996,3.703003855575705e-05,0.24082341760706927,0.9187750317070623
10.625,0.02,0.14471807406850382,3.636612341585158e-05,0.2383609703021239,0.919139817106191
10.75,0.02,0.1443835186180198,3.5720830313472685e-05,0.23590936598467555,0.9194985345807378
10.875,0.02,0.14405509831317367,3.5093418965032736e-05,0.23346840980033715,0.9198513528552186
11.0,0.02,0.14373264007112632,3.4483186223520445e-05,0.2310379126486565,0.9201984340896855
11.125,0.02,0.1434159775259366,3.3889463833917916e-05,0.228617690950847,0.9205399342105745
11.25,0.02,0.14310495069765106,3.331161634785102e-05,0.22620756642926884,0.9208760032211806
11.375,0.02,0.1427994056810466,3.274903918492264e-05,0.22380736589793612,0.9212067854930949
11.5,0.02,0.1424991943526562,3.2201156827445404e-05,0.22141692106337743,0.921532420039892
11.625,0.02,0.14220417409483202,3.1667421138340645e-05,0.2190360683352304,0.9218530407742584
11.75,0.02,0.14191420753568962,3.114730979224426e-05,0.2166646486460034,0.9221687767496883
11.875,0.02,0.14162916230388087,3.0640324810125104e-05,0.21430250727946623,0.9224797523878062
12.0,0.02,0.14134891079721282,3.0145991190657224e-05,0.2119494937071757,0.92278608769231
12.125,0.02,0.1410733299642164,2.9663855629758194e-05,0.20960546143268263,0.9230878984504685
12.25,0.02,0.140802301097825,2.9193485322690696e-05,0.2072702678429806,0.9233852964230407
12.375,0.02,0.14053570964039394,2.8734466841875358e-05,0.20494377406679667,0.9236783895234253
12.5,0.02,0.1402734449993412,2.8286405086048025e-05,0.20262584483935134,0.9239672819868077
12.625,0.02,0.14001540037273794,2.7848922294800097e-05,0.2003163483732198,0.9242520745299965
12.75,0.02,0.1397614725842343,2.7421657124750106e-05,0.1980151562349736,0.9245328645025994
12.875,0.02,0.13951156192673658,2.7004263782664556e-05,0.195722143227281,0.9248097460301393
13.0,0.02,0.13926557201429374,2.6596411212114863e-05,0.19343718727616857,0.9250828101496656
13.125,0.02,0.13902340964169485,2.6197782329847477e-05,0.19116016932316424,0.9253521449383572
13.25,0.02,0.13878498465129915,2.580807330927158e-05,0.18889097322206497,0.9256178356355959
13.375,0.02,0.1385502098066635,2.542699290668523e-05,0.1866294856400677,0.9258799647589226
13.5,0.02,0.13831900067255237,2.5054261828888917e-05,0.18437559596304126,0.9261386122142765
13.625,0.02,0.1380912755009488,2.4689612138887204e-05,0.18212919620471485,0.9263938554008727
13.75,0.02,0.1378669551227015,2.4332786696857855e-05,0.1798901809195702,0.9266457693110383
13.875,0.02,0.13764596284447936,2.3983538634489063e-05,0.17765844711925693,0.9268944266253157
14.0,0.02,0.1374282243507134,2.364163086099857e-05,0.17543389419233268,0.9271398978031059
14.125,0.02,0.137213667610237,2.330683559717539e-05,0.17321642382717037,0.9273822511691021
14.25,0.02,0.13700222278734886,2.2978933937253145e-05,0.17100593993787144,0.9276215529957451
14.375,0.02,0.13679382215704872,2.2657715435908524e-05,0.16880234859302776,0.9278578675819328
14.5,0.02,0.1365884000241982,2.2342977718388453e-05,0.16660555794720777,0.9280912573281584
14.625,0.02,0.13638589264640144,2.2034526113194706e-05,0.16441547817502514,0.9283217828082865
14.75,0.02,0.13618623816038106,2.1732173304409734e-05,0.1622320214076845,0.9285495028381273
14.875,0.02,0.13598937651167448,2.1435739003694685e-05,0.1600551016718795,0.928774474540983
15.0,0.02,0.13579524938745896,2.1145049639701375e-05,0.15788463483094564,0.9289967534103053
15.125,0.02,0.13560380015234633,2.0859938063562573e-05,0.1557205385281757,0.9292163933696198
15.25,0.02,0.13541497378699224,2.058024327012166e-05,0.1535627321322013,0.9294334468298534
15.375,0.02,0.13522871682936807,2.0305810133732068e-05,0.15141113668436382,0.9296479647441787
15.5,0.02,0.1350449773185702,2.003648915625985e-05,0.14926567484798847,0.9298599966605134
15.625,0.02,0.13486370474103343,1.9772136228842842e-05,0.14712627085949523,0.930069590771782
15.75,0.02,0.13468484997903357,1.9512612403976108e-05,0.1449928504812753,0.9302767939640402
15.875,0.02,0.13450836526136917,1.925778367964403e-05,0.14286534095626613,0.9304816518625826
16.0,0.02,0.1343342041161134,1.9007520792809986e-05,0.14074367096416354,0.9306842088761074
16.125,0.02,0.13416232132534642,1.8761699022909694e-05,0.13862777057921463,0.9308845082390528
16.25,0.02,0.13399267288176905,1.8520198004241772e-05,0.13651757122953018,0.9310825920521729
16.375,0.02,0.13382521594711466,1.8282901546811457e-05,0.13441300565786624,0.9312785013214457
16.5,0.02,0.13365990881227668,1.804969746554011e-05,0.13231400788381656,0.9314722759953847
16.625,0.02,0.13349671085907036,1.7820477416919758e-05,0.13022051316737124,0.9316639550008309
16.75,0.02,0.13333558252355918,1.759513674295446e-05,0.12813245797378886,0.9318535762772874
16.875,0.02,0.1331764852608731,1.7373574322014918e-05,0.12604977993972694,0.9320411768098715
17.0,0.02,0.1330193815114512,1.7155692426478386e-05,0.12397241784060001,0.9322267926609333
17.125,0.02,0.13286423466864436,1.6941396586606182e-05,0.12190031155909957,0.9324104590004109
17.25,0.02,0.13271100904761923,1.673059546027129e-05,0.11983340205484085,0.9325922101349696
17.375,0.02,0.1325596698555007,1.6523200708872625e-05,0.11777163133509792,0.932772079535974
17.5,0.02,0.13241018316270103,1.6319126878374266e-05,0.11571494242656624,0.9329500998663568
17.625,0.02,0.13226251587537843,1.6118291286128363e-05,0.11366327934812269,0.9331263030064159
17.75,0.02,0.1321166357089766,1.5920613912229693e-05,0.11161658708454615,0.9333007200785934
17.875,0.02,0.13197251116279377,1.5726017296346377e-05,0.10957481156114224,0.9334733814712795
18.0,0.02,0.13183011149553658,1.553442643897357e-05,0.10753789961924885,0.9336443168616786
18.125,0.02,0.13168940670180931,1.534576870704004e-05,0.10550579899257222,0.9338135552377829
18.25,0.02,0.1315503674895052,1.515997374397461e-05,0.10347845828433008,0.9339811249194886
18.375,0.02,0.1314129652580397,1.4976973384008499e-05,0.10145582694514477,0.9341470535788912
18.5,0.02,0.13127717207742057,1.4796701570462683e-05,0.0994378552516923,0.9343113682598031
18.625,0.02,0.1311429606680595,1.461909427693383e-05,0.09742449428600526,0.9344740953965123
18.75,0.02,0.13101030438138342,1.4444089434116023e-05,0.09541569591551115,0.9346352608318381
18.875,0.02,0.13087917718106398,1.4271626856504494e-05,0.09341141277359799,0.9347948898344953
19.0,0.02,0.13074955362506446,1.4101648177918444e-05,0.0914115982409607,0.9349530071158141
19.125,0.02,0.1306214088481084,1.3934096781603903e-05,0.08941620642725584,0.9351096368458293
19.25,0.02,0.1304947185451182,1.376891774645786e-05,0.08742519215374803,0.9352648026687957
19.375,0.02,0.1303694589546844,1.3606057775097379e-05,0.08543851093580032,0.935418527718117
19.5,0.02,0.13024560684397823,1.3445465158037579e-05,0.08345611896696019,0.9355708346307665
19.625,0.02,0.13012313949281068,1.328708968728908e-05,0.08147797310182363,0.9357217455611557
19.75,0.02,0.13000203468040822,1.3130882655901986e-05,0.07950403084207838,0.9358712821945896
19.875,0.02,0.129882270669197,1.2976796727939446e-05,0.07753425031871314,0.9360194657601361
20.0,0.02,0.12976382619457208,1.2824786018987473e-05,0.07556859028144314,0.9361663170432608
20.125,0.02,0.1296466804463984,1.267480584871884e-05,0.07360701007783334,0.9363118563977058
20.25,0.02,0.1295308130647372,1.2526813017213328e-05,0.07164946964978128,0.9364561037575155
20.375,0.02,0.12941620411417887,1.2380765257743938e-05,0.06969592950358765,0.9365990786478114
20.5,0.02,0.1293028340930688,1.223662199593659e-05,0.0677463507227918,0.9367408001965813
20.625,0.02,0.12919068388857,1.2094343048034804e-05,0.06580069491435794,0.9368812871439484
20.75,0.02,0.1290797348183535,1.1953890580915467e-05,0.0638589242611827,0.9370205578545391
20.875,0.02,0.12896996853625142,1.1815225918964727e-05,0.06192100140742526,0.9371586303241175
21.0,0.02,0.12886136715392116,1.1678314500697194e-05,0.05998688960901786,0.9372955221944631
21.125,0.02,0.12875391302185116,1.1543117955713693e-05,0.058056552465844034,0.9374312507544664
21.25,0.02,0.12864758904980536,1.1409606541565214e-05,0.0561299543160357,0.9375658329622276
21.375,0.02,0.12854237817528857,1.1277739402226735e-05,0.054207059584513835,0.937699285433287
21.5,0.02,0.12843826417968845,1.1147495684183268e-05,0.05228783378522793,0.9378316244815942
21.625,0.02,0.12833523037486977,1.1018825268978813e-05,0.050372241910501624,0.9379628660765749
21.75,0.02,0.12823326165687804,1.0891726544717641e-05,0.04846025095064481,0.9380930259318959
21.875,0.02,0.1281323412382882,1.076612336289252e-05,0.04655182588688029,0.9382221193856793
22.0,0.02,0.12803245579306483,1.0642059388826199e-05,0.04464693599931465,0.9383501616090846
22.125,0.02,0.12793358730555832,1.0519390586545497e-05,0.04274554487447153,0.9384771672956428
22.25,0.02,0.1278357259394963,1.0398271201346158e-05,0.040847626173117664,0.93860315116924
22.375,0.02,0.1277388496809465,1.0278384126145162e-05,0.03895313868770601,0.938728127197196
22.5,0.02,0.1276429565235553,1.0160158418388212e-05,0.03706206574073153,0.9388521098473468
22.625,0.02,0.12754801356996956,1.0042837072288827e-05,0.03517435288120729,0.9389751121061207
22.75,0.02,0.12745403761167695,9.927540968904951e-06,0.03329000636594779,0.9390971486205838
22.875,0.02,0.12736096760623902,9.812384118480587e-06,0.03140893735620056,0.939218230686422
23.0,0.02,0.12726886701434245,9.700262092310091e-06,0.029531208450380965,0.9393383741987988
23.125,0.02,0.1271776028587559,9.586316704919552e-06,0.02765664309752794,0.9394575867904869
23.25,0.02,0.12708735724506545,9.478164604535963e-06,0.025785445001006428,0.9395758884179716
23.375,0.02,0.12699781158358384,9.362713289424034e-06,0.023917213511758514,0.9396932772767261
23.5,0.02,0.12690945891608882,9.261036863914182e-06,0.022052512621066767,0.9398097855701315
23.625,0.02,0.12682148593311027,9.135115626779056e-06,0.02019035872558939,0.9399253834257608
23.75,0.02,0.1267352441618698,9.048979227023798e-06,0.01833226557355748,0.9400401428789111
23.875,0.02,0.12664851120882312,8.879004783666579e-06,0.016475669313076764,0.9401539378994693
24.0,0.02,0.12656522510743498,8.847427002480527e-06,0.014624738396770294,0.9402669897302156
24.125,0.02,0.12647868912770086,8.495157785772276e-06,0.012772287468689554,0.9403787976985443
24.25,0.02,0.12640163161940746,8.70137405035387e-06,0.010930656433603095,0.9404902164229254
24.375,0.02,0.1263111496450187,7.590591590199472e-06,0.00907753535821803,0.9405991851797857
24.5,0.02,0.12625339568326538,8.810488613603153e-06,0.007253671347164728,0.9407092976597481
24.625,0.02,0.12614154738356007,5.129216993055776e-06,0.005381315264314575,0.940812788083972
24.75,0.02,0.12614828376384418,8.879738585021995e-06,0.003608170702132038,0.9409225038587483
24.875,0.02,0.12595990541302615,1.4142139303466096e-05,0.0016516175016081523,0.9410317903691405
25.0,0.02,0.12595990541302615,0.0,0.0,0.9410317903691405
0.0,0.04,1.0,0.0,0.6950329378711481,0.0
0.125,0.04,0.9025901300375652,0.06659743961138288,0.6950329378711481,0.16147864774828077
0.25,0.04,0.8319892068101452,0.04062031986739479,0.5688685577486232,0.29735750761237995
0.375,0.04,0.7335648049333874,0.025856339822558895,0.5616309810207204,0.3974708361654789
0.5,0.04,0.6703816895377104,0.015076393645702226,0.5340402840865844,0.46328789841032403
0.625,0.04,0.6163056811846223,0.010053621308578918,0.5295793651302297,0.5105103731968483
0.75,0.04,0.5789218928004832,0.006832418160358452,0.5184589754165133,0.5451460503443453
0.875,0.04,0.5481209522551411,0.00516157283766151,0.5127504780940224,0.5724079686400114
1.0,0.04,0.5245998137235852,0.00399567327066389,0.5051093217685404,0.5944014267591822
1.125,0.04,0.504743197711814,0.0032841294832380427,0.49907573421080176,0.6128337248557426
1.25,0.04,0.4883746924934342,0.0027459017858652806,0.49261503107002647,0.6285345673001977
1.375,0.04,0.47415218834708694,0.002369020562248227,0.48677019741541544,0.642187854938361
1.5,0.04,0.4618462779034841,0.002067989778064312,0.48093404222985714,0.6541950540319665
1.625,0.04,0.4509083350272686,0.0018360211068100402,0.47541069078933734,0.6648866360088874
1.75,0.04,0.4411633995826383,0.00164371925318202,0.47000601658203073,0.6744858634627565
1.875,0.04,0.43235611152672987,0.0014862898081953997,0.46480369436591146,0.6831760052227955
2.0,0.04,0.4243640292490067,0.0013523177990905182,0.4597351153865134,0.6910930455131752
2.125,0.04,0.41705068987639676,0.0012385008525958403,0.454818495552955,0.6983491207602027
2.25,0.04,0.41033111620906015,0.0011397701349041207,0.4500254233346538,0.705032567372983
2.375,0.04,0.4041230594351846,0.001053897209023395,0.44535546242507834,0.7112169650775619
2.5,0.04,0.39836666937405385,0.0009783009905634129,0.4407941461091287,0.7169625369051115
2.625,0.04,0.39300771604176976,0.0009114795181701826,0.4363364621658083,0.72232006887198
2.75,0.04,0.3880031208573344,0.0008519526655318297,0.4319734419298921,0.7273322043315763
2.875,0.04,0.3833148457955582,0.0007986974499775714,0.42769958663635527,0.7320353614118866
3.0,0.04,0.3789111654033025,0.0007507857190247634,0.4235085128123747,0.7364606843250502
3.125,0.04,0.3747642414410111,0.0007075090501684364,0.41939529329724146,0.7406350893615792
3.25,0.04,0.37085019268592817,0.0006682479105574133,0.4153550083423174,0.7445819206830463
3.375,0.04,0.3671480133865186,0.0006325021028063099,0.4113834692742783,0.7483215725771373
3.5,0.04,0.36363936299076266,0.0005998396712714199,0.40747671627872833,0.7518719353138225
3.625,0.04,0.36030801548411423,0.0005699002625577484,0.40363122870323614,0.7552487897612519
3.75,0.04,0.35713962930207804,0.0005423729446923519,0.3998437379772015,0.7584661123504561
3.875,0.04,0.35412143018792325,0.0005169929715217184,0.3961112774269468,0.761536337192895
4.0,0.04,0.3512420219205596,0.0004935308970798074,0.392431103819929,0.764470567672071
4.125,0.04,0.34849118529984235,0.00047178859970662616,0.3888006993168345,0.7672787566485422
4.25,0.04,0.34585973416206983,0.00045159327024073785,0.385217732777479,0.7699698558197409
4.375,0.04,0.3433393792392433,0.00043279410892053824,0.381680049344243,0.7725519429833592
4.5,0.04,0.3409226209811827,0.00041525867166641926,0.37818564782639724,0.7750323293620289
4.625,0.04,0.3386026531947504,0.00039887039049795494,0.3747326686769044,0.7774176514876702
4.75,0.04,0.33637328331827554,0.000383526194701122,0.3713193788730704,0.7797139496690746
4.875,0.04,0.3342288621302364,0.0003691347059345774,0.3679441612057536,0.7819267356095425
5.0,0.04,0.3321642239820326,0.0003556146148994361,0.3646055032658075,0.7840610507303412
5.125,0.04,0.33017463438255856,0.0003428933740256765,0.3613019885590316,0.7861215167856119
5.25,0.04,0.3282557446995654,0.00033090605318410985,0.3580322880778962,0.7881123798934982
5.375,0.04,0.32640355239161434,0.0003195943873682981,0.35479515308255843,0.790037549018158
5.5,0.04,0.32461436626688794,0.0003089059508497996,0.3515894084645409,0.7919006297005575
5.625,0.04,0.3228847758702108,0.00029879345649516084,0.34841394689709004,0.7937049537382391
5.75,0.04,0.32121162452497937,0.00028921414872380734,0.3452677235144125,0.7954536053788208
5.875,0.04,0.3195919854668647,0.00028012928202946836,0.34214975115084445,0.7971494445130283
6.0,0.04,0.3180231406900742,0.0002715036679388428,0.3390590960184686,0.7987951272691134
6.125,0.04,0.3165025621276772,0.00026330528234102456,0.33599487380482185,0.800393124352099
6.25,0.04,0.3150278948773559,0.00025550492286704557,0.3329562461237771,0.8019457374164328
6.375,0.04,0.3135969422064471,0.0002480759098120368,0.3299424172912979,0.8034551137188272
6.5,0.04,0.31220765211997703,0.00024099382389758492,0.32695263138382774,0.804923259261023
6.625,0.04,0.3108581052990556,0.0002342362759636813,0.32398616955275533,0.8063520506026506
6.75,0.04,0.3095465042477245,0.0002277827040166907,0.32104234756564287,0.8077432454988321
6.875,0.04,0.30827116350602174,0.0002216141940107117,0.31812051355211773,0.8090984924962921
7.0,0.04,0.30703050080746036,0.00021571332113909118,0.3152200459329129,0.8104193396038912
7.125,0.04,0.30582302907430076,0.00021006400897874184,0.31234035151437434,0.8117072421386609
7.25,0.04,0.30464734915825264,0.00020465140416603273,0.3094808637321091,0.8129635698357514
7.375,0.04,0.3035021432456759,0.00019946176464931084,0.3066410410298095,0.8141896133000476
7.5,0.04,0.30238616885660047,0.00019448235982261186,0.30382036536060897,0.8153865898680378
7.625,0.04,0.3012982533754307,0.0001897013810923093,0.30101834079992046,0.8165556489407254
7.75,0.04,0.30023728905872105,0.00018510786162329084,0.29823449225981785,0.8176978768415845
7.875,0.04,0.2992022284718145,0.00018069160418528519,0.2954683642961555,0.8188143012477078
8.0,0.04,0.2981920803117276,0.00017644311616080884,0.2927195200005167,0.8199058952371423
8.125,0.04,0.29720590557849796,0.00017235355090369425,0.28998753996990256,0.8209735809908848
8.25,0.04,0.2962428140614207,0.00016841465473971267,0.28727202134777585,0.8220182331839792
8.375,0.04,0.2953019611102756,0.00016461871899255584,0.2845725769306935,0.8230406820965924
8.5,0.04,0.29438254466485353,0.00016095853649448615,0.2818888343353181,0.8240417164727113
8.625,0.04,0.29348380251891815,0.00015742736210907633,0.27922043522104995,0.8250220861512192
8.75,0.04,0.29260500979720533,0.0001540188768490989,0.27656703456397613,0.8259825044915168
8.875,0.04,0.29174547662625006,0.00015072715522229131,0.2739282999781939,0.8269236506134583
9.0,0.04,0.29090454598177795,0.000147546635480511,0.27130391108088886,0.8278461714692879
9.125,0.04,0.2900815916970893,0.0001444720924839503,0.2686935588978794,0.8287506837633077
9.25,0.04,0.28927601661840807,0.00014149861292477546,0.2660969453065859,0.8296377757332942
9.375,0.04,0.2884872508945212,0.00013862157268168282,0.2635137825136279,0.8305080088061236
9.5,0.04,0.28771475038924454,0.0001358366161012029,0.2609437925644968,0.8313619191386771
9.625,0.04,0.28695799520634896,0.00013313963702369673,0.25838670688293663,0.8322000190538608
9.75,0.04,0.2862164883175491,0.0001305267613892904,0.2558422658378551,0.8330227983804809
9.875,0.04,0.285489754285047,0.00012799433127642365,0.253310218335768,0.8338307257047457
10.0,0.04,0.28477733807090516,0.00012553889024050996,0.25079032143693675,0.8346242495403231
10.125,0.04,0.28407880392623935,0.00012315716983228402,0.24828233999349378,0.8354037994231434
10.25,0.04,0.28339373435387494,0.00012084607718812979,0.24578604630801865,0.8361697869364949
10.375,0.04,0.28272172913867655,0.00011860268359431604,0.2433012198111064,0.8369226066714089
10.5,0.04,0.2820624044403036,0.00011642421393736459,0.240827646756634,0.8376626371268507
10.625,0.04,0.28141539194360715,0.00011430803696007454,0.23836511993350723,0.8383902415538314
10.75,0.04,0.2807803380623132,0.00011225165625163679,0.23591343839277737,0.8391057687471921
10.875,0.04,0.2801569031920333,0.00011025270190697276,0.23347240718911608,0.8398095537885305
11.0,0.04,0.27954476100898257,0.00010830892279565968,0.23104183713570872,0.840501918743452
11.125,0.04,0.2789435978111061,0.00010641817938831845,0.2286215445717073,0.8411831733161319
11.25,0.04,0.2783531118985932,0.0001045784370922019,0.22621135114145355,0.8418536154639519
11.375,0.04,0.27777301299102686,0.00010278776005316376,0.22381108358474577,0.8425135319748164
11.5,0.04,0.27720302167862587,0.00010104430538495156,0.2214205735374761,0.8431631990095821
11.625,0.04,0.27664286890526674,9.934631779105322e-05,0.21903965734201641,0.8438028826119077
11.75,0.04,0.2760922954811442,9.769212454751805e-05,0.21666817586678608,0.8444328391876731
11.875,0.04,0.27555105162310295,9.608013081813373e-05,0.21430597433446083,0.8450533159560135
12.0,0.04,0.2750188965208277,9.450881527662267e-05,0.21195290215832902,0.8456645513738835
12.125,0.04,0.2744955979272109,9.297672601287072e-05,0.2096088127863401,0.8462667755359548
12.25,0.04,0.27398093177134675,9.148247670147556e-05,0.20727356355240537,0.8468602105515292
12.375,0.04,0.27347468179270895,9.002474301412126e-05,0.20494701553454975,0.847445070900066
12.5,0.04,0.2729766391951783,8.860225925872994e-05,0.2026290334195422,0.8480215637667871
12.625,0.04,0.27248660231966704,8.721381522904029e-05,0.200319485373635,0.8485898893597489
12.75,0.04,0.2720043763341946,8.585825325004424e-05,0.19801824291909192,0.8491502412096569
12.875,0.04,0.2715297729403239,8.453446540715703e-05,0.19572518081618154,0.8497028064536054
13.0,0.04,0.27106261009495225,8.324139094540505e-05,0.19344017695033885,0.8502477661038499
13.125,0.04,0.2706027117465249,8.197801382843587e-05,0.19116311222421437,0.8507852953026109
13.25,0.04,0.2701499075847784,8.07433604465814e-05,0.1888938704543535,0.8513155635638519
13.375,0.04,0.26970403280320887,7.953649746366857e-05,0.1866323382722456,0.851838735002875
13.5,0.04,0.2692649278734842,7.835652979438071e-05,0.18437840502951733,0.8523549685545345
13.625,0.04,0.2688324383310953,7.720259870301168e-05,0.18213196270704854,0.8528644181807681
13.75,0.04,0.26840641457156816,7.607388001595198e-05,0.1798929058277962,0.8533672330681293
13.875,0.04,0.26798671165661747,7.496958243992285e-05,0.1776611313731447,0.853863557815907
14.0,0.04,0.26757318912965594,7.388894597981944e-05,0.17543653870258583,0.8543535326153986
14.125,0.04,0.2671657108401151,7.28312404486404e-05,0.1732190294765685,0.8548372934208482
14.25,0.04,0.2667641447760673,7.179576406348666e-05,0.17100850758235833,0.8553149721125135
14.375,0.04,0.26636836290468063,7.078184212271364e-05,0.1688048790627486,0.8557866966523043
14.5,0.04,0.2659782410200554,6.97888257569536e-05,0.16660805204749862,0.8562525912323949
14.625,0.04,0.2655936585980434,6.881609075068157e-05,0.16441793668735658,0.8567127764171749
14.75,0.04,0.2652144986576523,6.786303642865977e-05,0.1622344450905631,0.8571673692788985
14.875,0.04,0.2648406476286868,6.692908460248787e-05,0.16005749126170823,0.8576164835273508
15.0,0.04,0.26447199522529163,6.60136785743612e-05,0.15788699104284556,0.8580602296338373
15.125,0.04,0.26410843432508047,6.511628219216526e-05,0.15572286205677202,0.8584987149497799
15.25,0.04,0.26374986085356616,6.423637895477395e-05,0.15356502365237423,0.8589320438201953
15.375,0.04,0.2633961736736185,6.337347116232582e-05,0.15141339685196606,0.859360317692297
15.5,0.04,0.2630472744796949,6.252707910933575e-05,0.14926790430053266,0.8597836352194709
15.625,0.04,0.2627030676966088,6.16967403176364e-05,0.14712847021681086,0.8602020923608478
15.75,0.04,0.26236346038261377,6.088200880662553e-05,0.14499502034613743,0.8606157824766784
15.875,0.04,0.2620283621365905,6.0082454398952505e-05,0.14286748191499732,0.8610247964197211
16.0,0.04,0.26169768500914464,5.929766205890976e-05,0.14074578358721007,0.8614292226228314
16.125,0.04,0.26137134341742513,5.852723126135451e-05,0.1386298554216982,0.861829147182924
16.25,0.04,0.26104925406349644,5.777077539079817e-05,0.1365196288317769,0.8622246539414898
16.375,0.04,0.2607313358560894,5.702792116718922e-05,0.13441503654591216,0.8626158245618234
16.5,0.04,0.2604175098355821,5.629830809873769e-05,0.13231601256989362,0.8630027386031004
16.625,0.04,0.2601076991020575,5.55815879592389e-05,0.1302224921503719,0.8633854735914731
16.75,0.04,0.25980182874629815,5.487742428872808e-05,0.12813441173971232,0.8637641050882898
16.875,0.04,0.25949982578358455,5.418549191707444e-05,0.12605170896210613,0.8641387067555865
17.0,0.04,0.2592016190901668,5.350547650901247e-05,0.12397432258091218,0.864509350418958
17.125,0.04,0.2589071393422907,5.2837074129233245e-05,0.12190219246715961,0.8648761061279312
17.25,0.04,0.2586163189576577,5.217999082763404e-05,0.11983525956917883,0.8652390422139392
17.375,0.04,0.25832909203921156,5.153394224274731e-05,0.11777346588332181,0.8655982253459994
17.5,0.04,0.25804539432114204,5.089865322349842e-05,0.11571675442571014,0.8659537205841988
17.625,0.04,0.25776516311700615,5.027385746796899e-05,0.11366506920498122,0.8663055914310727
17.75,0.04,0.2574883372698697,4.965929717837099e-05,0.111618355195996,0.8666538998809589
17.875,0.04,0.25721485710437575,4.9054722731976284e-05,0.10957655831445132,0.8669987064674278
18.0,0.04,0.2569446643806513,4.8459892367153124e-05,0.10753962539237347,0.8673400703088453
18.125,0.04,0.2566777022499706,4.787457188321094e-05,0.10550750415444318,0.8676780491521703
18.25,0.04,0.2564139152120904,4.729853435492258e-05,0.10348014319512792,0.8680126994150426
18.375,0.04,0.2561532490741797,4.673155985873212e-05,0.10145749195656481,0.8683440762262409
18.5,0.04,0.2558956509112884,4.617343521364845e-05,0.09943950070719997,0.8686722334645829
18.625,0.04,0.25564106902823874,4.562395373076769e-05,0.09742612052108213,0.8689972237963206
18.75,0.04,0.2553894529229608,4.5082914979009666e-05,0.09541730325789222,0.8693190987111242
18.875,0.04,0.25514075325106617,4.455012455405485e-05,0.09341300154350024,0.8696379085566801
19.0,0.04,0.25489492179182904,4.402539386964858e-05,0.09141316875130369,0.869953702572006
19.125,0.04,0.2546519114151519,4.350853993949088e-05,0.08941775898387493,0.8702665289194904
19.25,0.04,0.254411676050049,4.299938519821557e-05,0.08742672705559941,0.8705764347157875
19.375,0.04,0.2541741706536657,4.249775728439219e-05,0.08544002847516016,0.8708834660615271
19.5,0.04,0.2539393511822522,4.200348890561028e-05,0.0834576194296154,0.8711876680700086
19.625,0.04,0.25370717456174474,4.151641759407438e-05,0.08147945676725825,0.8714890848947809
19.75,0.04,0.25347759866153374,4.1036385655752096e-05,0.07950549798365093,0.871787759756379
19.875,0.04,0.25325058226565733,4.0563239831696e-05,0.07753570120383221,0.8720837349679147
20.0,0.04,0.2530260850504355,4.009683143234474e-05,0.0755700251717306,0.8723770519601239
20.125,0.04,0.2528040675541791,3.9637015740505145e-05,0.07360842922929264,0.872667751305029
20.25,0.04,0.25258449116161463,3.9183652586428175e-05,0.07165087331294331,0.8729558727396585
20.375,0.04,0.2523673180671208,3.8736605083805126e-05,0.06969731792367892,0.8732414551876362
20.5,0.04,0.2521525112734907,3.829574128810802e-05,0.06774772413985443,0.8735245367822128
20.625,0.04,0.2519400345364352,3.786093124726259e-05,0.06580205356343291,0.8738051548851674
20.75,0.04,0.251729852396766,3.7432051350110406e-05,0.06386026837238125,0.8740833461104721
20.875,0.04,0.251521930075701,3.7008977146534845e-05,0.06192233120616534,0.8743591463387574
21.0,0.04,0.2513162335883695,3.659159440604191e-05,0.059988205315988447,0.8746325907446934
21.125,0.04,0.2511127295139331,3.617978135053279e-05,0.05805785429738833,0.8749037138024398
21.25,0.04,0.2509113853103212,3.577343646517466e-05,0.05613124248386237,0.8751725493242338
21.375,0.04,0.2507121687694042,3.537243426181682e-05,0.05420833429645851,0.8754391304452441
21.5,0.04,0.25051504883280834,3.4976694935302105e-05,0.05228909524434646,0.8757034896918443
21.625,0.04,0.2503199942580519,3.45860739711273e-05,0.05037349031678677,0.8759656589168675
21.75,0.04,0.2501269756849546,3.420053634801068e-05,0.04846148649859016,0.8762256694434473
21.875,0.04,0.24993596232819867,3.381988078492952e-05,0.0465530487695884,0.8764835518782277
22.0,0.04,0.24974692716773608,3.3444175244869804e-05,0.044648146402257165,0.8767393364449603
22.125,0.04,0.24955983870759002,3.3073067582847427e-05,0.04274674298557288,0.8769930524947473
22.25,0.04,0.24937467397427124,3.270687481873915e-05,0.040848812167017357,0.8772447293142157
22.375,0.04,0.24919139794024825,3.2344857515794335e-05,0.03895431275079187,0.8774943948797468
22.5,0.04,0.2490099960531654,3.198794887203686e-05,0.03706322803157469,0.8777420778534604
22.625,0.04,0.24883042279061857,3.163442237120892e-05,0.0351755035931804,0.8779878044398874
22.75,0.04,0.24865268312941236,3.1286757704676656e-05,0.033291145627342755,0.8782316033710722
22.875,0.04,0.24847670366467633,3.094069314842656e-05,0.031410065388463373,0.8784734979501488
23.0,0.04,0.24830253719957027,3.060266100744792e-05,0.029532325312676463,0.8787135186601146
23.125,0.04,0.2481300385103569,3.026173230107731e-05,0.02765774909452338,0.878951682736419
23.25,0.04,0.24795938139116522,2.9934792372687685e-05,0.02578654001096768,0.8791880267921367
23.375,0.04,0.24779023536766034,2.9592510957784222e-05,0.023918298079869137,0.8794225526827305
23.5,0.04,0.24762309061696525,2.928129009356726e-05,0.022053586092074362,0.8796553157869841
23.625,0.04,0.24745712555160077,2.891652782306385e-05,0.020191422399442747,0.8798862725002873
23.75,0.04,0.2472937012754308,2.86376487209357e-05,0.01833331700355286,0.8801155393368487
23.875,0.04,0.24713061069092077,2.8172422684511524e-05,0.016476712535061423,0.8803429175329962
24.0,0.04,0.24697182303528473,2.79985774168428e-05,0.014625764112058785,0.88056875279279
24.125,0.04,0.24681078275858295,2.7117288729179862e-05,0.012773311118929882,0.8807922444359115
24.25,0.04,0.24666024289622582,2.740146826135279e-05,0.010931640179719839,0.8810147152186969
24.375,0.04,0.2464980124683455,2.480560634419624e-05,0.009078544744432676,0.8812328689461154
24.5,0.04,0.2463700139464258,2.712504334022478e-05,0.007254556180478052,0.8814522967800348
24.625,0.04,0.24619166397648048,1.8718476771048232e-05,0.005382326062687948,0.881660602486265
24.75,0.04,0.24613563995792942,2.7195104654929006e-05,0.0036089637409117935,0.8818782941098326
24.875,0.04,0.2458777938075393,3.425168285338162e-05,0.0016519498159845345,0.8820932075838077
25.0,0.04,0.2458777938075393,0.0,0.0,0.8820932075838077
0.0,0.06,1.0,0.0,0.6842949304092877,0.0
0.125,0.06,0.9964938944185098,0.06901684487934757,0.6842949304092877,0.062110699130736406
0.25,0.06,0.9823853792261541,0.05030838575787741,0.5711298743548469,0.1386278546259819
0.375,0.06,0.9233955394240717,0.03710473238253283,0.5627228531173296,0.21172825860069497
0.5,0.06,0.8757138510132388,0.024730413723878762,0.5350813769041802,0.27009260492687387
0.625,0.06,0.8285404234728112,0.017934052986766456,0.5300304214563553,0.317722135727252
0.75,0.06,0.7914169155105739,0.01309782044261829,0.5187790967416186,0.3561448404261056
0.875,0.06,0.7588398637226326,0.010232586485616806,0.5129169667690692,0.3882312960114879
1.0,0.06,0.7320708096823497,0.008153020424117554,0.5052348656004869,0.41530341274165616
1.125,0.06,0.7087316184312343,0.006774375891602464,0.49915565892253894,0.4386790929744828
1.25,0.06,0.6887313302869226,0.005724557874434894,0.49267878549404587,0.45908011706683133
1.375,0.06,0.6710403678037193,0.004957469850195687,0.48681708679902064,0.47714040304832717
1.5,0.06,0.6554142493046679,0.004346264417147866,0.480973025387059,0.4932641625096579
1.625,0.06,0.6413714643948659,0.0038658829310655894,0.47544214828124004,0.5077922253838673
1.75,0.06,0.6287108962485007,0.003468718073669154,0.47003304794349265,0.5209682749338497
1.875,0.06,0.6171815553362434,0.003140649379914792,0.4648267693972283,0.5329956974432195
2.0,0.06,0.6066393701966908,0.0028617816435840128,0.4597554472012713,0.5440314511333207
2.125,0.06,0.5969380997037006,0.002623817368381149,0.45483644353715685,0.5542069438468895
2.25,0.06,0.5879763789772234,0.0024173693547883523,0.45004153259705443,0.5636285625972697
2.375,0.06,0.5796605967599547,0.002237339540572457,0.44536998261529975,0.5723861502846426
2.5,0.06,0.5719184325543809,0.002078727761733333,0.44080735992752945,0.5805546757948818
2.625,0.06,0.5646856305549444,0.0019382700072430932,0.4363485406725721,0.5881981203933211
2.75,0.06,0.5579094328032064,0.0018130133195759404,0.4319845513142155,0.5953709668144047
2.875,0.06,0.5515435159368244,0.0017007918836609208,0.42770984562873576,0.6021202139809383
3.0,0.06,0.5455485047843058,0.00159972089427663,0.42351802875979044,0.6084864804184199
3.125,0.06,0.5398898216910051,0.0015083182579829074,0.4194041504203503,0.6145051633772878
3.25,0.06,0.5345374537659633,0.0014253125414272288,0.4153632806640137,0.6202072137584371
3.375,0.06,0.5294649138159968,0.00134966182693126,0.41139121797828343,0.6256198569146904
3.5,0.06,0.5246488900858172,0.0012804737168766343,0.40748399476775465,0.6307671306539797
3.625,0.06,0.5200686742688508,0.0012169980316041834,0.4036380824691818,0.6356703586706611
3.75,0.06,0.5157058545637413,0.0011585894376271286,0.3998502068272422,0.6403485260954198
3.875,0.06,0.5115439647437053,0.0011046961591425711,0.3961173959197142,0.6448186027020929
4.0,0.06,0.5075682460438181,0.0010548403193367222,0.3924369023846652,0.6490958083419833
4.125,0.06,0.5037654144779259,0.00100860824051271,0.38880620472027994,0.6531938399972725
4.25,0.06,0.500123482656907,0.0009656389816000813,0.38522296876044776,0.6571250622277943
4.375,0.06,0.496631597328958,0.0009256170330985923,0.38168503699990475,0.6609006703160148
4.5,0.06,0.49327990689801604,0.0008882650926792168,0.37819040599889175,0.6645308290573763
4.625,0.06,0.4900594440166279,0.0008533387829458466,0.37473721424540585,0.668024792220986
4.75,0.06,0.48696202655939513,0.0008206218429492527,0.37132372701866717,0.6713910052529136
4.875,0.06,0.4839801706870594,0.0007899223415879682,0.36794832562047824,0.6746371942145125
5.0,0.06,0.48110701608941653,0.000761069353911984,0.36460949633954187,0.6777704429072978
5.125,0.06,0.478336260409092,0.0007339102344881873,0.3613058215334111,0.6807972600964287
5.25,0.06,0.4756621021567793,0.0007083082567957708,0.35803597118135755,0.6837236382477622
5.375,0.06,0.4730791904912696,0.0006841406302858331,0.35479869564468075,0.6865551050587142
5.5,0.06,0.4705825811198714,0.0006612967887045577,0.3515928190159141,0.6892967687952198
5.625,0.06,0.468167697332086,0.000639676930774386,0.34841723325530566,0.691953358318386
5.75,0.06,0.4658302955463208,0.0006191907579932152,0.34527089285929624,0.6945292585245547
5.875,0.06,0.46356643471995235,0.0005997563873989906,0.34215281008997367,0.6970285418211607
6.0,0.06,0.46137244914423314,0.0005812994073023284,0.3390620506447394,0.6994549961583064
6.125,0.06,0.4592449241731882,0.0005637520574595975,0.33599772974700925,0.7018121500611699
6.25,0.06,0.45718067452650807,0.0005470525135197687,0.33295900859118804,0.7041032950396813
6.375,0.06,0.45517672484286725,0.0005311442616524994,0.3299450911132597,0.7063315056980589
6.5,0.06,0.45323029221429567,0.0005159755498890851,0.3269552210447441,0.7084996578195385
6.625,0.06,0.45133877046416465,0.0005014989057978208,0.32398867922329017,0.7106104446632378
6.75,0.06,0.44949971596660754,0.0004876707111533075,0.3210447811305377,0.7126663916771068
6.875,0.06,0.44771083483032514,0.00047445082602286037,0.3181228746350616,0.714669869803573
7.0,0.06,0.44596997129399346,0.0004618022556295865,0.31522233791883014,0.716623107531246
7.125,0.06,0.44427509719953895,0.0004496908544544213,0.3123425775694357,0.7185282018265128
7.25,0.06,0.44262430242684503,0.0004380850627758314,0.3094830268217389,0.7203871280622941
7.375,0.06,0.44101578618771,0.0004269556715766008,0.30664314393491793,0.7222017490471979
7.5,0.06,0.43944784908949475,0.0004162756123003723,0.3038224106922506,0.7239738232462928
7.625,0.06,0.43791888588955546,0.0004060197684438359,0.3010203310125547,0.7257050122745154
7.75,0.06,0.4364273788708991,0.00039616480637927684,0.29823642966332425,0.7273968877348482
7.875,0.06,0.43497189177750195,0.00038668902315803914,0.29547025106673597,0.7290509374657617
8.0,0.06,0.4335510642547334,0.0003775722093428181,0.2927213581906053,0.7306685712557202
8.125,0.06,0.4321636067463832,0.0003687955251765676,0.28998933151718437,0.732251126076659
8.25,0.06,0.43080829580509405,0.0003603413886101227,0.2872737680834078,0.7337998708831198
8.375,0.06,0.4294839697776223,0.00035219337390154725,0.2845742805868071,0.735316011019081
8.5,0.06,0.42818952483041917,0.0003443361196572182,0.2818904965518782,0.736800692270329
8.625,0.06,0.42692391128458923,0.0003367552453253544,0.2792220575521315,0.7382550045964366
8.75,0.06,0.42568613023242985,0.00032943727527043413,0.27656861848351794,0.739679985573
8.875,0.06,0.42447523041053825,0.0003223695696564677,0.2739298468852791,0.7410766235716726
9.0,0.06,0.4232903053069521,0.0003155402614594621,0.2713054223045984,0.7424458607026885
9.125,0.06,0.4221304904819665,0.00030893819900347703,0.2686950357017593,0.7437885955420165
9.25,0.06,0.42099496108425194,0.0003025528934804956,0.26609838889276405,0.74510568566293
9.375,0.06,0.41988292954562717,0.0002963744709753181,0.2635151940266145,0.7463979499896575
9.5,0.06,0.41879364343942743,0.0002903936285636449,0.2609451730946958,0.747666170988871
9.625,0.06,0.4177263834888098,0.00028460159409899384,0.2583880574698966,0.7489110967130386
9.75,0.06,0.4166804617126106,0.0002789900893411488,0.2558435874732801,0.7501334427081306
9.875,0.06,0.41565521969751174,0.00027355129611503757,0.2533115119663132,0.7513338937967871
10.0,0.06,0.4146500269863083,0.00026827782521879833,0.2507915879668039,0.752513105746846
10.125,0.06,0.4136642795730047,0.0002631626878279796,0.24828358028684738,0.7536717068340646
10.25,0.06,0.4126973984963042,0.0002581992691663474,0.24578726119123376,0.7548102993069136
10.375,0.06,0.4117488285238273,0.0002533813042378395,0.24330241007486583,0.7559294607605268
10.5,0.06,0.4108180369200832,0.00024870285543161314,0.24082881315788443,0.7570297454261755
10.625,0.06,0.40990451229184116,0.00024415829183291625,0.23836626319728677,0.75811168538203
10.75,0.06,0.4090077635051174,0.00023974227008615587,0.23591455921392415,0.7591757916904477
10.875,0.06,0.4081273186684971,0.0002354497166742046,0.2334735062338665,0.7602225554665855
11.0,0.06,0.40726272417798154,0.0002312758114880317,0.2310429150431948,0.7612524488827417
11.125,0.06,0.406413543818958,0.00022721597257648458,0.22862260195535972,0.7622659261125115
11.25,0.06,0.405579357921272,0.00022326584197398706,0.2262123885903166,0.7632634242185509
11.375,0.06,0.40475976256371216,0.00021942127251660452,0.22381210166471266,0.7642453639874931
11.5,0.06,0.40395436882453456,0.00021567831556350408,0.22142157279244756,0.7652121507153481
11.625,0.06,0.403162802074912,0.0002120332095502286,0.21904063829499032,0.7661641749465165
11.75,0.06,0.40238470131246684,0.00020848236930805523,0.2166691390208815,0.7671018131693669
11.875,0.06,0.4016197185322342,0.0002050223760883334,0.21430692017388095,0.7680254284711657
12.0,0.06,0.4008675181326413,0.0002016499682388972,0.21195383114926833,0.7689353711550018
12.125,0.06,0.40012777635424357,0.00019836203248246655,0.20960972537783815,0.7698319793211762
12.25,0.06,0.3994001807491394,0.00019515559575370806,0.2072744601771516,0.7707155794154144
12.375,0.06,0.39868442967912865,0.00019202781755352536,0.20494789660964255,0.7715864867461053
12.5,0.06,0.3979802318408162,0.0001889759827859395,0.202629899347205,0.7724450059726413
12.625,0.06,0.39728730581599186,0.0001859974950414712,0.2003203365418927,0.7732914315668054
12.75,0.06,0.39660537964572656,0.00018308987029813336,0.19801907970240948,0.7741260482490201
12.875,0.06,0.3959341904267344,0.00018025073101213528,0.19572600357606815,0.7749491314011643
13.0,0.06,0.39527348392863987,0.00017747780057081295,0.19344098603591967,0.7757609474575234
13.125,0.06,0.39462301423089075,0.0001747688980848052,0.19116390797277147,0.7765617542753447
13.25,0.06,0.39398254337812455,0.00017212193349767856,0.1888946531918382,0.7773518014863506
13.375,0.06,0.3933518410528912,0.00016953490299025572,0.1866331083137649,0.7781313308304543
13.5,0.06,0.3927306842646907,0.00016700588466247667,0.18437916267979426,0.7789005764728412
13.625,0.06,0.392118857054362,0.0001645330344732737,0.18213270826085998,0.779659765305473
13.75,0.06,0.3915161502129206,0.00016211458242193548,0.17989363957038826,0.7804091172339852
13.875,0.06,0.3909223610139995,0.0001597488289546622,0.17766185358062747,0.7811488454508865
14.0,0.06,0.3903372929591044,0.00015743414158218085,0.17543724964230872,0.7818791566958725
14.125,0.06,0.38976075553494366,0.0001551689516932176,0.17321972940747704,0.7826002515040291
14.25,0.06,0.38919256398215574,0.0001529517515510891,0.17100919675533402,0.783312324442609
14.375,0.06,0.38863253907477735,0.0001507810914621819,0.168805557720932,0.7840155643370365
14.5,0.06,0.3880805069098651,0.00014865557710206205,0.16660872042659725,0.7847101544867345
14.625,0.06,0.3875362987067069,0.0001465738669912401,0.16441859501593836,0.7853962728713214
14.75,0.06,0.386999750615102,0.00014453467010901841,0.1622350935903354,0.7860740923477028
14.875,0.06,0.38647070353222396,0.00014253674363570018,0.16005813014778392,0.7867437808385189
15.0,0.06,0.38594900292761075,0.00014057889081573932,0.15788762052399705,0.7874055015124144
15.125,0.06,0.38543449867585844,0.0001386599589321411,0.15572348233567262,0.7880594129565238
15.25,0.06,0.3849270448966238,0.0001367788373858944,0.15356563492582911,0.7887056693415895
15.375,0.06,0.3844264998015606,0.00013493445587367086,0.15141399931113195,0.7893444205800572
15.5,0.06,0.38393272554784386,0.00013312578265555532,0.14926849813112716,0.7899758124775116
15.625,0.06,0.38344558809795937,0.00013135182290940838,0.1471290555993128,0.7905999868777721
15.75,0.06,0.38296495708544587,0.00012961161716473898,0.14499559745597745,0.7912170818019527
15.875,0.06,0.38249070568630955,0.00012790423981266961,0.1428680509227397,0.7918272315817808
16.0,0.06,0.38202271049583175,0.00012622879768644504,0.14074634465872662,0.7924305669874506
16.125,0.06,0.3815608514105203,0.00012458442870836564,0.13863040871833435,0.7930272153502632
16.25,0.06,0.38110501151496146,0.00012297030060028004,0.13652017451050935,0.7936173006803011
16.375,0.06,0.38065507697333906,0.00012138560965367604,0.13441557475950106,0.7942009437793675
16.5,0.06,0.380210936925411,0.00011982957955644135,0.13231654346702615,0.7947782623494014
16.625,0.06,0.3797724833867307,0.0001183014602734217,0.13022301587580154,0.795349371096579
16.75,0.06,0.3793396111529213,0.00011680052697766082,0.12813492843439014,0.7959143818312934
16.875,0.06,0.3789122177078144,0.00011532607903069902,0.12605221876330816,0.7964734035641822
17.0,0.06,0.3784902031352776,0.00011387743900908059,0.12397482562235997,0.7970265425983896
17.125,0.06,0.37807347003455843,0.0001124539517750442,0.12190268887913698,0.7975739026182139
17.25,0.06,0.3776619234389867,0.00011105498358961392,0.11983574947864274,0.798115584774293
17.375,0.06,0.3772554707378787,0.00010967992126591256,0.11777394941400963,0.798651687765467
17.5,0.06,0.37685402160149745,0.00010832817136103719,0.11571723169824208,0.7991823079174738
17.625,0.06,0.37645748790892847,0.00010699915940514819,0.11366554033695903,0.7997075392585736
17.75,0.06,0.3760657836787367,0.00010569232916490844,0.11161882030209776,0.8002274735922507
17.875,0.06,0.3756788250022785,0.00010440714194177595,0.10957701750652282,0.8007422005671058
18.0,0.06,0.3752965299795442,0.0001031430759015313,0.1075400787795159,0.8012518077440373
18.125,0.06,0.3749188186574182,0.00010189962543469089,0.10550795184309804,0.8017563806608334
18.25,0.06,0.3745456129702465,0.00010067630054690515,0.10348058528915839,0.8022560028942715
18.375,0.06,0.3741768366826006,9.947262627518488e-05,0.10145792855733478,0.8027507561198264
18.5,0.06,0.3738124153341542,9.828814213439895e-05,0.09943993191364964,0.8032407201690857
18.625,0.06,0.37345227618654325,9.712240158397653e-05,0.09742654642980185,0.80372597308496
18.75,0.06,0.37309634817218357,9.597497152526903e-05,0.09541772396319302,0.8042065911747897
18.875,0.06,0.37274456184485494,9.484543181150112e-05,0.09341341713748273,0.804682649061425
19.0,0.06,0.37239684933213973,9.373337479643479e-05,0.09141357932392374,0.8051542197323807
19.125,0.06,0.37205314428936803,9.26384048759968e-05,0.08941816462300851,0.805621374587123
19.25,0.06,0.3717133818554355,9.156013809245816e-05,0.0874271278471031,0.80608418348262
19.375,0.06,0.37137749860972,9.049820168998908e-05,0.0854404245029334,0.8065427147771559
19.5,0.06,0.37104543253115924,8.945223379271534e-05,0.08345801077565468,0.8069970353726018
19.625,0.06,0.37071712295763803,8.84218829329639e-05,0.08147984351171893,0.8074472107550503
19.75,0.06,0.37039251054846184,8.740680785894619e-05,0.07950588020489234,0.8078933050341404
19.875,0.06,0.37007153724537684,8.640667693861593e-05,0.07753607897848439,0.8083353809807468
20.0,0.06,0.3697541462391821,8.542116824020666e-05,0.07557039857472207,0.8087735000637222
20.125,0.06,0.3694402819306545,8.444996857729543e-05,0.07360879833393576,0.8092077224847792
20.25,0.06,0.3691298899035099,8.349277422460369e-05,0.07165123819092394,0.8096381072131182
20.375,0.06,0.3688229168812389,8.254928902220925e-05,0.06969767864519323,0.8100647120174082
20.5,0.06,0.3685193107122667,8.161922663991996e-05,0.06774808077350954,0.8104875934990667
20.625,0.06,0.36821902031300957,8.070230629024072e-05,0.06580240617651605,0.810906807120731
20.75,0.06,0.36792199568013845,7.979825882812206e-05,0.06386061703054322,0.8113224072397057
20.875,0.06,0.36762818779588713,7.890681644831544e-05,0.06192267597402563,0.8117344471310551
21.0,0.06,0.36733754870495344,7.802772834364479e-05,0.059988546256280265,0.8121429790246648
21.125,0.06,0.367050031322364,7.716073533251099e-05,0.0580581914724076,0.8125480541179725
21.25,0.06,0.3667655896690848,7.630560937827585e-05,0.05613157595327263,0.812949722624929
21.375,0.06,0.366484178433423,7.54620905198864e-05,0.054208664120851006,0.8133480337656751
21.5,0.06,0.3662057536007435,7.462998600126748e-05,0.052289421479703994,0.8137430358477723
21.625,0.06,0.3659302713961181,7.380901294609759e-05,0.05037381302331823,0.8141347762009322
21.75,0.06,0.3656576898967837,7.29990464472146e-05,0.0484618057268565,0.8145233013410428
21.875,0.06,0.36538796642577587,7.219972656048646e-05,0.04655336458251425,0.8149086567701945
22.0,0.06,0.36512106161883395,7.141107877795581e-05,0.044648458840436174,0.8152908873492176
22.125,0.06,0.36485693294413735,7.06325313535514e-05,0.042747052122212324,0.8156700367636409
22.25,0.06,0.3645955449040845,6.986446761872642e-05,0.04084911802119543,0.8160461484183047
22.375,0.06,0.3643368528682317,6.910576548680369e-05,0.03895461542484486,0.8164192640696967
22.5,0.06,0.3640808286220457,6.835768721253141e-05,0.03706352749391958,0.8167894260278228
22.625,0.06,0.36382741996127577,6.761770069714211e-05,0.035175800022874924,0.8171566736952957
22.75,0.06,0.3635766146954932,6.688926525901147e-05,0.03329143886819517,0.817521049059171
22.875,0.06,0.36332833946668536,6.616621677025671e-05,0.03141035581865935,0.8178825879171756
23.0,0.06,0.36308262045623935,6.545761024482186e-05,0.029532612460209922,0.8182413337589279
23.125,0.06,0.3628393290575199,6.47477111610462e-05,0.027658033862099127,0.8185973152159289
23.25,0.06,0.36259858769297404,6.406030952695205e-05,0.0257868210950771,0.8189505819593309
23.375,0.06,0.3623601252675816,6.33532311418406e-05,0.023918577826807504,0.8193011448865242
23.5,0.06,0.36212431482687774,6.26916459647577e-05,0.022053860860338045,0.8196490731930394
23.625,0.06,0.3618905107658506,6.195402289233227e-05,0.020191698847129413,0.8199943257538819
23.75,0.06,0.361659772442747,6.133518337492097e-05,0.018333584165577187,0.8203370358245037
23.875,0.06,0.36143041436003503,6.044502497330497e-05,0.016476991602572637,0.8206769852444913
24.0,0.06,0.361205530495594,5.9948158573827215e-05,0.014626017704688085,0.8210145488522337
24.125,0.06,0.360980237099355,5.841871629502778e-05,0.012773616312112322,0.8213488242651729
24.25,0.06,0.3607643765489869,5.8462581869042e-05,0.01093185171872258,0.8216812280236241
24.375,0.06,0.360541724878983,5.431758427234304e-05,0.009078972463687687,0.8220080327293685
24.5,0.06,0.36034728695287366,5.695676643486221e-05,0.007254603194588787,0.8223353008862951
24.625,0.06,0.36011887409519117,4.393962095353238e-05,0.005383176517658428,0.8226489966312465
24.75,0.06,0.3599891938668508,5.623521600547405e-05,0.0036085638372392466,0.8229723518921039
24.875,0.06,0.35970216449176823,5.890528995136345e-05,0.0016514044342872357,0.8232876615971182
25.0,0.06,0.35970216449176823,0.0,0.0,0.8232876615971182
0.0,0.08,1.0,0.0,0.6720444272481632,0.0
0.125,0.08,1.0280447639736747,0.06721600687776631,0.6720444272481632,0.023269780065559565
0.25,0.08,1.0463898278294548,0.053537989924151735,0.5731432741931487,0.06081805266481453
0.375,0.08,1.021829249913574,0.04284998238733564,0.5641495466683457,0.10452470101773596
0.5,0.08,0.99667323025178,0.030830784165065215,0.5366893204985624,0.1451674413219767
0.625,0.08,0.965495364336865,0.023670641217218506,0.5308892535846387,0.1822989265469659
0.75,0.08,0.9380727192327911,0.018213715555487012,0.5194096983598107,0.21509940769474095
0.875,0.08,0.9117695354409799,0.014740992317780106,0.513288162540371,0.2444026419092321
1.0,0.08,0.8885706701365215,0.01211366959290285,0.505510763458179,0.2705125968802278
1.125,0.08,0.8672666567273596,0.010271851592311252,0.4993426124692597,0.29401607492096915
1.25,0.08,0.8481638992933974,0.008830947318211832,0.4928257243768918,0.3152439617067607
1.375,0.08,0.8306977431030614,0.00773732279487778,0.48692871013573163,0.3345566060425557
1.5,0.08,0.814813850590033,0.006850635158748087,0.48106528500351964,0.35219932760455824
1.625,0.08,0.8002200925783542,0.006137212670232055,0.4755178566732288,0.3684012447259489
1.75,0.08,0.7868048967443634,0.005540645561329823,0.4700980334976097,0.38333658062530634
1.875,0.08,0.774397840296813,0.005040856608090175,0.46488270654405167,0.39715986580090457
2.0,0.08,0.7628977972115351,0.004612668914414267,0.4598047553972808,0.40999653701437383
2.125,0.08,0.752194542891225,0.004244000633517837,0.4548801445494967,0.42195618719707806
2.25,0.08,0.7422077804599497,0.003922271525367238,0.45008078176429184,0.43313114401067354
2.375,0.08,0.7328606630336694,0.0036399724216785046,0.4454054271728847,0.44360195845760486
2.5,0.08,0.72409129212142,0.003390095482132095,0.44083963129647896,0.45343796161575683
2.625,0.08,0.7158433288996132,0.003167793637807774,0.4363780653139698,0.46269986547967634
2.75,0.08,0.708069050626096,0.0029687926229650017,0.43201171463113536,0.4714406363818481
2.875,0.08,0.7007257471313593,0.0027898502197070746,0.42773493905130583,0.4797069167758718
3.0,0.08,0.693776266941416,0.0026281757382139556,0.42354130718087485,0.487539795951662
3.125,0.08,0.6871874609551212,0.002481531524290804,0.41942581953325037,0.49497568314775486
3.25,0.08,0.6809300472441772,0.0023480040005048036,0.4153835186957877,0.502046905986634
3.375,0.08,0.6749778330250645,0.0022260064399321103,0.4114101742808519,0.5087822901317842
3.5,0.08,0.6693074456241647,0.002114178918481031,0.40750179896801597,0.5152076055410102
3.625,0.08,0.6638978838087359,0.0020113694539609546,0.403654845739899,0.5213459701629032
3.75,0.08,0.6587302655141533,0.0019165848003316604,0.39986602626452256,0.5272181792601645
3.875,0.08,0.6537875387623437,0.00182897109755591,0.3961323561061166,0.5328429950700775
4.0,0.08,0.6490542773571693,0.001747786754037419,0.39245107776598726,0.5382373902911388
4.125,0.08,0.6445164804927557,0.001672387145048268,0.3888196609003536,0.5434167601863852
4.25,0.08,0.6401614144986171,0.001602208215434773,0.38523576393369247,0.5483951039010327
4.375,0.08,0.6359774675364291,0.0015367552539212756,0.38169722292254454,0.5531851822097678
4.5,0.08,0.6319540283950111,0.0014755922872308038,0.37820202892012994,0.5577986538178453
4.625,0.08,0.6280813781172028,0.0014183340212875024,0.3747483156157013,0.5622461942400142
4.75,0.08,0.6243505970261413,0.001364638654371409,0.3713343441269976,0.5665375993270875
4.875,0.08,0.6207534823284108,0.0013142020977223163,0.36795849210962234,0.5706818759359195
5.0,0.08,0.6172824763138169,0.0012667529445423242,0.36461924265794865,0.5746873214079493
5.125,0.08,0.6139306027914786,0.0012220482935468853,0.36131517531308693,0.5785615935186199
5.25,0.08,0.6106914111566132,0.0011798701419908583,0.35804495756666516,0.5823117721577575
5.375,0.08,0.607558926760915,0.0011400223340075478,0.3548073375728298,0.5859444138971588
5.5,0.08,0.6045276069339189,0.0011023279257792165,0.3516011374610917,0.5894656003788307
5.625,0.08,0.6015923018192304,0.0010666269285488214,0.3484252474396625,0.5928809813488343
5.75,0.08,0.5987482194741046,0.001032774353783784,0.3452786204372845,0.5961958130238957
5.875,0.08,0.5959908946630347,0.0010006385235437378,0.3421602673091735,0.5994149923884018
6.0,0.08,0.5933161609122738,0.0009700996003623954,0.3390692524870959,0.6025430879277135
6.125,0.08,0.5907201254186724,0.0009410483074078853,0.33600469005298894,0.6055843672351827
6.25,0.08,0.5881991464810602,0.000913384809278296,0.3329657401694097,0.6085428218666713
6.375,0.08,0.5857498131553077,0.0008870177316085297,0.32995160583748434,0.6114221897655004
6.5,0.08,0.5833689268804706,0.000861863299312882,0.3269615299399742,0.6142259755356873
6.625,0.08,0.5810534848522795,0.0008378445774802558,0.3239947925423687,0.6169574688041536
6.75,0.08,0.5788006649513021,0.0008148908007560693,0.3210507084224877,0.619619760880336
6.875,0.08,0.5766078120560828,0.000792936779545084,0.318128624806187,0.6222157598946471
7.0,0.08,0.5744724255934959,0.0007719223728806252,0.31522791928747673,0.6247482045740727
7.125,0.08,0.5723921481962004,0.0007517920194174794,0.3123479979151738,0.627219676793665
7.25,0.08,0.5703647553530539,0.0007324943191613008,0.3094882934296251,0.6296326130259966
7.375,0.08,0.5683881459517471,0.0007139816596387545,0.306648263635405,0.6319893147964663
7.5,0.08,0.5664603336247561,0.0006962098810707696,0.30382738989724306,0.6342919582402246
7.625,0.08,0.5645794388198689,0.0006791379758756988,0.3010251757480352,0.6365426028461272
7.75,0.08,0.5627436815254132,0.0006627278184569863,0.2982411455989294,0.6387431994641567
7.875,0.08,0.5609513745880653,0.0006469439217786556,0.29547484354260833,0.6408955976450357
8.0,0.08,0.5592009175678219,0.0006317532176882756,0.29272583224181087,0.6430015523739897
8.125,0.08,0.5574907910806476,0.0006171248583465856,0.28999369189594765,0.6450627302546874
8.25,0.08,0.5558195515844693,0.0006030300364574878,0.2872780192793901,0.6470807151941071
8.375,0.08,0.5541858265687315,0.0005894418222822762,0.28457842684562584,0.6490570136343845
8.5,0.08,0.5525883101117465,0.0005763350156694239,0.281894541892041,0.6509930593734478
8.625,0.08,0.5510257587735936,0.0005636860115459939,0.27922600578054585,0.6528902180123817
8.75,0.08,0.5494969877954861,0.000551472677499394,0.27657247320970946,0.6547497910639555
8.875,0.08,0.5480008675792895,0.0005396742422358724,0.2739336115344476,0.6565730197535123
9.0,0.08,0.546536320423384,0.000528271193841699,0.2713091001296208,0.6583610885404481
9.125,0.08,0.5451023174932702,0.0005172451868890181,0.26869862979423753,0.6601151283857634
9.25,0.08,0.5436978760073277,0.0005065789575337579,0.2661019021932087,0.6618362197886632
9.375,0.08,0.5423220566199259,0.0004962562458446032,0.26351862933384274,0.6635253956128504
9.5,0.08,0.5409739609856892,0.0004862617246764375,0.26094853307451604,0.6651836437210343
9.625,0.08,0.5396527294902101,0.00047658093447724867,0.2583913446631427,0.6668119094342445
9.75,0.08,0.5383575391337871,0.0004672002234746899,0.25584680430325457,0.6684110978307642
9.875,0.08,0.5370876015560018,0.00045810669274471436,0.25331466074569076,0.6699820758979149
10.0,0.08,0.5358421611900015,0.0004492881457132919,0.25079467090404156,0.6715256745484844
10.125,0.08,0.5346204935363682,0.0004407330416849883,0.24828659949214277,0.6730426905123277
10.25,0.08,0.5334219035473355,0.0004324304530323877,0.24579021868207193,0.6745338881125178
10.375,0.08,0.5322457241129325,0.00042437002571401363,0.24330530778118645,0.6760000009344548
10.5,0.08,0.5310913146413841,0.0004165419428209097,0.2408316529269003,0.6774417333954494
10.625,0.08,0.5299580597267582,0.00040893689088100074,0.23836904679798301,0.6788597622215501
10.75,0.08,0.5288453678974667,0.00040154602867670475,0.23591728834126216,0.6802547378377392
10.875,0.08,0.5277526704397711,0.00039436095835362195,0.23347618251271576,0.6816272856770487
11.0,0.08,0.5266794202909663,0.00038737369862043276,0.2310455400320129,0.6829780074136788
11.125,0.08,0.5256250909973402,0.00038057665986037975,0.22862517714964048,0.6843074821247874
11.25,0.08,0.5245891757324478,0.0003739626209912047,0.22621491542582295,0.6856162673852715
11.375,0.08,0.5235711863715788,0.0003675247079274276,0.22381458152050857,0.6869049002995582
11.5,0.08,0.5225706526186668,0.0003612563735123293,0.22142400699374576,0.688173898474179
11.625,0.08,0.5215871211821481,0.00035515137880057376,0.21904302811582746,0.6894237609346426
11.75,0.08,0.5206201549966021,0.00034920377558458275,0.21667148568663258,0.6906549689899707
11.875,0.08,0.5196693324872006,0.0003434078900678534,0.21430922486362525,0.6918679870480324
12.0,0.08,0.5187342468742585,0.0003377583075968876,0.21195609499801585,0.6930632633846819
12.125,0.08,0.5178145055153501,0.0003322498583737728,0.20961194947862677,0.6942412308695409
12.25,0.08,0.5169097292826565,0.00032687760407674636,0.20727664558302342,0.6954023076511174
12.375,0.08,0.5160195519733657,0.0003216368253240192,0.20495004433550776,0.6965468978038176
12.5,0.08,0.5151436197511073,0.0003165230099219261,0.20263201037159972,0.6976753919392765
12.625,0.08,0.5142815906165318,0.00031153184184258483,0.20032241180863924,0.6987881677842862
12.75,0.08,0.5134331339052737,0.0003066591908809851,0.19802112012218429,0.6998855907274849
12.875,0.08,0.5125979298116663,0.00030190110294744146,0.19572801002788445,0.7009680143368322
13.0,0.08,0.5117756689366636,0.00029725379095144625,0.1934429593685288,0.7020357808497768
13.125,0.08,0.5109660518585386,0.0002927136262392314,0.1911658490059902,0.7030892216378907
13.25,0.08,0.5101687887250109,0.00028827713054821913,0.18889656271780425,0.7041286576476367
13.375,0.08,0.5093835988655581,0.00028394096844389007,0.18663498709812773,0.7051543998188107
13.5,0.08,0.5086102104227186,0.0002797019402092699,0.18438101146284383,0.7061667494820901
13.625,0.08,0.5078483600012976,0.0002755569751560491,0.18213452775859668,0.7071659987370301
13.75,0.08,0.5070977923344373,0.0002715031253299463,0.17989543047553969,0.7081524308117164
13.875,0.08,0.5063582599655939,0.0002675375595848119,0.17766361656361307,0.7091263204052314
14.0,0.08,0.5056295229455102,0.0002636575580015628,0.17543898535215705,0.7100879340139619
14.125,0.08,0.504911348543348,0.0002598605066271577,0.17322143847269725,0.7110375302427364
14.25,0.08,0.504203510971188,0.00025614389251405796,0.171010879784745,0.71197536010166
14.375,0.08,0.5035057911211537,0.0002525052990404149,0.16880721530445156,0.7129016672894959
14.5,0.08,0.5028179763144848,0.00024894240148950824,0.16661035313599318,0.7138166884643352
14.625,0.08,0.5021398600618917,0.00024545296287367175,0.1644202034055435,0.7147206535022715
14.75,0.08,0.5014712418346181,0.00024203482998517656,0.1622366781977296,0.7156137857447291
14.875,0.08,0.500811926845619,0.00023868592965828951,0.16005969149444293,0.716496302235057
15.0,0.08,0.50016172584035,0.00023540426522989242,0.157889159115912,0.7173684139449505
15.125,0.08,0.49952045489666247,0.00023218791318314555,0.15572499866394013,0.7182303259912294
15.25,0.08,0.49888793523334535,0.00022903501996472724,0.15356712946721499,0.7190822378434709
15.375,0.08,0.49826399302688407,0.00022594379896291743,0.15141547252860754,0.7199243435229499
15.5,0.08,0.4976484592360259,0.00022291252763636038,0.14926995047438307,0.7207568317933356
15.625,0.08,0.49704116943377374,0.00021993954478402572,0.1471304875052477,0.7215798863435378
15.75,0.08,0.49644196364644844,0.00021702324794834634,0.14499700934916568,0.7223936859630951
15.875,0.08,0.4958506861994784,0.00021416209094334693,0.14286944321587766,0.7231984047104666
16.0,0.08,0.495267185569602,0.00021135458150053563,0.14074771775305908,0.7239942120745587
16.125,0.08,0.494691314243178,0.0002085992790244341,0.1386317630040613,0.7247812731298203
16.25,0.08,0.4941229285803224,0.0002058947924546781,0.13652151036717655,0.7255597486851934
16.375,0.08,0.4935618886845919,0.00020323977822618835,0.13441689255637115,0.7263297954272132
16.5,0.08,0.49300805827797073,0.0002006329383242279,0.13231784356343554,0.7270915660575171
16.625,0.08,0.4924613045809037,0.00019807301842872821,0.13022429862150067,0.7278452094250212
16.75,0.08,0.4919214981971534,0.00019555880614306322,0.12813619416987002,0.7285908706529896
16.875,0.08,0.49138851300325276,0.0001930891293047102,0.12605346782011187,0.7293286912612243
17.0,0.08,0.4908622260423469,0.00019066285437229172,0.12397605832338236,0.7300588092835784
17.125,0.08,0.49034251742222285,0.00018827888488673057,0.12190390553891138,0.7307813593809953
17.25,0.08,0.48982927021733047,0.0001859361600025481,0.11983695040361525,0.7314964729502452
17.375,0.08,0.48932237037462156,0.00018363365308575997,0.11777513490280306,0.7322042782285431
17.5,0.08,0.48882170662302127,0.00018137037037662662,0.11571840204190932,0.7329049003942019
17.625,0.08,0.4883271703863741,0.00017914534971303383,0.11366669581922537,0.7335984616634779
17.75,0.08,0.4878386556997028,0.0001769576593119891,0.11161996119959493,0.7342850813837544
17.875,0.08,0.4873560591286261,0.00017480639660774505,0.10957814408901306,0.7349648761232002
18.0,0.08,0.4868792796917976,0.00017269068714247272,0.10754119131010798,0.7356379597570365
18.125,0.08,0.4864082187862204,0.0001706096835071221,0.10550905057845493,0.7363044435505318
18.25,0.08,0.48594278011531933,0.0001685625643321734,0.10348167047969711,0.736964436238861
18.375,0.08,0.4854828696196283,0.00016654853332178924,0.10145900044741915,0.7376180441039262
18.5,0.08,0.4850283954100003,0.00016456681833556803,0.09944099074177572,0.7382653710482703
18.625,0.08,0.48457926770319476,0.00016261667050634075,0.09742759242877701,0.7389065186661787
18.75,0.08,0.4841353987597866,0.000160697363405053,0.09541875736030844,0.7395415863120912
18.875,0.08,0.48369670282421506,0.00015880819223139267,0.09341443815468016,0.7401706711664132
19.0,0.08,0.48326309606701134,0.0001569484730592838,0.09141458817795543,0.7407938682988486
19.125,0.08,0.4828344965288984,0.0001551175420846286,0.08941916152559369,0.741411270729325
19.25,0.08,0.4824108240670241,0.00015331475495405255,0.0874281130050757,0.7420229694866604
19.375,0.08,0.481992000302698,0.00015153948604748371,0.08544139811838992,0.7426290536649887
19.5,0.08,0.48157794857142705,0.00014979112790879397,0.08345897304608911,0.7432296104781573
19.625,0.08,0.4811685938737967,0.0001480690905140147,0.0814807946301655,0.7438247253120186
19.75,0.08,0.4807638628293156,0.0001463728008657939,0.07950682036004351,0.7444144817749552
19.875,0.08,0.4803636836297066,0.00014470170213505974,0.07753700835483708,0.744998961746353
20.0,0.08,0.47996798599704105,0.00014305525358007787,0.07557131735266777,0.74557824542369
20.125,0.08,0.4795767011380228,0.0001414329292931829,0.07360970668992826,0.746152411367405
20.25,0.08,0.47918976170803906,0.000139834218856668,0.07165213629751425,0.746721536545082
20.375,0.08,0.4788071017632865,0.00013825862502926087,0.06969856667126433,0.747285696372726
20.5,0.08,0.47842865673516866,0.00013670566617794973,0.06774895888418572,0.7478449647568413
20.625,0.08,0.4780543633727362,0.0001351748712505172,0.06580327453357669,0.7483994141316332
20.75,0.08,0.47768415973884415,0.00013366578658878655,0.06386147579203026,0.7489491155004925
20.875,0.08,0.47731798512438844,0.00013217796405418105,0.0619235252951174,0.7494941384674582
21.0,0.08,0.47695578009506523,0.0001307109787457232,0.059989386288154145,0.7500345512814047
21.125,0.08,0.476597486331383,0.00012926439995383275,0.05805902236427374,0.75057042085719
21.25,0.08,0.4762430467984153,0.00012783783609067893,0.05613239784938879,0.7511018128303647
21.375,0.08,0.4758924053967839,0.00012643086266369666,0.0542094771654612,0.751628791556207
21.5,0.08,0.4755455074366601,0.0001250431351879113,0.052290225809449566,0.752151420194058
21.625,0.08,0.4752022988129782,0.0001236742096542161,0.050374608779439896,0.7526697606544689
21.75,0.08,0.4748627272370453,0.00012232382533854507,0.04846259303612029,0.753183873760457
21.875,0.08,0.4745267402195969,0.00012099145637912487,0.046554143587563164,0.7536938190681706
22.0,0.08,0.47419428819364196,0.00011967701936366001,0.04464922965204045,0.7541996552226446
22.125,0.08,0.4738653195152101,0.00011837975194605468,0.0427478148949921,0.7547014394653131
22.25,0.08,0.4735397883125677,0.00011709998352616006,0.04084987283418653,0.7551992284774953
22.375,0.08,0.47321764202977246,0.0001158363267303615,0.03895536247082903,0.7556930771065677
22.5,0.08,0.472898841098092,0.00011459011511056232,0.037064266780333775,0.7561830404313489
22.625,0.08,0.47258332782561924,0.00011335834802605624,0.03517653184674384,0.7566691705251862
22.75,0.08,0.47227107568406,0.00011214485665441489,0.03329216306417935,0.7571515215968966
22.875,0.08,0.4719620114600849,0.00011094246567384517,0.031411072958342584,0.7576301417661203
23.0,0.08,0.47165613896578074,0.00010976134528090931,0.029533321944063433,0.7581050860470204
23.125,0.08,0.471353343603798,0.00010858327403673176,0.027658736990903512,0.7585763951699839
23.25,0.08,0.4710537043962417,0.0001074350628799708,0.025787516130412226,0.7590441291504737
23.375,0.08,0.47075699992852554,0.00010626783690340512,0.023919268090479978,0.7595083109935364
23.5,0.08,0.4704635039477321,0.00010515502645525631,0.02205454141328769,0.7599690175002282
23.625,0.08,0.47017271724963366,0.00010395533950014882,0.020192379092173245,0.7604262201311326
23.75,0.08,0.46988544319717845,0.0001028882374846593,0.018334249104462286,0.7608800516961852
23.875,0.08,0.4696004271141974,0.0001014985826191964,0.016477671283262562,0.7613303084908524
24.0,0.08,0.469320022527009,0.00010053691812474836,0.01462666055710768,0.7617773375780512
24.125,0.08,0.46904071549784304,9.833545034913805e-05,0.012774332282134043,0.7622202597353185
24.25,0.08,0.46876990088463144,9.785879225132238e-05,0.010932437865737603,0.7626603653590561
24.375,0.08,0.4684962230587022,9.235047721324518e-05,0.009079874084399503,0.7630939951045704
24.5,0.08,0.4682455574066316,9.450351834659576e-05,0.007254965677862817,0.7635267778577991
24.625,0.08,0.46797427082188375,7.773124991072049e-05,0.005384733787265349,0.7639448586020204
24.75,0.08,0.46778182287040704,9.160372023276264e-05,0.003608140316306363,0.7643709244120251
24.875,0.08,0.4674761287447255,8.448559049512281e-05,0.0016515665118427738,0.7647818690969074
25.0,0.08,0.4674761287447255,0.0,0.0,0.7647818690969074
0.0,0.1,1.0,0.0,0.661810253172976,0.0
0.125,0.1,1.0362776547848185,0.0613416907673337,0.661810253172976,0.008400131060175833
0.25,0.1,1.068824301115878,0.05234507614828523,0.574929482492604,0.025262834878016113
0.375,0.1,1.0660043616677348,0.04470639480253031,0.5653330194395823,0.04843931158192844
0.5,0.1,1.0589306371081846,0.034006720816125255,0.5382585589803496,0.07292353166921864
0.625,0.1,1.0432248596047693,0.0272481156230819,0.5317594682837703,0.09759372672015848
0.75,0.1,1.027653674921293,0.021788239821338148,0.5200817362690279,0.12122248295223065
0.875,0.1,1.0107374462249432,0.01815184987889983,0.5136896503199673,0.14374521543859253
1.0,0.1,0.9946760252836585,0.01531156211234655,0.5058116608458633,0.16494691865012948
1.125,0.1,0.9789118150342889,0.013247044574841493,0.49954370227553185,0.18491564971576638
1.25,0.1,0.9640235836786933,0.011592853510480308,0.4929813756258755,0.20366302907678085
1.375,0.1,0.9497969106091871,0.010300501330136897,0.48704356805309357,0.2212839951060195
1.5,0.1,0.9363706623710862,0.009231914165084662,0.48115795891959895,0.2378407978079802
1.625,0.1,0.9236437139262076,0.008352939089090662,0.475591603887718,0.2534171394022109
1.75,0.1,0.9116261901196643,0.0076062592170776586,0.47015981041870086,0.26808161154476373
1.875,0.1,0.900254625792064,0.006970426622320581,0.46493448144612887,0.28190585994622014
2.0,0.1,0.889502241673251,0.006418904684275223,0.4598494085123208,0.294952980065911
2.125,0.1,0.879320715027665,0.00593828246977033,0.45491885169942536,0.30728367732979744
2.25,0.1,0.8696753022564384,0.005514757658776324,0.45011488770025726,0.3189526878616938
2.375,0.1,0.8605262540457945,0.005139719151276601,0.4454356555374237,0.330011002920772
2.5,0.1,0.8518400461943482,0.004805173050729483,0.4408666933789943,0.34050491435405966
2.625,0.1,0.8435833085844692,0.0045054019327786495,0.4364024247018555,0.3504769606160957
2.75,0.1,0.8357263573498722,0.004235361192462931,0.4320337909888344,0.35996582863583354
2.875,0.1,0.8282411075529954,0.0039911318123015665,0.42775504111077717,0.36900687085293477
3.0,0.1,0.8211021065372676,0.003769326135170483,0.42355970406391635,0.3776322682598985
3.125,0.1,0.814285733922687,0.003567181570154787,0.41944272400163757,0.3858713821911544
3.25,0.1,0.807770428635973,0.003382321354530478,0.4153991138734338,0.3937509751356602
3.375,0.1,0.8015363199087482,0.0032127502871600578,0.4114246112005078,0.40129547913607705
3.5,0.1,0.795565204365751,0.0030567471792130345,0.4075152076021166,0.40852720667565157
3.625,0.1,0.7898403338371814,0.0029128402753223373,0.40366733609968947,0.41546656379936187
3.75,0.1,0.7843463256918096,0.0027797525647164207,0.39987769353422903,0.42213223160780616
3.875,0.1,0.7790690176691581,0.002656377993963004,0.396143282249343,0.42854133696709823
4.0,0.1,0.7739953705553849,0.0025417503120161848,0.3924613342307956,0.43470960222493055
4.125,0.1,0.7691133587799373,0.0024350243922351346,0.3888293099860445,0.44065148188926206
4.25,0.1,0.7644118829766344,0.0023354568392353857,0.3852448603764527,0.4463802838252302
4.375,0.1,0.7598806838796813,0.002242392211531407,0.3817058149230933,0.45190827852285437
4.5,0.1,0.7555102684912626,0.0021552501764538746,0.37821015915017403,0.45724679643466204
4.625,0.1,0.7512918410906421,0.002073515523490641,0.37475602196257024,0.4624063153169597
4.75,0.1,0.7472172423364514,0.001996729291995862,0.371341660368662,0.4673965382420969
4.875,0.1,0.7432788935430198,0.0019244815304426696,0.36796544845079643,0.47222646353084285
5.0,0.1,0.7394697468669825,0.0018564049878758081,0.36462586620033016,0.47690444736301624
5.125,0.1,0.7357832400813359,0.0017921698239519244,0.3613214904436511,0.48143825996223716
5.25,0.1,0.7322132558908098,0.0017314790267080684,0.3580509862943374,0.4858351360311726
5.375,0.1,0.7287540850715736,0.0016740645071216841,0.3548130998128628,0.49010182011213144
5.5,0.1,0.7254003931823912,0.0016196837144176234,0.3516066512812556,0.49424460743000687
5.625,0.1,0.7221471903904533,0.0015681167199755545,0.34843052927122203,0.4982693807352658
5.75,0.1,0.7189898041371485,0.0015191636817126482,0.34528368525818637,0.5021816435899453
5.875,0.1,0.7159238543197225,0.001472642641986374,0.3421651288026509,0.5059865504954617
6.0,0.1,0.7129452307458005,0.0014283876043065977,0.33907392318004625,0.5096889342083053
6.125,0.1,0.7100500726172227,0.001386246852094906,0.33600918143674663,0.5132933305505997
6.25,0.1,0.7072347498421875,0.0013460814732085152,0.3329700628056874,0.516804000983366
6.375,0.1,0.7044958459874912,0.0013077640627561218,0.3299557694514628,0.5202249531785197
6.5,0.1,0.7018301427088653,0.001271177579095274,0.32696554350240287,0.5235599597961185
6.625,0.1,0.6992346055119896,0.0012362143327882455,0.32399866434213476,0.5268125756485366
6.75,0.1,0.6967063707148462,0.0012027750906531754,0.3210544461309462,0.5299861534110312
6.875,0.1,0.6942427334950771,0.0011707682800533499,0.318132235534325,0.5330838580192381
7.0,0.1,0.691841136919291,0.0011401092804887486,0.3152314096368318,0.5361086798775578
7.125,0.1,0.6894991618619664,0.0011107197915350843,0.31235137402329116,0.5390634469882223
7.25,0.1,0.6872145177316815,0.0010825272676393966,0.3094915610107278,0.5419508360985644
7.375,0.1,0.6849850339309376,0.0010554644116476824,0.3066514280168563,0.5447733829535094
7.5,0.1,0.682808651983603,0.001029468720028889,0.3038304560522991,0.5475334917312742
7.625,0.1,0.6806834182707229,0.001004482073728783,0.30102814832531927,0.5502334437324838
7.75,0.1,0.6786074773214716,0.000980450369387193,0.29824402894900554,0.5528754053862194
7.875,0.1,0.6765790656112941,0.0009573231863538109,0.2954776417419763,0.5554614356307032
8.0,0.1,0.674596505823986,0.0009350534855259569,0.29272854911460916,0.557993492721252
8.125,0.1,0.672658201538603,0.0009135973365408099,0.28999633103361505,0.5604734405136842
8.25,0.1,0.6707626323057927,0.0008929136702902314,0.2872805840585009,0.5629030542673836
8.375,0.1,0.6689083490814142,0.0008729640541000421,0.2845809204440951,0.5652840260086732
8.5,0.1,0.6670939699882354,0.0008537124872362871,0.2818969673038664,0.5676179694919055
8.625,0.1,0.6653181763791206,0.0008351252146787003,0.2792283658292384,0.5699064247927077
8.75,0.1,0.663579709177458,0.0008171705573410473,0.2765747705605464,0.5721508625650564
8.875,0.1,0.6618773654726934,0.0007998187571212997,0.2739358487056648,0.5743526879912814
9.0,0.1,0.660209995350727,0.0007830418353479754,0.27131127950264905,0.5765132444516892
9.125,0.1,0.6585764989406688,0.0007668134633400733,0.26870075362307916,0.5786338169382093
9.25,0.1,0.6569758236609848,0.0007511088439360946,0.2661039726130364,0.5807156352343258
9.375,0.1,0.6554069616495163,0.0007359046029664111,0.2635206483688958,0.5827598768815442
9.5,0.1,0.6538689473631295,0.0007211786897446807,0.26095050264536124,0.5847676699507374
9.625,0.1,0.6523608553339384,0.0007069102857493028,0.2583932665933587,0.5867400956349524
9.75,0.1,0.6508817980701472,0.0006930797207427359,0.2558486803255951,0.5886781906786055
9.875,0.1,0.6494309240905358,0.0006796683956540601,0.25331649250777344,0.5905829496564805
10.0,0.1,0.6480074160825198,0.0006666587116096751,0.25079645997360506,0.5924553271145406
10.125,0.1,0.646610489174584,0.0006540340045585189,0.2482883473619129,0.5942962395833044
10.25,0.1,0.6452393893146168,0.000641778484988577,0.24579192677426948,0.5961065674733799
10.375,0.1,0.6438933917464144,0.0006298771822793416,0.24330697745170896,0.597887156861731
10.5,0.1,0.6425717995772497,0.0006183158932765339,0.24083328546920502,0.5996388211763413
10.625,0.1,0.641273942429995,0.0006070811347167396,0.23837064344669767,0.6013623427861199
10.75,0.1,0.6399991751738432,0.0005961600991623399,0.23591885027554474,0.6030584745022329
10.875,0.1,0.6387468767281502,0.0005855406141414796,0.23347771085938437,0.6047279409963923
11.0,0.1,0.6375164489343863,0.000575211104214518,0.23104703586846517,0.6063714401411486
11.125,0.1,0.6363073154915838,0.0005651605557183167,0.22862664150657747,0.6079896442767768
11.25,0.1,0.6351189209510572,0.0005553784839617245,0.22621634928979373,0.6095832014089676
11.375,0.1,0.6339507297664964,0.0005458549026690539,0.2238159858362903,0.611152736341222
11.5,0.1,0.6328022253958534,0.0005365802954873071,0.2214253826665694,0.6126988517455826
11.625,0.1,0.631672909451715,0.0005275455893904488,0.2190443760134627,0.6142221291750913
11.75,0.1,0.6305623008971113,0.0005187421298326994,0.21667280664134136,0.6157231300211908
11.875,0.1,0.6294699352839376,0.0005101616575146844,0.21431051967399348,0.6172023964190972
12.0,0.1,0.6283953640313777,0.0005017962866404721,0.21195736443067234,0.618660452104038
12.125,0.1,0.6273381537418954,0.0004936384845557024,0.20961319426985717,0.6200978032211102
12.25,0.1,0.6262978855525462,0.0004856810526655138,0.2072778664402869,0.6215149390913904
12.375,0.1,0.6252741545195072,0.0004779171085416072,0.20495124193886302,0.6229123329368134
12.5,0.1,0.6242665690338678,0.00047034006913664755,0.2026331853750462,0.6242904425662312
12.625,0.1,0.6232747502668471,0.0004629436350285347,0.20032356484138014,0.6256497110249385
12.75,0.1,0.6222983316427444,0.0004557217756252024,0.19802225178981567,0.6269905672098653
12.875,0.1,0.6213369583380032,0.00044866871526728425,0.19572912091351718,0.6283134264525158
13.0,0.1,0.6203902868049067,0.00044177892016820984,0.19344405003384554,0.6296186910716224
13.125,0.1,0.6194579843184921,0.0004350470861382575,0.19116691999224353,0.6309067508973996
13.25,0.1,0.6185397285453658,0.00042846812704039154,0.18889761454675888,0.6321779837691405
13.375,0.1,0.6176352071331876,0.00042203716393054974,0.18663602027295087,0.6334327560078294
13.5,0.1,0.6167441173196616,0.0004157495148403206,0.18438202646894705,0.6346714228653199
13.625,0.1,0.6158661655599424,0.0004096006851577385,0.18213552506443248,0.6358943289515293
13.75,0.1,0.6150010671714397,0.00040358635856853245,0.17989641053335467,0.6371018086410133
13.875,0.1,0.6141485459950619,0.00039770238852164286,0.17766457981016165,0.6382941864601781
14.0,0.1,0.6133083340719936,0.0003919447901852739,0.17543993220937792,0.63947177745631
14.125,0.1,0.6124801713351737,0.0003863097328588557,0.1732223693483541,0.640634887549508
14.25,0.1,0.6116638053146759,0.0003807935328136548,0.17101179507303463,0.6417838138685382
14.375,0.1,0.6108589908562517,0.00037539264653270265,0.16880811538658017,0.6429188450715383
14.5,0.1,0.6100654898523477,0.0003701036643219731,0.16661123838072361,0.6440402616524511
14.625,0.1,0.6092830709849384,0.0003649233042707144,0.16442107416971571,0.6451483362339921
14.75,0.1,0.60851150947957,0.0003598484065361788,0.1622375348267531,0.6462433338478938
14.875,0.1,0.6077505868700368,0.00035487592793139133,0.16006053432276643,0.6473255122031323
15.0,0.1,0.6070000907731665,0.00035000293679620135,0.1578899884674686,0.6483951219427811
15.125,0.1,0.6062598146731979,0.0003452266081330951,0.1557258148525711,0.6494524068900923
15.25,0.1,0.6055295577152874,0.00034054421899096276,0.15356793279707223,0.6504976042843756
15.375,0.1,0.6048091245076926,0.00033595314408053445,0.1514162632945372,0.6515309450072007
15.5,0.1,0.6040983249322266,0.0003314508516068151,0.1492707289622889,0.652552653799411
15.625,0.1,0.6033969739625775,0.00032703489930581105,0.14713125399243882,0.6535629494694232
15.75,0.1,0.6027048914901291,0.0003227029306727998,0.14499776410468587,0.6545620450932329
15.875,0.1,0.6020219021569276,0.0003184526713714735,0.14287018650081978,0.6555501482065477
16.0,0.1,0.601347835195472,0.00031428192581306843,0.14074844982086368,0.6565274609894165
16.125,0.1,0.6006825242749972,0.0003101885738953746,0.138632484100803,0.6574941804437253
16.25,0.1,0.6000258073539713,0.0003061705678947734,0.1365222207318341,0.6584504985638923
16.375,0.1,0.599377526538508,0.000302225929502132,0.1344175924210875,0.659396602501073
16.5,0.1,0.598737527946433,0.0002983527469948592,0.13231853315376407,0.6603326747211808
16.625,0.1,0.5981056615767477,0.00029454917253964974,0.13022497815664158,0.661258893156996
16.75,0.1,0.5974817811842413,0.0002908134196177217,0.12813686386289488,0.662175431354618
16.875,0.1,0.5968657441590223,0.00028714376056882945,0.12605412787817863,0.6630824586145116
17.0,0.1,0.5962574114107462,0.00028353852424655096,0.12397670894794109,0.6639801401273671
17.125,0.1,0.5956566472573256,0.00027999609378139717,0.12190454692590082,0.6648686371049886
17.25,0.1,0.5950633193179199,0.0002765149044453547,0.11983758274365046,0.6657481069064067
17.375,0.1,0.5944772984100121,0.00027309344161403405,0.11777575838135618,0.6666187031594025
17.5,0.1,0.5938984584503868,0.0002697302388221961,0.11571901683948178,0.6674805758776113
17.625,0.1,0.5933266763598337,0.0002664238759079004,0.11366730211151362,0.6683338715733711
17.75,0.1,0.5927618319714074,0.0002631729772408615,0.11162055915764957,0.669178733366468
17.875,0.1,0.5922038079420818,0.00025997621003291335,0.10957873387939118,0.6700153010889203
18.0,0.1,0.59165248966765,0.00025683228272428807,0.1075417730950198,0.6708437113859397
18.125,0.1,0.5911077652007185,0.0002537399434436488,0.1055096245159054,0.6716640978131944
18.25,0.1,0.5905695251716646,0.000250697978539036,0.10348223672362103,0.6724765909305057
18.375,0.1,0.5900376627124135,0.0002477052111727134,0.10145955914781232,0.6732813183920914
18.5,0.1,0.5895120733829315,0.00024476049998356015,0.09944154204482043,0.6740784050334693
18.625,0.1,0.588992655100282,0.0002418627378035579,0.09742813647696394,0.6748679729551391
18.75,0.1,0.5884793080701836,0.00023901085043922076,0.09541929429255307,0.675650141603154
18.875,0.1,0.5879719347208907,0.00023620379549463884,0.0934149681064366,0.6764250278466744
19.0,0.1,0.5874704396394029,0.00023344056126634743,0.0914151112813241,0.6771927460526346
19.125,0.1,0.5869747295097442,0.00023072016565351295,0.08941967790942809,0.6779534081575973
19.25,0.1,0.5864847130534818,0.0002280416551656942,0.08742862279508135,0.6787071237369371
19.375,0.1,0.5860003009719803,0.0002254041038931366,0.08544190143722666,0.6794540000714038
19.5,0.1,0.5855214058909941,0.00022280661264550305,0.08345947001345873,0.6801941422112485
19.625,0.1,0.5850479423064162,0.0002202483079283214,0.08148128536291453,0.6809276530378848
19.75,0.1,0.5845798265328753,0.00021772834127379052,0.0795073049722334,0.6816546333233875
19.875,0.1,0.5841169766523278,0.00021524588810302315,0.0775374869578575,0.6823751817876107
20.0,0.1,0.583659312466976,0.00021280014741855642,0.0755717900552748,0.6830893951535273
20.125,0.1,0.5832067554495055,0.00021039034026513643,0.07361017359839356,0.6837973682000807
20.25,0.1,0.5827592287015684,0.00020801571021774375,0.0716525975155909,0.6844991938139237
20.375,0.1,0.5823166569030904,0.0002056755207362158,0.06969902230043593,0.685194963038102
20.5,0.1,0.5818789662798127,0.00020336905754683282,0.06774940902346137,0.6858847651209925
20.625,0.1,0.5814460845455844,0.00020109562313838043,0.065803719279996,0.6865686875604976
20.75,0.1,0.5810179408880652,0.00019885454379375597,0.0638619152400402,0.6872468161515971
20.875,0.1,0.580594465889115,0.0001966451568514123,0.061923959537726385,0.6879192350246829
21.0,0.1,0.5801755915517319,0.00019446682929101324,0.059989815415270854,0.6885860266947311
21.125,0.1,0.5797612511616097,0.00019231892682746124,0.058059446465489814,0.6892472720898312
21.25,0.1,0.5793513794132981,0.00019020086131439477,0.056132817009733514,0.689903050608957
21.375,0.1,0.5789459121208833,0.00018811201433908986,0.05420989147225917,0.690553440130369
21.5,0.1,0.578544786588599,0.00018605185661141926,0.05229063534162894,0.6911985170949129
21.625,0.1,0.5781479409408439,0.00018401975771396297,0.050375013624574146,0.6918383564680987
21.75,0.1,0.5777553151005287,0.00018201528539795703,0.04846299326364657,0.6924730318906959
21.875,0.1,0.5773668491644577,0.0001800377305087985,0.046554539291273594,0.6931026155286991
22.0,0.1,0.5769824858978334,0.0001780868561208827,0.0446496208831148,0.693727178394953
22.125,0.1,0.5766021667210691,0.00017616170942641002,0.04274820176812373,0.6943467899221404
22.25,0.1,0.5762258379921859,0.00017426249678188178,0.04085025536014289,0.6949615187140209
22.375,0.1,0.5758534410218998,0.00017238760739981488,0.03895574082196755,0.6955714314275158
22.5,0.1,0.5754849278283785,0.00017053831329208794,0.03706464087134057,0.6961765946007991
22.625,0.1,0.5751202362208546,0.0001687112899990426,0.03517690200100603,0.6967770717984291
22.75,0.1,0.5747593292731101,0.00016691044421084051,0.03329252895976848,0.697372928150151
22.875,0.1,0.5744021330301166,0.0001651279928280235,0.031411435311547865,0.6979642230773188
23.0,0.1,0.5740486355315674,0.00016337450215706708,0.029533679835130913,0.6985510217441082
23.125,0.1,0.5736987306596385,0.00016163033365235055,0.02765909217801762,0.6991333762856142
23.25,0.1,0.5733524675307864,0.0001599234765222887,0.025787866127728022,0.69971135540734
23.375,0.1,0.5730096568881698,0.00015820121578678675,0.02391961755152994,0.7002849943514264
23.5,0.1,0.5726705048447166,0.00015654023918220222,0.022054883467416152,0.7008543750156639
23.625,0.1,0.5723346084807573,0.00015478755260342768,0.020192727134554795,0.7014194840103594
23.75,0.1,0.5720025972358638,0.00015317247599013666,0.01833458251935758,0.7019804484507841
23.875,0.1,0.5716735013445178,0.00015119990394735146,0.01647803319518229,0.7025370899076628
24.0,0.1,0.5713491701711877,0.00014965718357727484,0.014626980277415965,0.7030897122010978
24.125,0.1,0.5710269993350008,0.00014672353336241478,0.012774767917361603,0.7036375016166787
24.25,0.1,0.5707127124786469,0.00014553789951687033,0.010932709579736122,0.7041815626786092
24.375,0.1,0.5703982104262291,0.0001386985509642742,0.009080622471936974,0.7047184735498248
24.5,0.1,0.5701031485490563,0.00013988685633380325,0.007254990040113799,0.7052531632229232
24.625,0.1,0.5697965834470661,0.00011959147075583162,0.005386552084736349,0.7057725373271736
24.75,0.1,0.569555904058921,0.00013338558714057566,0.00360705262119375,0.7062974931676897
24.875,0.1,0.5692360577165876,0.00011212943592337758,0.0016524629558718254,0.7067996342967473
25.0,0.1,0.5692360577165876,0.0,0.0,0.7067996342967473
0.0,0.12,1.0,0.0,0.6522397549123262,0.0
0.125,0.12,1.0359980563183482,0.055428871250391455,0.6522397549123262,0.002926742274349506
0.25,0.12,1.0726068663347572,0.04951036150023235,0.5761845242467429,0.00999729174925362
0.375,0.12,1.0814974970838,0.04412482016487524,0.5663376553460162,0.02123205637093452
0.5,0.12,1.0860704781383335,0.034763543004802326,0.5398671692391301,0.034504578841489504
0.625,0.12,1.0818043010272385,0.02866785851249095,0.5327380888434697,0.0491089273680543
0.75,0.12,1.0761975833588873,0.023543531716499616,0.5208721497530702,0.06416573084469984
0.875,0.12,1.0680791886658092,0.020053607021002,0.5141915895535214,0.07942228842811865
1.0,0.12,1.0595244692204655,0.01727266779402887,0.5061951699023243,0.09456532522622917
1.125,0.12,1.0502205497342418,0.015210216224403428,0.499810313675832,0.10948898061041895
1.25,0.12,1.0408198348754203,0.013528932033776333,0.4931902813396945,0.12406826692127952
1.375,0.12,1.0312754657178158,0.012189098903745194,0.48720175407957356,0.13825415726884613
1.5,0.12,1.0218241594872997,0.011062308869522135,0.4812868367977611,0.15199733877034474
1.625,0.12,1.0124808152115201,0.010118275676504572,0.4756958595349353,0.1652799158492116
1.75,0.12,1.0033388912538495,0.009303619650657582,0.4702478066202504,0.178088482979938
1.875,0.12,0.9944156700733443,0.008598812244060571,0.46500898538242513,0.19042374897434228
2.0,0.12,0.9857473563252062,0.007979015000439139,0.4599140261359715,0.20229045766465742
2.125,0.12,0.9773418625170894,0.007431719405316957,0.4549752225213984,0.21369980610507194
2.25,0.12,0.9692099828091499,0.006943817054261069,0.4501647602397535,0.22466540719725442
2.375,0.12,0.9613512609741702,0.00650704989656939,0.44548003942508796,0.23520360010699995
2.5,0.12,0.9537646258889023,0.006113643585339769,0.4409065441779248,0.2453317267421373
2.625,0.12,0.9464443575829079,0.005757949615534511,0.4364383929113705,0.25506796495842127
2.75,0.12,0.9393838937036241,0.005434920980790722,0.43206645515441117,0.2644305624701271
2.875,0.12,0.9325747980027118,0.005140571500491809,0.4277848380052122,0.27343765148950244
3.0,0.12,0.9260081987141667,0.004871414047344706,0.42358701197694765,0.28210690931394194
3.125,0.12,0.9196745954921096,0.004624561965456519,0.41946784663319925,0.2904554466389661
3.25,0.12,0.9135644322776573,0.004397503687554903,0.415422312393983,0.29849966925032495
3.375,0.12,0.9076681041012055,0.004188103419516528,0.4114461030624957,0.3062552335625314
3.5,0.12,0.9019761931249614,0.003994499535573931,0.40753518023099244,0.31373700581516833
3.625,0.12,0.8964795009298792,0.003815082544072712,0.40368594912505495,0.32095906128069246
3.75,0.12,0.8911691443635107,0.0036484428101346846,0.3998950854049948,0.3279346904078179
3.875,0.12,0.8860365747139007,0.0034933478120882074,0.39615957270623486,0.33467642194235886
4.0,0.12,0.8810736115663957,0.0033487117816771573,0.3924766279152974,0.3411960503765258
4.125,0.12,0.876272446442142,0.0032135772533430263,0.3888436984377519,0.34750466997633334
4.25,0.12,0.8716256481385987,0.003087095731699676,0.3852584242085064,0.35361271033707314
4.375,0.12,0.8671261557525938,0.002968513741302081,0.3817186253029708,0.3595299736710377
4.5,0.12,0.8627672708723282,0.002857159726311858,0.3782222792090612,0.36526567175205066
4.625,0.12,0.8585426447796878,0.0027524337214516192,0.37476750786633745,0.370828462347297
4.75,0.12,0.8544462649517433,0.002653798109651647,0.3713525622770212,0.37622648429421124
4.875,0.12,0.8504724397530936,0.0025607699895341795,0.36797581129047485,0.3814673910961771
5.0,0.12,0.8466157829861947,0.0024729144772824676,0.3646357303403883,0.3865583827335129
5.125,0.12,0.8428711980722737,0.0023898390341199646,0.361330892257961,0.39150623566486026
5.25,0.12,0.8392338625315824,0.002311188517828357,0.3580599586489854,0.3963173309579387
5.375,0.12,0.8356992127509909,0.002236640929587597,0.3548216724800664,0.40099768059908847
5.5,0.12,0.8322629293066479,0.0021659037031221046,0.35161485129803344,0.40555295202786257
5.625,0.12,0.828920922857428,0.002098710484324074,0.3484383812478785,0.40998849098515594
5.75,0.12,0.8256693207068192,0.0020348183135362936,0.3452912116465621,0.4143093427633843
5.875,0.12,0.8225044540345025,0.0019740051628003028,0.34217235012898656,0.4185202719604028
6.0,0.12,0.8194228458201246,0.0019160677725300937,0.33908085824847073,0.422625780835989
6.125,0.12,0.8164211994439324,0.0018608197496416334,0.3360158475072408,0.42663012637035697
6.25,0.12,0.813496387953292,0.001808089889623441,0.33297647575042844,0.4305373361187255
6.375,0.12,0.8106454439693145,0.001757720693745624,0.3299619438924291,0.434351222951526
6.5,0.12,0.8078655502084902,0.0017095670550019058,0.3269714929329058,0.43807539876329016
6.625,0.12,0.8051540305889365,0.001663495091288251,0.32400440123438706,0.44171328722724895
6.75,0.12,0.8025083418913646,0.0016193811067532577,0.3210599820315501,0.4452681356662256
6.875,0.12,0.7999260659436349,0.0015771106653252017,0.31813758114921925,0.448743026104486
7.0,0.12,0.7974049022987183,0.0015365777624292924,0.31523657490705365,0.45214088555953824
7.125,0.12,0.7949426613763811,0.0014976840829667086,0.31235636819268925,0.4554644956277662
7.25,0.12,0.7925372580402018,0.0014603383351763312,0.30949639268661583,0.45871650141314724
7.375,0.12,0.7901867055827141,0.0014244556514419917,0.306656105224448,0.46189941984422367
7.5,0.12,0.7878891100928986,0.0013899570482760026,0.3038349862836624,0.4650156474209053
7.625,0.12,0.7856426651816237,0.0013567689387443788,0.30103253858347706,0.4680674674295548
7.75,0.12,0.7834456470420577,0.0013248226914682596,0.298248285787737,0.4710570566621037
7.875,0.12,0.7812964098234227,0.0012940542310930123,0.2954817713017969,0.47398649167259427
8.0,0.12,0.7791933812977857,0.001264403675760858,0.29273255715534646,0.47685775460248464
8.125,0.12,0.777135058800815,0.0012358150076807154,0.29000022296394806,0.4796727386042546
8.25,0.12,0.7751200054286159,0.0012082357733644588,0.2872843649627839,0.4824332528912097
8.375,0.12,0.7731468464738669,0.0011816168105156623,0.2845845951067505,0.48514102743990895
8.5,0.12,0.7712142660855135,0.0011559119989077297,0.28190054023159455,0.48779771737023253
8.625,0.12,0.7693210041372587,0.0011310780328993265,0.27923184127127054,0.49040490702679806
8.75,0.12,0.7674658532910055,0.0011070742134975918,0.27657815252713,0.4929641137841198
8.875,0.12,0.7656476562422696,0.0010838622581118167,0.27393914098496325,0.49547679159664826
9.0,0.12,0.7638653031353901,0.0010614061263381886,0.2713144856762068,0.49794433431355456
9.125,0.12,0.7621177291371379,0.0010396718602904103,0.2687038770799938,0.5003680787768598
9.25,0.12,0.7604039121580449,0.0010186274381443292,0.26610701656295843,0.5027493077202502
9.375,0.12,0.7587228707114647,0.0009982426396956917,0.2635236158539721,0.5050892524846763
9.5,0.12,0.7570736619010275,0.0009784889228498658,0.26095339655121874,0.507389095565576
9.625,0.12,0.75545537952777,0.0009593393100633335,0.2583960896592158,0.5096499730053735
9.75,0.12,0.7538671523088079,0.0009407682838498393,0.25585143515358627,0.5118729766437092
9.875,0.12,0.7523081421999791,0.0009227516905488858,0.2533191815715554,0.5140591562367319
10.0,0.12,0.7507775428154049,0.0009052666516241681,0.25079908562630926,0.5162095214557053
10.125,0.12,0.7492745779374185,0.000888291481827454,0.2482909118435046,0.5183250437741592
10.25,0.12,0.7477985001107894,0.0008718056136267682,0.24579443221836395,0.5204066582518745
10.375,0.12,0.7463485893155953,0.0008557895273463094,0.2433094258918938,0.5224552652231252
10.5,0.12,0.7449241517135287,0.00084022468652158,0.24083567884490892,0.5244717318957878
10.625,0.12,0.7435245184628058,0.0008250934780156292,0.23837298360864626,0.5264568938672406
10.75,0.12,0.7421490445971957,0.0008103791564841161,0.235921138990837,0.5284115565623244
10.875,0.12,0.7407971079650568,0.0007960657928164291,0.23347994981622072,0.530336496598078
11.0,0.12,0.7394681082245449,0.000782138226214,0.2310492266805558,0.5322324630794887
11.125,0.12,0.7381614658914682,0.0007685820195988011,0.22862878571725573,0.5341001788300671
11.25,0.12,0.7368766214365243,0.0007553834180753246,0.2262184483758604,0.5359403415607238
11.375,0.12,0.7356130344288953,0.000742529310195505,0.22381804121160492,0.5377536249800994
11.5,0.12,0.7343701827234111,0.0007300071917992471,0.2214273956854123,0.5395406798492921
11.625,0.12,0.7331475616886859,0.0007178051322264472,0.21904634797368328,0.5413021349836842
11.75,0.12,0.7319446834738156,0.0007059117427155846,0.2166747387873072,0.5430385982044352
11.875,0.12,0.7307610763114193,0.0006943161468214856,0.21431241319935698,0.5447506572420547
12.0,0.12,0.7295962838549277,0.0006830079527019832,0.2119592204809673,0.5464388805943597
12.125,0.12,0.7284498645481937,0.000671977227136192,0.20961501394493595,0.5481038183410335
12.25,0.12,0.7273213910256086,0.0006612144711491899,0.20727965079661145,0.5497460029169079
12.375,0.12,0.726210449541041,0.0006507105971316575,0.20495299199165906,0.5513659498460348
12.5,0.12,0.7251166394240052,0.0006404569073518665,0.20263490210032922,0.552964158438539
12.625,0.12,0.7240395725615825,0.0006304450737637737,0.2003252491778632,0.5545411124521751
12.75,0.12,0.7229788729046991,0.0006206671190260341,0.19802390464070646,0.5560972807204625
12.875,0.12,0.7219341759974471,0.0006111153986538337,0.19573074314821126,0.5576331177491977
13.0,0.12,0.720905128528222,0.0006017825842272416,0.19344564248952367,0.5591490642830802
13.125,0.12,0.7198913879015058,0.0005926616475908206,0.19116848347537857,0.5606455478441253
13.25,0.12,0.7188926218292168,0.000583745845979439,0.18889914983453773,0.5621229832434607
13.375,0.12,0.7179085079405771,0.0005750287080108877,0.18663752811461884,0.5635817730680348
13.5,0.12,0.7169387334095426,0.0005665040204924763,0.1843835075870781,0.565022308143698
13.625,0.12,0.7159829945988687,0.0005581658159874114,0.1821369801561295,0.5664449679760227
13.75,0.12,0.715040996719953,0.0005500083610929681,0.1798978402713865,0.5678501211701851
13.875,0.12,0.7141124535076424,0.0005420261453861649,0.17766598484403864,0.5692381258311219
14.0,0.12,0.7131970869092302,0.0005342138709933772,0.1754413131663704,0.570609329945134
14.125,0.12,0.7122946267869326,0.0005265664427417693,0.17322372683445858,0.5719640717440138
14.25,0.12,0.7114048106331557,0.0005190789588577537,0.17101312967388818,0.5733026800527189
14.375,0.12,0.7105273832979164,0.0005117467021757067,0.16880942766832913,0.5746254746215435
14.5,0.12,0.7096620967278159,0.0005045651318218892,0.16661252889084746,0.5759327664436736
14.625,0.12,0.7088087097159929,0.0004975298753453723,0.16442234343780882,0.5772248580589604
14.75,0.12,0.7079669876625339,0.0004906367212658442,0.16223878336526742,0.5785020438446851
14.875,0.12,0.7071367023448248,0.00048388161200965744,0.16006176262771693,0.5797646102940377
15.0,0.12,0.7063176316973795,0.00047726063721083956,0.15789119701910384,0.5810128362829867
15.125,0.12,0.7055095596007015,0.00047077002735279355,0.15572700411601062,0.5822469933261704
15.25,0.12,0.7047122756787466,0.0004644061477302683,0.15356910322291298,0.5834673458223992
15.375,0.12,0.7039255751046031,0.0004581654927098372,0.1514174153194294,0.58467415129032
15.5,0.12,0.7031492584140038,0.00045204468027124637,0.14927186300948592,0.5858676605947623
15.625,0.12,0.7023831313263245,0.00044604044681332454,0.14713237047231834,0.5870481181642442
15.75,0.12,0.7016270045727235,0.0004401496422086391,0.14499886341524773,0.5882157622000955
15.875,0.12,0.7008806937311112,0.0004343692250919808,0.14287126902815933,0.5893708248776234
16.0,0.12,0.7001440190676402,0.0004286962583705942,0.14074951593962362,0.5905135325397124
16.125,0.12,0.6994168053844376,0.0004231279049425257,0.13863353417460186,0.5916441058832336
16.25,0.12,0.698698881873288,0.0004176614236141187,0.13652325511367838,0.592762760138619
16.375,0.12,0.6979900819750275,0.00041229416520502843,0.13441861145376108,0.5938697052429064
16.5,0.12,0.6972902432443768,0.0004070235688313799,0.13231953717020148,0.5949651460065841
16.625,0.12,0.6965992072199949,0.0004018471583591072,0.13022596748028445,0.5960492822744915
16.75,0.12,0.6959168192995054,0.0003967625390187542,0.12813783880803228,0.5971223090810612
16.875,0.12,0.6952429286192893,0.00039176739417417497,0.12605508875027077,0.5981844168001307
17.0,0.12,0.6945773879388348,0.000386859482237879,0.12397765604393095,0.5992357912895552
17.125,0.12,0.693920053529435,0.00038203663372725404,0.12190548053451047,0.600276614030835
17.25,0.12,0.6932707850670478,0.00037729674845441585,0.11983850314566545,0.6013070622639413
17.375,0.12,0.692629445529132,0.00037263779284305953,0.11777666584989742,0.6023273091175252
17.5,0.12,0.691995901095285,0.0003680577973683026,0.11571991164026632,0.6033375237346806
17.625,0.12,0.6913700210515102,0.00036355485411251914,0.11366818450310419,0.6043378713943968
17.75,0.12,0.6907516776979586,0.0003591271144319284,0.11162142939169446,0.6053285136288609
17.875,0.12,0.6901407462599823,0.0003547727867302477,0.10957959220085385,0.60630960833673
18.0,0.12,0.6895371048023643,0.00035049013433250157,0.10754261974240001,0.6072813098925018
18.125,0.12,0.6889406341465703,0.0003462774734545029,0.10551045972145102,0.6082437692520957
18.25,0.12,0.6883512177909108,0.00034213317126586856,0.10348306071353211,0.6091971340547593
18.375,0.12,0.6877687418334586,0.0003380556440372048,0.10146037214243732,0.6101415487213958
18.5,0.12,0.6871930948976321,0.00033404335537407827,0.09944234425884484,0.6110771545494241
18.625,0.12,0.6866241680602967,0.0003300948145238896,0.09742892811959218,0.6120040898042576
18.75,0.12,0.686061854782322,0.00032620857476482284,0.09542007556768335,0.6129224898075066
18.875,0.12,0.6855060508414274,0.0003223832318538512,0.09341573921283035,0.6138324870219921
19.0,0.12,0.6849566542673122,0.0003186174225612998,0.09141587241276726,0.6147342111336671
19.125,0.12,0.6844135652788361,0.0003149098232361552,0.08942042925488998,0.6156277891305345
19.25,0.12,0.6838766862233949,0.0003112591484827745,0.08742936453886269,0.6165133453786694
19.375,0.12,0.6833459215180391,0.00030766414981289985,0.08544263375911074,0.6173910016954074
19.5,0.12,0.6828211775928442,0.000304123614480087,0.08346019308884407,0.6182608774198555
19.625,0.12,0.6823023628355346,0.0003006363641613709,0.08148199936296366,0.6191230894807149
19.75,0.12,0.6817893875387621,0.00029720125400698214,0.07950801006398318,0.6199777524616856
19.875,0.12,0.6812821638476427,0.0002938171712293228,0.07753818330437884,0.6208249786642773
20.0,0.12,0.6807806057111774,0.00029048303453595625,0.07557247781574264,0.6216648781685571
20.125,0.12,0.6802846288316752,0.0002871977923340588,0.07361085292828662,0.6224975588912426
20.25,0.12,0.6797941506213335,0.0002839604229814998,0.07165326856667639,0.6233231266423346
20.375,0.12,0.6793090901513497,0.0002807699318963424,0.06969968522108319,0.6241416851786492
20.5,0.12,0.678829368116574,0.00027762535372763674,0.06775006395842487,0.6249533362570971
20.625,0.12,0.678354906779184,0.00027452574660669467,0.06580436637102836,0.6257581796834524
20.75,0.12,0.6778856299490188,0.0002714701990077131,0.06386255462518317,0.6265563133635791
20.875,0.12,0.6774214629093062,0.000268457816738148,0.06192459135268293,0.6273478333463547
21.0,0.12,0.6769623324320178,0.00026548774143123684,0.05999043979147778,0.6281328338755056
21.125,0.12,0.6765081666546497,0.00026255911927743346,0.058060063533398834,0.6289114074233886
21.25,0.12,0.6760588951792246,0.0002596711485104914,0.05613342689385224,0.6296836447495191
21.375,0.12,0.6756144488228966,0.0002568230023833446,0.05421049429920996,0.6304496349164362
21.5,0.12,0.67517475992241,0.000254013949064622,0.05229123122762962,0.6312094653695396
21.625,0.12,0.6747397617657939,0.0002512431600910557,0.05037560269544199,0.6319632219126299
21.75,0.12,0.6743093894069648,0.00024851001123025963,0.048463575623407654,0.6327109888449671
21.875,0.12,0.673883578297203,0.000245813604334304,0.046555115072025914,0.6334528488400332
22.0,0.12,0.673462266371738,0.00024315352070734952,0.04465019016650277,0.6341888832288927
22.125,0.12,0.6730453906788963,0.0002405286252877294,0.04274876470988257,0.6349191716404657
22.25,0.12,0.6726328926434856,0.00023793895266621952,0.04085081199371792,0.6356437926531018
22.375,0.12,0.6722247096909865,0.00023538271083464488,0.038956291370184505,0.6363628228401189
22.5,0.12,0.6718207884524876,0.0002328610092657016,0.0370651852546003,0.6370763383448372
22.625,0.12,0.6714210638809536,0.00023037032665490062,0.03517744061981016,0.6377844124298493
22.75,0.12,0.6710254923310337,0.0002279144113084298,0.03329306145808319,0.6384871193767736
22.875,0.12,0.6706339993958935,0.0002254852141995202,0.03141196255510357,0.6391845282235407
23.0,0.12,0.6702465628319143,0.00022309312283277032,0.029534200772620887,0.6398767125924048
23.125,0.12,0.6698630820028922,0.0002207179804581888,0.02765960891610978,0.6405637344846028
23.25,0.12,0.6694835863708116,0.00021838748084028828,0.02578837579991739,0.641245669679658
23.375,0.12,0.6691079074102448,0.00021604747319936554,0.02392012573570834,0.6419225644034383
23.5,0.12,0.6687362064296647,0.00021377392570866549,0.022055382223058164,0.6425945041429704
23.625,0.12,0.6683681425525158,0.0002114089300645887,0.020193232595120656,0.6432614901793853
23.75,0.12,0.6680042289345643,0.00020918001508652833,0.01833507080375927,0.6439236426809521
23.875,0.12,0.6676436797207886,0.00020657320899622356,0.016478556566087186,0.6445808105805042
24.0,0.12,0.6672880036701487,0.00020437417570460842,0.014627456328676553,0.6452332537915036
24.125,0.12,0.6669351874215695,0.00020068350999164844,0.01277538930401447,0.6458802355707514
24.25,0.12,0.6665898159334179,0.0001986693437687371,0.010933146033617898,0.6465226733515386
24.375,0.12,0.6662459392003711,0.0001905720282949683,0.009081658966376856,0.647157428440332
24.5,0.12,0.6659189789533929,0.00019046485483282665,0.007255178374611855,0.6477886983041811
24.625,0.12,0.665586670002807,0.0001668865660257913,0.005389035460998057,0.6484042760926128
24.75,0.12,0.6653117387802844,0.00017909749675619756,0.0036058995815709096,0.6490228343189726
24.875,0.12,0.6649833776755644,0.0001405215577133621,0.001655262429908523,0.649611209825132
25.0,0.12,0.6649833776755644,0.0,0.0,0.649611209825132
0.0,0.14,1.0,0.0,0.6439194632713555,0.0
0.125,0.14,1.03304591684644,0.04938117703425142,0.6439194632713555,0.0009822739834523797
0.25,0.14,1.06905731576093,0.04577426438443707,0.5771528517710329,0.0037774589654541073
0.375,0.14,1.0834381074820634,0.04222644026336632,0.5671063258370608,0.00884304475266429
0.5,0.14,1.0944448409027006,0.034137011919294816,0.5413294231749435,0.015466720023623245
0.625,0.14,1.0973838908722218,0.028741870894292386,0.5336561831448479,0.023368939818401525
0.75,0.14,1.0986891388435125,0.024045683455094412,0.5216426969338759,0.03208854072800519
0.875,0.14,1.0972100663341142,0.020807533303500134,0.5146932159406172,0.04144605518058789
1.0,0.14,1.0947921507715281,0.018197722374821465,0.5065850130769954,0.05121450035353649
1.125,0.14,1.091163458895454,0.01624595807589867,0.5000853274625471,0.0612759598906659
1.25,0.14,1.0869324125165019,0.014641252236355042,0.4934074332818697,0.07150041250041775
1.375,0.14,1.0820914856769934,0.01334944095050672,0.48736736585787016,0.0818039441006597
1.5,0.14,1.0768894608525756,0.012251419340979803,0.48142219645241785,0.0921055720294515
1.625,0.14,1.0713804260755064,0.01132015983699899,0.4758056703691443,0.1023477743829111
1.75,0.14,1.0656872080817026,0.010506715852800603,0.4703405781910151,0.11248039917107763
1.875,0.14,1.0598640164099487,0.009793920355453024,0.46508757464134887,0.12246701180124941
2.0,0.14,1.0539789522301204,0.009159430765277556,0.45998215939703274,0.13227833668397457
2.125,0.14,1.0480723902374214,0.008592370220316803,0.4550346113850669,0.14189362632272212
2.25,0.14,1.0421839526434031,0.008081114219267565,0.4502172307076389,0.15129764632909745
2.375,0.14,1.0363403016903783,0.007618462057529298,0.4455266530506275,0.1604805175900757
2.5,0.14,1.030564502581887,0.007197524499873308,0.4409483072848059,0.16943615620125854
2.625,0.14,1.0248727763709198,0.006813304293232414,0.4364759941188975,0.17816178934603927
2.75,0.14,1.0192780405073638,0.006461273127773896,0.43210050845715386,0.18665707381611937
2.875,0.14,1.013789293661676,0.00613782856540784,0.42781580895014887,0.19492365006516235
3.0,0.14,1.0084131120339512,0.005839777898749402,0.42361530490448424,0.20296461766441767
3.125,0.14,1.003153729806842,0.005564449419165654,0.41949378731869175,0.2107842049114747
3.25,0.14,0.9980137532773017,0.005309489890529435,0.41544618172045256,0.21838744923043163
3.375,0.14,0.99299436796571,0.005072874841748038,0.41146813554908257,0.22577997363299052
3.5,0.14,0.9880957184350919,0.004852819324014398,0.4075555784445614,0.23296779114770957
3.625,0.14,0.9833170927043308,0.004647762868574482,0.40370488594311454,0.2399571612954393
3.75,0.14,0.9786571409278464,0.004456324230494544,0.39991271100137954,0.24675447163130437
3.875,0.14,0.9741140109640473,0.004277283257617647,0.3961760171382895,0.25336614936369245
4.0,0.14,0.9696854805952465,0.004109554632770531,0.3924920049535586,0.25979859136108735
4.125,0.14,0.9653690501735702,0.00395217233529942,0.38885810768344153,0.2660581122031086
4.25,0.14,0.9611620245961597,0.0038042727388594134,0.38527195341606835,0.27215090466470937
4.375,0.14,0.9570615743190137,0.003665082455863244,0.3817313519641137,0.2780830111998952
4.5,0.14,0.9530647865812689,0.003533906681881752,0.37823427206698557,0.283860303462254
4.625,0.14,0.9491687045653275,0.0034101199523488214,0.37477882806952545,0.2894884685322511
4.75,0.14,0.9453703592162295,0.003293157753676571,0.37136326441581735,0.2949730001707515
4.875,0.14,0.941666793723578,0.003182509534256342,0.36798594423485387,0.3003191941121901
5.0,0.14,0.9380550828894612,0.0030777125017319934,0.3646453379734786,0.30553214640155385
5.125,0.14,0.9345323478877674,0.0029783463207108236,0.36134001408835315,0.3106167541051296
5.25,0.14,0.9310957675793188,0.002884028442111992,0.3580686303423311,0.3155777177927313
5.375,0.14,0.9277425868856787,0.0027944100526328883,0.35482992631131394,0.3204195453573424
5.5,0.14,0.9244701228873322,0.0027091725097707453,0.35162271654387606,0.32514655680630766
5.625,0.14,0.921275769035721,0.0026280242222049394,0.34844588452473146,0.3297628897515641
5.75,0.14,0.9181569978838688,0.0025506978985241216,0.3452983772047698,0.33427250537783787
5.875,0.14,0.9151113626127658,0.0024769481241258984,0.34217920010845315,0.33867919472178676
6.0,0.14,0.9121364976092832,0.0024065492172122803,0.33908741290220323,0.34298658512986446
6.125,0.14,0.9092301182859223,0.002339293330657898,0.33602212539696585,0.3471981467945583
6.25,0.14,0.9063900203077424,0.0022749887661415594,0.33298249391851853,0.35131719929087535
6.375,0.14,0.9036140783549694,0.0022134584746867957,0.3299677180132735,0.35534691805382784
6.5,0.14,0.900900244529497,0.0021545387195701514,0.32697703744662426,0.35929034075138483
6.625,0.14,0.8982465464912813,0.002098077881907757,0.3240097294652032,0.3631503735185365
6.75,0.14,0.8956510853958429,0.0020439353912781793,0.32106510629286655,0.3669297970264507
6.875,0.14,0.8931120336900422,0.001991980766479471,0.3181425128371011,0.37063127236736226
7.0,0.14,0.8906276328129785,0.0019420927532816708,0.31524132458359644,0.37425734674093986
7.125,0.14,0.8881961908397101,0.0018941585478942267,0.31236094566052336,0.3778104589319509
7.25,0.14,0.8858160800984018,0.0018480730962652176,0.30950080705563254,0.3812929445722892
7.375,0.14,0.8834857347854456,0.0018037384606499646,0.3066603649716809,0.3847070411830831
7.5,0.14,0.8812036485982293,0.0017610632459635952,0.30383909930712394,0.3880548929948122
7.625,0.14,0.8789683724011553,0.001719962079389438,0.30103651225065287,0.391338555545238
7.75,0.14,0.8767785119371808,0.0016803551375312758,0.29825212697934045,0.3945600000565936
7.875,0.14,0.8746327255943719,0.0016421677161102353,0.29548548645131234,0.39772111759490947
8.0,0.14,0.8725297222346656,0.0016053298378152173,0.29273615228482114,0.4008237230156345
8.125,0.14,0.8704682590901377,0.001569775894449707,0.29000370371643686,0.403869558700841
8.25,0.14,0.868447139730482,0.0015354443199712487,0.2872877366317994,0.4068602980943005
8.375,0.14,0.8664652121040997,0.0015022772914207124,0.28458786266303104,0.4097975490415715
8.5,0.14,0.8645213666541111,0.0014702204550774123,0.28190370834746753,0.4126828569429686
8.625,0.14,0.8626145345096892,0.0014392226754763116,0.27923491434284664,0.41551770772785296
8.75,0.14,0.8607436857523936,0.0014092358051775835,0.2765811346945574,0.41830353065912673
8.875,0.14,0.8589078277565741,0.001380214473405085,0.27394203615092083,0.42104170097709714
9.0,0.14,0.857106003602427,0.0013521158918637013,0.2713172975228157,0.4237335423920304
9.125,0.14,0.8553372905599065,0.0013248996762134115,0.26870660908429844,0.42638032943472964
9.25,0.14,0.853600798641396,0.0012985276818292413,0.2661096720111129,0.428983289674354
9.375,0.14,0.8518956692208274,0.0012729638526041828,0.26352619785425563,0.43154360581248696
9.5,0.14,0.85022107371677,0.001248174081669623,0.26095590804598956,0.434062417662121
9.625,0.14,0.8485762123369175,0.0012241260830079996,0.2583985334359043,0.4365408240198405
9.75,0.14,0.8469603128813431,0.0012007892730232547,0.2558538138548122,0.4389798844390032
9.875,0.14,0.8453726296018764,0.0011781346612205418,0.2533214977044553,0.44138062091120916
10.0,0.14,0.8438124421149662,0.0011561347492156343,0.25080134157113915,0.44374401946279796
10.125,0.14,0.8422790543654559,0.0011347634373638786,0.24829310986159006,0.44607103167255546
10.25,0.14,0.8407717936387332,0.001113995938360089,0.2457965744594494,0.4483625761162397
10.375,0.14,0.8392900096188283,0.0010938086972159997,0.24331151440094922,0.45061953974299385
10.5,0.14,0.8378330734900947,0.001074179317072101,0.2408377155684378,0.45284277918818316
10.625,0.14,0.8364003770802412,0.0010550864903519912,0.23837497040053965,0.4550331220266916
10.75,0.14,0.8349913320425615,0.001036509934806167,0.23592307761781137,0.4571913679702657
10.875,0.14,0.8336053690753293,0.0010184303340355222,0.23348184196287647,0.45931829001206714
11.0,0.14,0.8322419371764419,0.0010008292821212894,0.23105107395408467,0.46141463552123807
11.125,0.14,0.8309005029314867,0.0009836892320218055,0.22863058965182886,0.46348112728994667
11.25,0.14,0.8295805498335237,0.0009669934474283899,0.22622021043672075,0.46551846453512047
11.375,0.14,0.8282815776329719,0.0009507259578017669,0.22381976279888885,0.46752732385682977
11.5,0.14,0.8270031017160822,0.0009348715163357636,0.22142907813772042,0.46950836015509884
11.625,0.14,0.8257446525105704,0.0009194155606198329,0.21904799257142066,0.47146220750677226
11.75,0.14,0.8245057749170727,0.0009043441757931494,0.21667634675580888,0.47338948000394093
11.875,0.14,0.8232860277651611,0.000889644060003297,0.21431398571181728,0.47529077255534125
12.0,0.14,0.8220849832927254,0.0008753024919999356,0.2119607586611853,0.47716666165208177
12.125,0.14,0.8209022266476119,0.0008613073007089946,0.20961651886988958,0.47901770609899974
12.25,0.14,0.8197373554104553,0.0008476468366480652,0.2072811234988759,0.48084444771291773
12.375,0.14,0.8185899791376977,0.0008343099450554881,0.2049544334616773,0.48264741198905664
12.5,0.14,0.8174597189238646,0.0008212859406182855,0.20263631328854556,0.4844271087368392
12.625,0.14,0.8163462069821895,0.0008085645836908508,0.2003266309967302,0.48618403268632054
12.75,0.14,0.8152490862427407,0.0007961360579078217,0.198025257966573,0.48791866406645773
12.875,0.14,0.8141680099672433,0.0007839909491022786,0.19573206882310018,0.48963146915644284
13.0,0.14,0.8131026413798296,0.0007721202254445608,0.1934469413228061,0.4913229008112906
13.125,0.14,0.8120526533129844,0.0007605152187261801,0.19116975624535143,0.4929933989628761
13.25,0.14,0.8110177278679958,0.0007491676067163577,0.1889003972899114,0.49464339109758376
13.375,0.14,0.809997556089245,0.0007380693965234758,0.1866387509759208,0.4962732927117173
13.5,0.14,0.8089918376517105,0.0007272129089009504,0.1843847065479773,0.4978835077457856
13.625,0.14,0.808000280561086,0.0007165907634369582,0.18213815588468724,0.4994744289987479
13.75,0.14,0.8070226008659404,0.0007061958645724937,0.17989899341123827,0.5010464385232688
13.875,0.14,0.8060585223813828,0.0006960213883977454,0.1776671160155109,0.5025999080029958
14.0,0.14,0.8051077764237126,0.0006860607701769196,0.17544242296753715,0.5041351991128225
14.125,0.14,0.8041701015555701,0.0006763076925535135,0.17322481584214044,0.5056526638630718
14.25,0.14,0.8032452433411186,0.0006667560743959833,0.1710141984445991,0.5071526449284773
14.375,0.14,0.8023329541108196,0.000657400060241602,0.16881047673917138,0.5086354759628033
14.5,0.14,0.8014329927353852,0.0006482340102990598,0.1666135587803607,0.5101014818999003
14.625,0.14,0.8005451244085022,0.0006392524909763592,0.16442335464677507,0.5115509792419484
14.75,0.14,0.7996691204379591,0.0006304502658993434,0.16223977637747314,0.5129842763355967
14.875,0.14,0.7988047580448174,0.0006218222873896278,0.16006273791067654,0.5144016736366777
15.0,0.14,0.7979518201702845,0.0006133636883722673,0.1578921550247465,0.5158034639641147
15.125,0.14,0.7971100952899651,0.0006050697746877414,0.15572794528133213,0.5171899327436341
15.25,0.14,0.7962793772351934,0.0005969360177828322,0.1535700279705939,0.5185613582418289
15.375,0.14,0.7954594650211416,0.0005889580477566285,0.15141832405842356,0.519918011791107
15.5,0.14,0.7946501626814346,0.000581131646739929,0.14927275613557825,0.5212601580060183
15.625,0.14,0.7938512791090084,0.0005734527425905074,0.1471332483686565,0.5225880549914255
15.75,0.14,0.7930626279029467,0.0005659174028845184,0.144999726452846,0.5239019545429537
15.875,0.14,0.7922840272210688,0.0005585218291874965,0.14287211756637955,0.5252021023401333
16.0,0.14,0.7915152996380267,0.0005512623515911165,0.14075035032663114,0.5264887381326081
16.125,0.14,0.7907562720086888,0.0005441354234996063,0.13863435474780145,0.5277620959197848
16.25,0.14,0.7900067753366007,0.0005371376166547013,0.13652406220012672,0.5290224041242405
16.375,0.14,0.7892666446473164,0.0005302656163867413,0.13441940537056238,0.5302698857592145
16.5,0.14,0.7885357188663955,0.0005235162170800109,0.13232031822488208,0.5315047585904618
16.625,0.14,0.7878138407018838,0.0005168863178435108,0.13022673597115192,0.5327272352927463
16.75,0.14,0.787100856531089,0.0005103729183767756,0.12813859502451608,0.5339375236012146
16.875,0.14,0.7863966162914725,0.0005039731150216679,0.12605583297324882,0.5351358264578797
17.0,0.14,0.785700973375491,0.0004976840969915478,0.12397838854604054,0.536322342153426
17.125,0.14,0.7850137845292137,0.0004915031427719143,0.12190620158044539,0.5374972644645215
17.25,0.14,0.7843349097545692,0.0004854276166821482,0.11983921299245988,0.5386607827868134
17.375,0.14,0.7836642122150542,0.00047945496559206885,0.11777736474719794,0.5398130822637641
17.5,0.14,0.7830015581447667,0.00047358271578772006,0.11572059983059109,0.5409543439114679
17.625,0.14,0.7823468167606178,0.00046780846997817487,0.11366886222209233,0.5420847447395807
17.75,0.14,0.7816998601775862,0.0004621299044371204,0.11162209686834418,0.5432044578684764
17.875,0.14,0.7810605633268832,0.00045654476627439205,0.10958024965775079,0.5443136526427306
18.0,0.14,0.780428803876909,0.00045105087082969025,0.107543267395936,0.5454124947410388
18.125,0.14,0.7798044621568693,0.0004456460991828798,0.10551109778203539,0.5465011462826416
18.25,0.14,0.7791874210829519,0.0004403283957773665,0.10348368938579282,0.5475797659303446
18.375,0.14,0.7785775660869423,0.00043509576614716674,0.10146099162541541,0.5486485089902081
18.5,0.14,0.7779747850471873,0.0004299462747482055,0.0994429547461805,0.5497075275079684
18.625,0.14,0.7773789682217876,0.00042487804287971617,0.09742952979970478,0.5507569703622669
18.75,0.14,0.7767900081839635,0.00041988924670374115,0.09542066862394347,0.5517969833547468
18.875,0.14,0.7762077997594454,0.000414978115339113,0.0934163238237273,0.5528277092970778
19.0,0.14,0.7756322399658994,0.0004101429290563843,0.09141644875206752,0.5538492880949841
19.125,0.14,0.7750632279541643,0.0004053820175171123,0.08942099749179358,0.554861856829323
19.25,0.14,0.7745006649514508,0.0004006937581365943,0.08742992483814846,0.5558655498343084
19.375,0.14,0.7739444542060856,0.0003960765744363108,0.08544318628128549,0.5568604987729048
19.5,0.14,0.773394500934268,0.0003915289345866584,0.0834607379902712,0.5578468327095312
19.625,0.14,0.772850712267955,0.00038704934981203447,0.08148253679601199,0.5588246781800497
19.75,0.14,0.7723129972050987,0.0003826363731683545,0.07950854017713077,0.5597941592592633
19.875,0.14,0.7717812665601625,0.00037828859787854556,0.07753870624237477,0.5607553976257788
20.0,0.14,0.7712554329180562,0.0003740046565064962,0.07557299371966755,0.5617085126246798
20.125,0.14,0.7707354105863866,0.0003697832189336933,0.07361136193576125,0.5626536213275133
20.25,0.14,0.7702211155539805,0.0003656229923551922,0.07165377081182471,0.5635908385906104
20.375,0.14,0.7697124654429781,0.00036152271819789067,0.06970018083487309,0.5645202771103572
20.5,0.14,0.769209379474469,0.00035748117401837457,0.06775055306840191,0.5654420474778391
20.625,0.14,0.7687117784159814,0.0003534971676283422,0.06580484910200012,0.5663562582292659
20.75,0.14,0.7682195845608509,0.00034956954361514464,0.06386303109839037,0.5672630158981024
20.875,0.14,0.7677327216602533,0.0003456971703465898,0.06192506168735367,0.5681624250597799
21.0,0.14,0.7672511149330841,0.0003418789579336111,0.059990904102606844,0.5690545883836412
21.125,0.14,0.7667746909556551,0.0003381138273041297,0.05806052193548543,0.5699396066692104
21.25,0.14,0.7663033777442687,0.00033440075666967624,0.05613387949521345,0.5708175789032006
21.375,0.14,0.7658371045355968,0.00033073870563735233,0.05421094121118531,0.5716886022799487
21.5,0.14,0.7653758020476026,0.0003271267328476885,0.05229167255024706,0.5725527722760048
21.625,0.14,0.7649194019834683,0.00032356380751669687,0.05037603854029302,0.5734101826357315
21.75,0.14,0.7644678377350856,0.0003200491049347129,0.04846400607772299,0.5742609254941087
21.875,0.14,0.7640210431932467,0.00031658153622674993,0.04655554025573035,0.5751050912794696
22.0,0.14,0.7635789545542281,0.0003131604885991798,0.04465061014235856,0.5759427689603838
22.125,0.14,0.763141507394299,0.0003097846493065213,0.042749179626055234,0.5767740457447489
22.25,0.14,0.7627086412304991,0.00030645385916969046,0.04085122185905199,0.5775990076395874
22.375,0.14,0.7622802922579531,0.0003031661653095808,0.038956696411114,0.5784177386424328
22.5,0.14,0.7618564047931522,0.0002999224683009354,0.037065585352310575,0.5792303220863175
22.625,0.14,0.7614369131780534,0.00029671911020244724,0.03517783620678701,0.5800368385527644
22.75,0.14,0.7610217704367491,0.00029355957306263244,0.03329345210263952,0.5808373691935176
22.875,0.14,0.7606109031161755,0.0002904357041775894,0.03141234922952739,0.581631990381323
23.0,0.14,0.7602042830576553,0.0002873574470183855,0.02953458225930247,0.5824207820726134
23.125,0.14,0.7598018145520139,0.000284304556629806,0.027659987632563568,0.5832038139278792
23.25,0.14,0.7594035144307226,0.0002813037513261714,0.025788748482183207,0.5839811669216665
23.375,0.14,0.7590092294039655,0.00027830061031671035,0.023920498867116294,0.5847528961005912
23.5,0.14,0.7586190900404917,0.00027536854001929004,0.02205574683112561,0.5855190891961289
23.625,0.14,0.7582327987524482,0.00027234807412803005,0.020193607607297236,0.5862797600068492
23.75,0.14,0.7578507857829756,0.0002694594872619889,0.018335429287139444,0.587035021928943
23.875,0.14,0.7574723920112401,0.0002661806181655752,0.016478960278848376,0.5877847490612752
24.0,0.14,0.757098876742965,0.0002632769469677097,0.014627811918158573,0.5885291626069669
24.125,0.14,0.7567286372024521,0.00025880873253789755,0.012775925581180078,0.5892676000015157
24.25,0.14,0.7563654088498449,0.0002559006779724986,0.010933484623875908,0.5900008139848683
24.375,0.14,0.7560047732185285,0.0002465818367297313,0.009082736752180647,0.5907259395413444
24.5,0.14,0.7556589783585355,0.00024499791524555865,0.007255304165232124,0.5914465094262686
24.625,0.14,0.7553122207502888,0.00021819259425001814,0.0053920287735599775,0.5921511452512269
24.75,0.14,0.755016279866585,0.00022776937972365476,0.0036045816491823155,0.5928562867838659
24.875,0.14,0.754686811871618,0.00016969255594987174,0.0016604673803527275,0.5935247205152252
25.0,0.14,0.754686811871618,0.0,0.0,0.5935247205152252
0.0,0.16,1.0,0.0,0.636438875735916,0.0
0.125,0.16,1.029517993438405,0.04394992866632755,0.636438875735916,0.0003181243498553397
0.25,0.16,1.063107441432313,0.041996251847666255,0.5777564491472518,0.0013675339346099764
0.375,0.16,1.0796479863160477,0.03975869004176046,0.5676594650869368,0.0035134152221762654
0.5,0.16,1.0937755944799978,0.032707947941925955,0.5426697081201918,0.006595294206940777
0.625,0.16,1.1007890334137582,0.02792145126538002,0.5345407745517801,0.010560491338734308
0.75,0.16,1.1063241510016375,0.02364058408459728,0.5224121145488645,0.015223730405508978
0.875,0.16,1.1092114843705518,0.02067491734963591,0.5152101208993701,0.02050849701589617
1.0,0.16,1.1110941714440605,0.018274609412456563,0.5069926811243171,0.026298134064150488
1.125,0.16,1.1116832523095885,0.01647973018340997,0.5003788529082691,0.0325222292051248
1.25,0.16,1.111513323773728,0.015002045384919989,0.4936414942954,0.03909626836287184
1.375,0.16,1.1105620916759547,0.013809965576045151,0.4875485840787684,0.045956021008355885
1.5,0.16,1.1090493416489287,0.012792311061931868,0.4815716605681419,0.053035385566691844
1.625,0.16,1.1070235398176673,0.011923996490729828,0.4759283835914809,0.060279852833456736
1.75,0.16,1.1046003438056669,0.011159822983964802,0.47044514070350457,0.06763832384020048
1.875,0.16,1.1018369666894636,0.010484410792225281,0.465177012727453,0.07506791458162573
2.0,0.16,1.0988055561705259,0.009877657460495884,0.4600602952424132,0.08253064728054871
2.125,0.16,1.095554903550644,0.009330168947883086,0.45510325474887137,0.08999480337116206
2.25,0.16,1.0921338751466665,0.008831815521543423,0.4502782798627292,0.09743333131336931
2.375,0.16,1.088579982098515,0.008376529711636556,0.44558123462659927,0.10482393663248907
2.5,0.16,1.0849273127203964,0.007958453162936842,0.4409974822725489,0.11214815600808799
2.625,0.16,1.081203386345746,0.007573412338397386,0.43652049972777185,0.11939106248501463
2.75,0.16,1.0774321122017192,0.0072175920817558435,0.43214100187002924,0.12654065321117722
2.875,0.16,1.0736331499164322,0.006887971068721746,0.42785279447041963,0.1335874953316368
3.0,0.16,1.0698231827586737,0.006581847386751929,0.42364922198833105,0.14052429620966111
3.125,0.16,1.0660159833197533,0.0062969519203024465,0.4195249934964669,0.1473455944062485
3.25,0.16,1.0622230602807619,0.006031266984623727,0.41547498678652245,0.15404745203971823
3.375,0.16,1.0584538773634111,0.005783043700032497,0.41149480026464225,0.1606272128470719
3.5,0.16,1.0547162328906736,0.0055507249688976365,0.4075803292838352,0.16708328148984583
3.625,0.16,1.0510164736920191,0.00533293716397724,0.4037279175220975,0.17341494331903606
3.75,0.16,1.0473597405229775,0.00512845253415401,0.3999341933002401,0.1796222067101771
3.875,0.16,1.0437501405582434,0.004936176309689103,0.3961960982467415,0.18570567231116944
4.0,0.16,1.0401909149651671,0.004755125469742655,0.3925108150812612,0.19166642109644935
4.125,0.16,1.0366845692140532,0.004584417000964694,0.38887576141937497,0.19750592103264022
4.25,0.16,1.0332329907558095,0.004423254369254365,0.3852885521945316,0.20322594812580225
4.375,0.16,1.0298375449414545,0.004270918039301012,0.38174698577026017,0.20882852054983753
4.5,0.16,1.0264991588491448,0.00412675611292856,0.378249021066546,0.21431584335302678
4.625,0.16,1.0232183911502042,0.003990176948385126,0.3747927638637175,0.21969026240550177
4.75,0.16,1.0199954922763748,0.0038606423429180608,0.3713764511711899,0.22495422597363887
4.875,0.16,1.0168304551081182,0.0037376618355016546,0.36799843960386486,0.23011025282560585
5.0,0.16,1.013723058342722,0.003620787586305682,0.36465719390329293,0.235160905776945
5.125,0.16,1.0106729032215842,0.0035096099699943118,0.3613512775003915,0.24010876984862337
5.25,0.16,1.007679444860572,0.0034037536534184698,0.35807934372457867,0.2449564342835806
5.375,0.16,1.0047420188458325,0.003302874166876311,0.3548401282249502,0.2497064778195242
5.5,0.16,1.0018598638837708,0.00320665485837247,0.35163244206469885,0.25436145669224686
5.625,0.16,0.9990321410398911,0.0031148042065083353,0.348455165625098,0.2589238949390169
5.75,0.16,0.9962579500977383,0.0030270534304126613,0.34530724308737487,0.26339627663384574
5.875,0.16,0.9935363434428377,0.0029431543679420027,0.34218767749754114,0.2677810397492333
6.0,0.16,0.99086633784231,0.002862877583308454,0.33909552629916356,0.27208057138533753
6.125,0.16,0.9882469244195197,0.0027860106789312443,0.33602989730483107,0.27629720414985703
6.25,0.16,0.9856770770878225,0.00271235678482637,0.3329899450399511,0.2804332135050593
6.375,0.16,0.9831557596630415,0.0026417332052711194,0.3299748674254684,0.2844908159272458
6.5,0.16,0.9806819318453035,0.002573970203446666,0.3269839027563091,0.28847216774723117
6.625,0.16,0.9782545542312805,0.0025089099082633596,0.3240163269462761,0.2923793645602565
6.75,0.16,0.9758725924957711,0.002446405329010351,0.32107145100894724,0.2962144411100573
6.875,0.16,0.9735350208610319,0.002386319465648732,0.3181486187508732,0.2999793715656154
7.0,0.16,0.9712408249558625,0.00232852450389929,0.3152472046545956,0.30367607012064285
7.125,0.16,0.9689890041518611,0.0022729010857582073,0.31236661193276977,0.30730639185563663
7.25,0.16,0.9667785734522046,0.0022193376471678467,0.309506270736327,0.31087213381065
7.375,0.16,0.9646085649977442,0.002167729815635363,0.30666563650201056,0.3143750362240634
7.5,0.16,0.9624780292463573,0.002117979861455462,0.30384418842608696,0.3178167838988071
7.625,0.16,0.9603860358737676,0.002069996196976782,0.30104142805269113,0.32119900766287507
7.75,0.16,0.9583316744374802,0.002023692919018155,0.29825687796646894,0.3245232858957001
7.875,0.16,0.9563140548397985,0.001978989390131304,0.2954900805803435,0.32779114609616383
8.0,0.16,0.9543323076209796,0.0019358098549111644,0.29274059701020977,0.33100406647176
8.125,0.16,0.9523855841093507,0.0018940830880015966,0.2900080060292045,0.3341634775317759
8.25,0.16,0.9504730564515373,0.0018537420708243809,0.2872919030949463,0.3372707636703654
8.375,0.16,0.9485939175427497,0.0018147236943977314,0.28459189944379093,0.34032726472807656
8.5,0.16,0.9467473808743221,0.0017769684858971757,0.28190762124672103,0.34333427752279433
8.625,0.16,0.9449326803132511,0.0017404203568648915,0.27923870882197854,0.34629305734319066
8.75,0.16,0.9431490698264109,0.001705026371190163,0.276584815899999,0.3492048193996402
8.875,0.16,0.941395823160261,0.0016707365311744182,0.2739456089366077,0.3520707402291828
9.0,0.16,0.9396722334852882,0.0016375035801600016,0.2713207664707548,0.3548919590524973
9.125,0.16,0.9379776130130154,0.001605282820343815,0.26870997852342693,0.35766957908201535
9.25,0.16,0.9363112925922328,0.0015740319445246569,0.26611294603460284,0.36040466878125277
9.375,0.16,0.9346726212900295,0.001543710880643413,0.26352938033541323,0.36309826307619447
9.5,0.16,0.9330609659623398,0.0015142816480757538,0.26095900265287686,0.36575136452014456
9.625,0.16,0.931475710817903,0.0014857082247201993,0.2584015436447962,0.36836494441387146
9.75,0.16,0.9299162569789116,0.0014579564240046758,0.2558567429626026,0.3709399438831495
9.875,0.16,0.9283820220410103,0.001430993781011044,0.25332434884009697,0.37347727491595656
10.0,0.16,0.9268724396348623,0.0014047894469709835,0.25080411770621097,0.3759778213616276
10.125,0.16,0.9253869589910657,0.0013793140914539718,0.24829581382006533,0.37844243989424114
10.25,0.16,0.923925044509864,0.0013545398116203583,0.24579920892673734,0.3808719609424036
10.375,0.16,0.9224861753368073,0.0013304400479604648,0.2433140819322711,0.3832671895874539
10.5,0.16,0.9210698449452756,0.0013069895059899842,0.24084021859659666,0.38562890643192804
10.625,0.16,0.919675560726572,0.0012841640834146595,0.23837741124313475,0.3879578684399169
10.75,0.16,0.918302843588131,0.0012619408023180167,0.2359254584839449,0.39025480975074567
10.875,0.16,0.9169512275602488,0.0012402977459620504,0.2334841649593939,0.39252044246718787
11.0,0.16,0.9156202594116251,0.001219213999828131,0.2310533410913882,0.3947554574192405
11.125,0.16,0.914309498273925,0.0011986695965576475,0.22863280284929732,0.3969605249042901
11.25,0.16,0.9130185152754788,0.001178645464480717,0.22622237152777064,0.3991362954043544
11.375,0.16,0.9117468931841917,0.0011591233794514815,0.22382187353569974,0.401283400280938
11.5,0.16,0.9104942260596801,0.0011400859197330997,0.22143114019565588,0.40340245244793116
11.625,0.16,0.9092601189146066,0.0011215164236995283,0.21905000755316514,0.40549404702289626
11.75,0.16,0.908044187385162,0.0011033989501421108,0.21667831619524167,0.40755876195702573
11.875,0.16,0.9068460574106127,0.0010857182409904481,0.21431591107764544,0.40959715864401164
12.0,0.16,0.9056653649218065,0.0010684596862726577,0.21196264136035076,0.411609782508057
12.125,0.16,0.9045017555385276,0.0010516092911572327,0.20961836025076702,0.413597163571251
12.25,0.16,0.9033548842755533,0.0010351536449335127,0.20728292485427718,0.41555981700054695
12.375,0.16,0.9022244152572753,0.0010190798917985413,0.20495619603167534,0.417498243634613
12.5,0.16,0.9011100214407303,0.0010033757033325297,0.20263803826312948,0.4194129304908475
12.625,0.16,0.900011384346871,0.000988029252551444,0.20032831951830393,0.42130435125290305
12.75,0.16,0.8989281937999181,0.000973029189436843,0.19802691113230755,0.4231729667390963
12.875,0.16,0.8978601476746061,0.000958364617851299,0.1957336876871495,0.42501922535212966
13.0,0.16,0.8968069516511583,0.0009440250737513651,0.19344852689839517,0.42684356351058583
13.125,0.16,0.8957683189777972,0.0009300005046203082,0.1911713095067448,0.42864640606269866
13.25,0.16,0.8947439702406127,0.000916281250045033,0.18890191917427024,0.43042816668293604
13.375,0.16,0.8937336331406065,0.0009028580233673051,0.18664024238505533,0.4321892482519586
13.5,0.16,0.8927370422777136,0.000889721894345278,0.18438616835000232,0.4339300432205394
13.625,0.16,0.8917539389416378,0.000876864272763658,0.18213958891558432,0.4356509339580519
13.75,0.16,0.8907840709092933,0.0008642768929332882,0.1799003984763337,0.4373522930861361
13.875,0.16,0.8898271922486933,0.0008519517990284591,0.17766849389087286,0.4390344837981694
14.0,0.16,0.8888830631290825,0.0008398813312091519,0.17544377440129588,0.44069786016516027
14.125,0.16,0.8879514496371598,0.0008280581124783757,0.17322614155574007,0.4423427674286835
14.25,0.16,0.8870321235992017,0.0008164750362319717,0.1710154991339805,0.4439695422814667
14.375,0.16,0.8861248624089216,0.0008051252544566433,0.16881175307589472,0.4455785131362308
14.5,0.16,0.8852294488608999,0.0007940021665343467,0.16661481141266773,0.4471700003833624
14.625,0.16,0.884345670989419,0.0007830994086179938,0.16442458420059713,0.44874431663799486
14.75,0.16,0.8834733219125522,0.0007724108435415603,0.16224098345738694,0.4503017669770437
14.875,0.16,0.8826121996813424,0.0007619305512306395,0.16006392310081072,0.4518426491667301
15.0,0.16,0.8817621071339287,0.000751652819584438,0.15789331888964286,0.45336725388110266
15.125,0.16,0.8809228517544695,0.0007415721357987273,0.15572908836676333,0.4548758649120502
15.25,0.16,0.8800942455367236,0.0007316831781057845,0.15357115080433986,0.4563687593712709
15.375,0.16,0.8792761048521418,0.0007219808079044518,0.1514194271510092,0.4578462078846528
15.5,0.16,0.8784682503223415,0.0007124600622571216,0.14927383998097613,0.459308474779482
15.625,0.16,0.8776705066958279,0.000703116146735796,0.1471343134449526,0.46075581826489276
15.75,0.16,0.8768827027288251,0.0006939444285959044,0.14500077322287558,0.46218849060593914
15.875,0.16,0.8761046710700967,0.0006849404302593081,0.1428731464783304,0.4636067382916499
16.0,0.16,0.8753362481496273,0.0006760998230932786,0.14075136181461925,0.4650108021974089
16.125,0.16,0.8745772740710377,0.0006674184214674487,0.1386353492324172,0.46640091774198306
16.25,0.16,0.8738275925076129,0.0006588921770762511,0.13652504008895813,0.4677773150394949
16.375,0.16,0.873087050601827,0.000650517173514857,0.13442036705869034,0.4691402190466189
16.5,0.16,0.8723554988682398,0.0006422896210952514,0.13232126409535466,0.4704898497052629
16.625,0.16,0.8716327910996525,0.0006342058518922736,0.1302276663954359,0.4718264220809687
16.75,0.16,0.8709187842764068,0.0006262623150097939,0.1281395103629283,0.473150146497254
16.875,0.16,0.8702133384787143,0.0006184555720561261,0.12605673357536662,0.4744612286660911
17.0,0.16,0.8695163168019038,0.0006107822928205131,0.12397927475109527,0.4757598698147054
17.125,0.16,0.8688275852744785,0.0006032392511422079,0.12190707371769617,0.4770462668088519
17.25,0.16,0.8681470127788813,0.0005958233209632539,0.1198400713815528,0.4783206122727147
17.375,0.16,0.8674744709748499,0.0005885314725569123,0.1177782096985088,0.4795830947055557
17.5,0.16,0.8668098342252779,0.0005813607689250975,0.11572143164555289,0.48083389859522024
17.625,0.16,0.8661529795244668,0.0005743083623564037,0.11366968119350916,0.4820732045285987
17.75,0.16,0.8655037864286856,0.0005673714911380045,0.11162290328069166,0.4833011892991225
17.875,0.16,0.8648621369889319,0.0005605474764152617,0.10958104378746378,0.48451802601136384
18.0,0.16,0.8642279156858191,0.000553833719190893,0.1075440495116854,0.48572388418279655
18.125,0.16,0.8636010093664858,0.0005472276974576029,0.10551186814499208,0.4869189298427667
18.25,0.16,0.8629813071834637,0.0005407269634591322,0.1034844482498826,0.4881033256287104
18.375,0.16,0.8623687005354023,0.0005343291410702715,0.10146173923756296,0.4892772308796549
18.5,0.16,0.8617630830095975,0.0005280319232957678,0.09944369134654367,0.4904408017270279
18.625,0.16,0.8611643503262277,0.0005218330698726746,0.09743025562190037,0.49159419118279807
18.75,0.16,0.8605724002842566,0.000515730404983704,0.0954213838952639,0.49273754922497515
18.875,0.16,0.8599871327088963,0.0005097218150576583,0.09341702876535046,0.4938710228804812
19.0,0.16,0.8594084494006348,0.0005038052466815519,0.09141714357925584,0.4949947563054241
19.125,0.16,0.8588362540856646,0.0004979787045691785,0.08942168241409,0.4961088908627856
19.25,0.16,0.8582704523678291,0.0004922402496616968,0.08743060005955927,0.49721356519756654
19.375,0.16,0.8577109516817564,0.00048658799723043004,0.08544385200046609,0.4983089153093883
19.5,0.16,0.857157661247579,0.0004810201151739122,0.08346139440068936,0.499395074622636
19.625,0.16,0.8566104920264902,0.00047553482219385863,0.0814831840861306,0.5004721740541004
19.75,0.16,0.8560693566782099,0.0004701303863395101,0.07950917853054341,0.5015403420782857
19.875,0.16,0.8555341695185446,0.00046480512313571955,0.07753933583800156,0.502599704790242
20.0,0.16,0.855004846479833,0.00045955739452794984,0.0755736147318406,0.5036503859662779
20.125,0.16,0.8544813050697585,0.0004543856066819837,0.07361197453446981,0.5046925071221338
20.25,0.16,0.853963464335592,0.0004492882097372998,0.07165437516269574,0.5057261875694488
20.375,0.16,0.8534512448226053,0.00044426369460229736,0.06970077709955633,0.5067515444693658
20.5,0.16,0.8529445685444043,0.0004393105945552103,0.0677511414043018,0.5077686928853021
20.625,0.16,0.8524433589370195,0.00043442747936177107,0.06580542966302977,0.5087777458318661
20.75,0.16,0.8519475408412385,0.00042961296134354075,0.06386360403409744,0.509778814324911
20.875,0.16,0.8514570404427679,0.00042486568264610454,0.061925627144608884,0.5107720074250398
21.0,0.16,0.8509717852814999,0.00042018433234578445,0.05999146222323008,0.5117574322869385
21.125,0.16,0.8504917041538935,0.00041556761644659054,0.05806107286028587,0.5127351941951972
21.25,0.16,0.8500167271866742,0.0004110143024684756,0.05613442335788095,0.513705396617396
21.375,0.16,0.8495467856419747,0.00040652314611274614,0.05421147814821925,0.5146681412260499
21.5,0.16,0.8490818121493234,0.00040209300445517827,0.05229220268553249,0.5156235279660816
21.625,0.16,0.8486217402651349,0.0003977226540907456,0.050376562009758916,0.5165716550468757
21.75,0.16,0.8481665050976529,0.0003934110757640117,0.04846452299065881,0.5175126190501076
21.875,0.16,0.8477160422502948,0.0003891570008061651,0.04655605075628368,0.5184465148513031
22.0,0.16,0.847270289425989,0.0003849596244477189,0.04465111431274339,0.519373435832223
22.125,0.16,0.8468291838295139,0.0003808174715207709,0.04274967764024405,0.5202934736296377
22.25,0.16,0.84639266621662,0.00037673018284973815,0.040851713740660475,0.521206718611936
22.375,0.16,0.8459606744471031,0.00037269567202070415,0.03895718241828533,0.5221132591972043
22.5,0.16,0.8455331536408061,0.0003687146047049988,0.037066065371222305,0.5230131829931975
22.625,0.16,0.8451100401217538,0.00036478324549026086,0.03517831071893884,0.5239065750298958
22.75,0.16,0.844691286836379,0.00036090473559121115,0.0332939206592582,0.5247935205695525
22.875,0.16,0.8442768233185347,0.00035707096113241017,0.03141281290055277,0.5256741005642376
23.0,0.16,0.8438666192792788,0.0003532912247886429,0.029535039758260974,0.5265483987249467
23.125,0.16,0.8434605847306386,0.0003495455584762812,0.027660441614068568,0.527416489702562
23.25,0.16,0.8430587291820572,0.0003458591902978477,0.025789195486825168,0.5282784573559509
23.375,0.16,0.8426609123176022,0.00034217841730980764,0.023920946038163523,0.5291343629226586
23.5,0.16,0.842267243365095,0.00033857268588080927,0.02205618465958028,0.5299842946315585
23.625,0.16,0.8418774576233853,0.00033488384728385306,0.02019405707641162,0.530828276119856
23.75,0.16,0.8414919229988103,0.00033132076658152213,0.01833586180691862,0.5316664138322765
23.875,0.16,0.8411100732013036,0.00032736236082697305,0.016479444779991956,0.5324986040598121
24.0,0.16,0.8407329717529247,0.00032373965844521363,0.01462824861415125,0.5333250342732282
24.125,0.16,0.8403593177442307,0.0003185059984148209,0.012776571354823144,0.5341451115074235
24.25,0.16,0.8399921624781591,0.00031468477663043425,0.010933929622455306,0.5349594466819002
24.375,0.16,0.8396282492236025,0.0003042207903915359,0.009084040146282406,0.5357654336419293
24.5,0.16,0.8392772336394145,0.0003010647483325659,0.0072555966470338375,0.5365660146118988
24.625,0.16,0.8389284610896891,0.0002711670526213856,0.00539572786119455,0.5373505813773083
24.75,0.16,0.8386244330745038,0.0002773380068898279,0.003603457598788799,0.538133441984066
24.875,0.16,0.8383027957531687,0.00019854588518288273,0.0016689462557639158,0.5388742144040891
25.0,0.16,0.8383027957531687,0.0,0.0,0.5388742144040891
0.0,0.18,1.0,0.0,0.6298465758867267,0.0
0.125,0.18,1.0261395720795845,0.03898198370647864,0.6298465758867267,9.95074552303699e-05
0.25,0.18,1.0568210330557932,0.038269955603064315,0.5781392616723228,0.0004753768519663234
0.375,0.18,1.0739156973823303,0.03704704971570267,0.5680389104990989,0.0013354686142110425
0.5,0.18,1.0893128799065033,0.03089955848567434,0.5438586083849577,0.0026844904524428344
0.625,0.18,1.0984319224818406,0.026647203036579307,0.5353439872720395,0.004548572922533996
0.75,0.18,1.1063102467591543,0.022741033954406503,0.523131322887508,0.006877307984345129
0.875,0.18,1.1117867948719469,0.020023263548901042,0.5157009191290248,0.009657364791728799
1.0,0.18,1.1163611153804949,0.017819576877932782,0.507384005524963,0.012847392445997119
1.125,0.18,1.1197306761903327,0.016177794676251703,0.5006633805311672,0.016421942359960178
1.25,0.18,1.122369707664381,0.0148309593384917,0.49386974240883696,0.020342552674273446
1.375,0.18,1.1242332884978028,0.013748502929860228,0.4877265297558508,0.024576491083278987
1.5,0.18,1.1255061505661388,0.012825846278943608,0.4817191530525138,0.029085912826164375
1.625,0.18,1.1262170542574372,0.012038564384349248,0.47605018810461996,0.03383608133352924
1.75,0.18,1.1264608919522108,0.011344156092796126,0.4705494382174873,0.0387916226127807
1.875,0.18,1.1262820326329126,0.010728114180242549,0.4652667022053076,0.043920008166354524
2.0,0.18,1.1257417298204586,0.010171862966771372,0.460139027028241,0.04919026362916635
2.125,0.18,1.1248824447811494,0.009666915833179041,0.45517275813197183,0.054574305142095124
2.25,0.18,1.123748846189434,0.009204210576976974,0.4503403681503322,0.06004640666966523
2.375,0.18,1.122376923778512,0.008778492568341973,0.44563698246345496,0.06558359456518426
2.5,0.18,1.1208008051504401,0.008384712007974577,0.4410479036289579,0.07116532941917357
2.625,0.18,1.1190495599368755,0.008019368293469926,0.43656629920548595,0.07677351353188071
2.75,0.18,1.1171495931598028,0.007679268402333231,0.432182809678944,0.08239223850215667
2.875,0.18,1.1151238424265622,0.00736192429645916,0.4278910953710215,0.08800765305863342
3.0,0.18,1.112992746372093,0.007065110713723442,0.4236844401894674,0.09360774518328516
3.125,0.18,1.1107741689383916,0.006786970678129448,0.41955747549344957,0.09918217584023808
3.25,0.18,1.1084838784221784,0.00652584887706302,0.4155050342191562,0.10472209226423837
3.375,0.18,1.106135671150917,0.006280310313159501,0.41152266821841366,0.11021996950402092
3.5,0.18,1.1037416602089423,0.00604907158508889,0.40760624037154763,0.11566945467550424
3.625,0.18,1.1013124334336044,0.0058309960721449885,0.40375206396318886,0.12106523053755432
3.75,0.18,1.0988572523984883,0.005625061789007656,0.39995674377431534,0.12640288882768272
3.875,0.18,1.0963841963983834,0.005430352019190622,0.3962172003949387,0.13167881846337054
4.0,0.18,1.0939003093106063,0.005246037956757238,0.3925305993004895,0.13689010454897335
4.125,0.18,1.0914117187007712,0.005071369933726399,0.3888943429641339,0.1420344392504747
4.25,0.18,1.0889237474506182,0.0049056667394021805,0.38530603351351805,0.14711004243604858
4.375,0.18,1.0864410086654668,0.0047483084783642516,0.38176345811389817,0.15211559180476694
4.5,0.18,1.0839674915035267,0.004598729326095861,0.37826456603906544,0.15705016117347712
4.625,0.18,1.0815066356066922,0.004456411938101706,0.37480745461859205,0.16191316627801955
4.75,0.18,1.0790613973905125,0.004320882212202163,0.37139035349484534,0.1667043171311901
4.875,0.18,1.0766343080232539,0.004191704943417032,0.36801161280105327,0.1714235762691934
5.0,0.18,1.0742275247333621,0.00406847988349132,0.36466969157908735,0.17607112215743956
5.125,0.18,1.0718428758624128,0.003950838350119043,0.3613631482195939,0.18064731717209015
5.25,0.18,1.0694819006363492,0.003838440187172733,0.35809063158908555,0.18515267959379117
5.375,0.18,1.0671458841621513,0.0037309710981654953,0.35485087336949284,0.18958785913803813
5.5,0.18,1.0648358883012923,0.0036281402617217586,0.3516426810905539,0.19395361558707405
5.625,0.18,1.0625527788731062,0.0035296782167894276,0.3484649319767651,0.19825080014862395
5.75,0.18,1.0602972496558318,0.00343533496917048,0.3453165673829959,0.2024803392070971
5.875,0.18,1.0580698435549347,0.0033448783003725223,0.34219658781821477,0.20664322017692346
6.0,0.18,1.0558709712868466,0.0032580922492785316,0.3391040484437655,0.21074047920178954
6.125,0.18,1.0537009278694087,0.0031747757489286057,0.3360380550145838,0.2147731904762996
6.25,0.18,1.0515599071827966,0.0030947413984913166,0.3329977601971212,0.21874245699355857
6.375,0.18,1.049448014827495,0.0030178143557932817,0.32998236022945604,0.22264940254664503
6.5,0.18,1.0473652794810868,0.0029438313360619726,0.32699109188017617,0.22649516483263582
6.625,0.18,1.0453116629293895,0.002872639705285456,0.32402322967616365,0.23028088952614365
6.75,0.18,1.0432870689272,0.002804096657479834,0.32107808336856647,0.23400772520501423
6.875,0.18,1.0412913510246713,0.0027380684668107842,0.31815499561290156,0.23767681902457674
7.0,0.18,1.0393243194793518,0.002674429806427694,0.31525333984057957,0.24128931304872644
7.125,0.18,1.0373857473594932,0.0026130631269742056,0.3123725183028968,0.24484634115654677
7.25,0.18,1.035475375931841,0.0025538580885230222,0.3095119602702618,0.24834902645227377
7.375,0.18,1.033592919416112,0.0024967110404718125,0.3066711203718182,0.2517984791144354
7.5,0.18,1.0317380691788314,0.0024415245445731414,0.30384947706213766,0.25519579462708425
7.625,0.18,1.0299104974307312,0.002388206936851114,0.30104653120332503,0.2585420523423546
7.75,0.18,1.028109860484568,0.0023366719246549527,0.2982618047520986,0.26183831432921384
7.875,0.18,1.026335801623644,0.002286838215542973,0.2954948395425853,0.2650856244683599
8.0,0.18,1.0245879536256428,0.0022386291750678775,0.2927451961565665,0.2682850077578033
8.125,0.18,1.02286594098126,0.0021919725108706673,0.2900124528737563,0.27143746979783556
8.25,0.18,1.0211693818426992,0.0021467999807787447,0.28729620469545036,0.2745439964278849
8.375,0.18,1.0194978897330733,0.0021030471228589763,0.28459606243554936,0.2776055534912062
8.5,0.18,1.0178510750442757,0.0020606530055915792,0.2819116518735324,0.2806230867065037
8.625,0.18,1.0162285463477558,0.0020195599965239213,0.2792426129644484,0.2835975216284463
8.75,0.18,1.0146299115398416,0.001979713547924337,0.2765885991014692,0.28652976368161553
8.875,0.18,1.0130547788408004,0.0019410619980997242,0.27394927642691863,0.28942069825476496
9.0,0.18,1.0115027576646178,0.0019035563871653202,0.27132432318804767,0.2922711908443491
9.125,0.18,1.0099734593745375,0.0018671502861579614,0.26871342913416185,0.2950820872381181
9.25,0.18,1.0084664979376534,0.0018317996384821186,0.26611629495195827,0.29785421373120463
9.375,0.18,1.0069814904902974,0.0017974626127561576,0.2635326317362118,0.30058837736851995
9.5,0.18,1.0055180578246081,0.0017640994662026718,0.2609621604931662,0.30328536620848473
9.625,0.18,1.004075824805445,0.0017316724177864548,0.2584046116742115,0.3059459496041224
9.75,0.18,1.0026544207257262,0.001700145530364696,0.255859724737613,0.30857087849839143
9.875,0.18,1.0012534796073274,0.001669484601169106,0.25332724773623627,0.31116088573130024
10.0,0.18,0.9998726404538435,0.0016396570599814316,0.250806936929381,0.31371668635689703
10.125,0.18,0.9985115474607503,0.0016106318744155649,0.24829855641699553,0.31623897796863704
10.25,0.18,0.99716985018788,0.0015823794617576615,0.24580187779466794,0.31872844103194253
10.375,0.18,0.9958472036985319,0.0015548716068558897,0.24331667982793323,0.3211857392229873
10.5,0.18,0.9945432686690433,0.001528081385588694,0.24084274814454465,0.3236115197728832
10.625,0.18,0.9932577114721993,0.0015019830934770331,0.2383798749434876,0.3260064138165323
10.75,0.18,0.9919902042374769,0.0014765521790368857,0.23592785871958535,0.3283710367454486
10.875,0.18,0.9907404248907751,0.0014517651815022289,0.23348650400267223,0.3307059885638609
11.0,0.18,0.9895080571759839,0.0014275996725766516,0.23105562111036854,0.3330118542473886
11.125,0.18,0.9882927906604876,0.0014040342019018956,0.22863502591358612,0.33528920410355956
11.25,0.18,0.987094320726464,0.0013810482459564013,0.22622453961395822,0.3375385941334015
11.375,0.18,0.9859123485496367,0.0013586221601226418,0.22382398853244811,0.3397605663933055
11.5,0.18,0.984746581066974,0.0013367371336843732,0.2214332039084586,0.3419556493563334
11.625,0.18,0.9835967309346484,0.0013153751475371708,0.2190520217088038,0.3441243582721248
11.75,0.18,0.982462516477461,0.001294518934412963,0.21668028244596288,0.3462671955245509
11.875,0.18,0.9813436616307903,0.0012741519414400924,0.2143178310050792,0.34838465098627364
12.0,0.18,0.9802398958760289,0.0012542582948746675,0.21196451647918785,0.35047720236938473
12.125,0.18,0.9791509541703758,0.0012348227668541245,0.2096201920122123,0.35254531557133556
12.25,0.18,0.978076576871759,0.001215830744037656,0.20728471464929646,0.3545894450154187
12.375,0.18,0.9770165096596025,0.0011972681980089894,0.20495794519404859,0.35661003398510654
12.5,0.18,0.9759705034520628,0.001179121657329687,0.20263974807232285,0.35860751495162974
12.625,0.18,0.9749383143203167,0.001161378181136629,0.20032999120217493,0.3605823098942421
12.75,0.18,0.9739197034004186,0.0011440253341895954,0.19802854586965266,0.3625348306126928
12.875,0.18,0.9729144368031973,0.0011270511632812303,0.1957352866101045,0.3644654790315094
13.0,0.18,0.9719222855226137,0.0011104441749252036,0.19345009109469963,0.3663746474957694
13.125,0.18,0.9709430253429661,0.0010941933142490832,0.19117284002187648,0.36826271905811553
13.25,0.18,0.9699764367452889,0.001078287945018528,0.18890341701346022,0.37013006775684487
13.375,0.18,0.9690223048132544,0.001062717830726733,0.18664170851518988,0.371977058884972
13.5,0.18,0.9680804191388586,0.0010474731166871256,0.1843876037014202,0.37380404925022975
13.625,0.18,0.9671505737281476,0.0010325443130697217,0.18214099438377326,0.37561138742603595
13.75,0.18,0.9662325669072092,0.0010179222788249344,0.17990177492353632,0.37739941399350074
13.875,0.18,0.9653262012286274,0.0010035982064432476,0.1776698421476034,0.37916846177460767
14.0,0.18,0.9644312833785958,0.0009895636075014347,0.1754450952677761,0.3809188560567336
14.125,0.18,0.9635476240848404,0.0009758102989448203,0.17322743580325842,0.3826509148087162
14.25,0.18,0.9626750380255038,0.0009623303900657059,0.17101676750617967,0.38436494888870376
14.375,0.18,0.9618133437391158,0.000949116270134079,0.16881299628998983,0.3860612622440498
14.5,0.18,0.9609623635357694,0.0009361605966396915,0.1666160301606028,0.38774015210353463
14.625,0.18,0.9601219234095978,0.0009234562841108962,0.16442577915014062,0.38940190916221007
14.75,0.18,0.9592918529526492,0.0009109964934745373,0.1622421552531704,0.39104681775917927
14.875,0.18,0.9584719852702234,0.0008987746219240028,0.1600650723653163,0.3926751560486256
15.0,0.18,0.9576621568977465,0.0008867842932649828,0.15789444622413892,0.39428719616441493
15.125,0.18,0.9568622077192394,0.0008750193487115836,0.15573019435219443,0.3958832043785937
15.25,0.18,0.9560719808874188,0.0008634738381072003,0.15357223600217115,0.3974634412541046
15.375,0.18,0.9552913227454802,0.0008521420115449203,0.15142049210402994,0.3990281617920395
15.5,0.18,0.9545200827505804,0.0008410183113639532,0.14927488521406307,0.400577615573743
15.625,0.18,0.9537581133990526,0.0008300973645051815,0.14713533946579657,0.4021120468980718
15.75,0.18,0.9530052701533637,0.0008193739752040801,0.14500178052267174,0.4036316949141067
15.875,0.18,0.9522614113708197,0.000808843118004081,0.14287413553243658,0.4051367937496052
16.0,0.18,0.9515263982340232,0.0007984999310759856,0.1407523330831816,0.40662757263546717
16.125,0.18,0.9508000946830818,0.0007883397098266791,0.1386363031609668,0.4081042560264747
16.25,0.18,0.9500823673495492,0.0007783579007846814,0.13652597710897824,0.40956706371855456
16.375,0.18,0.9493730854920893,0.0007685500957505467,0.1344212875881585,0.4110162109627922
16.5,0.18,0.9486721209338396,0.0007589120261997648,0.1323221685392575,0.41245190857641706
16.625,0.18,0.9479793480014512,0.0007494395579270346,0.13022855514626264,0.4138743630509527
16.75,0.18,0.947294643465775,0.0007401286859226289,0.1281403838011383,0.41528377665771826
16.875,0.18,0.9466178864841605,0.0007309755294711894,0.1260575920698388,0.4166803475508413
17.0,0.18,0.9459489585443326,0.0007219763274626674,0.12398011865955434,0.41806426986793116
17.125,0.18,0.9452877434098088,0.0007131274339085249,0.12190790338712167,0.4194357338285395
17.25,0.18,0.9446341270668137,0.0007044253136546311,0.119840887148569,0.42079492583051864
17.375,0.18,0.9439879976726474,0.0006958665382805421,0.11777901188975783,0.42214202854437327
17.5,0.18,0.943349245505471,0.0006874477821807352,0.11572222057805076,0.42347722100567675
17.625,0.18,0.9427177629154514,0.0006791658188182297,0.11367045717498751,0.4248006787056194
17.75,0.18,0.942093444277233,0.0006710175171432385,0.11162366660992427,0.4261125736797284
17.875,0.18,0.9414761859436792,0.0006629998381710957,0.10958179475457944,0.42741307459479416
18.0,0.18,0.9408658862008518,0.0006551098317106625,0.1075447883984675,0.42870234683402064
18.125,0.18,0.9402624452241651,0.000647344633237033,0.1055125952251668,0.42998055258040396
18.25,0.18,0.939665765035689,0.0006397014609025727,0.10348516378939435,0.4312478508983437
18.375,0.18,0.9390757494625441,0.0006321776126774684,0.10146244349483904,0.43250439781346667
18.5,0.18,0.9384923040963586,0.0006247704636177454,0.09944438457274879,0.43375034639065185
18.625,0.18,0.9379153362537355,0.0006174774632465119,0.09743093806118128,0.4349858468102326
18.75,0.18,0.9373447549377052,0.0006102961330539943,0.0954220557849837,0.4362110464423475
18.875,0.18,0.9367804708001097,0.0006032240640937736,0.09341769033631582,0.4374260899194124
19.0,0.18,0.9362223961049189,0.000596258914697211,0.09141779505593306,0.43863111920669157
19.125,0.18,0.9356704446923704,0.0005893984082526893,0.08942232401481673,0.4398262736709279
19.25,0.18,0.9351245319440528,0.0005826403311213876,0.0874312319967419,0.44101169014702685
19.375,0.18,0.9345845747486498,0.0005759825305657422,0.08544447448078106,0.44218750300274895
19.5,0.18,0.9340504914687273,0.0005694229128711212,0.08346200762525974,0.4433538442014341
19.625,0.18,0.9335222019078957,0.000562959441361821,0.08148378825072365,0.4445108433626852
19.75,0.18,0.932999627279348,0.0005565901347761149,0.07950977382571725,0.44565862782111204
19.875,0.18,0.9324826901741302,0.0005503130652517397,0.07753992244931562,0.44679732268297584
20.0,0.18,0.9319713145317027,0.0005441263570969936,0.07557419283995062,0.4479270508810076
20.125,0.18,0.9314654256086996,0.0005380281844782266,0.07361254431538986,0.4490479332270077
20.25,0.18,0.9309649499523147,0.0005320167709729225,0.07165493678778066,0.4501600884629117
20.375,0.18,0.9304698153681219,0.0005260903863128449,0.06970133073591205,0.45126363330931685
20.5,0.18,0.9299799508984022,0.0005202473477081259,0.06775168721450674,0.4523586825131659
20.625,0.18,0.9294952867855371,0.0005144860140509943,0.06580596780593143,0.45344534889202337
20.75,0.18,0.9290157544606764,0.0005088047915035376,0.06386413466389665,0.4545237433791375
20.875,0.18,0.9285412864940704,0.0005032021211892117,0.06192615041263997,0.45559397506281796
21.0,0.18,0.9280718166076237,0.0004976764952999272,0.05999197827546687,0.456656151230521
21.125,0.18,0.927607279590664,0.0004922264283478854,0.05806158184159459,0.4577103774013992
21.25,0.18,0.9271476113703034,0.00048685049945024233,0.05613492540559941,0.4587567573731742
21.375,0.18,0.926692748838981,0.00048154728231612586,0.05421197340260459,0.45979539324265273
21.5,0.18,0.9262426300674377,0.0004763154528709432,0.05229269127354042,0.4608263854643571
21.625,0.18,0.9257971939100519,0.0004711536158735703,0.050377044070992326,0.46184983284555137
21.75,0.18,0.925356380572343,0.00046606057580799603,0.048464998636676644,0.46286583263851455
21.875,0.18,0.9249201306596329,0.0004610349046336852,0.04655652013532626,0.4638744804759085
22.0,0.18,0.9244883866284725,0.00045607562092601114,0.044651577507901816,0.4648758705507527
22.125,0.18,0.9240610904438504,0.0004511811089065971,0.04275013483126199,0.4658700954059017
22.25,0.18,0.9236381872368451,0.0004463508195149693,0.04085216494917904,0.4668572463360936
22.375,0.18,0.9232196194877614,0.0004415825603211912,0.038957627913185716,0.4678374128137612
22.5,0.18,0.9228053361924409,0.00043687676129777216,0.037066505030379227,0.46881068344891214
22.625,0.18,0.9223952783784637,0.00043222965388937354,0.03517874504845354,0.46977714449733377
22.75,0.18,0.9219894020270049,0.0004276440125470625,0.03329434918764841,0.4707368822249078
22.875,0.18,0.921587641985048,0.0004231118529485197,0.03141323676131211,0.471689979065525
23.0,0.18,0.9211899692326992,0.00041864175010899914,0.029535457609254724,0.47263651956715397
23.125,0.18,0.9207963010057301,0.00041421423261346163,0.027660856287220013,0.47357658036877875
23.25,0.18,0.9204066437868682,0.0004098527966023457,0.025789603389966477,0.474510245570376
23.375,0.18,0.9200208697604895,0.00040550505359276956,0.023921354845755468,0.4754375796396268
23.5,0.18,0.919639073557416,0.000401235820234835,0.022056584528926105,0.476358669214714
23.625,0.18,0.9192610176840437,0.00039689005619179634,0.020194470720047222,0.4772735447423879
23.75,0.18,0.9188870211048731,0.00039266317293169237,0.01833625961929672,0.4781823051361817
23.875,0.18,0.9185165897582768,0.00038804115635735387,0.016479901900806494,0.47908486546209067
24.0,0.18,0.9181506240937107,0.0003837131194520984,0.014628661021963703,0.4799813837959601
24.125,0.18,0.9177880574559414,0.00037774764531584503,0.012777220732882377,0.48087133144733424
24.25,0.18,0.9174313527066829,0.00037303341251269327,0.010934383074789066,0.4817551990036627
24.375,0.18,0.9170781855093026,0.0003615157170732863,0.009085467777044871,0.4826306235572965
24.5,0.18,0.9167359277555546,0.00035677710054627185,0.007255985909489711,0.48350003109132267
24.625,0.18,0.9163982599812729,0.00032395499272946444,0.005400074575853347,0.48435354267117464
24.75,0.18,0.9160989415273361,0.00032626841881512077,0.003602593117829257,0.4852034943842428
24.875,0.18,0.9157950570447545,0.00022647199840542253,0.001681178013094061,0.4860073002233812
25.0,0.18,0.9157950570447545,0.0,0.0,0.4860073002233812
0.0,0.2,1.0,0.0,0.6239792964065419,0.0
0.125,0.2,1.0231132251365969,0.03456420845654101,0.6239792964065419,3.011798695685003e-05
0.25,0.2,1.0509400932004485,0.03478103952736161,0.5783048937296843,0.000159076748519137
0.375,0.2,1.0678800127566095,0.03430824583498861,0.5682653285427364,0.0004869509811341243
0.5,0.2,1.0836168623126792,0.028923328308093955,0.5449124441832719,0.001045948472804408
0.625,0.2,1.0937453162933506,0.025125706207589346,0.5360795631275507,0.0018727032042609127
0.75,0.2,1.1028198560362494,0.02154962037950029,0.5238097651860708,0.0029669458439803547
0.875,0.2,1.1097124974402435,0.01905074392854097,0.5161723739413471,0.0043402347868519665
1.0,0.2,1.1158259754194195,0.017023059644348294,0.5077634414779914,0.005988056800775486
1.125,0.2,1.120861680582705,0.015519460143581465,0.5009420245846053,0.007910311270240269
1.25,0.2,1.125257260127251,0.014293088116949142,0.4940943031985229,0.010097704983246672
1.375,0.2,1.1289554756611053,0.013314013371596463,0.4879028023769306,0.012541001349547443
1.5,0.2,1.132115986054997,0.012483839121156927,0.4818658957829674,0.015225702580765128
1.625,0.2,1.1347509609630446,0.011778421264696477,0.4761721114690797,0.018136516955074216
1.75,0.2,1.1369359562194774,0.0111574954825777,0.470654357504752,0.021255652741712053
1.875,0.2,1.1387004716408253,0.010606959711028732,0.4653574599624017,0.024565019722466285
2.0,0.2,1.140091573379277,0.010109300068138878,0.4602191233763993,0.028045835489507082
2.125,0.2,1.1411405552436489,0.009656504696610863,0.45524387053910165,0.03167969214039751
2.25,0.2,1.1418824862541455,0.00924019108163343,0.4504042345964472,0.03544853720812719
2.375,0.2,1.1423459505894484,0.008855580014509546,0.4456946370202271,0.039335162017146715
2.5,0.2,1.1425591954363892,0.008498145389394293,0.44110031695334706,0.04332323571815644
2.625,0.2,1.142546989668343,0.00816482345386886,0.436614146967113,0.04739750002951196
2.75,0.2,1.1423326445633042,0.007852852386784636,0.43222669557813287,0.05154377322789424
2.875,0.2,1.1419371034320505,0.007560125565308574,0.4279314847620958,0.05574899846632984
3.0,0.2,1.1413796739549134,0.007284776428396742,0.4237217408747545,0.06000121216557608
3.125,0.2,1.1406778231672612,0.007025270460889561,0.4195920215888774,0.06428952219039534
3.25,0.2,1.1398474980467754,0.006780248636558645,0.41553711742191923,0.06860405351434964
3.375,0.2,1.13890314014012,0.006548542923259952,0.4115525361405335,0.0729358958344697
3.5,0.2,1.137857866528293,0.006329112239951775,0.407634109900824,0.07727703942462644
3.625,0.2,1.136723546542517,0.006121037950162523,0.4037781231602927,0.08162031261831969
3.75,0.2,1.1355109280604658,0.005923494574213381,0.39998115834705966,0.08595931675344239
3.875,0.2,1.134229724701576,0.0057357417668546734,0.3962401160146107,0.0902883638157469
4.0,0.2,1.132888714559782,0.005557109072685383,0.3925521451737749,0.09460241558846424
4.125,0.2,1.1314958213699484,0.0053869886778853925,0.38891463379195873,0.09889702630879141
4.25,0.2,1.1300581950871844,0.005224826423766365,0.38532517168895214,0.10316828845398668
4.375,0.2,1.1285822824643523,0.005070116075568655,0.3817815352285509,0.10741278233400864
4.5,0.2,1.1270738935564781,0.004922393463043122,0.37828166434594174,0.11162752927722505
4.625,0.2,1.125538261285517,0.004781232100963352,0.3748236481586624,0.11580994853292702
4.75,0.2,1.1239800963300834,0.004646239081198775,0.3714057091226779,0.11995781767957427
4.875,0.2,1.1224036366471029,0.004517051731595429,0.36802619102423567,0.12406923643483425
5.0,0.2,1.1208126926463813,0.004393334590489015,0.36468354730237323,0.12814259364140224
5.125,0.2,1.1192106880274386,0.004274776832539021,0.36137633137410546,0.1321765372411061
5.25,0.2,1.1176006968514376,0.00416108996499677,0.3581031876851621,0.1361699470113295
5.375,0.2,1.1159854770618332,0.004052005818449141,0.35486284397288165,0.14012190985813705
5.5,0.2,1.1143675008421738,0.0039472747515068045,0.35165410424044985,0.1440316974551945
5.625,0.2,1.1127489820612333,0.003846664062026777,0.34847584255008823,0.14789874603370787
5.75,0.2,1.1111319010998773,0.0037499565639521715,0.3453269974150248,0.15172263813594056
5.875,0.2,1.1095180272923868,0.003656949315911778,0.3422065667842776,0.15550308615960848
6.0,0.2,1.1079089392166386,0.0035674524777777484,0.3391136035081842,0.15923991753175146
6.125,0.2,1.1063060430339156,0.003481288282037229,0.33604721125080167,0.16293306136406951
6.25,0.2,1.104710589068293,0.0033982901045163994,0.3330065407831217,0.16658253645332444
6.375,0.2,1.1031236867934906,0.003318301623624172,0.3299907866215182,0.17018844050215276
6.5,0.2,1.1015463183818666,0.0032411760572908692,0.3269991839678429,0.17375094044615164
6.625,0.2,1.0999793509539453,0.003166775469077938,0.3240310059207159,0.17727026378309405
6.75,0.2,1.0984235476545285,0.003094970135532071,0.32108556092708446,0.18074669080915554
6.875,0.2,1.0968795776686566,0.003025637968183156,0.31816219044963207,0.18418054767538156
7.0,0.2,1.0953480252800916,0.002958663984242032,0.31526026682713665,0.18757220018518672
7.125,0.2,1.0938293980647797,0.002893939820903994,0.3123791913085949,0.19092204826059914
7.25,0.2,1.0923241343028627,0.002831363288744231,0.30951839224371525,0.19423052101125274
7.375,0.2,1.0908326096846297,0.002770837960277929,0.30667732341479187,0.19749807234587843
7.5,0.2,1.0893551433784712,0.0027122727902262793,0.30385546249650136,0.20072517707129792
7.625,0.2,1.0878920035223185,0.0026555817644585786,0.30105230963185925,0.20391232742874107
7.75,0.2,1.0864434121940452,0.00260068357494276,0.2982673861138051,0.20706003002174134
7.875,0.2,1.0850095499109997,0.0025475013183614,0.29550023316307333,0.21016880309395794
8.0,0.2,1.0835905597039617,0.0024959622163229682,0.29275041079401676,0.2132391741190699
8.125,0.2,1.082186550806479,0.0024459973553426196,0.2900174967609036,0.2162716776684124
8.25,0.2,1.080797601996595,0.0023975414449719915,0.28730108557797773,0.21926685352531655
8.375,0.2,1.079423764624429,0.0023505325926418733,0.28460078760723934,0.22222524501817623
8.5,0.2,1.0780650653558475,0.002304912093931834,0.2819162282084786,0.22514739754713092
8.625,0.2,1.076721508659564,0.0022606242371179166,0.27924704694660996,0.22803385728191544
8.75,0.2,1.075393079062361,0.0022176161209600167,0.2765928968517999,0.2308851700109024
8.875,0.2,1.0740797431947302,0.002175837484788453,0.2739534437283034,0.2337018801236558
9.0,0.2,1.0727814516470782,0.00213524055003385,0.27132836550823297,0.23648452971142273
9.125,0.2,1.0714981406546538,0.0020957798724108513,0.2687173516468642,0.23923365777191216
9.25,0.2,1.070229733627591,0.0020574122040318984,0.2661201025563086,0.24194979950646728
9.375,0.2,1.0689761425408368,0.002020096364775792,0.2635363290746807,0.24463348569930735
9.5,0.2,1.0677372691972593,0.0019837931222842463,0.26096575196810373,0.2472852421699198
9.625,0.2,1.0665130063759385,0.0019484650799964367,0.2584081014631178,0.2499055892909281
9.75,0.2,1.0653032388764265,0.001914076572670253,0.25586311680725465,0.252495041564839
9.875,0.2,1.0641078444686867,0.0018805935688748058,0.25333054585570003,0.25505410725401617
10.0,0.2,1.0629266947574538,0.0018479835799614895,0.25081014468216123,0.25758328805901803
10.125,0.2,1.0617596559689073,0.0018162155750579636,0.24830167721219426,0.2600830788411181
10.25,0.2,1.060606589666718,0.0017852599016519564,0.2458049148773849,0.2625539673853809
10.375,0.2,1.0594673534038768,0.001755088211359987,0.24331963628891037,0.2649964342011234
10.5,0.2,1.0583418013160426,0.0017256733905021344,0.24084562692913195,0.2674109523569603
10.625,0.2,1.0572297846616063,0.0016969894951286795,0.23838267885998296,0.26979798734792404
10.75,0.2,1.0561311523131418,0.0016690116901680143,0.23593059044700251,0.2721579969923677
10.875,0.2,1.0550457512044815,0.0016417161923884562,0.23348916609798165,0.2744914313565437
11.0,0.2,1.0539734267372312,0.0016150802168911362,0.2310582160152554,0.2767987327048614
11.125,0.2,1.0529140231501866,0.0015890819268706956,0.22863755596076207,0.2790803354739385
11.25,0.2,1.0518673838547763,0.0015637003864029041,0.22622700703306514,0.28133666626861853
11.375,0.2,1.0508333517393833,0.0015389155160361729,0.22382639545558172,0.28356814387818025
11.5,0.2,1.0498117694451237,0.0015147080509844944,0.2214355523753447,0.2857751793110132
11.625,0.2,1.0488024796154303,0.0014910595017361941,0.21905431367165043,0.2879581758460594
11.75,0.2,1.0478053251215906,0.0014679521169060094,0.21668251977401384,0.290117529099364
11.875,0.2,1.046820149266192,0.0014453688481786892,0.2143200154888913,0.29225362710411307
12.0,0.2,1.0458467959662512,0.001423293317200472,0.21196664983464975,0.2943668504025785
12.125,0.2,1.0448851099176941,0.0014017097842893935,0.20962227588432436,0.29645757214844404
12.25,0.2,1.043934936742661,0.0013806031188474148,0.20728675061572793,0.29852615821803974
12.375,0.2,1.042996123121035,0.0013599587713654612,0.20495993476848737,0.30057296732907995
12.5,0.2,1.0420685169074713,0.001339762746924042,0.20264169270763085,0.3025983511655719
12.625,0.2,1.0411519672350833,0.0013200015800959133,0.20033189229336298,0.30460265450764373
12.75,0.2,1.0402463246068843,0.0013006623111685984,0.19803040475668526,0.3065862153651211
12.875,0.2,1.0393514409759814,0.0012817324636102013,0.19573710458054747,0.308549365113774
13.0,0.2,1.0384671698154393,0.0012632000227037242,0.1934518693862183,0.31049242863324994
13.125,0.2,1.037593366178688,0.0012450534152846553,0.19117457982459501,0.3124157244457917
13.25,0.2,1.0367298867512527,0.0012272814905187476,0.18890511947219038,0.3143195648549492
13.375,0.2,1.0358765898945475,0.0012098735016588934,0.18664337473153775,0.3162042560835669
13.5,0.2,1.0350333356824253,0.001192819088727618,0.18438923473577767,0.31807009841043465
13.625,0.2,1.0341999859310966,0.0011761082620715263,0.18214259125720253,0.319917386305065
13.75,0.2,1.0333764042230307,0.0011597313867373767,0.17990333861955202,0.32174640856015035
13.875,0.2,1.0325624559253581,0.0011436791676236343,0.17767137361386082,0.32355744842132395
14.0,0.2,1.0317580082033024,0.001127942635362194,0.17544659541766866,0.325350783713926
14.125,0.2,1.030962930029101,0.0011125131328864216,0.17322890551743303,0.3271266869665449
14.25,0.2,1.0301770921868505,0.0010973823026479415,0.17101820763397088,0.3288854255311595
14.375,0.2,1.0294003672736791,0.0010825420744430413,0.16881440765078212,0.33062726169977036
14.5,0.2,1.0286326296976314,0.0010679846538112314,0.1666174135451212,0.332352452817457
14.625,0.2,1.0278737556725992,0.0010537025109748064,0.1644271353216766,0.3340612513918435
14.75,0.2,1.0271236232106242,0.0010396883702870083,0.1622434849487457,0.3357539051989944
14.875,0.2,1.026382112111877,0.0010259352001583946,0.16006637629678758,0.33743065738579947
15.0,0.2,1.0256491039525741,0.00101243620343427,0.15789572507924907,0.33909174656893865
15.125,0.2,1.0249244820710908,0.0009991848081977955,0.15573144879557071,0.3407374069305371
15.25,0.2,1.024208131552504,0.0009861746589760495,0.15357346667627528,0.3423678683106512
15.375,0.2,1.02349993921178,0.0009733996083259505,0.15142169963006052,0.3439833562967374
15.5,0.2,1.0227997935757913,0.0009608537087788828,0.14927607019281697,0.3455840923102705
15.625,0.2,1.0221075848643508,0.0009485312051281116,0.14713650247848575,0.34717029369069247
15.75,0.2,1.021423204970425,0.0009364265270413523,0.14500292213170435,0.3487421737768734
15.875,0.2,1.0207465474396604,0.0009245342819807184,0.14287525628215814,0.35029994198627146
16.0,0.2,1.0200775074493735,0.0009128492484190966,0.14075343350058336,0.35184380389198544
16.125,0.2,1.0194159817870998,0.0009013663693372267,0.1386373837563593,0.3533739612978808
16.25,0.2,1.018761868828836,0.0008900807459906088,0.13652703837663563,0.35489061231197394
16.375,0.2,1.0181150685170333,0.0008789876319357653,0.13442233000692994,0.35639395141824914
16.5,0.2,1.017475482338454,0.0008680824273039815,0.13232319257315314,0.3578841695470748
16.625,0.2,1.0168430133019528,0.0008573606733135121,0.1302295612450111,0.3593614541443716
16.75,0.2,1.0162175659162322,0.0008468180470123062,0.12814137240072043,0.3608259892396795
16.875,0.2,1.0155990461676416,0.0008364503562409889,0.12605856359299483,0.3622779555132494
17.0,0.2,1.0149873614980602,0.0008262535348080876,0.12398107351627091,0.36371753036227467
17.125,0.2,1.0143824207828898,0.0008162236378716435,0.12190884197509526,0.3651448879663627
17.25,0.2,1.0137841343092033,0.0008063568375175883,0.11984180985364959,0.36656019935232653
17.375,0.2,1.013192413754065,0.0007966494185271967,0.11777991908637357,0.3679636324583643
17.5,0.2,1.0126071721630283,0.0007870977743284102,0.11572311262961334,0.3693553521976745
17.625,0.2,1.0120283239288579,0.0007776984031223195,0.11367133443428093,0.3707355205215406
17.75,0.2,1.011455784770447,0.0007684479041779347,0.11162452941947612,0.37210429648189913
17.875,0.2,1.0108894717119647,0.0007593429742890092,0.1095826434470171,0.37346183629339824
18.0,0.2,1.010329303062217,0.0007503804043854669,0.10754562329686018,0.3748082933949263
18.125,0.2,1.0097751983942416,0.0007415570762925908,0.10551341664335194,0.3761438185105898
18.25,0.2,1.0092270785251123,0.0007328699596322954,0.10348597203229266,0.3774685597100999
18.375,0.2,1.0086848654959646,0.0007243161088569004,0.10146323885875526,0.3787826624685184
18.5,0.2,1.0081484825522455,0.0007158926604147122,0.09944516734566146,0.3800862697253055
18.625,0.2,1.0076178541241578,0.0007075968300324603,0.09743170852302092,0.38137952194260616
18.75,0.2,1.0070929058073304,0.0006994259101190215,0.09542281420790018,0.3826625571627015
18.875,0.2,1.0065735643436613,0.000691377267269716,0.09341843698493678,0.38393551106455265
19.0,0.2,1.0060597576023973,0.0006834483398902103,0.09141853018760934,0.3851985170193642
19.125,0.2,1.0055514145613527,0.0006756366358899182,0.08942304787986372,0.38645170614508
19.25,0.2,1.0050484652884026,0.0006679397305120208,0.08743194483866518,0.3876952073597562
19.375,0.2,1.0045508409230244,0.0006603552641820078,0.08544517653650409,0.3889291474337134
19.5,0.2,1.0040584736582567,0.0006528809405456861,0.08346269912532656,0.39015365104043515
19.625,0.2,1.0035712967224772,0.0006455145244130072,0.08148446941952188,0.391368840806102
19.75,0.2,1.0030892443619492,0.0006382538400461329,0.07951044488164868,0.39257483735778836
19.875,0.2,1.0026122518226428,0.0006310967690860858,0.07754058360503116,0.39377175937014114
20.0,0.2,1.0021402553336904,0.0006240412492233079,0.07557484430246636,0.3949597236107227
20.125,0.2,1.0016731920887614,0.00061708527185263,0.07361318628637267,0.3961388449836401
20.25,0.2,1.001211000231242,0.0006102268814893235,0.07165556946355033,0.39730923657199657
20.375,0.2,1.0007536188339108,0.0006034641725420451,0.06970195430787615,0.3984710096782846
20.5,0.2,1.0003009878878606,0.0005967952904038765,0.06775230186889408,0.3996242738641016
20.625,0.2,0.9998530482773588,0.0005902184258399553,0.06580657372462163,0.40076913698702105
20.75,0.2,0.9994097417775,0.0005837318201001936,0.06386473202350221,0.40190570523808805
20.875,0.2,0.99897101101642,0.0005773337531781524,0.061926739386337866,0.4030340831745189
21.0,0.2,0.9985367994941428,0.0005710225588376884,0.05999255903046934,0.40415437375626234
21.125,0.2,0.9981070515125252,0.0005647965973888618,0.058062154543505426,0.4052666783728465
21.25,0.2,0.9976817122463936,0.0005586542953770094,0.05613549021187323,0.40637109688209316
21.375,0.2,0.9972607275921874,0.0005525940794847478,0.054212530473229735,0.4074677276267182
21.5,0.2,0.996844044368997,0.0005466144777738795,0.05229324075449062,0.40855666748267094
21.625,0.2,0.9964316099634208,0.0005407139561853537,0.05037758612074379,0.4096380118542208
21.75,0.2,0.9960233728543398,0.0005348911735809395,0.04846553338466692,0.410711854750215
21.875,0.2,0.9956192817481679,0.0005291445742784829,0.04655704774809614,0.41177828872904976
22.0,0.2,0.9952192869113498,0.0005234730276605682,0.044652098085103356,0.412837405048058
22.125,0.2,0.9948233380328888,0.0005178748091920756,0.0427506485710329,0.41388929348611153
22.25,0.2,0.994431387572843,0.0005123492026770335,0.04085267188793047,0.41493404267848927
22.375,0.2,0.9940433854489898,0.0005068939450652081,0.03895812834003767,0.4159717396343612
22.5,0.2,0.9936592874168224,0.0005015092447160396,0.03706699883513309,0.4170024705377793
22.625,0.2,0.9932790418384743,0.0004961913477057459,0.03517923276423885,0.41802631949431035
22.75,0.2,0.9929026106149471,0.0004909426574057092,0.033294830350060464,0.41904337050561036
22.875,0.2,0.9925299362416734,0.00048575540320603257,0.03141371255249518,0.4200537042375619
23.0,0.2,0.9921609940225153,0.0004806373858713958,0.029535926686318197,0.4210574029880505
23.125,0.2,0.9917957101620719,0.000475569820131676,0.027661321599728755,0.42205454223587335
23.25,0.2,0.9914340917519173,0.0004705743204069689,0.025790061334640773,0.4230452034892141
23.375,0.2,0.9910760238346713,0.00046560032052152164,0.023921813446040493,0.4240294513564926
23.5,0.2,0.9907215917008089,0.00046070757889094574,0.022057033917480557,0.42500736854901056
23.625,0.2,0.99037058179098,0.00045574571257740086,0.020194934791618997,0.4259789892112456
23.75,0.2,0.9900232737944555,0.00045089533770578926,0.01833670864726214,0.4269444037104044
23.875,0.2,0.9896792321932575,0.0004456548057609972,0.016480415469904672,0.4279035425313345
24.0,0.2,0.9893392167092797,0.0004406661076941498,0.014629133890745176,0.42885653760679976
24.125,0.2,0.989002348393207,0.00043403299982640287,0.012777953096519868,0.42980291987345287
24.25,0.2,0.9886705638260619,0.00042848397593992627,0.010934930856934508,0.43074307772750664
24.375,0.2,0.9883423109750445,0.0004160428281733975,0.009087088723600494,0.4316748803286828
24.5,0.2,0.9880228527024754,0.0004097814487159959,0.007256575120994102,0.4326003034433301
24.625,0.2,0.9877096346984425,0.0003743171590689152,0.005405139641430638,0.4335101888957755
24.75,0.2,0.98742763854459,0.00037258327894175913,0.0036021999649607124,0.4344150691834101
24.875,0.2,0.9871520074096272,0.0002523990192828223,0.0016976393545079696,0.43527117697247764
25.0,0.2,0.9871520074096272,0.0,0.0,0.43527117697247764
0.0,0.22,1.0,0.0,0.6187924225355433,0.0
0.125,0.22,1.0204678183836258,0.030592127764830248,0.6187924225355433,8.83456948509632e-06
0.25,0.22,1.045688740280867,0.03149700474537946,0.5783277665893264,5.134252603834578e-05
0.375,0.22,1.0621962753553194,0.03159675632276574,0.5683785701898907,0.00017068670991455094
0.5,0.22,1.0778451960249698,0.026887991513119682,0.5458383552791224,0.0003910147384787031
0.625,0.22,1.088421060448782,0.023497931594247026,0.5367395651081693,0.0007388287602572792
0.75,0.22,1.0980601228299507,0.020223453793160335,0.5244339835917082,0.0012254934523375795
0.875,0.22,1.1056774699942231,0.017920898089733732,0.5166108383061156,0.0018664825114456816
1.0,0.22,1.1126053157001743,0.016048940678383597,0.5081187372944651,0.0026696307214128163
1.125,0.22,1.1185611449386073,0.014665226373928395,0.5012042543804472,0.0036439246734109604
1.25,0.22,1.1239641093105093,0.013542964926652783,0.4943061325127598,0.004793175241996373
1.375,0.22,1.1287561813228764,0.012653311028837603,0.4880695729107719,0.006120117100747824
1.5,0.22,1.1330841080033214,0.011904113059911132,0.4820049958741816,0.0076237185796402705
1.625,0.22,1.1369516765445193,0.011271582386323828,0.4762880132873128,0.009301292291938884
1.75,0.22,1.1404221591452477,0.010717568849654545,0.47075435665957377,0.011147619078608048
1.875,0.22,1.1435146497945885,0.010228223604178606,0.4654442467908918,0.01315611930543537
2.0,0.22,1.1462651146441034,0.009786871536256363,0.4602959681458369,0.015318722552233464
2.125,0.22,1.1486950989290583,0.00938574352708051,0.455312346264318,0.017626544881645268
2.25,0.22,1.150830431139146,0.009016892587745823,0.450465958876769,0.020069996639858728
2.375,0.22,1.1526916494249142,0.008675781209590635,0.44575057021152187,0.02263917887969956
2.5,0.22,1.1542998220074911,0.008358185857485396,0.4411513571457797,0.02532402506503693
2.625,0.22,1.1556735883690643,0.0080612784258922,0.4366609171664928,0.028114529972272262
2.75,0.22,1.1568310076174328,0.0077825476705619435,0.43226975160607206,0.031000859778606848
2.875,0.22,1.1577886486934061,0.007520109548867949,0.42797125411070813,0.033973478291978505
3.0,0.22,1.1585622026824012,0.0072723181651552435,0.4237585981599092,0.037023214604373654
3.125,0.22,1.1591662201901523,0.0070378431170247165,0.4196262735835102,0.040141325738569565
3.25,0.22,1.1596143372048118,0.006815521243106558,0.4155690322258498,0.04331952882814123
3.375,0.22,1.1599192211817444,0.006604367186720589,0.4115823415401811,0.04655002464414318
3.5,0.22,1.1600926757015397,0.006403512146442784,0.40766200577485984,0.049825504736979755
3.625,0.22,1.1601456547281603,0.006212197889318928,0.4038042831416714,0.05313915151339403
3.75,0.22,1.160088328419752,0.00602974863782667,0.40000573578786447,0.056484629518997936
3.875,0.22,1.1599301188936215,0.005855562861160595,0.3962632460545961,0.059856072181737385
4.0,0.22,1.1596797521346216,0.005689098770898968,0.39257394800344236,0.0632480640886828
4.125,0.22,1.1593452989852082,0.005529867382559498,0.38893521640867723,0.0666556208798144
4.25,0.22,1.1589342202849084,0.005377424161002633,0.3853446298912228,0.0700741672132874
4.375,0.22,1.1584534070811907,0.005231363778233331,0.3817999549685876,0.07349951387789891
4.5,0.22,1.1579092208434616,0.005091314845476129,0.3782991230515856,0.07692783446261281
4.625,0.22,1.1573075306193965,0.004956936065746977,0.37484021574619536,0.08035564214900598
4.75,0.22,1.156653748775083,0.00482791267752476,0.37142144892220696,0.08377976690186573
4.875,0.22,1.155952864309569,0.004703953627556016,0.3680411605355875,0.08719733334702097
5.0,0.22,1.1552094743290309,0.0045847890468920524,0.36469779886677084,0.09060573948931777
5.125,0.22,1.154427813386704,0.004470168145742699,0.3613899127420138,0.09400263640340023
5.25,0.22,1.1536117809412167,0.0043598573547341535,0.3581161425161808,0.09738590896240087
5.375,0.22,1.1527649668944944,0.004253638730079183,0.354875212266695,0.10075365764815053
5.5,0.22,1.1518906753588827,0.004151308545626256,0.3516659227158541,0.10410418145205175
5.625,0.22,1.1509919467055907,0.004052676062952148,0.3484871449757491,0.10743596186065305
5.75,0.22,1.1500715780106985,0.003957562440717278,0.3453378149011671,0.11074764790256399
5.875,0.22,1.149132141980698,0.0038657997699410845,0.3422169280394112,0.11403804222459529
6.0,0.22,1.1481760044596574,0.003777230213165488,0.3391235350664481,0.11730608815677512
6.125,0.22,1.1472053406060145,0.0036917052355736257,0.3360567376734008,0.12055085772172375
6.25,0.22,1.1462221498312695,0.0036090849142224276,0.33301568483754296,0.12377154054062267
6.375,0.22,1.1452282695850684,0.0035292373159513148,0.3299995694412347,0.12696743358674947
6.5,0.22,1.144225388069642,0.0034520379346311913,0.32700762519507415,0.1301379317370029
6.625,0.22,1.1432150559608354,0.0033773691805894777,0.324039123834305,0.13328251907227104
6.75,0.22,1.1421986972093998,0.0033051199156264094,0.32109337255733666,0.13640076087837386
6.875,0.22,1.1411776189912772,0.003235185028262652,0.3181697116816666,0.13949229630065857
7.0,0.22,1.1401530208715251,0.003167465044449704,0.3152675124941156,0.14255683160691718
7.125,0.22,1.1391260032420603,0.0031018657697447307,0.3123861752759911,0.1455941340150971
7.25,0.22,1.1380975750893905,0.0030382979594501362,0.3095251274856399,0.14860402604418488
7.375,0.22,1.137068661144491,0.0029766770137307484,0.3066838220832611,0.15158638034862948
7.5,0.22,1.1360401084632916,0.002916922695114743,0.3038617359844116,0.15454111499869308
7.625,0.22,1.135012692482675,0.00285895886614738,0.3010583686303413,0.15746818917114738
7.75,0.22,1.1339871225935805,0.0028027132452594036,0.2982732406645421,0.16036759921675883
7.875,0.22,1.1329640472697269,0.0027481171791767806,0.295505892706099,0.16323937507301575
8.0,0.22,1.131944058787537,0.0026951054304172333,0.29275588421144255,0.16608357699253304
8.125,0.22,1.13092769757018,0.0026436159786092546,0.2900227924169738,0.1689002925595267
8.25,0.22,1.1299154561861258,0.0025935898345283864,0.2873062113558055,0.17168963396866743
8.375,0.22,1.1289077830302463,0.0025449708658869313,0.2846057509425317,0.17445173554250765
8.5,0.22,1.1279050857133643,0.0024977056340240353,0.2819210361205328,0.1771867514655068
8.625,0.22,1.126907734184088,0.0024517432407434466,0.27925170606682054,0.17989485371447098
8.75,0.22,1.1259160636049217,0.00240703518462612,0.27659741344990735,0.18257623016694213
8.875,0.22,1.1249303770028454,0.002363535226210526,0.2739578237365733,0.1852310828707381
9.0,0.22,1.1239509477129794,0.0023211992614909534,0.2713326145437526,0.1878596264594218
9.125,0.22,1.1229780216324026,0.002279985203227237,0.2687214750321124,0.19046208669998535
9.25,0.22,1.1220118192997746,0.002239852869598571,0.2661241053381488,0.19303869916044156
9.375,0.22,1.1210525378151508,0.0022007638797624154,0.2635402160419119,0.19558970798633296
9.5,0.22,1.1201003526131323,0.0021626815559080033,0.2609695276676834,0.19811536477637842
9.625,0.22,1.1191554191013897,0.0021255708314098704,0.25841177021517636,0.20061592754859353
9.75,0.22,1.1182178741755802,0.0020893981647119864,0.2558666827189963,0.20309165978921837
9.875,0.22,1.1172878376206972,0.0020541314585893473,0.2533340128342853,0.20554282957769565
10.0,0.22,1.1163654134080718,0.002019739984441955,0.2508135164466535,0.20796970878173401
10.125,0.22,1.1154506908963897,0.0019861943113016326,0.2483049573046508,0.2103725723171983
10.25,0.22,1.1145437459444014,0.0019534662392411734,0.24580810667315858,0.2127516974681723
10.375,0.22,1.1136446419423007,0.0019215287368897834,0.2433227430062311,0.21510736326306565
10.5,0.22,1.1127534307681657,0.0018903558827773985,0.24084865163802507,0.21743984990307208
10.625,0.22,1.1118701536752686,0.0018599228102440996,0.2383856244905777,0.219749438239663
10.75,0.22,1.1109948421155873,0.0018302056556641242,0.23593345979728017,0.2220364092980959
10.875,0.22,1.1101275185043658,0.0018011815097528194,0.23349196184101154,0.22430104384417426
11.0,0.22,1.1092681969301543,0.0017728283717378499,0.23106094070595404,0.22654362199168646
11.125,0.22,1.1084168838144002,0.00174512510619298,0.22864021204221818,0.2287644228481128
11.25,0.22,1.1075735785242904,0.001718051402346821,0.22622959684246044,0.23096372419631564
11.375,0.22,1.1067382739422449,0.0016915877356910908,0.22382892122974057,0.23314180221001843
11.5,0.22,1.1059109569951844,0.0016657153317302985,0.22143801625594095,0.23529893120096299
11.625,0.22,1.1050916091464296,0.001640416131726583,0.21905671771009466,0.23743538339569117
11.75,0.22,1.104280206852857,0.0016156727603020215,0.2166848659360472,0.23955142873995106
11.875,0.22,1.1034767219897392,0.0015914684947785475,0.2143223056589054,0.2416473347287756
12.0,0.22,1.1026811222455015,0.001567787236140359,0.2119688858197516,0.24372336626032248
12.125,0.22,1.1018933714884467,0.0015446134815153094,0.20962445941816488,0.24577978551161597
12.25,0.22,1.1011134301073648,0.0015219322980824976,0.20728888336210974,0.24781685183437402
12.375,0.22,1.1003412553277845,0.0014997292983167001,0.2049620183247675,0.24983482166916401
12.5,0.22,1.099576801505523,0.001477990616491865,0.20264372860792884,0.2518339484761853
12.625,0.22,1.0988200203990395,0.00145670288636877,0.20033388201159094,0.2538144826810448
12.75,0.22,1.0980708614220245,0.0014358532199985673,0.19803234970940897,0.25577667163396167
12.875,0.22,1.0973292718775438,0.001415429187580883,0.1957390061296877,0.2577207595809167
13.0,0.22,1.0965951971749803,0.0013954187983149873,0.19345372884160655,0.259646987645339
13.125,0.22,1.0958685810309163,0.001375810482190427,0.19117639844638823,0.26155559381901416
13.25,0.22,1.0951493656550542,0.0013565930726660732,0.18890689847315534,0.26344681296098016
13.375,0.22,1.09443749192217,0.0013377557901857599,0.1866451152792131,0.2653208768032714
13.5,0.22,1.0937328995310691,0.001319288226487487,0.18439093795452013,0.2671780139624647
13.625,0.22,1.09303552715141,0.0013011803296606196,0.18214425823012467,0.26901844995606544
13.75,0.22,1.0923453125592508,0.0012834223899098217,0.17990497039035924,0.2708424072228671
13.875,0.22,1.0916621927620889,0.001266005025986673,0.17767297118859016,0.2726501051465086
14.0,0.22,1.0909861041141335,0.0012489191722503525,0.1754481597663393,0.2744417600815283
14.125,0.22,1.090316982422503,0.001232156066321601,0.1732304375756102,0.27621758538131136
14.25,0.22,1.089654763044983,0.0012157072372981016,0.1710197083042522,0.27797779142739537
14.375,0.22,1.0889993809799616,0.001199564494496485,0.1688158778042058,0.27972258565967867
14.5,0.22,1.088350770949115,0.00118371991669143,0.16661885402250598,0.28145217260714434
14.625,0.22,1.0877088674733597,0.0011681658418248584,0.1644285469348933,0.2831667539187836
14.75,0.22,1.0870736049425929,0.0011528948571564656,0.16224486848192593,0.28486652839446003
14.875,0.22,1.0864449176796747,0.001137899789831853,0.1600677325074746,0.28655169201551245
15.0,0.22,1.0858227399990967,0.0011231736978444228,0.15789705469949042,0.28822243797494945
15.125,0.22,1.0852070062607397,0.001108709861370047,0.15573275253295973,0.2898789567071334
15.25,0.22,1.0845976509191146,0.001094501774454467,0.15357474521494208,0.29152143591689267
15.375,0.22,1.0839946085684347,0.0010805431370361578,0.1514229536316159,0.293150060608042
15.5,0.22,1.0833978139838514,0.0010668278472855217,0.14927730029725061,0.29476501311131603
15.625,0.22,1.0828072021591606,0.0010533499942476836,0.1471377093050244,0.2963664731117585
15.75,0.22,1.082222708341277,0.0010401038507758763,0.14500410627962732,0.2979546176756237
15.875,0.22,1.081644268061721,0.0010270838667385436,0.142876418331577,0.2995296212768708
16.0,0.22,1.0810718171653817,0.001014284662493489,0.14075457401318395,0.3010916558233436
16.125,0.22,1.080505291836772,0.0010017010226158825,0.13863850327611146,0.3026408906827427
16.25,0.22,1.0799446286239827,0.000989327889870903,0.1365281374304677,0.3041774927084988
16.375,0.22,1.0793897644605286,0.0009771603594242956,0.13442340910537584,0.305701626265664
16.5,0.22,1.0788406366852565,0.0009651936732788429,0.13232425221096733,0.30721345325693394
16.625,0.22,1.0782971830604842,0.0009534232149328251,0.13023060190175798,0.30871313314891513
16.75,0.22,1.0777593417884916,0.0009418445042521996,0.12814239454133505,0.31020082299874324
16.875,0.22,1.0772270515265259,0.0009304531925487223,0.1260595676683209,0.31167667748115
17.0,0.22,1.076700251400407,0.0009192450578577737,0.12398205996357291,0.313140848916069
17.125,0.22,1.076178881016868,0.0009082160004113094,0.12190981121854977,0.314593487296857
17.25,0.22,1.0756628804747022,0.0008973620382973559,0.11984276230481389,0.316034740319191
17.375,0.22,1.0751521903748267,0.000886679303301457,0.11778085514463398,0.3174647534106956
17.5,0.22,1.074646751829312,0.0008761640369232708,0.11572403268261473,0.3188836697613284
17.625,0.22,1.0741465064694746,0.0008658125865616295,0.11367223885833833,0.3202916303545421
17.75,0.22,1.0736513964530745,0.000855621401863918,0.11162541857996704,0.3216887739992275
17.875,0.22,1.0731613644706786,0.000845587031231852,0.10958351769875917,0.3230752373624188
18.0,0.22,1.072676353751239,0.0008357061184772142,0.10754648298447267,0.32445115500273053
18.125,0.22,1.0721963080669368,0.0008259753996228763,0.10551426210160227,0.3258166594044843
18.25,0.22,1.071721171737315,0.0008163916998428751,0.10348680358642912,0.32717188101246186
18.375,0.22,1.0712508896327515,0.0008069519305317586,0.10146405682482623,0.32851694826721095
18.5,0.22,1.0707854071772929,0.0007976530865037701,0.09944597203082177,0.32985198764082424
18.625,0.22,1.0703246703508902,0.0007884922433064826,0.09743250022582708,0.3311771236730932
18.75,0.22,1.0698686256910561,0.0007794665546545377,0.09542359321859321,0.33249247900793494
18.875,0.22,1.06941722029396,0.0007705732499620381,0.09341920358571587,0.33379817442998533
19.0,0.22,1.068970401815022,0.0007618096319918125,0.09141928465289262,0.3350943289012422
19.125,0.22,1.0685281184689537,0.0007531730745744094,0.08942379047654384,0.3363810595976412
19.25,0.22,1.0680903190294027,0.000744661020459365,0.08743267582634787,0.3376584819454555
19.375,0.22,1.0676569528279944,0.0007362709791878474,0.08544589616775043,0.3389267096573848
19.5,0.22,1.0672279697531604,0.0007280005251447993,0.08346340764586785,0.3401858547682497
19.625,0.22,1.0668033202482075,0.0007198472955277926,0.0814851670684954,0.3414360276701372
19.75,0.22,1.0663829553095212,0.0007118089886398474,0.07951113189178101,0.34267733714696513
19.875,0.22,1.0659668264835578,0.0007038833618462955,0.07754126020288403,0.343909890408257
20.0,0.22,1.0655548858648247,0.0006960682302293741,0.07557551070856498,0.34513379312221876
20.125,0.22,1.0651470860914096,0.0006883614642962561,0.07361384271550314,0.3463491494477563
20.25,0.22,1.064743380343549,0.000680760989332795,0.07165621612477138,0.34755606206581785
20.375,0.22,1.0643437223366377,0.0006732647822902229,0.06970259140496642,0.34875463220928665
20.5,0.22,1.0639480663223155,0.0006658708727050219,0.06775292960009456,0.349944959692521
20.625,0.22,1.0635563670761305,0.0006585773373604869,0.06580719228347683,0.3511271429387016
20.75,0.22,1.0631685799058415,0.0006513823049635793,0.06386534159795061,0.3523012790078201
20.875,0.22,1.0627846606265516,0.0006442839450828131,0.06192734016055656,0.3534674636207879
21.0,0.22,1.0624045655878134,0.0006372804820846715,0.05999315118234929,0.35462579118679954
21.125,0.22,1.0620282516181665,0.000630370169611078,0.05806273824902543,0.35577635482268166
21.25,0.22,1.0616556760998295,0.0006235513275471416,0.056136065638556665,0.35691924638208283
21.375,0.22,1.0612867968373982,0.0006168222801874914,0.05421309779085747,0.35805455646632833
21.5,0.22,1.0609215722518845,0.0006101814506870017,0.052293800118529986,0.3591823744615596
21.625,0.22,1.060559961060479,0.0006036272082342044,0.05037813769893346,0.3603027885316791
21.75,0.22,1.0602019227689867,0.0005971581061333202,0.04846607731540095,0.3614158856785731
21.875,0.22,1.0598474168802423,0.000590772501029532,0.04655758420673731,0.36252175169334694
22.0,0.22,1.0594964041318389,0.0005844691501268817,0.04465262717977873,0.3636204712771275
22.125,0.22,1.0591488445285455,0.0005782462589228749,0.04275117050847762,0.3647121278904655
22.25,0.22,1.0588047004403403,0.0005721029774034948,0.04085318671269765,0.3657968040279376
22.375,0.22,1.0584639317022193,0.0005660370116473213,0.03895863635026486,0.36687458081345337
22.5,0.22,1.0581265033529974,0.0005600483762921928,0.03706749992896288,0.36794553866150115
22.625,0.22,1.0577923734289245,0.0005541333783641631,0.035179727486384316,0.36900975622958193
22.75,0.22,1.0574615122679554,0.0005482940685505704,0.033295318246659746,0.37006731205296656
22.875,0.22,1.0571338721346715,0.0005425229587112733,0.03141419482738105,0.37111828184350093
23.0,0.22,1.0568094352868853,0.0005368270752252862,0.029536402016631297,0.37216274260752197
23.125,0.22,1.056488138588698,0.0005311884582688033,0.027661792994411585,0.3732007655685339
23.25,0.22,1.056169992775977,0.0005256268014272333,0.025790525244876274,0.37423242682770375
23.375,0.22,1.0558548964384171,0.0005200937281100168,0.023922278097373312,0.37525778809228383
23.5,0.22,1.0555429297041126,0.00051464380259831,0.022057489608590868,0.37627692577161437
23.625,0.22,1.055233901021657,0.0005091324556050082,0.020195406180790302,0.37728987464472163
23.75,0.22,1.0549280580907205,0.0005037250192654189,0.018337166474290584,0.37829671532274045
23.875,0.22,1.0546250145050158,0.0004979363275920736,0.016480942415620578,0.379297390421584
24.0,0.22,1.0543254053724085,0.0004923588252302833,0.01462962557435473,0.38029200828763715
24.125,0.22,1.0540285061951273,0.00048514745138162935,0.012778723349553836,0.3812801550869033
24.25,0.22,1.0537357696663354,0.00047885525603768165,0.010935533112834432,0.3822621328917205
24.375,0.22,1.053446299211729,0.00046565004755852235,0.009088849886695163,0.3832360339786276
24.5,0.22,1.0531633458038867,0.00045799136509386675,0.007257338180027593,0.3842034450686352
24.625,0.22,1.0528876994068617,0.0004202648235919799,0.005410863888911588,0.3851559402437123
24.75,0.22,1.0526352349427812,0.00041453923323021076,0.0036023422271897108,0.3861024217172042
24.875,0.22,1.0523984657281038,0.00027545704499780816,0.0017184880807958654,0.38699898241215175
25.0,0.22,1.0523984657281038,0.0,0.0,0.38699898241215175
0.0,0.24,1.0,0.0,0.6141982123853432,0.0
0.125,0.24,1.018177209267447,0.02703738279606981,0.6141982123853432,2.515952756509831e-06
0.25,0.24,1.0410867701043411,0.028439542825683114,0.5782295788352009,1.6013111544428144e-05
0.375,0.24,1.0570725011557438,0.028960108067721105,0.5683979555237005,5.762328386541067e-05
0.5,0.24,1.0724563031428471,0.02484666177413358,0.5466487882645997,0.00014052863015730517
0.625,0.24,1.08321214066425,0.02182160374572074,0.5373322585515731,0.0002798873414654119
0.75,0.24,1.0930970739952957,0.018826565735371323,0.5250094214720759,0.00048566168318433167
0.875,0.24,1.10106836112165,0.01670533408151956,0.517020100775099,0.0007696966874689711
1.0,0.24,1.1083992092502741,0.014976124244774174,0.5084525853245527,0.0011408943415277776
1.125,0.24,1.114827710981075,0.013699975572156742,0.5014519479887323,0.0016087147948532405
1.25,0.24,1.120764358268126,0.01266962255928545,0.49450654852645093,0.0021802922949400606
1.375,0.24,1.1261575266798358,0.011857691694266188,0.4882277439439818,0.002862065568072133
1.5,0.24,1.1311497171787204,0.011178464598460345,0.4821370594011146,0.003658388328871992
1.625,0.24,1.1357433344907448,0.010608832778030935,0.47639827972281995,0.004572376493140607
1.75,0.24,1.1399961940721728,0.010112899321528384,0.47084965699233416,0.00560538556555584
1.875,0.24,1.143922492053734,0.00967718565535429,0.46552716027720253,0.006757516631998898
2.0,0.24,1.1475518710224193,0.009285871782258622,0.4603695643230237,0.008027514626539662
2.125,0.24,1.1508998250653255,0.008931414867812688,0.4553781180067154,0.009413105331810927
2.25,0.24,1.153985845281621,0.008606240723187823,0.4505254213126221,0.010911062930755347
2.375,0.24,1.1568244888542463,0.008305972755526069,0.44580462538242055,0.012517447819925748
2.5,0.24,1.1594310484851882,0.00802659226762186,0.44120084226891165,0.014227720992948278
2.625,0.24,1.161818832215009,0.007765404188046382,0.43670641245011604,0.016036914536512008
2.75,0.24,1.1640009646082852,0.007520043069023172,0.4323117725439287,0.01793974122816457
2.875,0.24,1.1659895529929671,0.007288745638780986,0.428010196481903,0.019930715367523964
3.0,0.24,1.1677962708098082,0.00706998952700228,0.42379480804721964,0.022004240213983107
3.125,0.24,1.1694321036859554,0.006862557947605767,0.41966003404505536,0.02415469108908398
3.25,0.24,1.1709075452001652,0.006665400371983462,0.4156005904220098,0.026376478153072463
3.375,0.24,1.1722325243845544,0.0064776386353742185,0.41161190738005965,0.02866410094471927
3.5,0.24,1.1734164780637606,0.006298508412473144,0.40768976345468383,0.031012189620345024
3.625,0.24,1.1744683370429174,0.0061273515506839,0.40383039272534427,0.03341553829811761
3.75,0.24,1.175396559913644,0.005963588715318114,0.4000303387413851,0.03586912940696974
3.875,0.24,1.1762091393830199,0.005806710517113748,0.39628646716120897,0.0383681517376284
4.0,0.24,1.1769136246964684,0.005656263203922974,0.39259589837765313,0.040908012397786284
4.125,0.24,1.1775171354321485,0.005511841481738439,0.38895599510893875,0.04348434418906698
4.25,0.24,1.1780263808659572,0.005373080242390156,0.38536432575230223,0.04609300893232787
4.375,0.24,1.1784476766194216,0.005239649285163305,0.3818186478377495,0.0487300976804867
4.5,0.24,1.1787869631733972,0.00511124814429181,0.3783168849973007,0.05139192833618542
4.625,0.24,1.179049823388481,0.004987602314635167,0.3748571119806234,0.0540750412882627
4.75,0.24,1.179241500468897,0.00486845982618038,0.3714375386440651,0.05677619348164673
4.875,0.24,1.179366915339238,0.004753588549437818,0.36805649761688164,0.05949235133029111
5.0,0.24,1.1794306838553192,0.004642773829744585,0.3647124324628948,0.06222068277661071
5.125,0.24,1.1794371334559284,0.004535816544365188,0.3614038878067355,0.06495854877011659
5.25,0.24,1.1793903193625395,0.004432531415959521,0.3581295002549178,0.0677034943753188
5.375,0.24,1.1792940401696106,0.004332745590804107,0.35488799052695946,0.07045323968747799
5.5,0.24,1.179151852846046,0.004236297405435573,0.35167815633064037,0.07320567069525707
5.625,0.24,1.1789670870860511,0.004143035328737558,0.3484988660631138,0.0759588302038999
5.75,0.24,1.1787428590141829,0.0040528170401716475,0.3453490531284725,0.07871090890669906
5.875,0.24,1.1784820842262456,0.003965508628841668,0.34222771085592923,0.08146023667376652
6.0,0.24,1.1781874901743865,0.003880983890816913,0.33913388790943844,0.08420527410993119
6.125,0.24,1.1778616278998952,0.0037991237118761736,0.33606668415079693,0.08694460442037137
6.25,0.24,1.177506883128785,0.0037198155215301884,0.33302524689060337,0.08967692561112092
6.375,0.24,1.1771254867453234,0.0036429528085472275,0.3300087674896042,0.09240104304252914
6.5,0.24,1.1767195246639657,0.0035684346885854943,0.32701647826658936,0.09511586234614273
6.625,0.24,1.1762909471209995,0.0034961655167476406,0.32404764968139,0.09782038270941588
6.75,0.24,1.1758415774095692,0.003426054538588162,0.32110158776167413,0.10051369052767972
6.875,0.24,1.1753731200822366,0.0033580155743692954,0.31817763174852637,0.1031949534188621
7.0,0.24,1.1748871686460887,0.0032919667320232987,0.31527515193757766,0.10586341459329224
7.125,0.24,1.1743852127753558,0.003227830145071033,0.31239354769610794,0.10851838756847212
7.25,0.24,1.173868645066509,0.0031655317322786813,0.3095322456384538,0.11115925121680183
7.375,0.24,1.1733387673603675,0.0031050009763555373,0.30669069794446574,0.11378544513283007
7.5,0.24,1.172796796655249,0.0030461707194015916,0.3038683808073534,0.11639646530558422
7.625,0.24,1.172243870634509,0.002988976973172324,0.30106479299895117,0.11899186008084696
7.75,0.24,1.1716810528310733,0.0029333587425200524,0.29827945454173105,0.12157122639784093
7.875,0.24,1.1711093374507129,0.002879257860631268,0.2955119054780722,0.12413420628461369
8.0,0.24,1.1705296538749639,0.0028266188348858965,0.2927617047283375,0.12668048359644632
8.125,0.24,1.169942870863693,0.002775388702345949,0.2900284290301733,0.1292097809818097
8.25,0.24,1.1693498004763923,0.0027255168940330966,0.2873116719522428,0.1317218570607372
8.375,0.24,1.1687512017303672,0.0026769551072807186,0.2846110429762647,0.13421650380095285
8.5,0.24,1.1681477840130927,0.002629657185545734,0.281926166641829,0.13669354407765924
8.625,0.24,1.1675402102650887,0.002583579005158635,0.2792566817489815,0.13915282940354531
8.75,0.24,1.1669290999487745,0.0025386783685564618,0.27660224061401656,0.14159423781628358
8.875,0.24,1.166315031817913,0.0024949149035988854,0.2739625083743583,0.14401767191155845
9.0,0.24,1.165698546501349,0.0024522499686143377,0.27133716233871075,0.14642305701045097
9.125,0.24,1.1650801489139677,0.0024106465628578456,0.2687258913790481,0.14881033945082303
9.25,0.24,1.1644603105069469,0.002370069242088415,0.26612839536125343,0.1511794849931485
9.375,0.24,1.1638394713686186,0.00233048403899431,0.2635443846115048,0.15353047733204
9.5,0.24,1.1632180421864835,0.002291858388211394,0.2609735794157247,0.15586331670549225
9.625,0.24,1.162596406080231,0.002254161055689022,0.2584157095496471,0.15817801859460445
9.75,0.24,1.1619749203148892,0.002217362072169918,0.2558705138372434,0.16047461250724562
9.875,0.24,1.1613539179026164,0.0021814326705575818,0.25333773973540985,0.16275314083977532
10.0,0.24,1.1607337091010168,0.002146345226947927,0.2508171429430229,0.16501365781153576
10.125,0.24,1.1601145828152626,0.002112073205114687,0.2483084870326015,0.16725622846737506
10.25,0.24,1.1594968079108037,0.0020785911042400474,0.2458115431029597,0.1694809277439538
10.375,0.24,1.1588806344428906,0.002045874409689254,0.24332608945136353,0.17168783959601744
10.5,0.24,1.1582662948087,0.0020138995466382217,0.24085191126383415,0.173877056179202
10.625,0.24,1.1576540048273871,0.001982643836370775,0.23838880032234683,0.17604867708626448
10.75,0.24,1.1570439647529862,0.0019520854550677486,0.2359365547277734,0.1782028086339107
10.875,0.24,1.1564363602247145,0.0019222033949241582,0.23349497863752638,0.18033956319762612
11.0,0.24,1.1558313631588524,0.0018929774274373352,0.23106388201692263,0.1824590585921081
11.125,0.24,1.1552291325860935,0.001864388068719928,0.22864308040339082,0.18456141749505292
11.25,0.24,1.1546298154379138,0.001836416546702245,0.2262323946827065,0.18664676691217513
11.375,0.24,1.1540335472852754,0.0018090447700952845,0.22383165087649137,0.1887152376814337
11.5,0.24,1.1534404530327076,0.0017822552989983883,0.22144067994030583,0.190766964014512
11.625,0.24,1.1528506475705824,0.0017560313170447066,0.21905931757167,0.19280208307365612
11.75,0.24,1.1522642363882025,0.0017303566049820997,0.21668740402744321,0.19482073458201712
11.875,0.24,1.151681316150105,0.0017052155155997664,0.2143247839500104,0.196823060465677
12.0,0.24,1.1511019752378533,0.0016805929499170511,0.2119713062017498,0.19880920452556322
12.125,0.24,1.1505262942593801,0.0016564743345561165,0.2096268237073283,0.20077931213748362
12.25,0.24,1.149954346527832,0.0016328456002283915,0.20729119330337453,0.20273352997853292
12.375,0.24,1.1493861985117413,0.0016096931612681476,0.20496427559511282,0.20467200577815525
12.5,0.24,1.1488219102582091,0.001587003896155483,0.20264593481956972,0.2065948880921688
12.625,0.24,1.1482615357906842,0.001564765128971066,0.20033603871499506,0.20850232609810063
12.75,0.24,1.1477051234828346,0.0015429646117310352,0.19803445839615122,0.21039446941021564
12.875,0.24,1.1471527164099007,0.0015215905075546985,0.19574106823515036,0.2122714679126724
13.0,0.24,1.1466043526788556,0.001500631374618971,0.19345574574753577,0.2141334716092905
13.125,0.24,1.1460600657385893,0.0014800761508583966,0.19117837148331426,0.21598063048847294
13.25,0.24,1.1455198846713113,0.0014599141393692,0.18890882892268518,0.2178130944018893
13.375,0.24,1.1449838344662562,0.001440134994479606,0.186647004376204,0.21963101295559564
13.5,0.24,1.1444519362767283,0.0014207287084514776,0.18439278688913857,0.2214345354123385
13.625,0.24,1.1439242076614897,0.0014016855987781165,0.18214606814980083,0.223223810603866
13.75,0.24,1.1434006628113997,0.0013829962960448978,0.17990674240163979,0.22499898685214595
13.875,0.24,1.1428813127621977,0.0013646517323226213,0.17767470635889795,0.226760211898472
14.0,0.24,1.1423661655942667,0.0013466431300627449,0.17544985912564248,0.22850763283951764
14.125,0.24,1.1418552266201563,0.001328961991466552,0.17323210211801002,0.23024139606947752
14.25,0.24,1.1413484985606044,0.001311600088302055,0.17102133898948957,0.23196164722751805
14.375,0.24,1.1408459817097938,0.0012945494521409203,0.16881747555909518,0.23366853114983271
14.5,0.24,1.1403476740904746,0.0012778023649926084,0.16662041974229877,0.23536219182567777
14.625,0.24,1.139853571599613,0.0012613513503144894,0.1644300814845743,0.2370427723568363
14.75,0.24,1.1393636681451464,0.0012451891643738193,0.16224637269744874,0.23871041492002934
14.875,0.24,1.1388779557744182,0.001229308787944045,0.16006920719693682,0.2403652607318609
15.0,0.24,1.1383964247948275,0.0012137034183174005,0.15789850064425387,0.2420074500159469
15.125,0.24,1.1379190638871757,0.001198366461615438,0.15573417048871846,0.2436371219719397
15.25,0.24,1.1374458602122195,0.0011832915253835298,0.15357613591273997,0.24525441474621282
15.375,0.24,1.136976799510842,0.0011684724114566162,0.15142431777881676,0.24685946540402365
15.5,0.24,1.1365118661982834,0.001153903109081284,0.14927863857846504,0.24845240990301892
15.625,0.24,1.1360510434528093,0.0011395777882844006,0.14713902238299245,0.250033383067986
15.75,0.24,1.1355943132991961,0.0011254907934796635,0.14500539479606334,0.2516025185667952
15.875,0.24,1.135141656687379,0.0011116366373000507,0.14287768290797365,0.25315994888750665
16.0,0.24,1.1346930535665716,0.0010980099946509836,0.14075581525158232,0.2547058053166429
16.125,0.24,1.1342484829551807,0.0010846056969753715,0.1386397217598348,0.2562402179186543
16.25,0.24,1.1338079230067704,0.0010714187267251956,0.1365293337248247,0.2577633155166213
16.375,0.24,1.1333713510723604,0.0010584442120343393,0.1344245837583293,0.25927522567424727
16.5,0.24,1.1329387437592786,0.0010456774215843773,0.1323254057537774,0.26077607467921415
16.625,0.24,1.1325100769868113,0.0010331137596623272,0.1302317348495929,0.2622659875279726
16.75,0.24,1.1320853260388377,0.0010207487614041864,0.12814350739385866,0.26374508791204143
16.875,0.24,1.131664465613657,0.001008578088218332,0.12606066091025145,0.26521349820589407
17.0,0.24,1.1312474698711739,0.0009965975233862398,0.12398313406521959,0.2666713394564998
17.125,0.24,1.130834312477603,0.0009848029678366486,0.12191086663632529,0.2681187313745878
17.25,0.24,1.1304249666478452,0.0009731904360866014,0.11984379948172481,0.26955579232768423
17.375,0.24,1.1300194051856705,0.0009617560523472756,0.11778187451075006,0.27098263933497235
17.5,0.24,1.1296176005218261,0.0009504960467893843,0.11572503465551855,0.27239938806400105
17.625,0.24,1.1292195247501955,0.0009394067519619147,0.11367322384355676,0.27380615282925985
17.75,0.24,1.128825149662089,0.0009284845993622612,0.11162638697138262,0.27520304659262357
17.875,0.24,1.128434446778795,0.000917726116151223,0.10958446987900526,0.27659018096564875
18.0,0.24,1.128047387382446,0.0009071279220068121,0.10754741932531395,0.2779676662136947
18.125,0.24,1.1276639425452937,0.0008966867261134586,0.10551518296429761,0.27933561126181683
18.25,0.24,1.1272840831574764,0.0008863993242813966,0.10348770932208108,0.2806941237023763
18.375,0.24,1.1269077799533183,0.0008762625961877313,0.10146494777471654,0.2820433098042799
18.5,0.24,1.1265350035362482,0.000866273502738659,0.09944684852673309,0.28338327452376677
18.625,0.24,1.126165724402387,0.0008564290835395235,0.09743336259035282,0.2847141215166297
18.75,0.24,1.1257999129628555,0.0008467264544792008,0.09542444176543538,0.2860359531517597
18.875,0.24,1.1254375395648366,0.0008371628054061583,0.09342003861997283,0.2873488705258852
19.0,0.24,1.1250785745114962,0.0008277353979148175,0.09142010647133304,0.28865297347937446
19.125,0.24,1.124722988080712,0.0008184415631983571,0.08942459936787542,0.2899483606129549
19.25,0.24,1.1243707505427887,0.0008092787000254406,0.08743347207146965,0.29123512930521744
19.375,0.24,1.1240218321769964,0.0008002442727370665,0.08544668004000622,0.29251337573074
19.5,0.24,1.123676203287301,0.0007913358094103357,0.08346417941127476,0.29378319487870896
19.625,0.24,1.1233338342168047,0.000782550899946999,0.0814859269859903,0.29504468057185673
19.75,0.24,1.122994695361753,0.0007738871944609145,0.07951188021341583,0.29629792548563194
19.875,0.24,1.1226587571838618,0.0007653424013540742,0.07754199717408301,0.2975430211673702
20.0,0.24,1.1223259902230338,0.0007569142860397075,0.07557623656826484,0.29878005805548713
20.125,0.24,1.12199636510728,0.000748600668787136,0.07361455769645885,0.30000912549833536
20.25,0.24,1.1216698525649804,0.0007403994240899137,0.07165692045358263,0.3012303117729849
20.375,0.24,1.1213464234314747,0.0007323084777486573,0.06970328530252987,0.3024437041032377
20.5,0.24,1.1210260486627244,0.0007243258076871806,0.06775361328136455,0.30364938867771607
20.625,0.24,1.120708699336,0.0007164494389710744,0.06580786595830442,0.3048474506664754
20.75,0.24,1.1203943466693882,0.0007086774481007752,0.06386600547020327,0.30603797423840695
20.875,0.24,1.120082962009938,0.0007010079527250737,0.0619279944299421,0.307221042575684
21.0,0.24,1.1197745168698607,0.0006934391245061495,0.05999379604194859,0.3083967378910583
21.125,0.24,1.1194689828853726,0.0006859691654351105,0.058063373889601755,0.3095651414387265
21.25,0.24,1.1191663318964507,0.0006785963420237139,0.056136692242138776,0.310726333533384
21.375,0.24,1.1188665358342622,0.0006713189279784825,0.054213715541279045,0.3118803935543099
21.5,0.24,1.1185695669113924,0.0006641352916256084,0.052294409185157605,0.31302739997108814
21.625,0.24,1.1182753973325446,0.0006570437542813076,0.05037873826281137,0.31416743033306427
21.75,0.24,1.11798399976202,0.0006500428106945797,0.048466669528359506,0.31530056131408896
21.875,0.24,1.117695346594719,0.0006431307761965835,0.0465581682566126,0.31642686866767955
22.0,0.24,1.11740941111688,0.0006363063397426894,0.04465320318799061,0.3175464273215522
22.125,0.24,1.1171261656813276,0.0006295676814081915,0.042751738693172545,0.3186593112488809
22.25,0.24,1.1168455845988432,0.0006229138579642691,0.04085374713237344,0.3197655936892246
22.375,0.24,1.1165676395827129,0.0006163425889571156,0.038959189312915345,0.32086534681015194
22.5,0.24,1.1162923069552986,0.0006098537318385433,0.03706804534945392,0.32195864224595205
22.625,0.24,1.1160195562943092,0.0006034437029971729,0.03518026591691866,0.32304555022800996
22.75,0.24,1.115749368381321,0.0005971142313877339,0.033295849258822924,0.3241261409236794
22.875,0.24,1.1154817069634535,0.0005908581764094224,0.03141471962979927,0.3252004821970214
23.0,0.24,1.1152165633553166,0.0005846818131886402,0.02953691933781048,0.326268642988961
23.125,0.24,1.1149538864807,0.0005785681289925234,0.027662305851135844,0.3273306874416111
23.25,0.24,1.1146936931410882,0.000572534910350698,0.025791030216559454,0.32838668366101553
23.375,0.24,1.1144358961310723,0.0005665362848458155,0.023922783460648075,0.3294366876620358
23.5,0.24,1.1141805737235118,0.0005606216254771333,0.0220579860196781,0.33048076733473797
23.625,0.24,1.113927555078815,0.000554653186548747,0.020195918599131543,0.3315189552667001
23.75,0.24,1.1136770616280605,0.0005487809359966655,0.01833766667329302,0.3325513210910885
23.875,0.24,1.1134287491262422,0.0005425398854549635,0.01648151462419411,0.3335778164985522
24.0,0.24,1.113183140643155,0.0005364718620616574,0.014630168292485953,0.3345985282779014
24.125,0.24,1.1129396409440853,0.0005287977519034393,0.012779558312898504,0.33561309375988835
24.25,0.24,1.1126992509661577,0.0005218850024731,0.01093621997862924,0.33662174244765025
24.375,0.24,1.1124616384976644,0.0005081090539760816,0.009090762201138282,0.3376227825731124
24.5,0.24,1.112228101731249,0.000499236558333705,0.007258308689025187,0.33861746777718094
24.625,0.24,1.1120024432149764,0.00045974166574152387,0.005417219634854425,0.33959812907392606
24.75,0.24,1.1117909864005668,0.00045029097825051445,0.003603106641334048,0.34057220768356783
24.875,0.24,1.111603349416001,0.00029462741606648557,0.0017437105380004754,0.34149667923191523
25.0,0.24,1.111603349416001,0.0,0.0,0.34149667923191523
0.0,0.26,1.0,0.0,0.6101448517452698,0.0
0.125,0.26,1.0162022874685372,0.023833259316232397,0.6101448517452698,6.96729765063992e-07
0.25,0.26,1.0370889685837823,0.025573312728757302,0.5780514153068362,4.8335940905807336e-06
0.375,0.26,1.0525442774726401,0.026396739413544843,0.5683506700445212,1.876429076955247e-05
0.5,0.26,1.067602287443595,0.022817928892402417,0.5473555293287994,4.8631341809836886e-05
0.625,0.26,1.078417346118206,0.020129333938860676,0.5378597907760416,0.00010198091789855187
0.75,0.26,1.088397904869802,0.017401299793376693,0.5255336319557855,0.0001849903204808771
0.875,0.26,1.096538465864367,0.015453583358705834,0.517396249663547,0.0003049300239837787
1.0,0.26,1.1040575083952544,0.013859777562548196,0.5087610210535447,0.00046825890924511956
1.125,0.26,1.1107132172962477,0.012683405716629906,0.5016814717235762,0.000681938782819017
1.25,0.26,1.1169111731315973,0.0117364113756943,0.4946923758015892,0.000952169047166163
1.375,0.26,1.1226088896268334,0.010993336362976464,0.48837451165353424,0.0012849715187792203
1.5,0.26,1.1279490415357076,0.010375096568980271,0.4822595921136927,0.0016854834334151826
1.625,0.26,1.13293663876471,0.00985960038023944,0.47650064510921836,0.0021582333135106275
1.75,0.26,1.1376284768347327,0.009413373220930782,0.47093817252490716,0.00270681276126467
1.875,0.26,1.1420378878736233,0.009023479936771293,0.4656042534889528,0.0033340369535921387
2.0,0.26,1.1461921033559914,0.008675044428810934,0.46043807889538685,0.004041835925502253
2.125,0.26,1.1501040274825522,0.00836081916311697,0.4554394484012659,0.004831374181395588
2.25,0.26,1.1537899242415182,0.008073628795873596,0.45058096820722837,0.00570305372581763
2.375,0.26,1.1572610219261805,0.007809265459522894,0.44585522407424444,0.006656616581744836
2.5,0.26,1.1605290870441105,0.007563900837163897,0.4412472630949476,0.0076911962256851546
2.625,0.26,1.1636039297206164,0.0073349466656946255,0.4367491884063857,0.00880540805326629
2.75,0.26,1.166495204749334,0.00712014619238739,0.43235137529387785,0.009997415430616068
2.875,0.26,1.169211677501992,0.00691781395326644,0.4280469872514541,0.011265007745373902
3.0,0.26,1.171761822306392,0.006726503883774608,0.4238291018832837,0.012605664593556871
3.125,0.26,1.174153611500383,0.00654506392236067,0.4196920880513381,0.014016620573964179
3.25,0.26,1.1763947203719458,0.006372506854827995,0.4156306287057829,0.015494920570042856
3.375,0.26,1.1784924696352177,0.006208013305716038,0.41164011996619204,0.01703747135032953
3.5,0.26,1.1804538982928443,0.006050876687084721,0.407716316905075,0.018641085814551105
3.625,0.26,1.1822857502222546,0.005900494496939153,0.403855431636538,0.020302522409740946
3.75,0.26,1.1839945019164313,0.005756342075390948,0.4000539908324816,0.022018518622306273
3.875,0.26,1.1855863616978797,0.005617963310002514,0.3963088450394334,0.02378581981550587
4.0,0.26,1.1870672821889956,0.005484956613659818,0.39261710230068875,0.02560120330891821
4.125,0.26,1.1884429634859335,0.005356967518016347,0.3889761144587721,0.02746149847248418
4.25,0.26,1.189718860854519,0.005233680419098483,0.38538344070724706,0.02936360307606922
4.375,0.26,1.1909001895855207,0.005114813154887798,0.38183683049598854,0.03130449644077283
4.5,0.26,1.191991931590275,0.0050001117845577415,0.3783342004744964,0.03328124971822912
4.625,0.26,1.192998841288555,0.004889346724497678,0.3748736192445238,0.03529103371394198
4.75,0.26,1.1939254522860079,0.004782309278571851,0.3714532912762738,0.03733112456691186
4.875,0.26,1.194776083990391,0.004678808897245612,0.3680715444316121,0.03939890760915633
5.0,0.26,1.1955548486283079,0.004578670791867327,0.3647268180559583,0.04149187967037209
5.125,0.26,1.196265658337204,0.00448173398052146,0.36141765301779744,0.04360765007844806
5.25,0.26,1.1969122324490893,0.004387849607313,0.35814268257378434,0.04574394056822255
5.375,0.26,1.1974981048201658,0.004296879536201167,0.3549006244428461,0.047898584290260234
5.5,0.26,1.1980266312128642,0.004208695144679508,0.35169027363892286,0.050069524083787384
5.625,0.26,1.1985009966517797,0.0041231763007351435,0.3485104961325082,0.052254810158266767
5.75,0.26,1.1989242227304278,0.004040210483362786,0.3453602231364064,0.05445259730730055
5.875,0.26,1.1992991748205806,0.003959692029229417,0.34223844599546593,0.05666114176194207
6.0,0.26,1.199628569158358,0.003881521482018954,0.3391442115724087,0.05887879777463084
6.125,0.26,1.1999149797759343,0.003805605030255769,0.33607661808998546,0.06110401401164971
6.25,0.26,1.20016084525839,0.003731854018608226,0.3330348113640336,0.06333532981987483
6.375,0.26,1.200368475306089,0.0036601845219695235,0.33001798138913874,0.065571371423201
6.5,0.26,1.2005400570890057,0.003590516972243832,0.3270253592329423,0.06781084809478974
6.625,0.26,1.2006776613818055,0.0035227758300217507,0.3240562142072329,0.07005254834332354
6.75,0.26,1.2007832484723475,0.003456889294191682,0.32110985128433334,0.07229533614447059
6.875,0.26,1.200858673838641,0.0033927890438667156,0.31818560873352947,0.0745381472427433
7.0,0.26,1.2009056935919473,0.003330410007763321,0.3152828559541472,0.07677998554371289
7.125,0.26,1.200925969685585,0.003269690157022962,0.3124009914855418,0.07901991961205251
7.25,0.26,1.2009210748908656,0.003210570318060516,0.30953944117620735,0.08125707928702351
7.375,0.26,1.2008924975429744,0.0031529940025981176,0.30669765649664255,0.08349065242372276
7.5,0.26,1.2008416460608358,0.003096907252484467,0.30387511298221437,0.0857198817656025
7.625,0.26,1.2007698532460156,0.0030422584972983197,0.3010713087939777,0.08794406195140074
7.75,0.26,1.200678380366506,0.002988998423054662,0.2982857633867011,0.0901625366576276
7.875,0.26,1.2005684210318772,0.0029370798506140935,0.2955180162745596,0.09237469587609315
8.0,0.26,1.2004411048668169,0.002886457622621943,0.29276762588598493,0.09457997332460198
8.125,0.26,1.2002975009904209,0.002837088498004401,0.29003416850005104,0.09677784398783876
8.25,0.26,1.2001386213089045,0.0027889310532118777,0.28731723725756964,0.09896782178460166
8.375,0.26,1.1999654236295754,0.0027419455895352066,0.28461644124072816,0.10114945735688168
8.5,0.26,1.199778814604014,0.0026960940459329137,0.2819314046157245,0.10332233597580258
8.625,0.26,1.1995796525084215,0.0026513399169084046,0.27926176583335555,0.10548607555912275
8.75,0.26,1.1993687498690637,0.002607648175042749,0.2766071768829932,0.10764032479481635
8.875,0.26,1.199146875940647,0.0025649851978577502,0.27396730259579044,0.10978476136519338
9.0,0.26,1.19891475904531,0.002523318698729002,0.2713418199933058,0.1119190902660602
9.125,0.26,1.198673088779719,0.0024826176616054175,0.2687304176780841,0.11404304221554533
9.25,0.26,1.1984225180975419,0.002442852279324374,0.2661327952630027,0.11615637214740791
9.375,0.26,1.198163665274318,0.0024039938953301023,0.26354866283647077,0.11825885778388863
9.5,0.26,1.1978971157614502,0.0023660149486183922,0.2609777404607815,0.12035029828344192
9.625,0.26,1.197623423935784,0.0023288889217415844,0.25841975770117276,0.12243051295899093
9.75,0.26,1.197343114750889,0.0022925902917178974,0.2558744531833221,0.12449934006266444
9.875,0.26,1.1970566852959132,0.002257094483693104,0.2533415741771817,0.12655663563329075
10.0,0.26,1.1967646062674906,0.002222377827204387,0.2508208762052455,0.128602272403239
10.125,0.26,1.1964673233599408,0.0021884175149050797,0.24831212267348501,0.13063613876149704
10.25,0.26,1.1961652585786715,0.002155191563608201,0.24581508452333348,0.13265813777016014
10.375,0.26,1.1958588114813906,0.0021226787775117583,0.2433295399032282,0.13466818623176383
10.5,0.26,1.1955483603514638,0.0020908587134734658,0.24085527385834635,0.13666621380513475
10.625,0.26,1.195234263307467,0.002059711648209097,0.2383920780372806,0.13865216216763898
10.75,0.26,1.1949168593527455,0.0020292185472888993,0.23593975041449997,0.14062598422189607
10.875,0.26,1.1945964693685034,0.001999361035818104,0.23349809502755087,0.14258764334518026
11.0,0.26,1.1942733970537496,0.001970121370690963,0.23106692172800905,0.14453711267986058
11.125,0.26,1.1939479298151732,0.001941482414315209,0.22864604594531032,0.1464743744633367
11.25,0.26,1.1936203396098373,0.0019134276097119082,0.22623528846263383,0.1483994193960095
11.375,0.26,1.1932908837433658,0.001885940956897936,0.2238344752040792,0.1503122460458833
11.5,0.26,1.1929598056261275,0.0018590069904703347,0.22144343703245856,0.15221286028844
11.625,0.26,1.1926273354897372,0.0018326107583164608,0.2190620095570386,0.1541012747804503
11.75,0.26,1.1922936910660742,0.001806737801377204,0.21669003295066247,0.1559775084664013
11.875,0.26,1.1919590782308112,0.001781374134399041,0.2143273517756955,0.15784158611622112
12.0,0.26,1.1916236916133878,0.0017565062276159202,0.2119738148182694,0.1596935378929777
12.125,0.26,1.1912877151751777,0.0017321209893051371,0.20962927493036707,0.1615333989492214
12.25,0.26,1.1909513227575401,0.0017082057491664463,0.20729358887930185,0.1633612090506306
12.375,0.26,1.1906146786012939,0.0016847482424762717,0.20496661720416887,0.1651770122256079
12.5,0.26,1.190277937839113,0.0016617365949767053,0.20264822407887917,0.16698085643947003
12.625,0.26,1.189941246962214,0.0016391593084560485,0.20033827718142147,0.1687727932918684
12.75,0.26,1.1896047442626532,0.0016170052469826595,0.19803664756900005,0.17055287773608016
12.875,0.26,1.1892685602524875,0.0015952636237594668,0.1957432095587297,0.1723211678188162
13.0,0.26,1.1889328180609469,0.0015739239885640122,0.19345784061358565,0.17407772443920674
13.125,0.26,1.1885976338107598,0.001552976215741732,0.19118042123330853,0.17582261112564432
13.25,0.26,1.1882631169746953,0.0015324104927239449,0.18891083485001658,0.17755589382919434
13.375,0.26,1.1879293707133136,0.001512217309041723,0.18664896772825676,0.179277640732312
13.5,0.26,1.1875964921949005,0.001492387445806884,0.1843947088692573,0.18098792207165068
13.625,0.26,1.1872645728985063,0.001472911965635825,0.18214794991915959,0.18268680997378595
13.75,0.26,1.1869336989009578,0.0014537822029906699,0.17990858508101915,0.18437437830273512
13.875,0.26,1.1866039511486817,0.0014349897549120782,0.17767651103037227,0.1860507025182055
14.0,0.26,1.1862754057151423,0.0014165264721227534,0.17545162683418655,0.18771585954356315
14.125,0.26,1.1859481340446458,0.0013983844504798979,0.17323383387302557,0.189369927642577
14.25,0.26,1.185622203183246,0.0013805560227546834,0.17102303576625963,0.19101298630405886
14.375,0.26,1.1852976759974456,0.0013630337507185939,0.16881913830016707,0.19264511613358234
14.5,0.26,1.1849746113813557,0.0013458104175195842,0.16662204935880381,0.19426639875153703
14.625,0.26,1.1846530644529347,0.0013288790203314987,0.16443167885748328,0.19587691669683702
14.75,0.26,1.1843330867399322,0.0013122327632586728,0.16224793867876963,0.19747675333567125
14.875,0.26,1.184014726356089,0.001295865050481693,0.16007074261085827,0.19906599277475298
15.0,0.26,1.1836980281681593,0.0012797694796331809,0.15790000628823353,0.2006447197785853
15.125,0.26,1.183383033954266,0.0012639398353884942,0.155735647134525,0.20221301969032665
15.25,0.26,1.1830697825540808,0.0012483700832620146,0.15357758430744614,0.2037709783558974
15.375,0.26,1.1827583100113117,0.0012330543636011658,0.1514257386457485,0.2053186820510294
15.5,0.26,1.1824486497089357,0.0012179869857667596,0.14928003261810732,0.2068562174110086
15.625,0.26,1.1821408324975966,0.0012031624224942822,0.14714039027385745,0.20838367136291527
15.75,0.26,1.1818348868175759,0.0011885753044315827,0.14500673719551754,0.20990113106020986
15.875,0.26,1.1815308388147043,0.001174220414844462,0.14287900045303115,0.21140868381955344
16.0,0.26,1.18122871245058,0.0011600926844875289,0.14075710855966103,0.21290641705979044
16.125,0.26,1.18092852960742,0.0011461871866374454,0.13864099142948283,0.2143944182430516
16.25,0.26,1.1806303101878617,0.0011324991322844119,0.13653058033641222,0.21587277481796346
16.375,0.26,1.1803340722100149,0.0011190238654799215,0.1344258078747124,0.21734157416497446
16.5,0.26,1.1800398318980316,0.0011057568588369545,0.13232660792093257,0.2188009035438261
16.625,0.26,1.1797476037684609,0.0010926937091831465,0.13023291559722536,0.22025085004321204
16.75,0.26,1.179457400712624,0.0010798301333643022,0.12814466723598236,0.221691500532677
16.875,0.26,1.1791692340752398,0.0010671619641939621,0.12606180034574654,0.22312294161681606
17.0,0.26,1.1788831137295066,0.0010546851465507991,0.12398425357836475,0.2245452595918347
17.125,0.26,1.1785990481488244,0.001042395733620256,0.12191196669730839,0.2259585404045314
17.25,0.26,1.1783170444753708,0.0010302898832772389,0.11984488054713154,0.22736286961375896
17.375,0.26,1.178037108585645,0.0010183638546098026,0.1177829370240313,0.22875833235441415
17.5,0.26,1.1777592451531895,0.001006614004579469,0.11572607904743927,0.23014501330399623
17.625,0.26,1.1774834577085909,0.0009950367848160452,0.11367425053262649,0.23152299665176296
17.75,0.26,1.1772097486969082,0.0009836287385435948,0.1116273963642663,0.23289236607049996
17.875,0.26,1.1769381195326525,0.0009723864976346194,0.10958546237091923,0.23425320469090422
18.0,0.26,1.1766685706524247,0.0009613067797876394,0.10754839530040446,0.2356055950785668
18.125,0.26,1.1764011015653126,0.0009503863858248111,0.10551614279600516,0.2369496192135236
18.25,0.26,1.1761357109011514,0.0009396221971069542,0.10348865337348971,0.23828535847232793
18.375,0.26,1.1758723964567268,0.0009290111730577829,0.10146587639888972,0.2396128936125779
18.5,0.26,1.1756111552400104,0.0009185503487966406,0.09944776206703582,0.24093230475982247
18.625,0.26,1.1753519835125021,0.0009082368328697632,0.09743426138076275,0.24224367139674752
18.75,0.26,1.1750948768297527,0.0008980678050853451,0.09542532613084,0.24354707235453468
18.875,0.26,1.174839830080117,0.0008880405144304833,0.0934209088764589,0.2448425858062687
19.0,0.26,1.1745868375218462,0.0008781522770888453,0.0914209629264614,0.2461302892622616
19.125,0.26,1.1743358928185017,0.0008684004745182482,0.08942544232095019,0.24741025956714593
19.25,0.26,1.1740869890728671,0.0008587825516412698,0.08743430181379189,0.24868257289859227
19.375,0.26,1.173840118859225,0.0008492960150520725,0.08544749685512866,0.24994730476748203
19.5,0.26,1.1735952742543525,0.000839938431375659,0.08346498357523097,0.2512045300193908
19.625,0.26,1.1733524468668086,0.0008307074255561262,0.08148671876754243,0.25245432283719016
19.75,0.26,1.1731116278653215,0.0008216006794174615,0.07951265987425273,0.2536967567446513
19.875,0.26,1.1728728080051194,0.0008126159299360203,0.07754276496907705,0.2549319046108102
20.0,0.26,1.172635977654167,0.000803750968105546,0.07557699274561577,0.25615983865505854
20.125,0.26,1.172401126816326,0.0007950036369926263,0.07361530249799862,0.2573806304526155
20.25,0.26,1.1721682451562618,0.0007863718311879994,0.07165765411480866,0.2585943509405369
20.375,0.26,1.1719373220186102,0.0007778534941559791,0.06970400805305109,0.2598010704236441
20.5,0.26,1.171708346453356,0.0007694466190108944,0.0677543253446778,0.26100085858100525
20.625,0.26,1.1714813072286325,0.0007611492439620347,0.06580856755261413,0.26219378447165037
20.75,0.26,1.171256192860779,0.000752959456278581,0.06386669680757759,0.26337991654131376
20.875,0.26,1.1710329916145892,0.0007448753828529629,0.06192867571808568,0.2645593226271109
21.0,0.26,1.1708116915482805,0.0007368952020331803,0.05999446748182351,0.26573206996481297
21.125,0.26,1.1705922804854916,0.0007290171218671494,0.05806403567960428,0.26689822519114925
21.25,0.26,1.1703747461004108,0.0007212394115245863,0.05613734457190005,0.2680578543529512
21.375,0.26,1.1701590758220655,0.0007135603486136477,0.05421435860186943,0.269211022904314
21.5,0.26,1.16994525702241,0.0007059782995096566,0.05229504315335352,0.2703577957214516
21.625,0.26,1.1697332767541306,0.0006984915891750644,0.0503793633264025,0.27149823708819737
21.75,0.26,1.1695231221981535,0.0006910987037026998,0.04846728584659513,0.2726324107264931
21.875,0.26,1.1693147799883332,0.0006837979659574323,0.04655877602333751,0.2737603797541095
22.0,0.26,1.169108237308352,0.0006765880437055843,0.044653802532549296,0.2748822067556911
22.125,0.26,1.1689034801881235,0.000669467138251963,0.04275232983837926,0.2759979536721719
22.25,0.26,1.1687004962219507,0.0006624342574783423,0.04085433014642175,0.2771076819746041
22.375,0.26,1.1684992703040928,0.0006554871799026454,0.0389597645056967,0.2782114523825383
22.5,0.26,1.1682997913872781,0.0006486256475663665,0.03706861265060223,0.2793093252962204
22.625,0.26,1.1681020418474355,0.0006418462334717898,0.03518082587452428,0.28040136008072086
22.75,0.26,1.1679060142877906,0.0006351503849496083,0.03329640147314913,0.28148761614870554
22.875,0.26,1.1677116851006326,0.0006285313670395884,0.031415265292465945,0.2825681511223379
23.0,0.26,1.167519056135987,0.0006219947461572104,0.029537457244256774,0.28364302357605625
23.125,0.26,1.1673280893224032,0.0006155245566056107,0.02766283897540274,0.28471228820907357
23.25,0.26,1.167138809283256,0.0006091367387314987,0.02579155531266107,0.28577600296913114
23.375,0.26,1.1669511434175361,0.0006027881784572691,0.02392330872027569,0.2868342158183215
23.5,0.26,1.166765170639402,0.0005965231867065579,0.022058502587143744,0.287886984262213
23.625,0.26,1.1665807397528154,0.0005902116820777025,0.020196451323530217,0.28893433626030557
23.75,0.26,1.166398050431031,0.000583988564070262,0.01833818876498909,0.2899763294366041
23.875,0.26,1.166216795217407,0.000577412213136338,0.016482110463734812,0.29101292180882343
24.0,0.26,1.1660373954136547,0.000570974040356351,0.0146307407743559,0.29204418036720486
24.125,0.26,1.1658593654773703,0.0005629741031530161,0.012780431791229197,0.2930697896769585
24.25,0.26,1.1656832809271391,0.0005555890726826848,0.010936967326693114,0.2940899188134558
24.375,0.26,1.1655093010464974,0.0005414627152869132,0.009092781916897351,0.2951030850316097
24.5,0.26,1.1653368130679218,0.0005316091769153631,0.007259459529816305,0.2961102606315887
24.625,0.26,1.1651723626017085,0.0004909377387897085,0.005424103272643804,0.29710456103239374
24.75,0.26,1.165012272564082,0.00047820720550723186,0.003604489249762817,0.29809213054404954
24.875,0.26,1.1648832196148724,0.00030903484301949836,0.0017729996845057868,0.29903178596685065
25.0,0.26,1.1648832196148724,0.0,0.0,0.29903178596685065
0.0,0.28,1.0,0.0,0.6065751774485107,0.0
0.125,0.28,1.0145048474729579,0.02093918353097582,0.6065751774485107,1.879050590594305e-07
0.25,0.28,1.0336333081318503,0.022886990991461322,0.5778143543358311,1.414069090631088e-06
0.375,0.28,1.048581172012489,0.023913027243902006,0.5682526447881104,5.901505702649226e-06
0.5,0.28,1.0633038449789185,0.020812320620409788,0.5479686095589696,1.622626877441095e-05
0.625,0.28,1.0741261361403944,0.018433268033625744,0.5383277338655955,3.578853612124191e-05
0.75,0.28,1.0841363367470953,0.01596173966274907,0.5260097440121683,6.782350258831492e-05
0.875,0.28,1.0923604662377397,0.014182833265465433,0.51774124572953,0.00011623006864339006
1.0,0.28,1.0999640937079405,0.01272106243651752,0.5090454622904602,0.00018486298755988092
1.125,0.28,1.1067228926924162,0.011640960849668104,0.5018938609668412,0.0002780106781116749
1.25,0.28,1.1130382224431044,0.010772999681211658,0.49486443110114153,0.0003998729317450894
1.375,0.28,1.118876807726201,0.01009381559602703,0.4885104967030615,0.0005547551117648475
1.5,0.28,1.1243830201141793,0.009531031402823223,0.48237307769408666,0.0007467275941028274
1.625,0.28,1.1295659757033452,0.009063838435258266,0.4765954697351213,0.000979689987155164
1.75,0.28,1.134483566492842,0.008661331759476573,0.4710201665401186,0.0012571753494368186
1.875,0.28,1.1391503968765326,0.008311295237382216,0.4656757039893872,0.001582370936616475
2.0,0.28,1.1435936195865182,0.007999906564260917,0.4605016180548545,0.0019580224948711174
2.125,0.28,1.1478258199981104,0.007720315041656598,0.4554963815870005,0.0023864493909596294
2.25,0.28,1.1518622779703234,0.007465810543393324,0.45063259121117033,0.002869511867141769
2.375,0.28,1.1557129948856468,0.007232406730180855,0.4459023130882025,0.003408632911802587
2.5,0.28,1.1593881722839732,0.007016498309231205,0.4412905287226486,0.004004802069796641
2.625,0.28,1.1628958977431765,0.006815624978505804,0.4367891225692314,0.004658605021132013
2.75,0.28,1.1662439463909082,0.006627647634485015,0.4323884113378759,0.005370246600118313
2.875,0.28,1.1694391349245516,0.0064509593798842075,0.42808145666234904,0.006139585039246405
3.0,0.28,1.1724879423821535,0.006284183827370956,0.4238612929084885,0.006966163316108098
3.125,0.28,1.1753963470561821,0.006126221797765558,0.41972223553193394,0.007849244438911046
3.25,0.28,1.1781700531744745,0.005976133339787244,0.4156589369052888,0.008787844571822792
3.375,0.28,1.1808144604985784,0.005833138928372696,0.4116667618019178,0.009780766492730117
3.5,0.28,1.183334752560065,0.00569656871909608,0.40774144369446935,0.010826630791899666
3.625,0.28,1.1857358980513601,0.005565853649921361,0.4038791745574303,0.011923905699762996
3.75,0.28,1.1880226873339812,0.005440500902734792,0.4000764656024589,0.01307093449445696
3.875,0.28,1.1901997385621421,0.005320084710400862,0.3963301535692834,0.014265960841738765
4.0,0.28,1.192271513641047,0.0052042330039834645,0.392637335236472,0.015507151704720366
4.125,0.28,1.194242323173852,0.005092620087781481,0.38899535254662254,0.01679261802464839
4.25,0.28,1.1961163339119973,0.004984958624010901,0.385401756330517,0.018120433117610395
4.375,0.28,1.1978975721328857,0.004880994229253822,0.3818542887095522,0.019488648957004938
4.5,0.28,1.1995899275883277,0.00478050031220601,0.37835086001151425,0.0208953104202691
4.625,0.28,1.2011971559860897,0.004683274186204407,0.37488953328141006,0.02233846766492286
4.75,0.28,1.2027228816374704,0.004589133586284934,0.37146850812925913,0.023816186763666397
4.875,0.28,1.2041705996547813,0.004497913887077386,0.3680861081216349,0.025326558757530978
5.0,0.28,1.205543678281523,0.004409465681185432,0.36474076880888223,0.026867707268382265
5.125,0.28,1.2068453611700105,0.004323652782664822,0.36143102768479796,0.02843779481749843
5.25,0.28,1.2080787698104243,0.004240350509568642,0.35815551500014453,0.0300350279843921
5.375,0.28,1.2092469060486921,0.004159444242993406,0.3549129457843628,0.0316576615358144
5.5,0.28,1.210352654755729,0.004080828192153173,0.35170211263927253,0.03330400164397277
5.625,0.28,1.2113987866166764,0.004004404347552373,0.34852187936435675,0.03497240830527657
5.75,0.28,1.2123879610487975,0.0039300815837683715,0.3453711752134165,0.03666129706096605
5.875,0.28,1.2133227292235835,0.0038577748936766323,0.34224898975831913,0.03836914011248187
6.0,0.28,1.2142055371818388,0.003787404730738541,0.339154368253146,0.04009446691543723
6.125,0.28,1.2150387290194051,0.003718896444530656,0.3360864074572827,0.04183586432794345
6.25,0.28,1.2158245501262948,0.003652179794192412,0.3330442518522274,0.04359197638110696
6.375,0.28,1.2165651504590387,0.0035871885285275267,0.3300270902130301,0.045361503732265426
6.5,0.28,1.2172625878288352,0.003523860022245571,0.32703415249032175,0.04714320285470039
6.625,0.28,1.2179188311881761,0.003462134960026024,0.3240647069706511,0.04893588501132591
6.75,0.28,1.2185357639007022,0.0034019570610192536,0.3211180576835106,0.050738415054097805
6.875,0.28,1.2191151869802004,0.0033432728377313704,0.31819354202953654,0.052549710085661186
7.0,0.28,1.2196588222864746,0.0032860313840541873,0.3152905286063743,0.05436873801499681
7.125,0.28,1.220168315667214,0.003230184188077876,0.31240841521230256,0.05619451603453465
7.25,0.28,1.220645240036598,0.0031756849659570307,0.3095466270097277,0.05802610904233498
7.375,0.28,1.2210910983827628,0.003122489513710063,0.3067046148330686,0.05986262802947059
7.5,0.28,1.2215073266975973,0.0030705555743057366,0.3038818536271995,0.06170322844964456
7.625,0.28,1.2218952968236092,0.0030198427178153623,0.30107784100432344,0.06354710858531949
7.75,0.28,1.2222563192137108,0.0029703122327612106,0.2982920959084762,0.06539350792218725
7.875,0.28,1.2225916456008719,0.002921927027092498,0.2955241573780553,0.0672417055416481
8.0,0.28,1.2229024715755064,0.0028746515374756592,0.29277358339782894,0.06909101853907124
8.125,0.28,1.223189939069332,0.002828451645801263,0.2900399498327545,0.07094080047395217
8.25,0.28,1.223455138745222,0.0027832946019930183,0.2873228494367508,0.07279043985664732
8.375,0.28,1.2236991122932457,0.0027391489523587178,0.28462189093023116,0.07463935867513574
8.5,0.28,1.2239228546336918,0.002695984472851394,0.28193669814081695,0.07648701096420893
8.625,0.28,1.2241273160283819,0.002653772106720548,0.2792669092021807,0.07833288141861537
8.75,0.28,1.2243134041020451,0.0026124839061180977,0.2766121758064168,0.08017648405096156
8.875,0.28,1.2244819857758658,0.0025720929773013867,0.2739721625057878,0.08201736089458528
9.0,0.28,1.2246338891156274,0.0025325734291339504,0.2713465460599984,0.08385508075115662
9.125,0.28,1.224769905097112,0.002493900324629801,0.26873501482554374,0.08568923798240574
9.25,0.28,1.2248907892915668,0.002456049635329507,0.2661372681839181,0.08751945134511833
9.375,0.28,1.2249972634742057,0.002418998198319379,0.2635530160057643,0.08934536286835978
9.5,0.28,1.2250900171587655,0.002382723675730623,0.26098197814826374,0.09116663677177703
9.625,0.28,1.2251697090611637,0.0023472045165699677,0.25842388398330607,0.092982958423771
9.75,0.28,1.2252369684953246,0.0023124199207441784,0.2558784719541655,0.09479403333831976
9.875,0.28,1.2252923967041927,0.0022783498051530517,0.2533454891585782,0.09659958620925498
10.0,0.28,1.225336568128909,0.0022449747717286322,0.2508246909563139,0.09839935998084082
10.125,0.28,1.2253700316190317,0.002212276077303331,0.24831584059946646,0.10019311495356885
10.25,0.28,1.2253933115866313,0.0021802356051977036,0.24581870888384763,0.101980627924157
10.375,0.28,1.2254069091069477,0.0021488358384202785,0.24333307381998245,0.10376169135882124
10.5,0.28,1.2254113029682097,0.0021180598343763027,0.24085872032234024,0.10553611259896505
10.625,0.28,1.2254069506731113,0.0020878912009879833,0.23839543991554699,0.10730371309850927
10.75,0.28,1.225394289394305,0.002058314074131171,0.2359430304564169,0.10906432769215083
10.875,0.28,1.225373736886172,0.0020293130963030836,0.23350129587075763,0.11081780389389775
11.0,0.28,1.2253456923549884,0.0020008733964360266,0.23107004590395938,0.11256400122527328
11.125,0.28,1.2253105372895197,0.0019729805707811247,0.22864909588448548,0.114302790572617
11.25,0.28,1.2252686362539433,0.0019456206647908098,0.22623826649944523,0.11603405357293159
11.375,0.28,1.2252203376448998,0.0019187801559325728,0.22383738358148283,0.11775768202773346
11.5,0.28,1.2251659744143624,0.0018924459373738309,0.2214462779062998,0.11947357734436079
11.625,0.28,1.2251058647599204,0.0018666053024819053,0.2190647850001504,0.12118165000418026
11.75,0.28,1.225040312783992,0.0018412459300877883,0.21669274495673171,0.12288181905710809
11.875,0.28,1.2249696091233513,0.0018163558704659244,0.21433000226291513,0.12457401164183092
12.0,0.28,1.2248940315503456,0.0017919235319870381,0.2119764056327892,0.12625816253107333
12.125,0.28,1.2248138455470206,0.0017679376684045522,0.2096318078495588,0.12793421370121705
12.25,0.28,1.2247293048533763,0.001744387366735976,0.2072960656148475,0.12960211392553317
12.375,0.28,1.2246406519908701,0.0017212620357063028,0.2049690394049869,0.13126181839024356
12.5,0.28,1.2245481187622307,0.0016985513947219938,0.2026505933338971,0.13291328833258448
12.625,0.28,1.22445192672862,0.0016762454633446064,0.20034059502220233,0.13455649070000467
12.75,0.28,1.2243522876650923,0.0016543345512340562,0.19803891547223584,0.1361913978295941
12.875,0.28,1.2242494039953047,0.001632809248539567,0.1957454289486063,0.1378179871468091
13.0,0.28,1.2241434692063393,0.0016116604167105023,0.1934600128640266,0.1394362408825324
13.125,0.28,1.2240346682445093,0.0015908791797007056,0.19118254767010773,0.14104614580749067
13.25,0.28,1.22392317789296,0.0015704569155470848,0.1889129167528636,0.14264769298303864
13.375,0.28,1.2238091671318525,0.001550385248299138,0.1866510063326608,0.1442408775273171
13.5,0.28,1.2236927974818874,0.0015306560402768893,0.1843967053683771,0.14582569839579235
13.625,0.28,1.2235742233318954,0.0015112613846387426,0.18214990546554466,0.14740215817519814
13.75,0.28,1.2234535922512042,0.0014921935982380704,0.17991050078826484,0.14897026288991533
13.875,0.28,1.2233310452874666,0.0014734452147503196,0.17767838797469712,0.1505300218198496
14.0,0.28,1.2232067172505796,0.0014550089780533094,0.1754534660559325,0.15208144732889886
14.125,0.28,1.2230807369833625,0.0014368778358425783,0.1732356363780891,0.1536245547031324
14.25,0.28,1.2229532276195751,0.0014190449334663784,0.17102480252745417,0.15515936199784952
14.375,0.28,1.2228243068298845,0.001401503607963686,0.16882087025852424,0.15668588989272572
14.5,0.28,1.222694087056332,0.001384247382293388,0.16662374742481326,0.15820416155430572
14.625,0.28,1.2225626757358574,0.0013672699597395794,0.16443334391227651,0.15971420250515062
14.75,0.28,1.222430175513412,0.001350565218481795,0.1622495715752505,0.16121604049900262
14.875,0.28,1.2222966844451524,0.0013341272063191307,0.16007234417478344,0.16270970540138366
15.0,0.28,1.2221622961922227,0.0013179501355396058,0.15790157731924478,0.16419522907510248
15.125,0.28,1.222027100205578,0.0013020283779259032,0.15573718840713593,0.16567264527019798
15.25,0.28,1.22189118190231,0.0012863564598894592,0.1535790965719868,0.16714198951790366
15.375,0.28,1.2217546228339027,0.001270929057729111,0.15142722262926786,0.16860329902827365
15.5,0.28,1.2216175008468395,0.0012557409930078036,0.14928148902523855,0.1700566125911596
15.625,0.28,1.2214798902359432,0.0012407872280441896,0.14714181978764487,0.1715019704802843
15.75,0.28,1.2213418618908367,0.001226062861517212,0.14500814047821003,0.17293941436019794
15.875,0.28,1.2212034834358891,0.001211563124179668,0.14288037814683996,0.1743689871959555
16.0,0.28,1.2210648193639801,0.0011972833746815674,0.14075846128748787,0.17579073316538793
16.125,0.28,1.220925931164414,0.0011832190955020651,0.1386423197956153,0.1772046975738831
16.25,0.28,1.220786877445288,0.0011693658889895709,0.1365318849271923,0.17861092677162
16.375,0.28,1.2206477140506184,0.0011557194735114828,0.13442708925917454,0.1800094680732342
16.5,0.28,1.2205084941724869,0.0011422756797119715,0.1323278666514175,0.18140036967991474
16.625,0.28,1.2203692684584788,0.0011290304468811443,0.13023415220996645,0.18278368060395322
16.75,0.28,1.2202300851146486,0.0011159798194351834,0.12814588225166862,0.18415945059578437
16.875,0.28,1.2200909900042611,0.0011031199435069102,0.1260629942700614,0.18552773007356782
17.0,0.28,1.2199520267424984,0.0010904470636502732,0.12398542690250346,0.1868885700553715
17.125,0.28,1.2198132367873609,0.0010779575196561504,0.12191311989847287,0.18824202209401927
17.25,0.28,1.219674659526937,0.0010656477434815826,0.11984601408900576,0.18958813821466994
17.375,0.28,1.2195363323632222,0.0010535142562914535,0.11778405135723581,0.1909269708551884
17.5,0.28,1.2193982907926557,0.0010415536656115014,0.11572717460996851,0.1922585728093691
17.625,0.28,1.2192605684835183,0.001029762662592983,0.11367532775026727,0.19358299717306035
17.75,0.28,1.2191231973503474,0.0010181380193857942,0.1116284556509998,0.19490029729323036
17.875,0.28,1.2189862076254918,0.0010066765866201218,0.10958650412930583,0.19621052672000194
18.0,0.28,1.2188496279279382,0.0009953752909926871,0.10754941992195405,0.19751373916167017
18.125,0.28,1.2187134853295047,0.0009842311329560163,0.1055171506615327,0.19880998844270015
18.25,0.28,1.2185778054185392,0.0009732411845083163,0.10348964485345702,0.20009932846468909
18.375,0.28,1.218442612361185,0.0009624025870780304,0.10146685185373294,0.2013818131702552
18.5,0.28,1.218307928960345,0.0009517125495029209,0.09944872184748091,0.2026574965098057
18.625,0.28,1.2181737767123864,0.0009411683460951904,0.09743520582812998,0.20392643241111177
18.75,0.28,1.2180401758617074,0.0009307673147971061,0.09542625557733522,0.20518867475160998
18.875,0.28,1.2179071454532062,0.0009205068554083146,0.09342182364545616,0.20644427733332596
19.0,0.28,1.2177747033827653,0.0009103844279021977,0.09142186333277248,0.20769329386031127
19.125,0.28,1.2176428664457475,0.0009003975507931987,0.08942632867108904,0.20893577791845905
19.25,0.28,1.217511650383678,0.0008905437996043681,0.08743517440622321,0.21017178295756878
19.375,0.28,1.2173810699290069,0.0008808208053472556,0.08544835598051724,0.21140136227549958
19.5,0.28,1.217251138848278,0.0008712262531367642,0.0834658295166677,0.21262456900427007
19.625,0.28,1.217121869983316,0.0008617578807390157,0.08148755180078722,0.21384145609791996
19.75,0.28,1.2169932752912047,0.0008524134773637037,0.0795134802679298,0.21505207632200182
19.875,0.28,1.216865365881972,0.0008431908821903028,0.07754357298492677,0.21625648224447364
20.0,0.28,1.2167381520558278,0.0008340879834305722,0.07557778863863865,0.21745472622791995
20.125,0.28,1.2166116433371685,0.0008251027166493357,0.0736160865167518,0.2186468604227799
20.25,0.28,1.2164858485098966,0.0008162330643534944,0.07165842650144516,0.21983293676165938
20.375,0.28,1.2163607756469745,0.0008074770536607333,0.06970476904375014,0.22101300695418705
20.5,0.28,1.2162364321455432,0.0007988327570868517,0.06775507516944057,0.22218712248286568
20.625,0.28,1.2161128247498236,0.0007902982884703665,0.06580930643604965,0.22335533459881912
20.75,0.28,1.215989959590027,0.000781871806656285,0.06386742496810648,0.2245176943188144
20.875,0.28,1.2158678421927895,0.0007735515069610174,0.06192939336963437,0.22567425242103978
21.0,0.28,1.2157464775335576,0.0007653356320161206,0.059995174831567286,0.22682505944331852
21.125,0.28,1.2156258700197455,0.0007572224519965586,0.058064732931949886,0.2279701656776561
21.25,0.28,1.2155060235804704,0.0007492102933042232,0.056138031922590016,0.2291096211705325
21.375,0.28,1.215386941585198,0.0007412974905963617,0.05421503624770839,0.23024347571382425
21.5,0.28,1.2152686270301183,0.0007334824600273703,0.05229571127723015,0.23137177885008908
21.625,0.28,1.2151510822990572,0.0007257635806236583,0.05038002212140844,0.2324945798544767
21.75,0.28,1.215034309594152,0.0007181393788808712,0.048467935478354124,0.23361192775282083
21.875,0.28,1.214918310306259,0.0007106082331044364,0.046559416690181495,0.23472387128145467
22.0,0.28,1.2148030860577694,0.0007031688364462291,0.0446544343711184,0.23583045893799387
22.125,0.28,1.2146886371020107,0.0006958194571687076,0.042752953074224165,0.23693173888634092
22.25,0.28,1.2145749648943411,0.0006885590986288266,0.04085494485762896,0.2380277590900116
22.375,0.28,1.2144620680748854,0.0006813856425912733,0.03896037100086493,0.2391185670794447
22.5,0.28,1.2143499488460452,0.0006742987585028052,0.03706921087616177,0.24020421029268374
22.625,0.28,1.2142386029472438,0.0006672952209319713,0.035181416367755,0.24128473549232674
22.75,0.28,1.2141280354842026,0.0006603762389955489,0.03329698386926549,0.2423601896283349
22.875,0.28,1.2140182360196727,0.0006535355362030837,0.031415840749692496,0.2434306183473294
23.0,0.28,1.213909217737045,0.0006467780217314831,0.02953802464129492,0.24449606818802092
23.125,0.28,1.2138009559565128,0.0006400888637239837,0.027663401199547855,0.24555658266464833
23.25,0.28,1.213693484186909,0.0006334822411179107,0.025792109333486676,0.24661220798268282
23.375,0.28,1.2135867444244974,0.0006269180180753036,0.023923862517060974,0.24766298226923258
23.5,0.28,1.2134808179560277,0.0006204356395461903,0.02205904789952309,0.2487089512825059
23.625,0.28,1.2133755721150867,0.0006139134349039782,0.020197012488164592,0.24975013644157087
23.75,0.28,1.2132711883634155,0.0006074717361557454,0.01833874075415625,0.25078658266945303
23.875,0.28,1.2131673915982693,0.0006006952094943399,0.016482736407521223,0.251818251975505
24.0,0.28,1.213064510190645,0.0005940257770188339,0.014631349218339598,0.2528451931957202
24.125,0.28,1.2129621525510308,0.000585855151860413,0.01278134427733437,0.25386713431121755
24.25,0.28,1.2128604926519395,0.0005781670974965488,0.010937776077833581,0.25488419466343804
24.375,0.28,1.2127601210937176,0.000563934387580076,0.009094887223718005,0.2558950929936002
24.5,0.28,1.2126585544413564,0.0005533723648663321,0.007260779877220781,0.2569005675085265
24.625,0.28,1.212564854220447,0.000512204217439915,0.005431405611456025,0.2578945407941074
24.75,0.28,1.2124649712215956,0.0004967827261523835,0.0036064666265167304,0.25888201647011383
24.875,0.28,1.2124026742522882,0.00031783571772010826,0.0018058276498346209,0.25982450211002506
25.0,0.28,1.2124026742522882,0.0,0.0,0.25982450211002506
0.0,0.3,1.0,0.0,0.6034461021060744,0.0
0.125,0.3,1.0130505446234344,0.018309079481193008,0.6034461021060744,4.942142454691094e-08
0.25,0.3,1.030658869602654,0.02035477617239728,0.5775431691117832,4.0140146846735007e-07
0.375,0.3,1.0451355352060865,0.021500765792368755,0.5681217589298921,1.7944565804175324e-06
0.5,0.3,1.0595356412014891,0.018830238121494876,0.5484982560856482,5.225439941729545e-06
0.625,0.3,1.070343515969932,0.016739017100951513,0.5387400007230608,1.210968005786732e-05
0.75,0.3,1.0803560983939449,0.014516831808724057,0.5264382668255192,2.3962680141190677e-05
0.875,0.3,1.0886260138826465,0.012904635815944952,0.5180541982550068,4.267910803802467e-05
1.0,0.3,1.0962677486782195,0.011573917066918252,0.509304661997115,7.029212485598641e-05
1.125,0.3,1.1030715075743922,0.010588889782588597,0.5020878497952759,0.00010914876494980473
1.25,0.3,1.1094340421563724,0.009797969688556776,0.4950216053241027,0.0001617129485963759
1.375,0.3,1.1153302108679963,0.009180037701408392,0.4886347239225066,0.00023063046457114306
1.5,0.3,1.1209061316285975,0.008669463057237264,0.48247667127633415,0.0003185790887344732
1.625,0.3,1.1261750854714767,0.008246923879407701,0.47668199557728774,0.00042827405331416474
1.75,0.3,1.1311966684232442,0.007884182393695472,0.47109494902322235,0.0005623630467263695
1.875,0.3,1.1359874895591167,0.007569872052839793,0.46574086597130243,0.000723409465616193
2.0,0.3,1.1405756308038406,0.007291304053867494,0.46055956879980975,0.0009138248558438184
2.125,0.3,1.1449744598807376,0.0070421065284772865,0.4555483267801322,0.0011358502977374253
2.25,0.3,1.149199491832858,0.006816092710922838,0.4506797163919999,0.0013915177295333538
2.375,0.3,1.153260750038776,0.0066095508037354285,0.4459453310620736,0.001682638273267878
2.5,0.3,1.1571681393307367,0.0064191384724763476,0.4413300881732072,0.0020107846869893502
2.625,0.3,1.1609292661595665,0.006242556914496785,0.43682567281716406,0.0023772888164273385
2.75,0.3,1.1645512261309237,0.006077809713864914,0.4324223467169666,0.002783238761969729
2.875,0.3,1.1680400223752159,0.00592338775059248,0.4281130785539625,0.0032294843922236146
3.0,0.3,1.1714011990887971,0.005777997483127983,0.4238908627186846,0.003716644127893151
3.125,0.3,1.1746397157690516,0.005640601073069624,0.4197499659385692,0.004245116238006834
3.25,0.3,1.1777601919864653,0.005510309942262177,0.4156850125387569,0.00481509131427888
3.375,0.3,1.180766901609177,0.005386385016481852,0.4116913387249969,0.005426566950707603
3.5,0.3,1.1836638774445312,0.005268190770203664,0.40776465825401553,0.006079363003617955
3.625,0.3,1.1864549296623892,0.005155186735706452,0.4039011447801136,0.006773137635518179
3.75,0.3,1.1891436950664565,0.005046905119329103,0.4000972954540281,0.007507403323418894
3.875,0.3,1.1917336548615984,0.0049429421617393195,0.39634993448554395,0.008281542783699816
4.0,0.3,1.1942281596038549,0.004842945819431146,0.39265614844034086,0.009094824395637732
4.125,0.3,1.1966304417032851,0.004746608854141465,0.38901327030090244,0.009946417039049667
4.25,0.3,1.1989436286027537,0.004653661330743937,0.3854188433393972,0.01083540414183952
4.375,0.3,1.201170750599983,0.004563865469231589,0.38187060306408244,0.011760796882978057
4.5,0.3,1.2033147479378417,0.004477010734445813,0.3783664541068744,0.012721546466525218
4.625,0.3,1.2053784754180656,0.0043929100854450944,0.37490445451418986,0.01371655545260408
4.75,0.3,1.2073647062598232,0.004311396607462676,0.37148279953113106,0.014744688129588356
4.875,0.3,1.2092761347722987,0.004232320790389252,0.3680998088729431,0.01580477994581572
5.0,0.3,1.2111153785285853,0.004155548149418055,0.3647539146927183,0.016895646023723166
5.125,0.3,1.212884979984139,0.004080957244741303,0.3614436514681842,0.018016088795683154
5.25,0.3,1.2145874078354408,0.0040084379690873435,0.3581676467679282,0.01916490480469331
5.375,0.3,1.2162250581483778,0.003937890099816323,0.3549246132252691,0.020340890720283687
5.5,0.3,1.2178002553909348,0.0038692220516221296,0.351713341296261,0.021542848621658253
5.625,0.3,1.2193152534048066,0.003802349812731253,0.3485326928518908,0.022769590602317084
5.75,0.3,1.2207722363778724,0.0037371960291250703,0.34538159540817986,0.024019942750050538
5.875,0.3,1.2221733198393803,0.0036736892194435006,0.34225903696625964,0.025292748555675485
6.0,0.3,1.2235205517042287,0.003611763098592645,0.3391640613567705,0.026586871802127873
6.125,0.3,1.2248159133754468,0.003551355995751504,0.33609576404562674,0.027901198983522058
6.25,0.3,1.2260613209129338,0.0034924103520621646,0.33305328833605985,0.02923464130121105
6.375,0.3,1.2272586262686758,0.003434872286966461,0.33003582192717035,0.030586136281155356
6.5,0.3,1.2284096185870046,0.00337869122287565,0.32704259378482975,0.031954649053958895
6.625,0.3,1.229516025564938,0.003323819559883396,0.324072871292308,0.033339173335951544
6.75,0.3,1.2305795148665382,0.0032702123931284324,0.32112595764884294,0.03473873214668885
6.875,0.3,1.2316016955838234,0.0032178272666663252,0.31820118949044085,0.03615237829529442
7.0,0.3,1.2325841197363416,0.0031666239584987894,0.3152979347092544,0.03757919466520332
7.125,0.3,1.2335282838011647,0.0031165642922567315,0.3124155904515051,0.03901829432411838
7.25,0.3,1.2344356302651542,0.00306761197164915,0.30955358127595095,0.040468820483378264
7.375,0.3,1.2353075491915606,0.0030197324343960307,0.30671135745732925,0.04192994632847305
7.5,0.3,1.2361453797933704,0.0029728927228310337,0.3038883934208587,0.043400874740134536
7.625,0.3,1.2369504120063786,0.0029270613687862198,0.30108418629561345,0.044880837923279675
7.75,0.3,1.237723888055436,0.0028822082907302344,0.2982982545759006,0.046369096959096155
7.875,0.3,1.238467004007999,0.0028383047014347088,0.29553013688099705,0.047864941293725115
8.0,0.3,1.2391809113096957,0.0027953230247093467,0.29277939080464704,0.049367688175317614
8.125,0.3,1.2398667182972924,0.002753236819969253,0.290045591846624,0.0508766820497119
8.25,0.3,1.2405254916850534,0.002712020713590938,0.28732833241946243,0.05239129392359323
8.375,0.3,1.2411582580211153,0.00267165033617978,0.2846272209241409,0.053910920702752343
8.5,0.3,1.2417660051110866,0.002632102265008378,0.28194188088911865,0.055434984511946665
8.625,0.3,1.2423496834066123,0.002593353971008416,0.2792719501676445,0.056962932001882065
8.75,0.3,1.242910207357206,0.0025553837697952146,0.27661708018873626,0.05849423364796832
8.875,0.3,1.2434484567240465,0.002518170776292427,0.27397693525764166,0.06002838304474717
9.0,0.3,1.2439652778549355,0.002481694862591185,0.27135119190194334,0.06156489619924329
9.125,0.3,1.2444614849199191,0.002445936618736757,0.26873953825982805,0.06310331082593515
9.25,0.3,1.2449378611074349,0.002410877316184083,0.26614167350730356,0.06464318564557574
9.375,0.3,1.2453951597811215,0.0023764988736960013,0.26355730732143884,0.06618409968970532
9.5,0.3,1.245834105597648,0.0023427838254937027,0.26098615937690967,0.06772565161237848
9.625,0.3,1.2462553955861275,0.0023097152914881413,0.2584279588733959,0.06926745901036867
9.75,0.3,1.2466597001898274,0.0022772769494387585,0.25588244409154237,0.07080915775290667
9.875,0.3,1.2470476642710044,0.0022454530089041423,0.25334936197537794,0.07235040132184531
10.0,0.3,1.24741990807981,0.0022142281868558563,0.25082846773927897,0.07389086016301788
10.125,0.3,1.2477770281882483,0.0021835876848370654,0.24831952449770042,0.07543022104945964
10.25,0.3,1.2481195983902367,0.0021535171675560304,0.24582230291605214,0.07696818645709037
10.375,0.3,1.2484481705688337,0.0021240027428134586,0.24333658088121876,0.07850447395340224
10.5,0.3,1.248763275531724,0.0020950309426631055,0.2408621431903512,0.08003881559965384
10.625,0.3,1.249065423816023,0.0020665887057177727,0.23839878125667488,0.08157095736704353
10.75,0.3,1.2493551064634907,0.002038663360513378,0.23594629283114693,0.08310065856730575
10.875,0.3,1.2496327957671787,0.002011242609855061,0.23350448173891697,0.084627691298153
11.0,0.3,1.2498989459905534,0.001984314516071583,0.23107315762959937,0.0861518399039587
11.125,0.3,1.2501539940600588,0.001957867487111062,0.22865213574046878,0.08767290045205331
11.25,0.3,1.2503983602321018,0.0019318902634178963,0.226241236671762,0.08919068022497158
11.375,0.3,1.2506324487353428,0.0019063719055341954,0.22384028617331525,0.09070499722895523
11.5,0.3,1.2508566483892032,0.0018813017823761217,0.22144911494185335,0.09221567971897185
11.625,0.3,1.2510713331993943,0.0018566695601383851,0.21906755842826922,0.09372256574046352
11.75,0.3,1.2512768629312983,0.0018324651917859746,0.21669545665431297,0.0952255026879844
11.875,0.3,1.2514735836619424,0.0018086789070936168,0.21433265403813645,0.09672434688082673
12.0,0.3,1.2516618283113063,0.0017853012031991155,0.2119789992281614,0.09821896315567145
12.125,0.3,1.25184191715366,0.0017623228356390649,0.20963434494481517,0.09970922447623219
12.25,0.3,1.2520141583095905,0.0017397348098345668,0.20729854782968232,0.1011950115597921
12.375,0.3,1.2521788482193583,0.0017175283730013022,0.20497146830164986,0.10267621252046237
12.5,0.3,1.2523362720982094,0.0016956950064589238,0.20265297041965474,0.1041527225289221
12.625,0.3,1.2524867043742145,0.0016742264183130617,0.20034292175167298,0.10562444348833107
12.75,0.3,1.2526304091092257,0.001653114536486319,0.1980411932496076,0.10709128372604151
12.875,0.3,1.2527676404034909,0.0016323515020793395,0.19574765912974298,0.10855315770067535
13.0,0.3,1.2528986427844782,0.0016119296630389584,0.1934621967584688,0.11000998572407601
13.125,0.3,1.2530236515804252,0.0015918415681113413,0.19118468654297527,0.11146169369759526
13.25,0.3,1.2531428932791253,0.0015720799610629353,0.18891501182666623,0.11290821286213078
13.375,0.3,1.2532565858724607,0.0015526377751501352,0.18665305878901872,0.11434947956129454
13.5,0.3,1.2533649391871573,0.0015335081278185123,0.18439871634966018,0.11578543501706134
13.625,0.3,1.2534681552022553,0.0015146843156140584,0.1821518760764324,0.11721602511722544
13.75,0.3,1.2535664283537589,0.0014961598092899078,0.1799124320972347,0.11864120021397746
13.875,0.3,1.253659945826919,0.001477928249092991,0.1776802810154403,0.12006091493290724
14.0,0.3,1.2537488878366134,0.0014599834402140414,0.17545532182870557,0.12147512799173603
14.125,0.3,1.2538334278962542,0.0014423193483869118,0.17323745585100303,0.12288380202808948
14.25,0.3,1.2539137330756644,0.001424930095623786,0.17102658663770576,0.12428690343563342
14.375,0.3,1.2539899642483436,0.001407809956071698,0.1688226199135705,0.12568440220791513
14.5,0.3,1.2540622763285372,0.00139095335198165,0.16662546350349472,0.12707627178927564
14.625,0.3,1.2541308184985172,0.001374354849776895,0.1644350272658908,0.1284624889322278
14.75,0.3,1.2541957344264667,0.0013580091562118261,0.1622512230285786,0.1298430335607285
14.875,0.3,1.2542571624753605,0.0013419111146124884,0.16007396452707257,0.13121788863881104
15.0,0.3,1.254315235903217,0.001326055701193193,0.15790316734514878,0.13258704004408348
15.125,0.3,1.254370083055084,0.0013104380214419712,0.1557387488576164,0.13395047644563998
15.25,0.3,1.2544218275471233,0.00129505330656909,0.15358062817517543,0.1353081891859791
15.375,0.3,1.254470588443134,0.0012798969100174262,0.15142872609129435,0.13666017216656529
15.5,0.3,1.254516480423856,0.0012649643040307656,0.14928296503102295,0.13800642173671632
15.625,0.3,1.2545596139493775,0.0012502510762794814,0.14714326900165875,0.1393469365855452
15.75,0.3,1.2546000954149572,0.0012357529265425125,0.14500956354520508,0.1406817176367262
15.875,0.3,1.2546380273005724,0.001221465663445284,0.1428817756925486,0.14201076794590028
16.0,0.3,1.2546735083144789,0.0012073852012571208,0.14075983391929356,0.14333409260057212
16.125,0.3,1.254706633531066,0.0011935075567481464,0.1386436681031979,0.14465169862239208
16.25,0.3,1.2547374945232688,0.0011798288461078873,0.13653320948314518,0.14596359487174712
16.375,0.3,1.2547661794898126,0.0011663452819294664,0.13442839061959885,0.1472697919546211
16.5,0.3,1.2547927733775142,0.0011530531702602746,0.1323291453564905,0.14857030213170758
16.625,0.3,1.254817357998889,0.0011399489077245596,0.13023540878448836,0.14986513922978847
16.75,0.3,1.2548400121452767,0.001127028978718993,0.12814711720558583,0.1511543185554072
16.875,0.3,1.2548608116957065,0.0011142899526843052,0.1260642080989709,0.1524378568108873
17.0,0.3,1.2548798297216948,0.0011017284814569695,0.12398662008813414,0.15371577201275577
17.125,0.3,1.2548971365881594,0.0010893412967013277,0.12191429290914942,0.1549880834126438
17.25,0.3,1.2549128000506449,0.0010771252074255296,0.11984716738009285,0.1562548114207412
17.375,0.3,1.2549268853490128,0.001065077097582624,0.11778518537156439,0.15751597753188523
17.5,0.3,1.2549394552977555,0.001053193923758324,0.11572828977824515,0.1587716042543605
17.625,0.3,1.2549505703730834,0.00104147271294528,0.11367642449146731,0.1600217150414868
17.75,0.3,1.2549602887969262,0.0010299105604037384,0.11162953437274431,0.1612663342260628
17.875,0.3,1.2549686666179751,0.0010185046276103044,0.10958756522822412,0.1625054869577233
18.0,0.3,1.2549757577898855,0.001007252140292579,0.10755046378403074,0.1637391991432599
18.125,0.3,1.254981614246746,0.000996150386547441,0.10551817766244286,0.1649674973899389
18.25,0.3,1.2549862859759426,0.000985196715043728,0.1034906553588868,0.16619040895183604
18.375,0.3,1.2549898210884853,0.0009743885333047958,0.1014678462196894,0.1674079616791932
18.5,0.3,1.254992265886904,0.0009637233060699861,0.09944970042058832,0.16862018397078488
18.625,0.3,1.2549936649308056,0.0009531985537292688,0.09743616894591658,0.16982710472926377
18.75,0.3,1.2549940611001589,0.0009428118508349407,0.09542720356850827,0.17102875331944165
18.875,0.3,1.254993495656381,0.0009325608246739314,0.09342275683016849,0.17222515952943918
19.0,0.3,1.2549920083013217,0.0009224431539165983,0.09142278202287683,0.17341635353462898
19.125,0.3,1.2549896372341596,0.0009124565673083745,0.0894272331703876,0.17460236586427216
19.25,0.3,1.25498641920636,0.0009025988424476031,0.08743606501070252,0.17578322737074553
19.375,0.3,1.254982389574604,0.0008928678045704287,0.08544923297858381,0.17695896920122806
19.5,0.3,1.2549775823520104,0.0008832613254554831,0.083466693189362,0.17812962277172545
19.625,0.3,1.254972030257261,0.0008737773222634002,0.0814884024220134,0.17929521974327006
19.75,0.3,1.2549657647623895,0.0008644137565929146,0.07951431810464107,0.1804557920001739
19.875,0.3,1.2549588161381884,0.000855168633293303,0.07754439829736322,0.1816113716301291
20.0,0.3,1.2549512134989949,0.0008460399997566365,0.0755786016804647,0.1827619909060688
20.125,0.3,1.254942984844199,0.0008370259445353699,0.07361688753533767,0.1839076822695047
20.25,0.3,1.2549341571008212,0.0008281245971010429,0.07165921573790472,0.18504847831536414
20.375,0.3,1.254924756160403,0.0008193341258642328,0.06970554673334811,0.1861844117778642
20.5,0.3,1.254914806920994,0.0008106527390052045,0.06775584154140316,0.18731551551773587
20.625,0.3,1.2549043333173375,0.0008020786809081286,0.06581006171430495,0.18844182250989197
20.75,0.3,1.254893358366068,0.000793610235597217,0.06386816937053962,0.18956336583257816
20.875,0.3,1.2548819041836692,0.000785245719131758,0.06193012710968142,0.19068017865598266
21.0,0.3,1.2548699920440791,0.0007769834894981371,0.05999589811609987,0.19179229423315394
21.125,0.3,1.2548576423703524,0.0007688219288431431,0.05806544596501595,0.1928997458883799
21.25,0.3,1.2548448748273644,0.0007607594694661327,0.05613873489988491,0.19400256701039717
21.375,0.3,1.2548317082518035,0.0007527945505683397,0.054215729365708475,0.19510079103847838
21.5,0.3,1.2548181608362599,0.0007449256844733721,0.052296394719137176,0.19619445146006592
21.625,0.3,1.2548042499090681,0.0007371513495380465,0.05038069607979906,0.19728358179015298
21.75,0.3,1.254789992349884,0.000729470156922738,0.04846860011982202,0.1983682155793634
21.875,0.3,1.2547754039984091,0.0007218805835450262,0.04656007221185513,0.1994483863761317
22.0,0.3,1.254760500650392,0.0007143813902763354,0.04465508091203945,0.20052412776080739
22.125,0.3,1.2547452965442911,0.0007069709536032804,0.042753590856833126,0.2015954732645952
22.25,0.3,1.2547298068061614,0.0006996483131490175,0.04085557396582611,0.20266245646897055
22.375,0.3,1.254714043642714,0.0006924114937274417,0.03896099173523995,0.20372511081550262
22.5,0.3,1.254698022392521,0.0006852601324395428,0.037069823197423225,0.20478346986914386
22.625,0.3,1.254681752020796,0.000678191245218438,0.03518202079287789,0.2058375668497246
22.75,0.3,1.2546652501134532,0.0006712058457409058,0.033297580069215654,0.20688743530787101
22.875,0.3,1.254648519272813,0.0006642981612965034,0.03141642983168533,0.20793310793364667
23.0,0.3,1.2546315841304299,0.000657472499027635,0.02953860557548977,0.20897461828599703
23.125,0.3,1.25461443319422,0.0006507152333510883,0.027663976744923727,0.21001199766305326
23.25,0.3,1.254597109240185,0.0006440388813312363,0.02579267670057637,0.21104527961748012
23.375,0.3,1.2545795683840921,0.000637406471308408,0.02392442935660542,0.2120744913263605
23.5,0.3,1.2545618953006956,0.0006308528240508295,0.022059606616715462,0.2130996660363675
23.625,0.3,1.2545439745487699,0.000624265333495913,0.02019758653948523,0.21412081731971924
23.75,0.3,1.254525972118367,0.0006177504112151592,0.018339307095109097,0.21513797714924288
23.875,0.3,1.2545076413934577,0.0006109216490396091,0.016483375613216913,0.21615110965921058
24.0,0.3,1.254489225721902,0.0006041729509832332,0.014631976408424417,0.21716024718671423
24.125,0.3,1.2544704145117072,0.0005959993886175225,0.012782273007023838,0.21816515736149616
24.25,0.3,1.2544510035445704,0.0005881921221566458,0.010938622847433802,0.21916591920851533
24.375,0.3,1.2544319640866897,0.0005741131202953327,0.009097031041663177,0.22016144398197873
24.5,0.3,1.2544089909887954,0.0005631435308696622,0.007262228497094902,0.22115227844901186
24.625,0.3,1.2543934639579841,0.0005222247035255165,0.00543897127233275,0.22213316371854375
24.75,0.3,1.25436072853461,0.0005048067624509643,0.003608956460026874,0.2231081098835154
24.875,0.3,1.2543716386061992,0.0003203602743905984,0.0018414208008373462,0.22404201482500657
25.0,0.3,1.2543716386061992,0.0,0.0,0.22404201482500657
0.0,0.32,1.0,0.0,0.6007173227406948,0.0
0.125,0.32,1.0118100082490695,0.015907343366198163,0.6007173227406948,1.2691720879349356e-08
0.25,0.32,1.0281111914657186,0.017960470318395483,0.5772542348591285,1.1066868031841574e-07
0.375,0.32,1.0421579363909392,0.019156793280071364,0.5679701689418714,5.279623468862418e-07
0.5,0.32,1.0562577720663615,0.016872676244635145,0.5489526415735287,1.6254974397718718e-06
0.625,0.32,1.067042627939432,0.015048681940839127,0.5391007807049942,3.954191362203167e-06
0.75,0.32,1.0770473130512965,0.01306887694585924,0.5268211993860249,8.166116197804558e-06
0.875,0.32,1.0853470091201634,0.011621760609164368,0.518336120350694,1.5112030886369138e-05
1.0,0.32,1.0930076692513933,0.01042208602687317,0.5095392631885937,2.5770222450768257e-05
1.125,0.32,1.0998313944061882,0.009532287474480735,0.5022638891004719,4.131474112128176e-05
1.25,0.32,1.1062098668443858,0.008818035461902945,0.49516428663912987,6.30507317977368e-05
1.375,0.32,1.11212476469281,0.008260469559504737,0.4887475167166891,9.244031331829158e-05
1.5,0.32,1.117723507206235,0.0078006742016997685,0.482570660315712,0.00013104479106646236
1.625,0.32,1.1230230142690962,0.007420953293370377,0.4767604659833816,0.00018052216642031204
1.75,0.32,1.12808447457923,0.007095795013233844,0.4711627283246633,0.00024257816802281736
1.875,0.32,1.1329264779936308,0.006814778357436978,0.4657999107385926,0.0003189498597506982
2.0,0.32,1.1375782468579447,0.0065664034003884075,0.4606120697923468,0.000411366414778454
2.125,0.32,1.1420542496173602,0.0063448386218233266,0.45559539090863727,0.0005215289907202508
2.25,0.32,1.1463706963188518,0.006144464255971454,0.4507224219853912,0.0006510812749149155
2.375,0.32,1.1505381735789366,0.005961885585620044,0.44598432943299,0.0008015915735718411
2.5,0.32,1.154566909770894,0.005794057147282276,0.4413659685958639,0.0009745325147137638
2.625,0.32,1.1584646956655766,0.005638872708364117,0.4368588440814039,0.0011712681175092441
2.75,0.32,1.1622386460283427,0.005494504411045472,0.4324531663191791,0.0013930415798255763
2.875,0.32,1.1658946610942194,0.00535956360288293,0.4281418197172539,0.0016409680135530918
3.0,0.32,1.1694380609787185,0.005232858436496343,0.4239177618950619,0.0019160289440203308
3.125,0.32,1.1728734836539412,0.005113428223367596,0.41977521537049395,0.002219070210652306
3.25,0.32,1.1762051389496273,0.005000448460801391,0.41570877884769136,0.0025508016787896947
3.375,0.32,1.179436819230226,0.00489323055050494,0.4117137626131393,0.0029117992563702307
3.5,0.32,1.1825720150336465,0.0047911807812712785,0.4077858624827331,0.003302508357013124
3.625,0.32,1.1856139463039521,0.004693792559139558,0.40392123549757475,0.003723248842514266
3.75,0.32,1.1885656219577085,0.004600626394783481,0.40011636604519835,0.004174220937762767
3.875,0.32,1.1914298678813853,0.004511302081659995,0.3963680669839201,0.0046555119968628295
4.0,0.32,1.1942093605824027,0.004425487634323178,0.39267341562738367,0.005167103799694729
4.125,0.32,1.1969066477187933,0.004342893019562697,0.38902973685176534,0.005708880232274955
4.25,0.32,1.199524168163183,0.00426326336847916,0.38543456709483087,0.006280635141865077
4.375,0.32,1.2020642659003526,0.004186374273975223,0.38188563589226054,0.006882080242618634
4.5,0.32,1.2045292022676537,0.004112027301082468,0.3783808427364757,0.007512852936984287
4.625,0.32,1.2069211649541505,0.004040046526018826,0.37491824116888955,0.008172523963678907
4.75,0.32,1.2092422754874597,0.0039702754172813,0.3714960225051406,0.008860604789625184
4.875,0.32,1.2114945948793718,0.0039025742930143387,0.3681125029977564,0.009576554690103193
5.0,0.32,1.2136801281649658,0.0038368180861831857,0.3647661117493063,0.010319787471663339
5.125,0.32,1.215800827856073,0.0037728944685260116,0.3614553805329672,0.011089677809158094
5.25,0.32,1.2178585966607054,0.0037107022177567113,0.35817893451555016,0.011885567177541698
5.375,0.32,1.2198552895612902,0.0036501498255037752,0.3549354841878352,0.012706769369848159
5.5,0.32,1.2217927154390296,0.0035911542896743145,0.351723818090006,0.013552575599760452
5.625,0.32,1.223672638331036,0.0035336400762299115,0.3485427963737165,0.014422259193971372
5.75,0.32,1.2254967784275104,0.0034775382190118825,0.3453913450079789,0.015315079884234613
5.875,0.32,1.2272668128729634,0.0034227855421825174,0.3422684505976748,0.01623028771305365
6.0,0.32,1.2289843764348063,0.003369323985673051,0.339173155709964,0.01716712656973648
6.125,0.32,1.2306510620817572,0.0033171000207411158,0.3361045546642642,0.018124837375678635
6.25,0.32,1.232268421509202,0.003266064142333103,0.33306178972086065,0.019102660939062578
6.375,0.32,1.233837965637365,0.003216170428157927,0.33004404762772127,0.020099840499974684
6.5,0.32,1.23536116510307,0.0031673761549950545,0.32705055648129405,0.021115623987234877
6.625,0.32,1.236839450759326,0.003119641464539245,0.3240805828682991,0.022149266008168394
6.75,0.32,1.2382742141931458,0.0030729290718693007,0.3211334292566337,0.023200029592160543
6.875,0.32,1.239666808268097,0.0030272040107408513,0.3182084316094538,0.024267187708219163
7.0,0.32,1.241018547695503,0.002982433410610576,0.3153049571986849,0.025350024575967592
7.125,0.32,1.2423307096359075,0.0029385863010591767,0.3124224025977827,0.026447836788562377
7.25,0.32,1.2436045343308055,0.0028956334398446103,0.30956019183566413,0.02755993426500838
7.375,0.32,1.2448412257633383,0.0028535471613675128,0.3067177746961445,0.028685641048268175
7.5,0.32,1.246041952345736,0.0028123012427621564,0.3038946251488953,0.029824295964455353
7.625,0.32,1.247207847630685,0.002771870785223481,0.30109023989967243,0.03097525315728756
7.75,0.32,1.2483400110433245,0.002732232108516142,0.2983041370488937,0.032137882510870346
7.875,0.32,1.2494395086304058,0.0026933626568961112,0.2955358548488748,0.033311569972802706
8.0,0.32,1.2505073738230146,0.0026552409149304176,0.29278495055108833,0.03449571778854921
8.125,0.32,1.2515446082093316,0.0026178463319122317,0.29005099933571266,0.03568974465702318
8.25,0.32,1.2525521823140016,0.002581159253756816,0.2873335933165493,0.03689308581637578
8.375,0.32,1.2535310363809034,0.0025451608614279627,0.28463234061506676,0.03810519306809248
8.5,0.32,1.2544820811563109,0.0025098331150797022,0.28194686449794865,0.03932553474666762
8.625,0.32,1.255406198669748,0.002475158703220768,0.279276802573052,0.04055359564135896
8.75,0.32,1.2563042430101043,0.002441120996312104,0.2766218060391491,0.041788876875821473
8.875,0.32,1.257177041094875,0.002407704004297203,0.2739815389852675,0.043030895750780965
9.0,0.32,1.258025393430676,0.002374892337638559,0.271355677735756,0.04427918555433438
9.125,0.32,1.2588500748634652,0.0023426711714953255,0.2687439102376123,0.0455332953439506
9.25,0.32,1.2596518353171615,0.0023110262127335815,0.26614593548682786,0.046792789703793046
9.375,0.32,1.2604314005195834,0.0022799436694991232,0.2635614629908265,0.04805724848058583
9.5,0.32,1.261189472714848,0.0022494102231205683,0.2609902122642765,0.04932626650090011
9.625,0.32,1.2619267313615885,0.002219413002139084,0.2584319123558068,0.05059945327243504
9.75,0.32,1.2626438338164563,0.0021899395582846955,0.2558863014033452,0.051876432671611794
9.875,0.32,1.2633414160025926,0.0021609778442349295,0.2533531262159592,0.05315684261957614
10.0,0.32,1.2640200930628294,0.0021325161930111254,0.25083214188029146,0.054440334748519725
10.125,0.32,1.2646804599974988,0.0021045432988770355,0.24832311138979807,0.05572657406006934
10.25,0.32,1.2653230922868248,0.002077048199617768,0.24582580529517783,0.05701523857735919
10.375,0.32,1.265948546497925,0.0020500202600858713,0.2433400013744752,0.05830601899228747
10.5,0.32,1.2665573608765355,0.0020234491569097977,0.24086548432148944,0.05959861830935896
10.625,0.32,1.2671500559235809,0.0019973248642695105,0.23840204545123106,0.06089275148743321
10.75,0.32,1.2677271349567905,0.0019716376406501692,0.2359494824212531,0.062188145080621565
10.875,0.32,1.2682890846575336,0.0019463780164942282,0.2335075989678133,0.0634845368795108
11.0,0.32,1.268836375603129,0.0019215367826786512,0.2310762046558705,0.06478167555382756
11.125,0.32,1.2693694627848338,0.0018971049797504107,0.22865511464202468,0.06607932029759904
11.25,0.32,1.269888786111779,0.0018730738878606859,0.22624414944958365,0.06737724047780601
11.375,0.32,1.270394770901077,0.0018494350173433299,0.22384313475498246,0.06867521528746406
11.5,0.32,1.2708878283543574,0.0018261800998899652,0.22145190118487004,0.06997303340400599
11.625,0.32,1.2713683560209696,0.0018033010802764346,0.2190702841232032,0.07127049265377558
11.75,0.32,1.2718367382480975,0.0017807901086030547,0.21669812352776083,0.07256739968337114
11.875,0.32,1.2722933466180166,0.0017586395330121073,0.21433526375552703,0.0738635696385086
12.0,0.32,1.2727385403727143,0.0017368418928486028,0.21198155339640878,0.07515882585099577
12.125,0.32,1.273172666826126,0.0017153899122376026,0.20963684511483172,0.07645299953433421
12.25,0.32,1.2735960617641764,0.001694276494047267,0.20730099549875833,0.07774592948838131
12.375,0.32,1.2740090498328722,0.001673494714212346,0.20497386491571287,0.07903746181342804
12.5,0.32,1.27441194491464,0.0016530378163954335,0.20265531737541123,0.08032744963396161
12.625,0.32,1.2748050504931436,0.0016328992069615032,0.20034522039864258,0.08161575283230417
12.75,0.32,1.2751886600067799,0.0016130724502421445,0.19804344489205572,0.08290223779223739
12.875,0.32,1.2755630571910792,0.001593551264070686,0.19574986502851807,0.08418677715264593
13.0,0.32,1.275928516410223,0.0015743295155680093,0.1934643581327474,0.0854692495711401
13.125,0.32,1.2762853029778982,0.0015554012171559192,0.19118680457192413,0.08674953949754705
13.25,0.32,1.2766336734677137,0.001536760522782077,0.18891708765102333,0.0880275369570974
13.375,0.32,1.2769738760133902,0.0015184017243373487,0.18665509351259893,0.08930313734307445
13.5,0.32,1.2773061505989773,0.001500319248246777,0.18440071104078898,0.09057624121864057
13.625,0.32,1.2776307293392948,0.001482507652217488,0.18215383176931357,0.09184675412750945
13.75,0.32,1.277947836750862,0.0014649616221273484,0.17991434979325308,0.09311458641309393
13.875,0.32,1.278257690013525,0.0014476759690383674,0.17768216168440618,0.09437965304572572
14.0,0.32,1.278560499223044,0.0014306456263191005,0.1754571664100411,0.09564187345751796
14.125,0.32,1.2788564676348573,0.0014138656468629292,0.17323926525487637,0.09690117138442356
14.25,0.32,1.279145791899288,0.001397331200388209,0.17102836174611405,0.09815747471502954
14.375,0.32,1.2794286622884108,0.0013810375708072343,0.16882436158137631,0.0994107153456225
14.5,0.32,1.2797052629148469,0.0013649801536553593,0.16662717255941722,0.10066082904106209
14.625,0.32,1.2799757719427063,0.0013491544535675704,0.16443670451345455,0.10190775530100529
14.75,0.32,1.280240361790949,0.0013335560817945508,0.16225286924702148,0.10315143723103731
14.875,0.32,1.2804991993293806,0.001318180753750209,0.16007558047221754,0.10439182141828339
15.0,0.32,1.280752446067546,0.0013030242865855269,0.15790475375023874,0.10562885781109578
15.125,0.32,1.281000258336749,0.0012880825967829487,0.15574030643411463,0.10686249960243853
15.25,0.32,1.281242787465444,0.001273351697765965,0.15358215761353441,0.10809270311661999
15.375,0.32,1.2814801799482338,0.0012588276975240241,0.151430228061693,0.10931942769905598
15.5,0.32,1.2817125776087042,0.0012445067962494158,0.14928444018407627,0.11054263560877958
15.625,0.32,1.2819401177563283,0.0012303852839874235,0.14714471796909734,0.11176229191344907
15.75,0.32,1.2821629333376696,0.0012164595382989805,0.14501098694052936,0.11297836438664081
15.875,0.32,1.2823811530821039,0.0012027260219380853,0.14288317411165669,0.11419082340724963
16.0,0.32,1.2825949016422626,0.0011891812805471188,0.14076120794108626,0.11539964186085433
16.125,0.32,1.2828042997294424,0.001175821940372937,0.13864501829015732,0.11660479504294007
16.25,0.32,1.2830094642441465,0.0011626447060058263,0.13653453638189333,0.1178062605639017
16.375,0.32,1.2832105084019971,0.0011496463581480362,0.1344296947614332,0.11900401825578222
16.5,0.32,1.2834075418551794,0.001136823751414446,0.13233042725790006,0.12019805008072919
16.625,0.32,1.283600670809621,0.0011241738121700847,0.13023666894764704,0.12138834004117693
16.75,0.32,1.2837899981380922,0.0011116935364096326,0.12814835611882877,0.12257487409178473
16.875,0.32,1.2839756234893804,0.0010993799876818388,0.12606542623725173,0.12375764005318036
17.0,0.32,1.2841576433937223,0.0010872302950654714,0.12398781791346382,0.12493662752757574
17.125,0.32,1.2843361513646427,0.0010752416511976954,0.12191547087101683,0.1261118278163326
17.25,0.32,1.2845112379973573,0.0010634113103597837,0.11984832591587119,0.12728323383956644
17.375,0.32,1.2846829910638715,0.001051736586624356,0.11778632490689958,0.12845084005788399
17.5,0.32,1.2848514956049253,0.0010402148520653747,0.11572941072742955,0.12961464239635134
17.625,0.32,1.2850168340189019,0.001028843535032696,0.11367752725779867,0.1307746381707905
17.75,0.32,1.285179086147828,0.001017620118492689,0.11163061934887086,0.13193082601649972
17.875,0.32,1.2853383293605756,0.0010065421384379913,0.10958863279647613,0.13308320581948585
18.0,0.32,1.2854946386333737,0.0009956071823646476,0.10755151431673839,0.13423177865029182
18.125,0.32,1.285648086627736,0.0009848128878162307,0.10551921152224275,0.135376546700488
18.25,0.32,1.2857987437658898,0.0009741569409964397,0.10349167289901699,0.13651751322188937
18.375,0.32,1.285946678303805,0.00096363707544746,0.10146884778427208,0.1376546824685407
18.5,0.32,1.2860919564018993,0.0009532510707928304,0.09945068634490226,0.13878805964150231
18.625,0.32,1.2862346421934907,0.0009429967515407454,0.09743713955666052,0.1399176508364498
18.75,0.32,1.2863747978511009,0.0009328719859526442,0.09542815918405309,0.14104346299408524
18.875,0.32,1.2865124836506192,0.0009228746849613348,0.0934236977608019,0.14216550385334129
19.0,0.32,1.2866477580334696,0.0009130028011534472,0.09142370857103735,0.14328378190734195
19.125,0.32,1.286780677666751,0.0009032543277873378,0.08942814563089402,0.14439830636206677
19.25,0.32,1.2869112975015184,0.0008936272978841659,0.08743696367096951,0.1455090870976517
19.375,0.32,1.287039670829097,0.0008841197833220415,0.08545011811883907,0.14661613463223838
19.5,0.32,1.2871658493357345,0.0008747298940339123,0.08346756508284339,0.14771946008828232
19.625,0.32,1.2872898831552335,0.000865455777143211,0.08148926133518013,0.14881907516119602
19.75,0.32,1.2874118209202672,0.0008562956162893156,0.07951516429734487,0.14991499209022632
19.875,0.32,1.2875317098113823,0.0008472476307324081,0.0775452320230682,0.15100722363139985
20.0,0.32,1.2876495956053657,0.000838310074882595,0.075579423186374,0.15209578303245286
20.125,0.32,1.287765522720451,0.0008294812372213031,0.07361769706265271,0.1531806840095096
20.25,0.32,1.2878795342624694,0.0008207594402385445,0.07166001352186181,0.15426194072550287
20.375,0.32,1.2879916720655429,0.0008121430388115835,0.06970633300359431,0.15533956776995425
20.5,0.32,1.2881019767375774,0.0008036304210914555,0.06775661652182248,0.15641358014032491
20.625,0.32,1.288210487694414,0.0007952200054528968,0.06581082562370229,0.1574839932242067
20.75,0.32,1.2883172432082732,0.0007869102436991325,0.06386892242195474,0.15855082278311886
20.875,0.32,1.2884222804300924,0.0007786996143918673,0.0619308695118619,0.1596140849363124
21.0,0.32,1.2885256354496708,0.0007705866318147712,0.05999663007154769,0.1606737961467447
21.125,0.32,1.2886273432927529,0.0007625698302069822,0.0580661676734474,0.16172997320544152
21.25,0.32,1.288727438014516,0.0007546477871070799,0.056139446553120524,0.16278263321990127
21.375,0.32,1.2888259526376196,0.0007468190847917015,0.0542164311561197,0.16383179359726407
21.5,0.32,1.2889229193327345,0.0007390823695634992,0.05229708682665485,0.16487747203664563
21.625,0.32,1.2890183692130828,0.0007314362561020868,0.05038137869286087,0.16591968650753877
21.75,0.32,1.289112332735658,0.0007238794766095531,0.04846927340268184,0.16695845525059766
21.875,0.32,1.2892048391413615,0.0007164106421219554,0.04656073635686654,0.16799379674298273
22.0,0.32,1.2892959174096394,0.0007090286163509847,0.04465573605770641,0.16902572971954033
22.125,0.32,1.289385594818509,0.0007017319181086482,0.04275423721873211,0.1700542731047165
22.25,0.32,1.2894738992802368,0.0006945196575608357,0.0408562116313453,0.17107944608449108
22.375,0.32,1.2895608557130476,0.0006873900355114366,0.03896162099241041,0.17210126795343536
22.5,0.32,1.2896464918117607,0.0006803426912931939,0.03707044402009655,0.1731197583137772
22.625,0.32,1.2897308289860667,0.0006733749150085832,0.03518263367071444,0.174134936705422
22.75,0.32,1.2898138966372927,0.0006664875632596585,0.03329818471029661,0.17514682312511914
22.875,0.32,1.2898957096693617,0.00065967540418868,0.03141702727798658,0.17615543709139758
23.0,0.32,1.2899763036517655,0.0006529421960608942,0.02953919489536742,0.17716079898139944
23.125,0.32,1.290055679519809,0.0006462755794266732,0.027664560533165097,0.17816292757561553
23.25,0.32,1.2901338890791205,0.0006396865122367477,0.02579325242723934,0.1791618435594174
23.375,0.32,1.2902109016231955,0.0006331413467349808,0.02392500423929424,0.18015756273495961
23.5,0.32,1.29028680559843,0.0006266705384959148,0.02206017377423097,0.18115010570109674
23.625,0.32,1.2903615012347054,0.0006201711298813191,0.02019816820690248,0.182139477508757
23.75,0.32,1.2904351411369357,0.0006137363235134791,0.0183398823622645,0.18312569741354867
23.875,0.32,1.290507503634917,0.0006070110645992055,0.01648402126166538,0.18410873030184166
24.0,0.32,1.2905787544211216,0.0006003429896323866,0.014632614815517543,0.18508859373879824
24.125,0.32,1.2906486529385985,0.0005923416355342273,0.012783204711248778,0.18606509127495505
24.25,0.32,1.2907166410695199,0.0005846073393263314,0.010939492648834578,0.18703826983491706
24.375,0.32,1.2907840270469153,0.0005709511752557572,0.00909917334930991,0.18800722232960035
24.5,0.32,1.2908447492561619,0.0005598918510051122,0.007263766619193644,0.18897234185347145
24.625,0.32,1.2909123259464066,0.0005200128310667626,0.005446632741293904,0.18992918349932814
24.75,0.32,1.290951449378554,0.0005013611969313624,0.003611852666240785,0.1908809007696858
24.875,0.32,1.291039914157152,0.00031608904774309255,0.001878819839886189,0.19179629838313206
25.0,0.32,1.291039914157152,0.0,0.0,0.19179629838313206
0.0,0.34,1.0,0.0,0.5983559854155291,0.0
0.125,0.34,1.0107581594997446,0.013699670868598749,0.5983559854155291,3.185610450966291e-09
0.25,0.34,1.025943072288029,0.015684616123101593,0.5769633568627965,2.9658376223651262e-08
0.375,0.34,1.039603562373716,0.016873294586556196,0.5678097422624022,1.5039779285094016e-07
0.5,0.34,1.0534300034015494,0.014937361311830766,0.5493397578787912,4.887356340278163e-07
0.625,0.34,1.0641889282805335,0.013362684692565902,0.5394137245884089,1.246809559307229e-06
0.75,0.34,1.0741823940430197,0.01161946356328014,0.5271596862574001,2.686159683737718e-06
0.875,0.34,1.0825048412944118,0.01033645767459137,0.5185870124884969,5.163981904769122e-06
1.0,0.34,1.0901771057882481,0.009268382795874974,0.5097488832230433,9.11716346045197e-06
1.125,0.34,1.097011030455186,0.008474552421743931,0.5024214950100591,1.5091176974617273e-05
1.25,0.34,1.1033930300462353,0.007837289032878225,0.49529204679498473,2.372378260280185e-05
1.375,0.34,1.1093104067504183,0.00734000042413572,0.4888485051212859,3.575848843595537e-05
1.5,0.34,1.114911397413798,0.006930457988710752,0.4826547449724803,5.202665935707601e-05
1.625,0.34,1.1202159124426276,0.006592704388335387,0.4768306264586508,7.344784320590065e-05
1.75,0.34,1.1252863929044563,0.006303992505702756,0.4712232871602205,0.00010101088022759244
1.875,0.34,1.130143094347591,0.006054915994072049,0.46585264302161516,0.0001357656761488239
2.0,0.34,1.1348162337659613,0.005835197033843661,0.46065894140430874,0.00017880446451868902
2.125,0.34,1.1393213049279134,0.005639584176481795,0.45563740280584725,0.00023124934358930113
2.25,0.34,1.1436752495092721,0.0054630503107746965,0.45076054191433784,0.00029423491712608465
2.375,0.34,1.1478893257472547,0.005302544587017368,0.44601914408165816,0.00036889491145423173
2.5,0.34,1.1519742727387368,0.00515533971798392,0.4413980062548459,0.00045634721297437665
2.625,0.34,1.15593831059289,0.005019542982257783,0.4368884717175445,0.0005576817572895095
2.75,0.34,1.1597888715223301,0.004893513410409877,0.43248070394358057,0.0006739486170153036
2.875,0.34,1.1635320905736999,0.004776000171000387,0.42816751193697367,0.0008061483666103419
3.0,0.34,1.1671734332230406,0.0046659286796064394,0.4239418200295401,0.0009552234652333104
3.125,0.34,1.1707176067876501,0.0045624296840428525,0.4197978111619327,0.001122051545560557
3.25,0.34,1.1741688161343469,0.004464755473488087,0.41573006097167553,0.001307439978141823
3.375,0.34,1.17753078303867,0.0043722792429809546,0.4117338565382633,0.0015121220219241973
3.5,0.34,1.1808068666703848,0.004284458940603828,0.40780487757182,0.001736754202799674
3.625,0.34,1.1840001020200512,0.0042008303142350755,0.4039392662400513,0.001981914965486456
3.75,0.34,1.1871132652875596,0.004120989295700334,0.400133495491193,0.0022481043604311514
3.875,0.34,1.1901489083491357,0.004044585087536585,0.39638436802384736,0.002535744700524378
4.0,0.34,1.193109398217078,0.003971310430787223,0.39268895286824557,0.002845182009254499
4.125,0.34,1.1959969433641249,0.003900896075251298,0.38904456764905865,0.003176688159470391
4.25,0.34,1.1988136190987428,0.0038331047977629173,0.38544874269101687,0.003530463562422482
4.375,0.34,1.2015613864960653,0.0037677272446181766,0.3818992021911953,0.003906640305352549
4.5,0.34,1.204242109227437,0.003704577957910871,0.3783938410499005,0.004305285627159964
4.625,0.34,1.2068575667754038,0.003643492299072784,0.37493070878608836,0.0047264056441377105
4.75,0.34,1.2094094657122565,0.003584323668772497,0.37150799320900646,0.005169949240998762
4.875,0.34,1.2118994487477897,0.0035269412284655104,0.36812400748370583,0.005635812057593771
5.0,0.34,1.2143291022766993,0.003471227889277737,0.3647771779949991,0.006123840508809969
5.125,0.34,1.2166999624736412,0.0034170786134641775,0.36146603410875416,0.006633835786395377
5.25,0.34,1.21901352030264,0.0033643989280543333,0.3581891988560489,0.007165557799004074
5.375,0.34,1.221271225560278,0.003313103649132888,0.3549453808244644,0.0077187290153973315
5.5,0.34,1.2234744901625862,0.0032631157680924477,0.35173336685423173,0.008293038182422479
5.625,0.34,1.225624690788661,0.0032143654872512834,0.3485520155732365,0.008888143896006567
5.75,0.34,1.2277231710127516,0.0031667893778427885,0.34540025158112775,0.009503678008804575
5.875,0.34,1.2297712430138843,0.0031203296472426846,0.34227706024844656,0.010139248863089468
6.0,0.34,1.23177018894989,0.0030749334985617615,0.33918148302683815,0.010794444341563576
6.125,0.34,1.2337212620610352,0.0030305525715309412,0.33611261322484004,0.011468834732335169
6.25,0.34,1.2356256875615557,0.0029871424531825925,0.3330695921843895,0.012161975407225703
6.375,0.34,1.237484663364846,0.0029446622495824543,0.3300516058170843,0.012873409315014434
6.5,0.34,1.239299360681293,0.002903074210354969,0.327057881455872,0.013602669293178675
6.625,0.34,1.2410709245197893,0.002862343399258519,0.32408768498890095,0.014349280203246448
6.75,0.34,1.2428004741185215,0.002822437404724238,0.32114031824351524,0.01511276089606993
6.875,0.34,1.244489103325338,0.002783326085217147,0.31821511659430113,0.01589262601421817
7.0,0.34,1.2461378809439512,0.0027449813448755,0.3153114467713106,0.016688387639310253
7.125,0.34,1.2477478510586366,0.002707376935536083,0.3124287048481892,0.017499556792513315
7.25,0.34,1.2493200333472325,0.0026704882817363824,0.30956631439202725,0.018325644796643857
7.375,0.34,1.250855423389797,0.002634292325757087,0.3067237247592022,0.01916616450837237
7.5,0.34,1.2523549929783273,0.002598767390142365,0.30390040952315694,0.020020631428964243
7.625,0.34,1.2538196904313115,0.002563893055479517,0.3010958650218116,0.020888564701821547
7.75,0.34,1.2552504409156262,0.0025296500515125495,0.29830960901363285,0.021769488004840166
7.875,0.34,1.256648146777234,0.0024960201599146725,0.295541179432637,0.022662930345283903
8.0,0.34,1.258013687881334,0.002462986127267948,0.2927901332336498,0.023568426764517925
8.125,0.34,1.2593479219620436,0.0024305315869879384,0.2900560453200621,0.024485518959552175
8.25,0.34,1.260651684981189,0.0023986409890988016,0.2873385075471338,0.025413755827933576
8.375,0.34,1.2619257914954882,0.0023672995369139124,0.28463712779457945,0.026352693942104863
8.5,0.34,1.2631710350312013,0.002336493129799113,0.28195152910279925,0.027301897958926256
8.625,0.34,1.2643881884651798,0.002306208311311285,0.27928134886763617,0.028260940969643003
8.75,0.34,1.2655780044111948,0.0022764322220998,0.2766262380890336,0.029229404795181498
8.875,0.34,1.2667412156104227,0.0022471525570443,0.27398586066937297,0.030206880231275882
9.0,0.34,1.2678785353249808,0.0022183575261742515,0.2713598927576359,0.031192967247568305
9.125,0.34,1.26899065773349,0.0021900358189756836,0.26874802213589505,0.03218727514449244
9.25,0.34,1.2700782583276788,0.002162176571747086,0.2661499476448953,0.033189422671442446
9.375,0.34,1.2711419943091702,0.002134769337708247,0.26356537864579127,0.034199038109449326
9.5,0.34,1.2721825049856312,0.0021078040596009826,0.2609940345153107,0.03521575932133274
9.625,0.34,1.2732004121656009,0.0020812710445569332,0.2584356441718806,0.03623923377206826
9.75,0.34,1.2741963205513522,0.0020551609410290658,0.2558899456304137,0.037269118521906945
9.875,0.34,1.2751708181292591,0.0020294647176029466,0.25335668558365054,0.03830508019460307
10.0,0.34,1.2761244765571673,0.0020041736435282057,0.2508356190081289,0.039346794922946446
10.125,0.34,1.2770578515483726,0.001979279270817778,0.24832650879299775,0.04039394827365518
10.25,0.34,1.2779714832518372,0.0019547734177810705,0.24582912539005072,0.04144623515356118
10.375,0.34,1.278865896628339,0.0019306481538678803,0.2433432464834712,0.04250335969891209
10.5,0.34,1.2797416018222738,0.0019068957857076175,0.24086865667790786,0.04356503514951716
10.625,0.34,1.2805990945288872,0.001883508844241774,0.2384051472036246,0.04463098370938022
10.75,0.34,1.281438856356726,0.001860480072854012,0.23595251563755112,0.04570093639538543
10.875,0.34,1.282261355185131,0.0018378024164127857,0.2335105656391852,0.04677463287553353
11.0,0.34,1.2830670455166262,0.0018154690111491785,0.23107910670035062,0.047851821298160326
11.125,0.34,1.2838563688240436,0.0017934731752998487,0.22865795390791796,0.048932258113508924
11.25,0.34,1.2846297538922842,0.0017718084004517873,0.22624692771866614,0.05001570788896696
11.375,0.34,1.285387617154585,0.001750468343533438,0.22384585374551536,0.051101943119220936
11.5,0.34,1.2861303630232073,0.0017294468194024748,0.22145456255444043,0.05219074403251992
11.625,0.34,1.2868583842144363,0.001708737793983769,0.21907288947140313,0.05328189839417835
11.75,0.34,1.287572062067822,0.001688335377917546,0.21670067439871885,0.0543752013083832
11.875,0.34,1.2882717668595778,0.001668233820682945,0.2143377616402987,0.0554704550193042
12.0,0.34,1.2889578581100618,0.001648427505159833,0.21198399973523976,0.0565674687124346
12.125,0.34,1.2896306848852797,0.0016289109426017542,0.2096392412993006,0.05766605831701732
12.25,0.34,1.2902905860923506,0.0016096787679892152,0.2073033428738069,0.058766046310335635
12.375,0.34,1.2909378907688824,0.0015907257357365308,0.20497616478157074,0.05986726152456961
12.5,0.34,1.2915729183662084,0.0015720467157287132,0.20265757098942236,0.06096953895684038
12.625,0.34,1.2921959790264528,0.0015536366896624033,0.20034742897699934,0.0620727195829845
12.75,0.34,1.292807373853398,0.0015354907476671752,0.19804560961144663,0.06317665017552067
12.875,0.34,1.2934073951771194,0.0015176040851861744,0.19575198702769384,0.06428118312619267
13.0,0.34,1.2939963268123953,0.0014999720000947805,0.19346643851400966,0.06538617627339444
13.125,0.34,1.2945744443108786,0.0014825898900337356,0.1911888444025419,0.06649149273470888
13.25,0.34,1.2951420152070419,0.0014654532499382407,0.1889190879645823,0.06759700074472086
13.375,0.34,1.2956992992579026,0.0014485576697432663,0.18665705531028598,0.06870257349819608
13.5,0.34,1.2962465486765766,0.0014318988322445602,0.1844026352926166,0.06980808899865484
13.625,0.34,1.2967840083596738,0.0014154725110984557,0.182155719415286,0.07091342991231114
13.75,0.34,1.2973119161085913,0.001399274568941676,0.1799162017444814,0.07201848342729442
13.875,0.34,1.297830502844755,0.001383300955614645,0.1776839788241704,0.07312314111802308
14.0,0.34,1.298339992818877,0.0013675477064718877,0.17545894959480526,0.07422729881455858
14.125,0.34,1.2988406038142888,0.0013520109407646214,0.17324101531525923,0.07533085647673222
14.25,0.34,1.2993325473444355,0.0013366868600812104,0.17103007948781707,0.07643371807280716
14.375,0.34,1.2998160288446134,0.001321571746831956,0.16882604778607208,0.07753579146241694
14.5,0.34,1.3002912478580357,0.001306661962767425,0.1666288279855997,0.0786369882835024
14.625,0.34,1.3007583982163378,0.0012919539475184521,0.16443832989725402,0.07973722384295939
14.75,0.34,1.3012176682146064,0.0012774442171485266,0.16225446530298604,0.08083641701070406
14.875,0.34,1.3016692407810602,0.0012631293627100731,0.16007714789406297,0.08193449011686288
15.0,0.34,1.302113293641479,0.0012490060487994439,0.15790629321156915,0.08303136885179908
15.125,0.34,1.3025499994785077,0.0012350710121038372,0.15574181858911257,0.08412698216869957
15.25,0.34,1.302979526085957,0.0012213210599354672,0.15358364309762562,0.0852212621884574
15.375,0.34,1.3034020365182173,0.0012077530687521867,0.1514316874921857,0.08631414410660551
15.5,0.34,1.3038176892349271,0.0011943639826617566,0.14928587416077505,0.08740556610207754
15.625,0.34,1.3042266382410108,0.0011811508119105672,0.1471461270748943,0.08849546924759448
15.75,0.34,1.3046290332222332,0.001168110631356131,0.14501237174197248,0.08958379742150246
15.875,0.34,1.3050250196763933,0.0011552405789270453,0.1428845351594979,0.09067049722091285
16.0,0.34,1.3054147390402917,0.0011425378540720352,0.14076254577080677,0.09175551787602411
16.125,0.34,1.3057983288126218,0.0011299997162023366,0.1386463334224757,0.09283881116553191
16.25,0.34,1.3061759226728915,0.001117623483130609,0.13653582932325264,0.09392033133306205
16.375,0.34,1.3065476505965354,0.0011054065295119017,0.1344309660044718,0.095000035004587
16.5,0.34,1.3069136389663307,0.0010933462852920704,0.13233167728190245,0.09607788110681209
16.625,0.34,1.3072740106802627,0.001081440234166515,0.13023789821897924,0.09715383078654183
16.75,0.34,1.307628885255952,0.001069685912057185,0.12814956509135603,0.09822784733105829
16.875,0.34,1.3079783789317825,0.0010580809056114724,0.1260666153527422,0.09929989608956273
17.0,0.34,1.308322604764837,0.0010466228507286235,0.12398898760197417,0.10036994439574999
17.125,0.34,1.30866167272578,0.0010353094311170692,0.12191662155126563,0.1014379614915987
17.25,0.34,1.3089956897907815,0.0010241383768886587,0.11984945799559597,0.10250391845247246
17.375,0.34,1.3093247600306026,0.001013107463193693,0.11778743878320144,0.10356778811363741
17.5,0.34,1.3096489846969532,0.0010022145088997426,0.1157305067871035,0.10462954499830544
17.625,0.34,1.3099684623062164,0.000991457375316853,0.11367860587765168,0.10568916524731874
17.75,0.34,1.3102832887206395,0.0009808339649718693,0.1116316808960276,0.10674662655058868
17.875,0.34,1.3105935572270815,0.0009703422204351782,0.10958967762867307,0.10780190808040374
18.0,0.34,1.310899358613422,0.0009599801231991963,0.10755254278260619,0.10885499042671323
18.125,0.34,1.3112007812426867,0.0009497456926105371,0.10552022396157783,0.10990585553448913
18.25,0.34,1.3114979111249916,0.0009396369848557733,0.10349266964304346,0.11095448664325856
18.375,0.34,1.311790831987375,0.0009296520920006756,0.10146982915589324,0.11200086822888844
18.5,0.34,1.312079625341579,0.0009197891410823511,0.09945165265894247,0.11304498594769151
18.625,0.34,1.3123643705498556,0.0009100462932498486,0.09743809112009975,0.11408682658290954
18.75,0.34,1.312645144888859,0.0009004217429601352,0.09542909629625085,0.11512637799361429
18.875,0.34,1.3129220236116657,0.0008909137172139496,0.09342462071371474,0.11616362906605104
19.0,0.34,1.3131950800080188,0.0008815204748452961,0.09142461764942703,0.11719856966743322
19.125,0.34,1.313464385462772,0.0008722403058399956,0.08942904111253216,0.11823119060218107
19.25,0.34,1.3137300095126965,0.0008630715307159909,0.08743784582682976,0.11926148357058124
19.375,0.34,1.3139920199015234,0.0008540124999038809,0.08545098721329009,0.12028944112982455
19.5,0.34,1.3142504826335344,0.0008450615932163797,0.08346842137382426,0.12131505665737306
19.625,0.34,1.3145054620253125,0.000836217219259488,0.08149010507438958,0.12233832431657689
19.75,0.34,1.3147570207563626,0.000827477815008773,0.0795159957303932,0.12335923902447406
19.875,0.34,1.3150052199176003,0.0008188418451884986,0.07754605138967441,0.12437779642165225
20.0,0.34,1.3152501190593526,0.0008103078020207261,0.07558023072047816,0.12539399284410882
20.125,0.34,1.3154917762363936,0.0008018742044349699,0.0736184929926493,0.1264078252969249
20.25,0.34,1.3157302480540023,0.0007935395981718044,0.07166079807062958,0.12741929142974082
20.375,0.34,1.3159655897088287,0.0007853025545046385,0.06970710638883791,0.12842838951372826
20.5,0.34,1.3161978550344675,0.0007771616711730135,0.06775737895591061,0.12943511842020278
20.625,0.34,1.3164270965361993,0.000769115569835409,0.06581157731428872,0.13043947760030183
20.75,0.34,1.3166533654394998,0.0007611628990389767,0.06386966357135282,0.13144146706628335
20.875,0.34,1.3168767117135585,0.0007533023284667483,0.06193160031838382,0.13244108737321117
21.0,0.34,1.3170971841311159,0.0007455325569822882,0.059997350727725295,0.13343833960262966
21.125,0.34,1.3173148302678168,0.000737852298833732,0.058066878369179876,0.13443322534534105
21.25,0.34,1.317529696594111,0.0007302603043841497,0.05614014747102463,0.1354257466875242
21.375,0.34,1.317741828418002,0.0007227553261760978,0.05421712247921569,0.13641590619315005
21.5,0.34,1.3179512700604876,0.0007153361713839187,0.052297768726544756,0.13740370689354808
21.625,0.34,1.3181580646606386,0.0007080016174544688,0.05038205134879543,0.13838915226661685
21.75,0.34,1.3183622545626896,0.00070075054387404,0.04846993697181012,0.13937224623313
21.875,0.34,1.3185638807811417,0.0006935817214722232,0.04656139102183729,0.14035299312631977
22.0,0.34,1.318762983918351,0.0006864941425312438,0.04465638195208192,0.1413313977038482
22.125,0.34,1.3189596027854829,0.0006794864930790881,0.04275487454621672,0.14230746509215322
22.25,0.34,1.3191537766432992,0.0006725579794425695,0.040856840478947776,0.14328120083699025
22.375,0.34,1.3193455417247568,0.0006657070026075102,0.03896224163001232,0.1442526107832722
22.5,0.34,1.3195349367643243,0.0006589332308362791,0.037071056431771256,0.14522170122201622
22.625,0.34,1.3197219943133238,0.0006522342525702341,0.035183238311231026,0.14618847860471937
22.75,0.34,1.3199067544013683,0.0006456107987609495,0.03329878132376213,0.1471529499330534
22.875,0.34,1.3200892429983957,0.0006390582060329222,0.03141761682749223,0.1481151220413781
23.0,0.34,1.320269505589489,0.0006325797313114139,0.029539776549985616,0.1490750026068982
23.125,0.34,1.3204475543145768,0.0006261643281669118,0.027665136691115942,0.1500325982667359
23.25,0.34,1.3206234492623634,0.0006198214947201697,0.0257938208277284,0.15098791727283697
23.375,0.34,1.3207971715674662,0.0006135210415892027,0.023925571573435805,0.1519409642731736
23.5,0.34,1.3209688133177242,0.0006072893191411728,0.02206073390016141,0.15289174767427618
23.625,0.34,1.3211382886263687,0.0006010335344736688,0.020198741830352966,0.15384026392856745
23.75,0.34,1.3213057382990956,0.000594834410716176,0.018340450794015476,0.1547865202706536
23.875,0.34,1.321470962272063,0.0005883704601858788,0.0164846563517663,0.15573048143782922
24.0,0.34,1.3216340556941353,0.0005819449317635345,0.014633246663407002,0.1566721520368412
24.125,0.34,1.3217948385282765,0.0005742922712704203,0.012784116107198009,0.1576113678341825
24.25,0.34,1.3219524249222765,0.0005668246998501334,0.010940359845482346,0.15854815073410145
24.375,0.34,1.3221084213630367,0.0005538611618939247,0.009101263337784262,0.1594817623313031
24.5,0.34,1.322255096420137,0.0005430347629673651,0.0072653412013565346,0.16041247480410023
24.625,0.34,1.3224079354507838,0.00050500448095357,0.005454199124376804,0.16133663410390695
24.75,0.34,1.3225211489701225,0.0004859124556810694,0.003615016765254597,0.162256663308104
24.875,0.34,1.3226891044597935,0.00030472559852860964,0.0019169069716539924,0.163145586141568
25.0,0.34,1.3226891044597935,0.0,0.0,0.163145586141568
0.0,0.36,1.0,0.0,0.5963332565386904,0.0
0.125,0.36,1.0098739799173546,0.011656918906201163,0.5963332565386904,7.821352151415654e-10
0.25,0.36,1.024114486526824,0.013511726255585953,0.5766822232154785,7.730496994459733e-09
0.375,0.36,1.037433362929067,0.014644600741268643,0.56764927084406,4.149919587088482e-08
0.5,0.36,1.0510155756667845,0.013022969319978234,0.549666076482101,1.42092923307316e-07
0.625,0.36,1.0617483137464343,0.011681206086502976,0.539682104658754,3.79805551745035e-07
0.75,0.36,1.0717300412505426,0.010168934060799,0.5274551646741149,8.53325588005709e-07
0.875,0.36,1.0800716236473278,0.009048972477891791,0.5188074626048732,1.7039776376707728e-06
1.0,0.36,1.087752885109761,0.008113063725216403,0.5099337982757466,3.1147725546527257e-06
1.125,0.36,1.0945936517505312,0.007416113421069564,0.5025608191621378,5.323495889967171e-06
1.25,0.36,1.1009751745545928,0.006856502541741223,0.4954050244916055,8.62134349717756e-06
1.375,0.36,1.1068893873409837,0.006419865556096229,0.48893781570569667,1.3361001325794993e-05
1.5,0.36,1.1124849837113502,0.006060612051063549,0.4827290567634298,1.9953578201936586e-05
1.625,0.36,1.1177842870679597,0.005764606965547928,0.47689260167123576,2.8871137411919054e-05
1.75,0.36,1.1228506563987082,0.005511892906641902,0.4712767454694441,4.064156011059871e-05
1.875,0.36,1.1277056565434167,0.0052941312846568524,0.4658991724137776,5.584640924218944e-05
2.0,0.36,1.1323802595812393,0.0051022887830348964,0.4607002832843644,7.511398416321224e-05
2.125,0.36,1.13689077542029,0.004931722000660682,0.45567445037139975,9.911390658185331e-05
2.25,0.36,1.1412547424415678,0.004778012151392919,0.4507941527473159,0.0001285490081921493
2.375,0.36,1.1454839996782697,0.004638469063437891,0.4460498400038942,0.00016414808778350806
2.5,0.36,1.1495897627820773,0.004510696022286831,0.44142625509997696,0.00020665742373028346
2.625,0.36,1.1535806910241946,0.004393026476383515,0.4369145989445655,0.00025683296391692796
2.75,0.36,1.1574645892282363,0.0042840174352073756,0.4325049926425844,0.0003154322136741066
2.875,0.36,1.161247920325922,0.004182566932373672,0.42819017858407477,0.00038320681727636093
3.0,0.36,1.1649364233423505,0.004087727967766393,0.4239630513669235,0.00046089540548547843
3.125,0.36,1.1685350324420996,0.003998732763425262,0.41981775894835754,0.0005492171993403339
3.25,0.36,1.1720481302052927,0.003914919865543013,0.41574885646412507,0.0006488661830608984
3.375,0.36,1.175479570648017,0.0038357332500861185,0.4117516104739488,0.0007605060650043927
3.5,0.36,1.178832800307708,0.0037606908982765436,0.40782168640845784,0.0008847659300854137
3.625,0.36,1.182110899552255,0.00368937866558363,0.4039552132815327,0.0010222366585610242
3.75,0.36,1.1853166500072787,0.0036214350022926,0.40014865391126964,0.0011734680416632458
3.875,0.36,1.1884525719570151,0.0035565449467217258,0.39639880200991645,0.0013389665942056788
4.0,0.36,1.191520966529484,0.003494431706911025,0.39270271927638956,0.0015191939997662757
4.125,0.36,1.1945239450798784,0.003434851881293826,0.3890577169210008,0.0017145661521000947
4.25,0.36,1.1974634575469216,0.0033775902956771383,0.3854613198598302,0.0019254527291470832
4.375,0.36,1.2003413144388928,0.0033224564165684855,0.3819112475680481,0.002152177248315397
4.5,0.36,1.2031592066267627,0.00326928092301248,0.3784053908842722,0.0023950175418544716
4.625,0.36,1.2059187214630138,0.003217913050746655,0.3749417957706298,0.0026542065980741775
4.75,0.36,1.2086213568327322,0.003168218189410261,0.37151864693639813,0.0029299337124397916
4.875,0.36,1.2112685328429076,0.0031200759094668676,0.3681342548179372,0.003222345897898304
5.0,0.36,1.2138616018490875,0.0030733782166131826,0.36478704339892926,0.0035315495057598326
5.125,0.36,1.2164018568639656,0.003028028072815682,0.3614755399193422,0.0038576120132932028
5.25,0.36,1.2188905387029592,0.002983938097651895,0.3581983655251139,0.004200563937666422
5.375,0.36,1.2213288419863575,0.002941029448965045,0.3549542271249173,0.004560400840388965
5.5,0.36,1.2237179202069979,0.002899230841258333,0.35174191006033934,0.0049370853902781925
5.625,0.36,1.226058889980961,0.0028584776913612576,0.34856027161691944,0.005330549457098675
5.75,0.36,1.2283528346180916,0.0028187113684891383,0.3454082351889428,0.005740696211717166
5.875,0.36,1.2306008071090473,0.002779878537743754,0.3422847850613749,0.006167402212225491
6.0,0.36,1.232803832624058,0.002741930582847754,0.3391889617057039,0.006610519458733119
6.125,0.36,1.2349629105980338,0.0027048230988672055,0.3361198575431197,0.007069877402556031
6.25,0.36,1.2370790164700738,0.0026685154452749547,0.33307661311027664,0.007545284898226812
6.375,0.36,1.239153103133197,0.0026329703520358494,0.3300584135861649,0.008036532089183797
6.5,0.36,1.2411861021433441,0.002598153571779922,0.3270644856357073,0.008543392220135447
6.625,0.36,1.2431789247285592,0.0025640335724016563,0.3240940945365358,0.009065623370976834
6.75,0.36,1.2451324626335591,0.0025305812649563902,0.32114654155684613,0.009602970108760022
6.875,0.36,1.247047588829174,0.0024977697625120747,0.3182211615580595,0.010155165055616614
7.0,0.36,1.248925158111687,0.0024655741661078986,0.3153173207983485,0.010721930371713638
7.125,0.36,1.2507660076129463,0.002433971374508788,0.3124344149166287,0.011302979153315768
7.25,0.36,1.2525709572387693,0.002402939914845755,0.3095718670787815,0.011898016746845434
7.375,0.36,1.2543408100501252,0.0023724597916220274,0.30672912627029136,0.012506741980497406
7.5,0.36,1.2560763525991263,0.00234251235187506,0.30390566572119276,0.013128848315492707
7.625,0.36,1.2577783552296447,0.0023130801645680718,0.30110098145097364,0.013764024919464954
7.75,0.36,1.2594475723505925,0.002284146912529277,0.2983145909224136,0.01441195766477595
7.875,0.36,1.26108474268835,0.0022556972954637356,0.29554603179459754,0.015072330054770084
8.0,0.36,1.2626905895235305,0.0022277169427468127,0.29279486076640043,0.015744824081112926
8.125,0.36,1.2642658209162139,0.0022001923348682513,0.29006065250264856,0.016429121015429465
8.25,0.36,1.2658111299228898,0.0021731107325377477,0.2873429986359904,0.01712490213847392
8.375,0.36,1.2673271948076068,0.0021464601125841414,0.2846415068381903,0.017831849410036106
8.5,0.36,1.2688146792492734,0.002120229109888766,0.28195579995518905,0.018549646082727002
8.625,0.36,1.2702742325465413,0.0020944069646910406,0.2792855152008045,0.019277977262699787
8.75,0.36,1.2717064898213606,0.00206898347468621,0.27663030340441974,0.020016530420255644
8.875,0.36,1.2731120722219778,0.00204394895141166,0.27398982830844715,0.020764995853166473
9.0,0.36,1.2744915871259368,0.002019294180480427,0.2713637659116832,0.021523067105421255
9.125,0.36,1.2758456283434634,0.0019950103852767664,0.2687518038550682,0.022290441343975703
9.25,0.36,1.2771747763214691,0.00197108919377963,0.26615364084659443,0.023066819695959154
9.375,0.36,1.2784795983483381,0.0019475226082169108,0.26356898612242163,0.023851907548669584
9.5,0.36,1.2797606487595605,0.0019243029772893078,0.2609975589414784,0.024645414814571623
9.625,0.36,1.2810184691442266,0.0019014229707347969,0.25843908811106436,0.025447056163402048
9.75,0.36,1.2822535885523811,0.0018788755560262041,0.2558933115411577,0.026256551223385785
9.875,0.36,1.2834665237031648,0.0018566539770156142,0.25335997582531644,0.027073624753471016
10.0,0.36,1.2846577791936775,0.001834751734359643,0.2508388358462441,0.02789800678840646
10.125,0.36,1.2858278477084673,0.0018131625675695414,0.24832965440422758,0.028729432758406136
10.25,0.36,1.2869772102295474,0.001791880438549614,0.24583220186683244,0.029567643585076294
10.375,0.36,1.2881063362468061,0.0017708995164953546,0.24334625583832983,0.030412385755216324
10.5,0.36,1.2892156839686961,0.0017502141640341044,0.2408716008474841,0.03126341137404793
10.625,0.36,1.2903057005330605,0.0017298189245032616,0.2384080280524367,0.032120478199375545
10.75,0.36,1.291376822217952,0.0017097085102665778,0.2359553349615109,0.032983349658133494
10.875,0.36,1.2924294746523086,0.0016898777919819928,0.23351332516889087,0.03385179484673235
11.0,0.36,1.2934640730263136,0.0016703217887425246,0.23108180810417198,0.03472558851657523
11.125,0.36,1.29448102230131,0.001651035659016474,0.22866059879489056,0.035604511046075524
11.25,0.36,1.2954807174190852,0.0016320146923234288,0.22624951764121104,0.03648834840046868
11.375,0.36,1.2964635435103955,0.0016132543015889345,0.22384839020199634,0.037376892080670035
11.5,0.36,1.2974298761025351,0.001594750016126375,0.221457046991571,0.03826993906239079
11.625,0.36,1.298380081325825,0.0015764974751982757,0.21907532328651608,0.03916729172668043
11.75,0.36,1.2993145161188324,0.001558492422116813,0.21670305894190825,0.040068757783017765
11.875,0.36,1.3002335284321787,0.00154073069884659,0.21434009821644143,0.0409741501860247
12.0,0.36,1.3011374574307673,0.0015232082410716317,0.2119862896059067,0.041883287046823196
12.125,0.36,1.3020266336942856,0.0015059210736982688,0.2096414856845661,0.04279599154000139
12.25,0.36,1.3029013794158277,0.0014888653067620951,0.2073055429539607,0.04371209180709537
12.375,0.36,1.3037620085984796,0.0014720371317107257,0.20497832169874156,0.04463142085743061
12.5,0.36,1.3046088272497434,0.001455432818037391,0.20265968584911595,0.04555381646710372
12.625,0.36,1.3054421335736492,0.0014390487102370478,0.2003495028495588,0.04647912107681777
12.75,0.36,1.3062622181604326,0.0014228812250624947,0.19804764353343904,0.047407181689216635
12.875,0.36,1.3070693641736426,0.0014069268490544812,0.1957539820032277,0.048337849766295425
13.0,0.36,1.3078638475345854,0.0013911821363240436,0.19346839551598607,0.049270981127395454
13.125,0.36,1.3086459371039783,0.0013756437065631931,0.19119076437384597,0.05020643584822273
13.25,0.36,1.3094158948607197,0.0013603082432621818,0.1889209718192157,0.05114407816126393
13.375,0.36,1.3101739760776845,0.0013451724921121151,0.18665890393444629,0.05208377635790706
13.5,0.36,1.3109204294944683,0.0013302332595706771,0.18440444954572557,0.05302540269251202
13.625,0.36,1.3116554974869956,0.0013154874115734417,0.18215750013096949,0.053968833288616826
13.75,0.36,1.312379416233932,0.0013009318723687375,0.17991794973150352,0.05491394804740877
13.875,0.36,1.313092415879852,0.0012865636234587936,0.1776856948673273,0.0558606305585377
14.0,0.36,1.313794720695095,0.0012723797026291178,0.17546063445577706,0.056808768013300905
14.125,0.36,1.314486549232294,0.0012583772030501858,0.1732426697334248,0.05775825112018569
14.25,0.36,1.3151681144795204,0.0012445532724349475,0.17103170418103403,0.05870897402271745
14.375,0.36,1.3158396240100403,0.0012309051122376138,0.1688276434514238,0.05966083421952816
14.5,0.36,1.3165012801286515,0.0012174299768812733,0.16663039530011003,0.06061373248653166
14.625,0.36,1.3171532800146035,0.0012041251730020004,0.16443986951857356,0.061567572801070274
14.75,0.36,1.3177958158610905,0.001190988058698166,0.16225597787004942,0.06252226226787891
14.875,0.36,1.3184290750113314,0.0011780160427756524,0.16007863402772204,0.06347771104670175
15.0,0.36,1.3190532400912336,0.0011652065839827899,0.1579077535152,0.06443383228138769
15.125,0.36,1.3196684891386843,0.0011525571902267922,0.1557432536491989,0.06539054203029061
15.25,0.36,1.3202749957294746,0.001140065417767129,0.15358505348432053,0.06634775919779944
15.375,0.36,1.3208729290998944,0.0011277288703829833,0.151433073759853,0.06730540546683177
15.5,0.36,1.321462454266041,0.0011155451985110432,0.14928723684850947,0.0682634052321323
15.625,0.36,1.3220437321398828,0.0011035120983551598,0.1471474667070225,0.06922168553423182
15.75,0.36,1.3226169196421285,0.001091627310965404,0.14501368882853713,0.07018017599393588
15.875,0.36,1.3231821698119492,0.0010798886212900105,0.14288583019672216,0.07113880874723283
16.0,0.36,1.3237396319136256,0.0010682938572009679,0.14076381924154435,0.0720975183805269
16.125,0.36,1.3242894515401706,0.0010568408884973864,0.138647585796642,0.07305624186612586
16.25,0.36,1.3248317707140065,0.0010455276258903277,0.13653706105824218,0.07401491849793121
16.375,0.36,1.3253667279847499,0.0010343520199731547,0.1344321775455596,0.07497348982730291
16.5,0.36,1.3258944585242007,0.0010233120601825351,0.13233286906263153,0.07593189959908976
16.625,0.36,1.3264150942185848,0.0010124057737549816,0.13023907066153242,0.07689009368783843
16.75,0.36,1.3269287637581435,0.0010016312246845052,0.12815071860691654,0.07784802003421439
16.875,0.36,1.327435592724141,0.0009909865126867532,0.12606775034183745,0.07880562858168465
17.0,0.36,1.3279357036733708,0.0009804697721745466,0.12399010445481064,0.07976287121353076
17.125,0.36,1.3284292162202338,0.0009700791712487731,0.12191772064804787,0.08071970169027465
17.25,0.36,1.3289162471164768,0.0009598129107116168,0.11985053970683528,0.08167607558761344
17.375,0.36,1.3293969103286487,0.0009496692231052549,0.11778850347001282,0.0826319502349691
17.5,0.36,1.3298713171133731,0.0009396463717800636,0.11573155480149103,0.083587284654769
17.625,0.36,1.3303395760905004,0.0009297426499956102,0.11367963756278274,0.08454203950257792
17.75,0.36,1.3308017933142038,0.0009199563800574277,0.11163269658649687,0.08549617700820605
17.875,0.36,1.3312580723421077,0.000910285912493277,0.10959067765075689,0.08644966091792022
18.0,0.36,1.331708514302501,0.0009007296252691701,0.10755352745450711,0.08740245643788241
18.125,0.36,1.332153217959705,0.0008912859230475711,0.10552119359365875,0.08835453017893795
18.25,0.36,1.3325922797776635,0.0008819532364875148,0.10349362453805484,0.08930585010286979
18.375,0.36,1.3330257939818027,0.0008727300215889127,0.10147076960919052,0.09025638547022719
18.5,0.36,1.333453852619235,0.0008636147590792017,0.09945257895869555,0.09120610678982913
18.625,0.36,1.3338765456173347,0.0008546059538394129,0.09743900354749596,0.09215498577003103
18.75,0.36,1.3342939608407647,0.0008457021343769071,0.09542999512568867,0.0931029952718311
18.875,0.36,1.3347061841469745,0.0008369018523299513,0.09342550621299267,0.09405010926388
19.0,0.36,1.3351132994402406,0.000828203682017925,0.09142549007992372,0.09499630277944296
19.125,0.36,1.3355153887242526,0.0008196062200149538,0.08942990072938335,0.09594155187534723
19.25,0.36,1.335912532153355,0.0008111080847753458,0.08743869287909518,0.09688583359293622
19.375,0.36,1.3363048080823479,0.0008027079162579777,0.08545182194412093,0.09782912592103048
19.5,0.36,1.3366922931151104,0.000794404375626476,0.08346924402061531,0.09877140776088847
19.625,0.36,1.3370750621517002,0.0007861961448962986,0.08149091586894298,0.0997126588931332
19.75,0.36,1.3374531884345724,0.000778081926724315,0.07951679489905052,0.10065285994661614
19.875,0.36,1.337826743592968,0.000770060444024637,0.07754683915348845,0.10159199236914428
20.0,0.36,1.3381957976870382,0.0007621304399033642,0.07558100729530938,0.10253003840003448
20.125,0.36,1.338560419249311,0.0007542906771224266,0.07361925858937045,0.10346698104436708
20.25,0.36,1.3389206753273364,0.0007465399383376709,0.0716615528951499,0.10440280404892897
20.375,0.36,1.3392766315215154,0.0007388770251326981,0.06970785064240338,0.10533749187962334
20.5,0.36,1.3396283520276353,0.0007313007589715552,0.06775811283495788,0.10627102970043996
20.625,0.36,1.3399758996691367,0.0007238099791229474,0.06581230101099651,0.10720340335355794
20.75,0.36,1.3403193359428176,0.0007164035453762803,0.06387037727308092,0.10813459934097013
20.875,0.36,1.3406587210405772,0.0007090803331703022,0.0619323042088662,0.10906460480670868
21.0,0.36,1.3409941139063406,0.0007018392407138882,0.059998044985479934,0.10999340752082473
21.125,0.36,1.3413255722347728,0.0006946791771121472,0.05806756317031871,0.11092099586298199
21.25,0.36,1.3416531525593687,0.000687599080506975,0.05614082298509652,0.1118473588087493
21.375,0.36,1.3419769101968329,0.0006805978886830616,0.054217788876075534,0.1127724859133929
21.5,0.36,1.3422968994159095,0.0006736745847752173,0.052298426165786074,0.11369636730111249
21.625,0.36,1.3426131732492328,0.0006668281240190312,0.05038269999679506,0.11461899364682497
21.75,0.36,1.342925783866307,0.000660057548396661,0.04847057697513499,0.11554035617065322
21.875,0.36,1.3432347820577772,0.0006533618035132348,0.046562022549809276,0.11646044661284649
22.0,0.36,1.3435402181196292,0.0006467400256433802,0.04465700513009868,0.11737925723998067
22.125,0.36,1.343842140523949,0.0006401910828855313,0.042755489562398594,0.11829678080136707
22.25,0.36,1.3441405980773393,0.0006337142937179686,0.040857447417087384,0.11921301056373543
22.375,0.36,1.3444356365697978,0.0006273082740085123,0.038962840737621025,0.12012794021996125
22.5,0.36,1.3447273040972925,0.0006209727386559372,0.037071647700981765,0.12104156399477721
22.625,0.36,1.3450156426954654,0.0006147055894173203,0.03518382215601708,0.12195387643084826
22.75,0.36,1.3453007014760308,0.0006085074545787922,0.033299357523341795,0.12286487267337971
22.875,0.36,1.3455825158948913,0.0006023742572999698,0.03141818625497921,0.12377454793535207
23.0,0.36,1.3458611399716152,0.0005963087925093961,0.029540338476480413,0.12468289823978669
23.125,0.36,1.3461365955027043,0.0005903013615105104,0.02766569329089009,0.12558991901658711
23.25,0.36,1.346408949751152,0.0005843600927862497,0.025794370114028294,0.12649560705981078
23.375,0.36,1.346678194075035,0.000578458367291662,0.023926119629436235,0.12739995662866885
23.5,0.36,1.3469444237063593,0.0005726186765339749,0.022061275334566203,0.1283029648927757
23.625,0.36,1.3472075646874178,0.0005667588474632675,0.020199295544258897,0.12920462014044173
23.75,0.36,1.3474677472727905,0.0005609478278382049,0.018341000360220412,0.13010491867442797
23.875,0.36,1.3477247898130342,0.000554899706166806,0.016485267650362716,0.1310038245936471
24.0,0.36,1.3479787240061127,0.0005488752090866569,0.014633857815792408,0.13190133141863605
24.125,0.36,1.348229421845164,0.0005417434323824497,0.012784987737981106,0.1327973034440452
24.25,0.36,1.3484756984260229,0.0005347315766539009,0.010941202115032187,0.13369174354717442
24.375,0.36,1.3487194230222783,0.0005227232145278773,0.009103253761971776,0.13458406694487757
24.5,0.36,1.3489513057424103,0.0005124458758589438,0.0072669001053497885,0.1354744526593746
24.625,0.36,1.3491886266400943,0.0004770657734566651,0.005461475622303758,0.13635999505178925
24.75,0.36,1.3493755284785416,0.00045832234514484597,0.0036182987919096453,0.1372425020506432
24.875,0.36,1.349622289983609,0.00028619507302197594,0.0019544697072188064,0.13809931614530116
25.0,0.36,1.349622289983609,0.0,0.0,0.13809931614530116
0.0,0.38,1.0,0.0,0.5946252714541005,0.0
0.125,0.38,1.0091398787318833,0.009752180222210544,0.5946252714541005,1.8794851414503414e-10
0.25,0.38,1.0225917689564128,0.011426017334484413,0.576421093991931,1.9605529921519183e-09
0.375,0.38,1.035614214698439,0.01246346274032261,0.5674966337697244,1.1094480561263818e-08
0.5,0.38,1.0489828013756626,0.011126934027556379,0.5499375688863963,3.995671605833223e-08
0.625,0.38,1.0596905911671697,0.01000383567827354,0.5399088616349431,1.1180670387893251e-07
0.75,0.38,1.0696611767940192,0.008717588462579567,0.5277087516518054,2.6189270399174856e-07
0.875,0.38,1.0780193238379736,0.007759789587547431,0.5189977020392744,5.431928026469901e-07
1.0,0.38,1.085708494653844,0.006956646358845701,0.5100939059682046,1.0281234761473725e-06
1.125,0.38,1.092555037597589,0.0063575009558988205,0.5026816509352855,1.814613020855002e-06
1.25,0.38,1.0989353898895924,0.005876276036259976,0.4955030259609427,3.027937628576837e-06
1.375,0.38,1.1048452949355922,0.005500794015554519,0.48901528312498893,4.825548004186441e-06
1.5,0.38,1.110433673596946,0.005192065408800104,0.4827934727705383,7.398228912827894e-06
1.625,0.38,1.1157247906101129,0.004937851034528016,0.47694629649083314,1.0972926356730598e-05
1.75,0.38,1.120782663932755,0.004721005167148221,0.4713230321612312,1.5812703628610886e-05
1.875,0.38,1.1256298629131156,0.004534300786684103,0.4659394420116193,2.22173965231295e-05
2.0,0.38,1.1302978971718938,0.004369965273036469,0.46073604893790737,3.052216908614458e-05
2.125,0.38,1.1348036796362404,0.004223983355600718,0.4557064927326905,4.1096201955912443e-05
2.25,0.38,1.1391651791694062,0.004092553641056797,0.45082321709945256,5.4339947541700914e-05
2.375,0.38,1.143394669575097,0.003973356487999451,0.44607638114884857,7.068228414670936e-05
2.5,0.38,1.1475037313476182,0.0038643318198062653,0.4414506793371865,9.057678129522412e-05
2.625,0.38,1.1515013765672555,0.0037640456929865077,0.4369371892568371,0.00011449785116176112
2.75,0.38,1.1553957259372996,0.003671258436974483,0.4325259946660019,0.00014293643964077555
2.875,0.38,1.1591935394119048,0.0035850225837490562,0.4282097802209028,0.00017639570370906867
3.0,0.38,1.162900824972254,0.0035045241154911815,0.42398141452429716,0.00021538655192241977
3.125,0.38,1.1665227627923747,0.003429102307511813,0.4198350152051161,0.00026042330434752995
3.25,0.38,1.1700639548107283,0.0033581874927690013,0.415765119549001,0.000312019445859884
3.375,0.38,1.1735284490498283,0.003291299996513637,0.4117669763242127,0.000370683617042777
3.5,0.38,1.1769198593101744,0.003228023314928626,0.4078362385542145,0.0004369158481830699
3.625,0.38,1.1802414069928961,0.0031679987942983888,0.4039690238465773,0.0005112041124043395
3.75,0.38,1.1834959883536111,0.0031109126106734514,0.40016178622558646,0.0005940212052887665
3.875,0.38,1.1866862125553905,0.0030564906371303097,0.39641131160956283,0.0006858219842488062
4.0,0.38,1.189814444433293,0.0030044912913431065,0.39271465533521427,0.0007870409662744013
4.125,0.38,1.1928828348646934,0.0029547014799315673,0.3890691230483718,0.0008980902902545945
4.25,0.38,1.195893350189742,0.0029069322275767076,0.385472234971518,0.0010193580323393388
4.375,0.38,1.198847795475226,0.0028610156467556653,0.3819217064826483,0.0011512068638807088
4.5,0.38,1.201747835663808,0.002816802044839569,0.3784154248953952,0.001293973032517677
4.625,0.38,1.2045950131525378,0.0027741576862933487,0.37495143308515533,0.0014479656464754444
4.75,0.38,1.2073907633426915,0.002732962769007779,0.3715279130707261,0.001613466237966594
4.875,0.38,1.2101364278597153,0.002693109763391772,0.36814317292033083,0.0017907285813204743
5.0,0.38,1.2128332661070211,0.0026545019424445244,0.36479563453383423,0.001979978740029042
5.125,0.38,1.2154824651848535,0.002617052135589073,0.3614838233064519,0.0021814153173302002
5.25,0.38,1.218085148508392,0.002580681633037221,0.3582063587485056,0.0023952098851124583
5.375,0.38,1.220642383233339,0.002545319239811133,0.3549619463122924,0.0026215075669952597
5.5,0.38,1.2231551866857728,0.0025109004443015577,0.35174937003972967,0.0028604277525062175
5.625,0.38,1.2256245319064172,0.0024773666926328985,0.3485674860526174,0.0031120649207695156
5.75,0.38,1.2280513524398509,0.0024446647496446116,0.34541521670066305,0.003376489553639762
5.875,0.38,1.2304365464618539,0.002412746137415737,0.34229154532849837,0.0036537491199043442
6.0,0.38,1.232780980337911,0.0023815666395176657,0.33919551155903277,0.003943869113853478
6.125,0.38,1.2350854916870004,0.0023510858633784123,0.33612620704568585,0.004246854133218587
6.25,0.38,1.2373508920193717,0.0023212668527933964,0.33308277162879785,0.004562688983122052
6.375,0.38,1.2395779690058073,0.0022920757445818703,0.33006438985434156,0.004891339794270553
6.5,0.38,1.2417674884298138,0.002263481463693982,0.3270702878104671,0.0052327551451215384
6.625,0.38,1.2439201958667014,0.0022354554521400076,0.3240997302481254,0.005586867179157677
6.75,0.38,1.246036818128243,0.0022079714275453385,0.3211520179535612,0.005953592709701556
6.875,0.38,1.2481180645061702,0.0021810051677842853,0.3182264853462903,0.006332834305893821
7.0,0.38,1.250164627843538,0.0021545343185501117,0.3153224982785161,0.006724481354538181
7.125,0.38,1.2521771854589225,0.0021285382211582364,0.31243945201551987,0.007128411093490321
7.25,0.38,1.2541563999450933,0.002102997758202413,0.3095767693787076,0.007544489613136314
7.375,0.38,1.256102919860767,0.0020778952150044155,0.30673389903545045,0.007972572823275318
7.5,0.38,1.2580173803314603,0.00205321415504446,0.3039103139215558,0.008412507383396033
7.625,0.38,1.259900403573173,0.0020289393077896436,0.30110550978397865,0.008864131594922569
7.75,0.38,1.2617525993506618,0.0020050564675326613,0.2983190038327073,0.0093272762545098
7.875,0.38,1.2635745653803687,0.0019815524020194227,0.2955503334920389,0.00980176546789704
8.0,0.38,1.2653668876865465,0.001958414769790859,0.2927990552425089,0.010287417424189283
8.125,0.38,1.2671301409178812,0.0019356320452899025,0.2900647435456608,0.010784045130734003
8.25,0.38,1.2688648886307858,0.0019131934508999466,0.2873469898446626,0.01129145710900522
8.375,0.38,1.2705716835446177,0.001891088895176736,0.28464540163447105,0.011809458052102652
8.5,0.38,1.272251067773264,0.0018693089166226399,0.2819596015958706,0.012337849444627583
8.625,0.38,1.2739035730368349,0.0018478446324330458,0.2792892267882471,0.012876430145816476
8.75,0.38,1.2755297208566745,0.001826687691706827,0.2766339278964372,0.013424996936902299
8.875,0.38,1.2771300227363585,0.0018058302326797958,0.2739933685274212,0.01398334503373846
9.0,0.38,1.2787049803309913,0.0017852648435895365,0.27136722455298107,0.014551268565765694
9.125,0.38,1.2802550856067236,0.0017649845268286873,0.26875518349481803,0.015128561022431668
9.25,0.38,1.2817808209921477,0.0017449826660822976,0.2661569439488758,0.015715015668190828
9.375,0.38,1.283282659522998,0.0017252529961825783,0.2635722150459179,0.016310425927220512
9.5,0.38,1.284761064981331,0.0017057895754414951,0.26100071594563434,0.016914585738991187
9.625,0.38,1.2862164920302368,0.0016865867602493822,0.25844217536179354,0.01752728988582576
9.75,0.38,1.287649386344943,0.001667639181748565,0.25589633111613086,0.01814833429357702
9.875,0.38,1.2890601847410712,0.0016489417244072357,0.2533629297188683,0.018777516306544086
10.0,0.38,1.2904493153006769,0.0016304895063403522,0.2508417259739281,0.019414634937739886
10.125,0.38,1.291817197496609,0.0016122778612297469,0.2483324826070507,0.020059491095612423
10.25,0.38,1.2931642423156378,0.0015943023217135398,0.2458349699151884,0.02071188778831287
10.375,0.38,1.2944908523807432,0.001576558604126393,0.24334896543566367,0.02137163030659551
10.5,0.38,1.2957974220728403,0.0015590425944768823,0.24087425363370585,0.02203852638642549
10.625,0.38,1.2970843376522199,0.0015417503355622387,0.238410625607104,0.02271238635236299
10.75,0.38,1.298351977379888,0.0015246780151266734,0.23595787880680164,0.023393023242784684
10.875,0.38,1.299600711638944,0.0015078219549803523,0.2335158167723823,0.024080252917996484
11.0,0.38,1.3008309030561256,0.001491178601002617,0.23108424888144086,0.02477389415228317
11.125,0.38,1.3020429066235828,0.0014747445139599174,0.2286629901119503,0.025473768710932404
11.25,0.38,1.3032370698209257,0.0014585163610763654,0.2262518608167975,0.026179701413260856
11.375,0.38,1.304413732737565,0.0014424909083017654,0.22385068650971507,0.026891520182657915
11.5,0.38,1.305573228195344,0.0014266650132275641,0.22145929766191574,0.027609056084649
11.625,0.38,1.3067158818714346,0.0014110356186043617,0.21907752950876963,0.028332143353962745
11.75,0.38,1.307842012421447,0.0013955997464204493,0.21670522186593427,0.029060619411566433
11.875,0.38,1.3089519316027267,0.0013803544925068934,0.2143422189543727,0.02979432487260956
12.0,0.38,1.3100459443977392,0.0013652970216305417,0.2119883692337409,0.030533103546188017
12.125,0.38,1.311124349137498,0.0013504245630459614,0.20964352524367305,0.03127680242780864
12.25,0.38,1.3121874376249336,0.0013357344064771795,0.20730754345250896,0.03202527168539921
12.375,0.38,1.313235495258126,0.0013212238984986822,0.20498028411304756,0.03277836463966842
12.5,0.38,1.3142688011532957,0.0013068904392898252,0.20266161112492204,0.03353593773957789
12.625,0.38,1.3152876282674872,0.001292731479736745,0.20035139190324602,0.03429785053364222
12.75,0.38,1.3162922435208022,0.0012787445188562512,0.19804949725317578,0.035063965637724015
12.875,0.38,1.3172829079181239,0.0012649271015153386,0.19575580125006098,0.03583414869994015
13.0,0.38,1.3182598766702054,0.0012512768164243185,0.19347018112487815,0.03660826836324324
13.125,0.38,1.3192233993140405,0.0012377912943792278,0.19119251715465788,0.037386196226188155
13.25,0.38,1.320173719832405,0.0012244682067292273,0.18892269255764374,0.0381678068023401
13.375,0.38,1.3211110767724878,0.0012113052640479983,0.1866605933929129,0.03895297747872639
13.5,0.38,1.3220357033634937,0.0011983002149862552,0.18440610846422792,0.039741588473680964
13.625,0.38,1.3229478276331497,0.0011854508452850826,0.18215912922788624,0.040533522794378635
13.75,0.38,1.3238476725230108,0.0011727549769280448,0.17991954970436624,0.0413286661943053
13.875,0.38,1.324735456002488,0.0011602104674146311,0.1776872663935549,0.04212690713086291
14.0,0.38,1.3256113911815,0.001147815209134373,0.17546217819337795,0.04292813672326109
14.125,0.38,1.3264756864216878,0.0011355671288238215,0.1732441863216676,0.04373224871080594
14.25,0.38,1.3273285454461103,0.001123464187091785,0.17103319424108962,0.044539139411656235
14.375,0.38,1.3281701674473418,0.0011115043779953704,0.16882910758697933,0.04534870768208204
14.5,0.38,1.3290007471939105,0.00109968572865182,0.16663183409795812,0.046160854876229104
14.625,0.38,1.3298204751350224,0.0010880062988754466,0.16444128354917611,0.04697548480636414
14.75,0.38,1.3306295375034982,0.0010764641808257602,0.16225736768807977,0.047792503703553424
14.875,0.38,1.3314281164168826,0.0010650574986565526,0.16008000017258608,0.04861182017870783
15.0,0.38,1.3322163899766728,0.0010537844081585704,0.1579090965115366,0.04943334518391171
15.125,0.38,1.3329945323656345,0.0010426430963860578,0.15574457400736086,0.05025699197394385
15.25,0.38,1.3337627139431525,0.0010316317812628718,0.15358635170083865,0.05108267606789123
15.375,0.38,1.3345211013386091,0.0010207487111625981,0.1514343503178827,0.05191031521075355
15.5,0.38,1.335269857542747,0.0010099921644586528,0.14928849221826096,0.05273982933493842
15.625,0.38,1.336009141997013,0.0009993604490449058,0.14714870134617603,0.05357114052154993
15.75,0.38,1.3367391106808655,0.0009888519018228573,0.14501490318264318,0.05440417296138217
15.875,0.38,1.337459916197048,0.0009784648881581144,0.14288702469958753,0.05523885291553801
16.0,0.38,1.3381717078548223,0.0009681978013064855,0.14076499431560424,0.05607510867560552
16.125,0.38,1.3388746317511795,0.0009580490618121549,0.13864874185331993,0.05691287052333937
16.25,0.38,1.3395688308500264,0.0009480171168813453,0.1365381984982963,0.05775207068980848
16.375,0.38,1.3402544450593894,0.0009381004397341292,0.13443329675941768,0.05859264331398825
16.5,0.38,1.3409316113066412,0.0009282975289402681,0.1323339704307127,0.05943452440079226
16.625,0.38,1.341600463611787,0.000918606907742404,0.13024015455455956,0.06027765177855541
16.75,0.38,1.3422611331588383,0.0009090271233710848,0.12815178538621472,0.06112196505599727
16.875,0.38,1.3429137483653242,0.0008995567463579578,0.12606880035962426,0.061967405578710825
17.0,0.38,1.3435584349499616,0.0008901943698509044,0.12399113805447369,0.06281391638523735
17.125,0.38,1.3441953159985467,0.0008809386089348448,0.12191873816441418,0.0636614421628026
17.25,0.38,1.344824512028099,0.0008717880999659744,0.11985154146642858,0.0645099292028028
17.375,0.38,1.3454461410493133,0.0008627414999208871,0.11778948979130287,0.06535932535614038
17.5,0.38,1.3460603186273634,0.0008537974857655053,0.11573252599513324,0.0662095799885194
17.625,0.38,1.3466671579411171,0.0008449547538477658,0.11368059393184796,0.06706064393581881
17.75,0.38,1.3472667698407976,0.0008362120193163567,0.11163363842669337,0.06791246945966727
17.875,0.38,1.3478592629041493,0.0008275680155690776,0.10959160525064404,0.06876501020334848
18.0,0.38,1.3484447434911657,0.000819021493732269,0.10755444109570059,0.06961822114816676
18.125,0.38,1.3490233157974176,0.0008105712221735744,0.10552209355102747,0.0704720585704034
18.25,0.38,1.3495950819060243,0.0008022159860484214,0.10349451107991182,0.07132647999899198
18.375,0.38,1.3501601418383307,0.000793954586881465,0.10147164299747574,0.0721814441740375
18.5,0.38,1.3507185936033295,0.0007857858421836751,0.09945343944915201,0.07303691100629763
18.625,0.38,1.351270533245854,0.0007777085851017952,0.09743985138984042,0.07389284153773716
18.75,0.38,1.3518160548936142,0.0007697216641057304,0.09543083056377413,0.07474919790325867
18.875,0.38,1.3523552508030758,0.0007618239427034564,0.09342632948496765,0.07560594329370052
19.0,0.38,1.352888211404268,0.0007540142991932671,0.09142630141838311,0.07646304192018312
19.125,0.38,1.3534150253444859,0.0007462916264360051,0.08943070036151812,0.07732045897987117
19.25,0.38,1.3539357795310143,0.0007386548316707007,0.08743948102683179,0.07817816062320727
19.375,0.38,1.354450559172762,0.0007311028363289629,0.08545259882426284,0.07903611392265636
19.5,0.38,1.354959447821053,0.0007236345759130953,0.08347000984497022,0.07989428684299092
19.625,0.38,1.3554625274092447,0.0007162489998280964,0.0814916708444614,0.08075264821312471
19.75,0.38,1.355959878291774,0.0007089450713345784,0.07951753922793656,0.08161116769950258
19.875,0.38,1.3564515792817189,0.0007017217673523802,0.07754757303334481,0.08246981578101718
20.0,0.38,1.3569377076883844,0.0006945780785347965,0.07558173091921742,0.08332856372544802
20.125,0.38,1.3574183393525716,0.0006875130089394419,0.07361997214606561,0.08418738356734506
20.25,0.38,1.3578935486832648,0.0006805255763579606,0.07166225656903724,0.08504624808736322
20.375,0.38,1.3583634086898986,0.0006736148116174867,0.06970854461381808,0.08590513079289393
20.5,0.38,1.3588279910194365,0.000666779759514242,0.06775879728003258,0.0867640059000645
20.625,0.38,1.3592873659837335,0.000660019477164609,0.06581297610214046,0.08762284831679873
20.75,0.38,1.359741602600162,0.0006533330364367064,0.06387104317848567,0.08848163362720846
20.875,0.38,1.3601907686092192,0.0006467195199132689,0.06193296109354746,0.08934033807665598
21.0,0.38,1.3606349305264593,0.0006401780270710245,0.059998693009882136,0.09019893855828805
21.125,0.38,1.361074153638205,0.0006337076642688888,0.0580682024927717,0.09105741259951314
21.25,0.38,1.361508502084065,0.000627307560310071,0.05614145375817549,0.09191573835058428
21.375,0.38,1.3619380388003735,0.0006209768414932269,0.05421841125261074,0.09277389457158638
21.5,0.38,1.362362825681273,0.0006147146706549804,0.05229904028961226,0.093631860623431
21.625,0.38,1.362782923394094,0.0006085201848382799,0.0503833060176707,0.09448961645369575
21.75,0.38,1.3631983917384445,0.0006023925930640953,0.04847117502546403,0.09534714259157032
21.875,0.38,1.3636092891445744,0.0005963310203461206,0.04656261278190844,0.09620442012899459
22.0,0.38,1.3640156735276183,0.0005903347523371652,0.04465758765782882,0.09706143072403776
22.125,0.38,1.3644176009983218,0.0005844028443126774,0.042756064554561234,0.09791815656893409
22.25,0.38,1.3648151279504765,0.000578534733432329,0.040858014951183304,0.09877458041370465
22.375,0.38,1.3652083078140727,0.0005727292559197055,0.038963401034667056,0.09963068550018285
22.5,0.38,1.3655971962024565,0.0005669861820387295,0.037072200758577895,0.10048645563601763
22.625,0.38,1.365981842811699,0.0005613037329516541,0.03518436834186397,0.10134187504100949
22.75,0.38,1.366362304113716,0.0005556824485314622,0.03329989664998516,0.10219692854811127
22.875,0.38,1.3667386233000525,0.000550118847411369,0.03141871909579048,0.10305160121996228
23.0,0.38,1.3671108613574938,0.0005446152926381937,0.029540864403983076,0.10390587887520013
23.125,0.38,1.3674790480247385,0.0005391634566089989,0.02766621423186486,0.10475974708132946
23.25,0.38,1.3678432564321152,0.0005337701762119507,0.025794884356139924,0.10561319254626976
23.375,0.38,1.3682034864003447,0.0005284124935548446,0.02392663257765671,0.10646620031164875
23.5,0.38,1.3685598356005537,0.0005231092649970917,0.022061782347868635,0.10731875763634682
23.625,0.38,1.3689122399810512,0.0005177893322171767,0.02019981347818355,0.10817084546941555
23.75,0.38,1.3692608203173129,0.0005125105186225117,0.018341515056568142,0.10902245055916367
23.875,0.38,1.3696054103255437,0.0005070242834063019,0.016485838094514926,0.1098735361999818
24.0,0.38,1.3699459855136993,0.0005015505882588507,0.014634430324527482,0.11072408670303757
24.125,0.38,1.3702824621232417,0.000495102099781423,0.012785796749612725,0.11157399121388616
24.25,0.38,1.3706133877589763,0.0004887241323632725,0.010941993574527232,0.11242323854855155
24.375,0.38,1.3709408607662812,0.0004779184210721424,0.009105094965176442,0.11327138060574969
24.5,0.38,1.371254170442276,0.00046848913534054416,0.007268387259913466,0.11411852623315714
24.625,0.38,1.371572209981673,0.00043652697865212116,0.005468264438804417,0.11496245731383234
24.75,0.38,1.371829722276933,0.0004188852496038863,0.0036215403785654714,0.11580447137944058
24.875,0.38,1.3721518864781386,0.0002606754078016039,0.001990252751405698,0.11662612234042077
25.0,0.38,1.3721518864781386,0.0,0.0,0.11662612234042077
0.0,0.4,1.0,0.0,0.593211914310206,0.0
0.125,0.4,1.0085413875618194,0.00796152490094794,0.593211914310206,4.421928837094852e-11
0.25,0.4,1.0213470850111745,0.009413544868184966,0.5761878510513181,4.838930779485512e-10
0.375,0.4,1.0341184896788893,0.010323436848245481,0.5673578684801102,2.8739226076641393e-09
0.5,0.4,1.0473049566736063,0.009247135027630629,0.5501590802266887,1.0868299933395258e-08
0.625,0.4,1.0579900075977067,0.00833028730585167,0.5400964750574879,3.181104424547752e-08
0.75,0.4,1.0679505398104006,0.007265571671808852,0.5279215164464581,7.766971503604672e-08
0.875,0.4,1.076322876508788,0.006469006481850636,0.5191581163302507,1.6733470456592327e-07
1.0,0.4,1.0840191611011945,0.005799082647584277,0.5102293305208658,3.280068777077082e-07
1.125,0.4,1.0908710031146427,0.005298550584446976,0.5027840204338874,5.979742695057229e-07
1.25,0.4,1.0972505500671847,0.004896409392658533,0.4955860790737207,1.0283136143067485e-06
1.375,0.4,1.1031566503399457,0.004582614718928018,0.489080938823299,1.6855874300144194e-06
1.5,0.4,1.1087383217394886,0.004324737411650921,0.48284803992498826,2.653479761013787e-06
1.625,0.4,1.1140213866643358,0.0041124914698386725,0.476991763467749,4.034965368145119e-06
1.75,0.4,1.1190703392863046,0.0039315599017817815,0.47136220519840477,5.953515104466803e-06
1.875,0.4,1.1239085159185682,0.003775863578474361,0.4659735097003412,8.554445653355574e-06
2.0,0.4,1.1285678002092787,0.0036389038490540543,0.4607662953461631,1.2005434856196212e-05
2.125,0.4,1.1330655363969857,0.0035173098151182122,0.4557335838066914,1.64969213727754e-05
2.25,0.4,1.1374199840526553,0.0034079040486016884,0.45084778548132,2.2241813284366043e-05
2.375,0.4,1.1416437176588223,0.003308744272965134,0.4460988139223,2.9474954348104313e-05
2.5,0.4,1.1457485677619843,0.0032181103705097754,0.44147132122367855,3.8452049543450347e-05
2.625,0.4,1.14974379573589,0.003134804408100778,0.4369562806160157,4.9448329024797796e-05
2.75,0.4,1.1536377508915143,0.00305779237095447,0.4325437437577102,6.275682285075167e-05
2.875,0.4,1.1574374168153547,0.002986283813810412,0.42822634641678425,7.868642497768123e-05
3.0,0.4,1.161149012694995,0.0029196000402383145,0.4239969350131063,9.755971292207556e-05
3.125,0.4,1.164777921729631,0.0028571899435989472,0.4198496014884547,0.00011971064205898831
3.25,0.4,1.1683289373257888,0.002798578286575024,0.4157788679524226,0.00014548212550925433
3.375,0.4,1.171806288011191,0.002743364575482237,0.41177996810357853,0.0001752235813097251
3.5,0.4,1.1752137553131943,0.0026912007623028098,0.40784854443666285,0.00020928847339567479
3.625,0.4,1.1785547152255758,0.002641786741221542,0.4039807048972356,0.00024803190242382106
3.75,0.4,1.1818322044437675,0.002594859531482959,0.4001728960534449,0.0002918082733010428
3.875,0.4,1.1850489580270511,0.0025501889943488278,0.3964218972205184,0.0003409690762183496
4.0,0.4,1.1882074516826266,0.0025075719034709657,0.3927247583421244,0.0003958608015797006
4.125,0.4,1.1913099319891725,0.0024668285834952212,0.38907878034860954,0.000456823010624278
4.25,0.4,1.194358445751123,0.0024277992985782125,0.38548147948356576,0.000524186573631653
4.375,0.4,1.1973548634068807,0.002390341753492027,0.3819305676518147,0.0005982720858497665
4.5,0.4,1.2003009004341543,0.0023543287127512484,0.37842392917806117,0.0006793884649874437
4.625,0.4,1.203198135327103,0.002319646163018504,0.37495960432016495,0.0007678317316677496
4.75,0.4,1.2060480256410315,0.0022861916538806466,0.3715357728149227,0.0008638839701867566
4.875,0.4,1.2088519218017661,0.0022538729385771883,0.36815074072172466,0.0009678124648053824
5.0,0.4,1.2116110793164638,0.0022226067723272605,0.3648029281725012,0.0010798690042921385
5.125,0.4,1.2143266694062622,0.0021923178947498923,0.3614908589971999,0.0012002893459816285
5.25,0.4,1.2169997883765642,0.0021629381356333354,0.35821315131819137,0.0013292928292192887
5.375,0.4,1.219631465821433,0.002134405643080245,0.3549685093518609,0.0014670821272938415
5.5,0.4,1.2222226718455866,0.0021066642049221225,0.3517557160371754,0.001613843126375118
5.625,0.4,1.2247743234041546,0.0020796626561259304,0.34857362650837015,0.001769744919778455
5.75,0.4,1.2272872898811733,0.002053354356351544,0.3454211622287766,0.0019349399058621254
5.875,0.4,1.2297623979925278,0.002027696730198574,0.3422973057452043,0.0021095639780883916
6.0,0.4,1.232200436099771,0.0020026508604575844,0.339201095960725,0.002293736796137265
6.125,0.4,1.2346021580039195,0.00197818112815725,0.33613162387761797,0.002487562127458786
6.25,0.4,1.2369682862837323,0.0019542548929279016,0.3330880287458628,0.0026911282492268233
6.375,0.4,1.239299515232952,0.001930842208832047,0.33006949457492296,0.002904508401303148
6.5,0.4,1.2415965134456917,0.0019079155710663837,0.3270752469643129,0.0031277612815009243
6.625,0.4,1.24385992609249,0.0018854496898187102,0.32410455021898993,0.003360931575138499
6.75,0.4,1.2460903769248926,0.0018634212879216374,0.32115670471730184,0.0036040505115771805
6.875,0.4,1.2482884700415873,0.001841808919474122,0.3182310445049705,0.003857136441130287
7.0,0.4,1.2504547914453106,0.0018205928069313928,0.31532693509102455,0.004120195426403265
7.125,0.4,1.2525899104161096,0.0017997546945227052,0.3124437714251136,0.004393221842769402
7.25,0.4,1.254694380723528,0.0017792777161136965,0.30958097603785945,0.004676198983296141
7.375,0.4,1.2567687416974547,0.0017591462758887073,0.30673799732830714,0.004969099664009547
7.5,0.4,1.2588135191750662,0.001739345940426021,0.30391430798428754,0.005271886825915941
7.625,0.4,1.260829226339074,0.0017198633409210365,0.3011094035232565,0.005584514130688968
7.75,0.4,1.2628163644606676,0.001700686084463048,0.2983228009425161,0.005906926547376614
7.875,0.4,1.2647754235588833,0.001681802673405445,0.295554037469004,0.006239060927886407
8.0,0.4,1.2667068829866652,0.0016632024319808809,0.29280266939989585,0.006580846569369245
8.125,0.4,1.2686112119526038,0.001644875439410181,0.2900682710261839,0.00693220576194498
8.25,0.4,1.2704888699862464,0.0016268124688423578,0.28735043363222135,0.0072930543204980216
8.375,0.4,1.2723403073538537,0.0016090049315378616,0.28464876456492183,0.007663302099521838
8.5,0.4,1.2741659654306308,0.0015914448257729852,0.2819628863669238,0.008042853490209922
8.625,0.4,1.2759662770347338,0.001574124690005671,0.27929243596857256,0.008431607899181017
8.75,0.4,1.2777416667276742,0.0015570375598919523,0.27663706393404824,0.008829460208391251
8.875,0.4,1.2794925510851762,0.001540176928792701,0.2739964337574055,0.009236301215927951
9.0,0.4,1.2812193389420823,0.0015235367114507057,0.2713702212046302,0.009652018057503051
9.125,0.4,1.2829224316144299,0.0015071112105558382,0.26875811369820957,0.010076494608570241
9.25,0.4,1.2846022231014982,0.001490895085944994,0.2661598097409574,0.010509611867081733
9.375,0.4,1.2862591002702568,0.0014748833262155567,0.2635750183761264,0.01095124831698075
9.5,0.4,1.2878934430244149,0.001459071222552525,0.2610034586810988,0.0114012802725951
9.625,0.4,1.2895056244599643,0.0014434543445893309,0.2584448592921476,0.011859582204158782
9.75,0.4,1.2910960110089575,0.0014280285181424593,0.2558989579579694,0.012326027044742
9.875,0.4,1.2926649625730062,0.0014127898046701088,0.2533655011198805,0.01280048647891836
10.0,0.4,1.2942128326478617,0.0013977344823245708,0.25084424351672746,0.013282831213540703
10.125,0.4,1.2957399684402662,0.0013828590284711065,0.24833494781272977,0.013772931231035767
10.25,0.4,1.2972467109781152,0.0013681601035617998,0.24583738424662335,0.014270656025663278
10.375,0.4,1.2987333952148674,0.0013536345362607086,0.24335133030058276,0.014775874823217405
10.5,0.4,1.300200350129019,0.0013392793097223312,0.24087657038754803,0.01528845678467803
10.625,0.4,1.301647898819359,0.0013250915489355496,0.2384128955556799,0.015808271194347072
10.75,0.4,1.3030763585966234,0.0013110685090512023,0.23596010320877495,0.016335187633030514
10.875,0.4,1.3044860410721126,0.0012972075646196979,0.23351799684158742,0.016869076136850188
11.0,0.4,1.3058772522437223,0.0012835061996714077,0.2310863857890489,0.017409807342290747
11.125,0.4,1.3072502925798277,0.001269961998577649,0.22866508498849486,0.017957252618106566
11.25,0.4,1.3086054571013548,0.001256572637638358,0.22625391475407367,0.01851128418472973
11.375,0.4,1.3099430354623631,0.0012433358773452023,0.22385270056256046,0.019071775221834814
11.5,0.4,1.3112633120293742,0.0012302495552768242,0.22146127284988218,0.019638599964726444
11.625,0.4,1.3125665659597152,0.001217311579584454,0.21907946681769483,0.020211633790223955
11.75,0.4,1.3138530712790268,0.001204519923030412,0.2167071222494227,0.020790753292720975
11.875,0.4,1.3151230969581187,0.001191872617548535,0.21434408333518767,0.02137583635109812
12.0,0.4,1.31637690698931,0.0011793677492913488,0.21199019850511894,0.021966762187163147
12.125,0.4,1.3176147604623587,0.0011670034541370273,0.2096453202705643,0.022563411416284474
12.25,0.4,1.3188369116400769,0.0011547779136291433,0.20730930507274792,0.02316566609087228
12.375,0.4,1.320043610033709,0.001142689351320463,0.20498201313846087,0.02377340973734449
12.5,0.4,1.3212351004781242,0.0011307360294959437,0.20266330834237506,0.02438652738719514
12.625,0.4,1.322411623206878,0.0011189162462518455,0.20035305807563505,0.025004905602758348
12.75,0.4,1.3235734139271567,0.00110722833290533,0.19805113312036696,0.02562843249823388
12.875,0.4,1.3247207038946391,0.0010956706517094466,0.19575740752978057,0.02625699775650982
13.0,0.4,1.3258537199882672,0.0010842415938525742,0.19347175851355672,0.026890492642284887
13.125,0.4,1.3269726847849412,0.0010729395777176335,0.19119406632823172,0.027528810011957568
13.25,0.4,1.3280778166341036,0.0010617630473795212,0.18892421417231603,0.02817184432071246
13.375,0.4,1.3291693297322102,0.0010507104713171904,0.18666208808587748,0.028819491627195642
13.5,0.4,1.3302474341970565,0.0010397803413209406,0.18440757685435658,0.029471649596132042
13.625,0.4,1.3313123361419121,0.001028971171572382,0.1821605719163835,0.03012821749919835
13.75,0.4,1.3323642377494427,0.0010182814978761268,0.1799209672753935,0.03078909621442548
13.875,0.4,1.3334033373453533,0.0010077098770265355,0.17768865941482487,0.03145418822436607
14.0,0.4,1.3344298294717163,0.0009972548862876513,0.17546354721672122,0.03212339761322483
14.125,0.4,1.3354439049599207,0.0009869151229689266,0.1732455318835754,0.032796630063112835
14.25,0.4,1.3364457510031857,0.0009766892040822673,0.1710345168632315,0.03347379284955295
14.375,0.4,1.33743555122858,0.0009665757660620558,0.16883040777669878,0.034154794836330625
14.5,0.4,1.3384134857684802,0.0009565734645339851,0.16663311234874736,0.03483954646975484
14.625,0.4,1.339379731331401,0.0009466809741197961,0.1644425403411311,0.03552795977236673
14.75,0.4,1.3403344612721435,0.0009368969882650912,0.16225860348833726,0.03621994833610916
14.875,0.4,1.3412778456611822,0.0009272202190791,0.16008121543574358,0.036915427314949956
15.0,0.4,1.342210051353233,0.0009176493971777622,0.15791029168005571,0.0376143134169334
15.125,0.4,1.3431312420549468,0.0009081832715199544,0.15574574951195586,0.038316524895620714
15.25,0.4,1.3440415783916555,0.0008988206092323817,0.15358750796084994,0.03902198154086906
15.375,0.4,1.344941217973124,0.00088956019541585,0.15143548774163781,0.03973060466889108
15.5,0.4,1.345830315458256,0.000880400832928588,0.14928961120342193,0.04044231711153265
15.625,0.4,1.3467090226186953,0.0008713413421460005,0.14714980228007496,0.04115704320470538
15.75,0.4,1.3475774884012894,0.0008623805606912081,0.14501598644260547,0.0418747087759112
15.875,0.4,1.3484358589893817,0.0008535173431395232,0.14288809065324407,0.042595241130801494
16.0,0.4,1.3492842778628755,0.0008447505606950233,0.14076604332119413,0.04331856903871904
16.125,0.4,1.3501228858570786,0.0008360791008412913,0.13864977425998035,0.04404462271717971
16.25,0.4,1.3509518212202791,0.0008275018669682712,0.136539214646344,0.04477333381526121
16.375,0.4,1.3517712196700489,0.000819017777976739,0.13443429698062093,0.045504635395877985
16.5,0.4,1.3525812144482707,0.0008106257678665677,0.13233495504855328,0.04623846191693367
16.625,0.4,1.353381936374884,0.0008023247853100156,0.13024112388448492,0.04697474921135656
16.75,0.4,1.3541735139003384,0.0007941137932140999,0.12815273973588315,0.047713434466037194
16.875,0.4,1.3549560731567856,0.0007859917682772709,0.1260697400291387,0.0484544561997014
17.0,0.4,1.3557297380080187,0.0007779577005445632,0.12399206333660988,0.0491977542397658
17.125,0.4,1.3564946300981524,0.000770010592963309,0.12191964934483852,0.04994326969823696
17.25,0.4,1.3572508688990996,0.0007621494609466419,0.1198524388239089,0.05069094494672729
17.375,0.4,1.3579985717568557,0.0007543733319469218,0.1177903735979115,0.05144072359067345
17.5,0.4,1.3587378539366106,0.000746681245042128,0.11573339651644245,0.0521925504428533
17.625,0.4,1.3594688286667387,0.0007390722505397595,0.11368145142711789,0.052946371496307085
17.75,0.4,1.3601916071816884,0.0007315454096011783,0.11163448314905255,0.0537021338967767
17.875,0.4,1.3609062987638072,0.000724099793887873,0.10959243744726445,0.05445978591478278
18.0,0.4,1.3616130107841484,0.0007167344852316668,0.10755526100796507,0.05521927691746473
18.125,0.4,1.362311848742284,0.0007094485753332054,0.1055229014146907,0.055980557340311224
18.25,0.4,1.3630029163051742,0.0007022411654865149,0.10349530712525587,0.05674357865891058
18.375,0.4,1.3636863153451166,0.0006951113663317299,0.10147242744945924,0.057508293360848894
18.5,0.4,1.3643621459768376,0.0006880582976378858,0.09945421252755494,0.05827465491788274
18.625,0.4,1.3650305065937196,0.0006810810881123681,0.09744061330940228,0.059042617758508394
18.75,0.4,1.3656914939032498,0.000674178875241367,0.09543158153432725,0.05981213724104441
18.875,0.4,1.3663452029616774,0.0006673508051535543,0.09342706971156696,0.060583169627337334
19.0,0.4,1.366991727207951,0.000660596032514981,0.09142703110142954,0.06135567205719207
19.125,0.4,1.3676311584969183,0.0006539137204409647,0.08943141969688025,0.06212960252361827
19.25,0.4,1.3682635871318902,0.0006473030404437966,0.08744019020596043,0.06290491984897545
19.375,0.4,1.368889101896465,0.0006407631723798028,0.08545329803430567,0.06368158366208457
19.5,0.4,1.3695077900858599,0.0006342933044496962,0.08347069926887613,0.06445955437636733
19.625,0.4,1.3701197375373986,0.0006278926331600117,0.08149235066109371,0.06523879316905377
19.75,0.4,1.370725028660766,0.0006215603633851805,0.07951820961216242,0.06601926196149834
19.875,0.4,1.3713237464671166,0.0006152957083053786,0.07754823415615533,0.06680092340061289
20.0,0.4,1.37191597259851,0.0006090978895682963,0.0755823829477916,0.0675837408414404
20.125,0.4,1.3725017873553913,0.0006029661371157735,0.07362061524391467,0.06836767833083926
20.25,0.4,1.3730812697257373,0.0005968996895558768,0.07166289089601582,0.0691527005922983
20.375,0.4,1.3736544974101876,0.0005908977936811261,0.06970917032634118,0.0699387730117943
20.5,0.4,1.3742215468521468,0.0005849597053387809,0.06775941453095922,0.07072586162474666
20.625,0.4,1.3747824932586854,0.0005790846881585982,0.06581358504117915,0.07151393310386935
20.75,0.4,1.3753374106346272,0.000573272015661628,0.06387164395177038,0.07230295474810085
20.875,0.4,1.375886371794484,0.0005675209680045356,0.06193355384452075,0.07309289447216522
21.0,0.4,1.3764294484080541,0.0005618308371907811,0.059999277878104995,0.07388372079729565
21.125,0.4,1.376966710991527,0.0005562009188570369,0.05806877961601363,0.07467540284208177
21.25,0.4,1.3774982289833229,0.0005506305252581615,0.05614202326931014,0.07546791031488093
21.375,0.4,1.378024070684768,0.0005451189646642601,0.05421897328473576,0.07626121350528724
21.5,0.4,1.378544303412826,0.0005396655738048046,0.05229959496816339,0.07705528327840995
21.625,0.4,1.3790589933165354,0.0005342696662646939,0.05038385347313717,0.07785009106576793
21.75,0.4,1.379568205722805,0.0005289306136053914,0.04847171537354674,0.07864560886239043
21.875,0.4,1.3800720046446622,0.0005236477161012472,0.04656314615529142,0.0794418092146441
22.0,0.4,1.380570453609086,0.0005184204055984068,0.04465811415642349,0.08023866522308543
22.125,0.4,1.3810636143990427,0.0005132479213475493,0.042756584325152336,0.08103615052143376
22.25,0.4,1.3815515490807782,0.0005081298175600276,0.04085852806275775,0.08183423929305275
22.375,0.4,1.3820343168414184,0.0005030651484059498,0.038963907678715465,0.08263290622678741
22.5,0.4,1.3825119789898468,0.0004980537403640404,0.037072700936248884,0.08343212656734676
22.625,0.4,1.3829845910737395,0.0004930941325102049,0.03518486237044049,0.08423187601142541
22.75,0.4,1.383452215205076,0.00048818678260247067,0.033300384373878125,0.08503213084370947
22.875,0.4,1.3839149005601599,0.000483328805949411,0.03141920118094891,0.08583286767634715
23.0,0.4,1.384372713507348,0.0004785221547145815,0.029541340323302166,0.08663406380474625
23.125,0.4,1.3848256900034017,0.00047375988603491333,0.027666685645419305,0.08743569652092237
23.25,0.4,1.385273907700451,0.0004690476095257836,0.025795349824174318,0.0882377440553135
23.375,0.4,1.38571737311652,0.00046436610019618335,0.023927096767930707,0.08904018365577943
23.5,0.4,1.386156185602408,0.00045973077398688917,0.022062241362516388,0.08984299422375305
23.625,0.4,1.3865902890256043,0.0004550818236394119,0.020200281920432835,0.09064615044874114
23.75,0.4,1.387019795727205,0.0004504665248895674,0.018341981022212375,0.0914496310710725
23.875,0.4,1.3874445519031646,0.0004456752785661973,0.016486352865958797,0.09225339863642382
24.0,0.4,1.3878644844443457,0.00044088885707768103,0.014634948496768704,0.093057430062853
24.125,0.4,1.3882795465211164,0.0004352714793496057,0.012786522988009886,0.09386163567679252
24.25,0.4,1.3886880528281988,0.0004296894737681339,0.010942711020223353,0.09466599424264709
24.375,0.4,1.3890922975569682,0.00042031179958101195,0.00910674165540005,0.09547017586689656
24.5,0.4,1.3894803132373204,0.0004120030967137375,0.007269750167463252,0.0962742378098339
24.625,0.4,1.3898724088214816,0.0003841682217244301,0.00547437732269269,0.09707657231181437
24.75,0.4,1.39019484867563,0.00036831813104033,0.003624587845623248,0.09787806145152649
24.875,0.4,1.3905863173471562,0.0002285885667128632,0.002023021460877951,0.09866417313594887
25.0,0.4,1.3905863173471562,0.0,0.0,0.09866417313594887
0.0,0.42,1.0,0.0,0.5920768722900649,0.0
0.125,0.42,1.008066761102868,0.006262884702153121,0.5920768722900649,1.0186857961745782e-11
0.25,0.42,1.0203577685731364,0.007460748426693026,0.5759889968148618,1.1623026701198143e-10
0.375,0.42,1.0329236099252441,0.008217543264114984,0.5672380479135026,7.212670968251484e-10
0.5,0.42,1.0459601247514552,0.007380932438878783,0.5503348120425281,2.859252943000954e-09
0.625,0.42,1.056625394959799,0.00665999569133603,0.5402470973230109,8.747558654117878e-09
0.75,0.42,1.0665772312549944,0.005813015405181675,0.5280943453667917,2.226065823976685e-08
0.875,0.42,1.0749612929245802,0.005176887424606768,0.5192889498073372,4.982427015177465e-08
1.0,0.42,1.0826637461816384,0.004640569317597699,0.5103400585902405,1.0117206053321566e-07
1.125,0.42,1.0895203435907397,0.004239343468581426,0.5028678246413337,1.9056778455744432e-07
1.25,0.42,1.0958995891093457,0.003916894616070891,0.4956540829270788,3.378312653060109e-07
1.375,0.42,1.1018028047375548,0.0036652627610892574,0.4891346966089765,5.697308330942917e-07
1.5,0.42,1.1073790364977845,0.003458547818343938,0.4828926984319176,9.211410448999018e-07
1.625,0.42,1.112655336854392,0.0032884660149557756,0.477028960423738,1.4364114282538815e-06
1.75,0.42,1.1176965463549118,0.0031435450429728768,0.47139423814066567,2.1704732163514616e-06
1.875,0.42,1.1225265826822841,0.0030188845569176937,0.4660013584215328,3.1899988452605227e-06
2.0,0.42,1.1271775882972292,0.0029092712674551927,0.4607910125216733,4.574280635520593e-06
2.125,0.42,1.1316672115432094,0.002811991958992003,0.45575571756873834,6.416034103834043e-06
2.25,0.42,1.1360139014754893,0.002724498188420846,0.45086785450981565,8.821914184377982e-06
2.375,0.42,1.1402304312209242,0.0026452300018242093,0.4461171362006162,1.1912873647409066e-05
2.5,0.42,1.1443287910005742,0.0025728091067845696,0.44148817923370454,1.582424508573496e-05
2.625,0.42,1.1483184044572228,0.0025062753510200994,0.43697187147887284,2.070562970548953e-05
2.75,0.42,1.1522077704478886,0.0024448011471272964,0.4325582380246356,2.672053844514851e-05
2.875,0.42,1.1560040228552133,0.002387753909942362,0.42823987463804514,3.404584366684904e-05
3.0,0.42,1.1597135264194443,0.00233459089242892,0.42400960948159666,4.2871027138891906e-05
3.125,0.42,1.1633418089889116,0.002284871392429281,0.4198615134784154,5.339726951544673e-05
3.25,0.42,1.1668938052249997,0.002238215453755078,0.4157900962848151,6.58363895258206e-05
3.375,0.42,1.170373882103565,0.002194302796332325,0.4117905792693784,8.040967047083583e-05
3.5,0.42,1.1737859553020151,0.0021528549980462724,0.4078585963004974,9.734659267372764e-05
3.625,0.42,1.1771335302438555,0.002113631833283656,0.4039902474186588,0.00011688350363894297
3.75,0.42,1.1804197672788173,0.0020764226281514155,0.4001819730875125,0.0001392622473642838
3.875,0.42,1.1836475187167101,0.0020410428188512688,0.39643054721960014,0.0001647287789257012
4.0,0.42,1.186819370346002,0.0020073292178003272,0.392733015344242,0.00019353178414611999
4.125,0.42,1.1899376711118035,0.001975137327637878,0.38908667453288487,0.00022592132470626447
4.25,0.42,1.1930045619546796,0.001944338464772824,0.3854890377721051,0.0002621475246447872
4.375,0.42,1.1960219988512302,0.0019148177714169376,0.3819378141236838,0.00030245931292075434
4.5,0.42,1.1989917739318292,0.0018864723257059582,0.37843088546509024,0.00034710323333193204
4.625,0.42,1.2019155332851041,0.0018592096860092278,0.37496628991079356,0.00039632233119602693
4.75,0.42,1.204794792916366,0.0018329465790759992,0.37154220532853033,0.00045035512353074335
4.875,0.42,1.2076309525629136,0.0018076078276895297,0.36815693613209544,0.0005094346575813019
5.0,0.42,1.2104253079870735,0.0017831254043419956,0.36480890100484786,0.0005737876604645152
5.125,0.42,1.2131790617631293,0.0017594376314652726,0.3614966224939879,0.000643633781094493
5.25,0.42,1.2158933328624246,0.0017364884796784955,0.35821871758422674,0.0007191849240080166
5.375,0.42,1.2185691651258581,0.001714226962992508,0.35497388947874264,0.0008006446734903864
5.5,0.42,1.2212075347978482,0.0016926066076752531,0.35176092021215255,0.0008882078053300806
5.625,0.42,1.2238093572143836,0.0016715849888473589,0.34857866410884536,0.0009820598827045741
5.75,0.42,1.226375492758283,0.0016511233221355808,0.34542604190520587,0.0010823769320313654
5.875,0.42,1.2289067521605936,0.0016311861043941354,0.3423020354936807,0.0011893251941367774
6.0,0.42,1.231403901228166,0.0016117407957714177,0.33920568318691274,0.001303060945751779
6.125,0.42,1.2338676650608809,0.001592757538181394,0.3361360754531071,0.0014237303861388253
6.25,0.42,1.2362987318180008,0.001574208905044803,0.3330923510580393,0.0015514695835559264
6.375,0.42,1.2386977560837185,0.001556069678468732,0.33007369357118116,0.0016864044762637275
6.5,0.42,1.241065361877299,0.001538316650252153,0.3270793281913683,0.0018286509228570582
6.625,0.42,1.243402145347077,0.0015209284438044716,0.32410851885791897,0.001978314796842249
6.75,0.42,1.2457086771834411,0.0015038853543592082,0.32116056561484907,0.002135492120570282
6.875,0.42,1.2479855047815995,0.0014871692052865976,0.31823480220159406,0.0023002692338626777
7.0,0.42,1.2502331541815097,0.0014707632185730242,0.3153305938460753,0.002472722992921006
7.125,0.42,1.2524521318091524,0.0014546518978204215,0.31244733523950163,0.002652920995383291
7.25,0.42,1.2546429260406473,0.0014388209223245723,0.30958444867449947,0.0028409218276734863
7.375,0.42,1.2568060086082165,0.0014232570509947107,0.30674138233060655,0.003036775331077081
7.5,0.42,1.258941835864917,0.0014079480350285738,0.3039176086929014,0.003240522883261298
7.625,0.42,1.261050849923157,0.0013928825384037693,0.30111262309130266,0.00345219769223755
7.75,0.42,1.2631334796803426,0.0013780500653584925,0.2983259423494202,0.0036718251000335002
7.875,0.42,1.2651901417435196,0.0013634408941396088,0.29555710353312314,0.00389942289359904
8.0,0.42,1.2672212412635655,0.001349046016381007,0.2928056627900477,0.004135001620713151
8.125,0.42,1.2692271726883357,0.0013348570815457919,0.2900711942721942,0.00437856490888533
8.25,0.42,1.2712083204431133,0.0013208663459360838,0.28735328913458963,0.004630109785455552
8.375,0.42,1.273165059545819,0.0013070666258280465,0.2846515546036886,0.004889626997290505
8.5,0.42,1.2750977561636134,0.0012934512543377765,0.2819656131098172,0.005157101328651202
8.625,0.42,1.2770067681168122,0.0012800140416700093,0.27929510147850145,0.0054325119159689865
8.75,0.42,1.2788924453354051,0.0012667492384411596,0.276639670176002,0.005715832558414344
8.875,0.42,1.2807551302728992,0.0012536515018004804,0.273998982604808,0.006007032023276547
9.0,0.42,1.2825951582817336,0.001240715864107577,0.27137271444520433,0.00630607434529387
9.125,0.42,1.2844128579540461,0.001227937703950297,0.26876055303938595,0.006612919119184483
9.25,0.42,1.2862085514312298,0.001215312719308207,0.26616219681486797,0.006927521784728693
9.375,0.42,1.2879825546853445,0.0012028369026931642,0.26357735474422267,0.007249833903845099
9.5,0.42,1.289735177775158,0.001190506518112219,0.26100574583841535,0.0075798034291872105
9.625,0.42,1.2914667250793348,0.0011783180797142227,0.25844709867125176,0.007917374963864368
9.75,0.42,1.2931774955090323,0.0011662683319955947,0.2559011509326124,0.00826249001196195
9.875,0.42,1.2948677827019586,0.0011543542314494605,0.2533676490083796,0.008615087219601924
10.0,0.42,1.2965378751997536,0.0011425729295542301,0.25084634758510094,0.008975102606345903
10.125,0.42,1.2981880566103756,0.001130921757004209,0.24833700927760521,0.009342469786800188
10.25,0.42,1.2998186057570134,0.001119398209092589,0.24583940427793233,0.009717120182335977
10.375,0.42,1.3014297968148891,0.0011079999321650148,0.24335331002406832,0.010098983222888254
10.5,0.42,1.303021899437214,0.0010967247110644585,0.2408785108870941,0.010487986538844554
10.625,0.42,1.304595178871402,0.0010855704574994434,0.2384147978754785,0.010884056143079938
10.75,0.42,1.3061498960665587,0.0010745351992673753,0.23596196835534486,0.011287116603237331
10.875,0.42,1.3076863077731593,0.0010636170702748758,0.2335198257856582,0.011697091204392645
11.0,0.42,1.309204666635728,0.0010528143013003432,0.23108817946731836,0.012113902102282696
11.125,0.42,1.3107052212792727,0.0010421252114476052,0.2286668443052731,0.012537470467309703
11.25,0.42,1.3121882163901388,0.001031548200246701,0.2262556405828194,0.012967716619569867
11.375,0.42,1.3136538927918897,0.0010210817403614565,0.22385439374732247,0.013404560155184613
11.5,0.42,1.3151024875167578,0.0010107243708658694,0.2214629342066494,0.013847920064241256
11.625,0.42,1.3165342338731707,0.0010004746910547686,0.21908109713566506,0.014297714840675121
11.75,0.42,1.3179493615097946,0.0009903313547607285,0.21670872229219507,0.01475386258444723
11.875,0.42,1.3193480964765205,0.0009802930651477278,0.21434565384188276,0.015216281096389934
12.0,0.42,1.320730661282747,0.0009703585699536536,0.21199174019143574,0.01568488796610795
12.125,0.42,1.322097274953316,0.0009605266571590341,0.20964683382977503,0.016159600653333047
12.25,0.42,1.3234481530824056,0.0009507961510581067,0.20731079117663712,0.016640336563137986
12.375,0.42,1.324783507885658,0.0009411659087083491,0.20498347243821063,0.017127013115418307
12.5,0.42,1.3261035482508032,0.0009316348167365038,0.2026647414694028,0.01761954780904995
12.625,0.42,1.327408479786999,0.0009222017884809038,0.2003544656423848,0.018117858281126463
12.75,0.42,1.3286985048731021,0.0009128657614481353,0.19805251572105725,0.018621862361671376
12.875,0.42,1.3299738227050522,0.0009036256950611465,0.1957587657411138,0.0191314781242098
13.0,0.42,1.3312346293425212,0.0008944805686796999,0.19347309289539003,0.01964662393256916
13.125,0.42,1.3324811177549964,0.0008854293798730369,0.19119537742421275,0.02016721848426139
13.25,0.42,1.3337134778673834,0.0008764711429239883,0.18892550251048587,0.020693180850779088
13.375,0.42,1.334931896605269,0.0008676048875421063,0.18666335417924454,0.021224430515116337
13.5,0.42,1.336136557939907,0.000858829657770457,0.18440882120143948,0.021760887406800846
13.625,0.42,1.3373276429330088,0.0008501445110643342,0.18216179500172805,0.02230247193469926
13.75,0.42,1.3385053297813945,0.0008415485175221034,0.17992216957006524,0.022849105017830877
13.875,0.42,1.3396697938615347,0.000833040759254521,0.17768984137687655,0.023400708114398493
14.0,0.42,1.3408212077740223,0.0008246203298702473,0.17546470929163993,0.02395720324921778
14.125,0.42,1.341959741387974,0.0008162863340632591,0.17324667450470824,0.02451851303969962
14.25,0.42,1.3430855618853765,0.000808037887287796,0.17103564045219258,0.02508456072051353
14.375,0.42,1.3441988338053517,0.0007998741155032535,0.16883151274375835,0.025655270167034384
14.5,0.42,1.3452997190883358,0.0007917941549768294,0.1666341990932043,0.02623056591765028
14.625,0.42,1.346388377120139,0.0007837971521304541,0.16444360925166934,0.026810373194986685
14.75,0.42,1.347464964775847,0.0007758822634203839,0.1622596549433682,0.027394617926080368
14.875,0.42,1.348529636463525,0.0007680486552393195,0.1600822498037354,0.02798322676151811
15.0,0.42,1.3495825441676774,0.0007602955038305477,0.15791130931984879,0.028576127093537615
15.125,0.42,1.3506238374924173,0.0007526219952065392,0.1557467507730675,0.02917324707307418
15.25,0.42,1.3516536637042764,0.0007450273250657361,0.1535884931837665,0.029774515625724456
15.375,0.42,1.3526721677746296,0.0007375106986998204,0.15143645725809732,0.03037986246658911
15.5,0.42,1.3536794924216458,0.0007300713308886165,0.1492905653366866,0.030989218113949668
15.625,0.42,1.354675778151739,0.000722708445778972,0.1471507413451936,0.031602513901730446
15.75,0.42,1.3556611633004543,0.0007154212767429664,0.14501691074666714,0.03221968199069466
15.875,0.42,1.3566357840727388,0.0007082090662176057,0.14288900049562298,0.03284065537832464
16.0,0.42,1.3575997745825663,0.0007010710655231786,0.14076693899378598,0.03346536790733861
16.125,0.42,1.3585532668918516,0.0006940065346610734,0.13865065604743174,0.03409375427280155
16.25,0.42,1.359496391048644,0.0006870147420928066,0.13654008282627195,0.03472575002779429
16.375,0.42,1.3604292751245446,0.00068009496450035,0.1344351518238269,0.03536129158761302
16.5,0.42,1.361352045251345,0.0006732464865323746,0.13233579681922897,0.03600031623248161
16.625,0.42,1.362264825656853,0.0006664686005385834,0.1302419528404114,0.03664276210876886
16.75,0.42,1.3631677386998944,0.0006597606062935236,0.12815355612862186,0.037288568228715346
16.875,0.42,1.3640609049044836,0.0006531218107136809,0.12607054410421795,0.03793767446868557
17.0,0.42,1.3649444429931712,0.0006465515275732789,0.12399285533370197,0.03859002156597494
17.125,0.42,1.3658184699195524,0.0006400490772194292,0.1219204294979332,0.03924555111421161
17.25,0.42,1.3666831008999574,0.0006336137862907867,0.11985320736147895,0.039904205557407466
17.375,0.42,1.3675384494443417,0.0006272449874445192,0.1177911307430725,0.04056592818272302
17.5,0.42,1.3683846273863727,0.0006209420190920947,0.11573414248710656,0.041230663112023
17.625,0.42,1.3692217449127695,0.0006147042251484222,0.1136821864361423,0.041898355292309154
17.75,0.42,1.3700499105918695,0.0006085309547966188,0.11163520740438278,0.042568950485126794
17.875,0.42,1.3708692314015123,0.0006024215622694632,0.10959315115207074,0.04324239525504956
18.0,0.42,1.371679812756209,0.0005963754066511499,0.10755596436077507,0.0439186369573536
18.125,0.42,1.3724817585336726,0.00059039185169955,0.10552359460951652,0.04459762372499839
18.25,0.42,1.3732751711007236,0.0005844702656907513,0.10349599035171657,0.04527930445503474
18.375,0.42,1.3740601513385975,0.0005786100212858405,0.1014731008928984,0.04596362879456381
18.5,0.42,1.3748367986677192,0.0005728104954218308,0.09945487636915448,0.04665054712637107
18.625,0.42,1.375605211071929,0.0005670710692250831,0.09744126772629186,0.04734001055435918
18.75,0.42,1.3763654851222402,0.0005613911279487521,0.09543222669968836,0.048031970888900925
18.875,0.42,1.3771177160001267,0.000555770060930644,0.0934277057947358,0.04872638063223014
19.0,0.42,1.3778619975203963,0.000550207261575564,0.09142765826799408,0.04942319296398326
19.125,0.42,1.3785984221536443,0.0005447021273524492,0.08943203810877572,0.05012236172699717
19.25,0.42,1.3793270810483762,0.0005392540598207386,0.08744080002155916,0.05082384141346299
19.375,0.42,1.3800480640526989,0.0005338624646559337,0.08545389940850813,0.05152758715152399
19.5,0.42,1.380761459735836,0.0005285267517191053,0.08347129235319198,0.05223355469239977
19.625,0.42,1.3814673554091021,0.0005232463350954785,0.08149293560373151,0.05294170039810393
19.75,0.42,1.3821658371469372,0.0005180206332134195,0.0795187865580998,0.05365198122981797
19.875,0.42,1.3828569898071261,0.0005128490688643949,0.07754880324723377,0.05436435473696245
20.0,0.42,1.3835408970516119,0.0005077310694015341,0.07558294432276537,0.055078779047010834
20.125,0.42,1.3842176413656948,0.000502666066671393,0.07362116903856694,0.05579521285605461
20.25,0.42,1.3848873040791343,0.0004976534973795015,0.07166343724316354,0.0565136154201558
20.375,0.42,1.3855499653836125,0.0004926928027754652,0.06970970935601165,0.0572339465474497
20.5,0.42,1.3862057043553255,0.0004877834294141191,0.06775994637029105,0.057956166591046535
20.625,0.42,1.3868545989688554,0.0004829248282099125,0.06581410981475246,0.058680236442617134
20.75,0.42,1.3874967261241982,0.0004781164561828253,0.06387216178125518,0.05940611752678079
20.875,0.42,1.3881321616523867,0.00047335777393015714,0.06193406484940173,0.06013377179601714
21.0,0.42,1.3887609803542937,0.0004686482498415294,0.05999978217469929,0.06086316172643113
21.125,0.42,1.3893832559863675,0.00046398735361885947,0.058069277319188047,0.0615942503137152
21.25,0.42,1.3899990613295075,0.0004593745666793925,0.05614251448992539,0.06232700107019811
21.375,0.42,1.3906084681259312,0.000454809365803921,0.05421945813385569,0.06306137802139916
21.5,0.42,1.3912115472237065,0.0004502912490349885,0.05230007355056731,0.06379734570441871
21.625,0.42,1.391808368392532,0.0004458196946263451,0.05038432589777821,0.0645348691642677
21.75,0.42,1.3923990006574547,0.0004413942257044669,0.04847218173722836,0.0652739139541216
21.875,0.42,1.392983511813644,0.00043701430735000173,0.0465636065688074,0.0660144461297734
22.0,0.42,1.3935619692316965,0.0004326795082068067,0.04465856870362663,0.06675643225349688
22.125,0.42,1.3941344386234777,0.00042838924228526666,0.042757033128493466,0.06749983938288394
22.25,0.42,1.3947009860199082,0.00042414317321769657,0.04085897118072282,0.06824463508316043
22.375,0.42,1.3952616746750333,0.0004199405649714351,0.03896434527069101,0.06899078740130271
22.5,0.42,1.3958165699483647,0.00041578129515187163,0.037073133005129356,0.06973826489943478
22.625,0.42,1.3963657315952709,0.0004116642137074662,0.035185289179639895,0.07048703659101394
22.75,0.42,1.3969092257962514,0.00040758969628182503,0.033300805798087946,0.07123707202771537
22.875,0.42,1.397447106102037,0.0004035554503151412,0.031419617772425586,0.07198834113617278
23.0,0.42,1.397979442798273,0.0003995630301255588,0.02954175165365964,0.07274081444268826
23.125,0.42,1.3985062764571545,0.0003956068835722135,0.027667093092389173,0.07349446263899778
23.25,0.42,1.3990276880020538,0.00039169144363192015,0.025795752217157464,0.07424925717583722
23.375,0.42,1.3995436889959545,0.00038780127298830244,0.02392749798894843,0.07500516904058996
23.5,0.42,1.4000543797834704,0.00038394850998622405,0.022062638245921223,0.075762170422922
23.625,0.42,1.4005597102916965,0.00038008497699910845,0.02020068664459457,0.07652023095878661
23.75,0.42,1.401059785564774,0.00037624789279354305,0.01834238391020999,0.07727932298359255
23.875,0.42,1.4015544615786337,0.00037226793451113164,0.0164867968121158,0.07803940847437266
24.0,0.42,1.4020436245835117,0.0003682880385050092,0.014635396401148991,0.07880045865254429
24.125,0.42,1.4025272576337795,0.00036363088441455644,0.01278714664544353,0.0795624013617017
24.25,0.42,1.40300348004694,0.000358986342147252,0.010943331830553746,0.08032520846115856
24.375,0.42,1.4034747481321077,0.0003512338910894164,0.0091081515296836,0.08108864866253715
24.5,0.42,1.403928026783412,0.0003442841842832124,0.007270939476739718,0.08185274235938685
24.625,0.42,1.404384822800763,0.00032120516112405,0.00547964057317474,0.08261640165555358
24.75,0.42,1.4047640845605356,0.000307752210220127,0.003627298452140366,0.08338017932713795
24.875,0.42,1.4052162115217026,0.00019060177371627582,0.002051618769001818,0.08413299554675788
25.0,0.42,1.4052162115217026,0.0,0.0,0.08413299554675788
0.0,0.44,1.0,0.0,0.5912071085018241,0.0
0.125,0.44,1.0077067448510497,0.004635984769173165,0.5912071085018241,2.297646028425334e-12
0.25,0.44,1.0196059042528487,0.005555001796229564,0.5758294450454083,2.716624833194026e-11
0.375,0.44,1.0320116469124503,0.006139083132213745,0.5671409957564592,1.7533996314043102e-10
0.5,0.44,1.0449308325428874,0.005525831659959688,0.550468055199252,7.274549679127923e-10
0.625,0.44,1.0555798677733295,0.004992465429029586,0.5403624408349325,2.3248259233170457e-09
0.75,0.44,1.065524561015367,0.004360064729857132,0.528227983515337,6.166575847371869e-09
0.875,0.44,1.0739177614632462,0.003883649964442464,0.51939045934073,1.4343224313749545e-08
1.0,0.44,1.081625216140254,0.0034812016686993283,0.5104261525532532,3.018359536568627e-08
1.125,0.44,1.0884857990831076,0.0031798197543993307,0.5029330573785404,5.876781041657174e-08
1.25,0.44,1.0948650987466086,0.0029375537809908986,0.4957070298035983,1.0744435307949105e-07
1.375,0.44,1.1007663224808757,0.002748480210163942,0.48917655444526476,1.8649763743193862e-07
1.5,0.44,1.1063385110505526,0.0025931994309027263,0.4829274602390162,3.098036005083673e-07
1.625,0.44,1.1116096514661757,0.0024654666842048203,0.47705790654970254,4.955902872820008e-07
1.75,0.44,1.116644832591298,0.0023566665318857823,0.4714191567182318,7.671629392379739e-07
1.875,0.44,1.1214684012918346,0.0022631019324576476,0.4660230163213366,1.15367434661268e-06
2.0,0.44,1.1261126771672236,0.002180854325645255,0.46081023008005145,1.6908311847727602e-06
2.125,0.44,1.1305955191391661,0.0021078790474569078,0.4557729233868651,2.4215856774888132e-06
2.25,0.44,1.1349354968736491,0.002042260863210348,0.4508834528734046,3.396735179915345e-06
2.375,0.44,1.1391455106039492,0.0019828261707282254,0.44613137538253694,4.675457416986628e-06
2.5,0.44,1.143237647481529,0.0019285399401225505,0.44150127933860045,6.325731856955123e-06
2.625,0.44,1.1472214306495967,0.0018786810182658564,0.4369839862067148,8.424663194447785e-06
2.75,0.44,1.1511054497195194,0.0018326285469636883,0.43256950019982415,1.1058679565757848e-05
2.875,0.44,1.1548969314935473,0.0017899080456128178,0.42825038595650483,1.432361696095832e-05
3.0,0.44,1.1586023319820107,0.0017501127053791902,0.42401945736129354,1.8324678770695418e-05
3.125,0.44,1.162227271994186,0.0017129122711881913,0.4198707689799793,2.3176281508540867e-05
3.25,0.44,1.165776779224655,0.001678022108669595,0.4157988207543463,2.900178680739315e-05
3.375,0.44,1.1692553144469469,0.0016452022992063384,0.41179882445829313,3.5933131834316036e-05
3.5,0.44,1.17266688691947,0.0016142442831592167,0.4078664072400487,4.411036515043242e-05
3.625,0.44,1.1760150952084467,0.0015849680745958362,0.4039976629892556,5.36811011987763e-05
3.75,0.44,1.179303191595558,0.0015572157776521031,0.40018902741716345,6.479990408428599e-05
3.875,0.44,1.1825341186107368,0.0015308489913518737,0.39643727023259934,7.762761406604787e-05
4.0,0.44,1.1857105498918634,0.0015057452599662176,0.3927394335291553,9.233062864292266e-05
4.125,0.44,1.188834919327659,0.0014817960557344549,0.38909281137547674,0.00010908015093462772
4.25,0.44,1.1919094493455893,0.0014589046247354424,0.38549491422316284,0.00012805141679568107
4.375,0.44,1.1949361734832777,0.0014369844986799377,0.38194344892125176,0.0001494229118552502
4.5,0.44,1.1979169570732795,0.0014159580829125463,0.3784362954421617,0.00017337558844903229
4.625,0.44,1.2008535146841008,0.0013957555703301059,0.3749714902316786,0.00020009209162622993
4.75,0.44,1.2037474257687222,0.001376313964365749,0.37154720970214045,0.00022975600220029538
4.875,0.44,1.2066001482335211,0.0013575762818499905,0.3681617569857431,0.0002625511038143144
5.0,0.44,1.2094130305411288,0.0013394908508347642,0.36481354963745305,0.00029866067983978
5.125,0.44,1.2121873223644135,0.0013220107183643242,0.3615011092050515,0.0003382668449127056
5.25,0.44,1.214924184090732,0.0013050931317781208,0.35822305178667985,0.000381549914880312
5.375,0.44,1.2176246952631469,0.0012886990925425048,0.35497807979576457,0.00042868781801398844
5.5,0.44,1.2202898621279596,0.0012727929650870932,0.3517649745618697,0.0004798555494765806
5.625,0.44,1.2229206243773252,0.0012573421360868864,0.3485825897778816,0.000535224670268776
5.75,0.44,1.225517861195486,0.0012423167146413598,0.3454298456132175,0.0005949628511922601
5.875,0.44,1.22808239668336,0.0012276892688020168,0.34230572344987265,0.0006592334617763695
6.0,0.44,1.2306150047372022,0.0012134345926311091,0.3392092611398454,0.0007281952036048351
6.125,0.44,1.2331164134407533,0.0011995295000650395,0.3361395487346025,0.0008020017870540042
6.25,0.44,1.235587309026458,0.0011859526417243402,0.33309572462205905,0.0008808016501029053
6.375,0.44,1.238028339452153,0.0011726843417982967,0.33007697202829944,0.0009647377175958624
6.5,0.44,1.2404401176352298,0.001159706452303179,0.3270825158394443,0.0010539471991212873
6.625,0.44,1.242823224380392,0.0011470022225452535,0.32411161970943714,0.001148561423510338
6.75,0.44,1.2451782110332912,0.0011345561818448292,0.321163583421368,0.0012487057078487955
6.875,0.44,1.2475056018882364,0.001122354033899033,0.31823774047564723,0.0013544992588287853
7.0,0.44,1.2498058963750838,0.001110382561361568,0.315333455880849,0.0014660551042373106
7.125,0.44,1.25207957104743,0.001098629539433849,0.31245012412654943,0.00158348005238046
7.25,0.44,1.2543270813918188,0.0010870836574159986,0.309587167319735,0.0017068746772698686
7.375,0.44,1.2565488634754574,0.0010757344473231866,0.30674403346876306,0.0018363333274468174
7.5,0.44,1.2587453354480411,0.0010645722187829654,0.30392019490064387,0.0019719441563845618
7.625,0.44,1.2609168989116064,0.0010535879995384751,0.30111514679913737,0.0021137891724869913
7.75,0.44,1.263063940170866,0.0010427734809689891,0.2983284058525357,0.0022619443067880625
7.875,0.44,1.265186831375168,0.0010321209681130091,0.29555950900127687,0.0024164794965483008
8.0,0.44,1.2672859315620748,0.0010216233337422861,0.29280801227659703,0.0025774587830395827
8.125,0.44,1.2693615876115323,0.0010112739760863216,0.2900734897223607,0.0027449404219050755
8.25,0.44,1.2714141351186936,0.001001066779856855,0.28735553239303147,0.002918977004576051
8.375,0.44,1.2734438991926347,0.0009909960802611346,0.28465374742145105,0.0030996155893199874
8.5,0.44,1.2754511951875145,0.0009810566297258532,0.2819677571507164,0.0032868978405839783
8.625,0.44,1.2774363293720536,0.0009712435670871913,0.27929719832499755,0.0034808601753835776
8.75,0.44,1.2793995995426566,0.0009615523890295436,0.27664172133460413,0.0036815339155694144
8.875,0.44,1.2813412955849897,0.0009519789235786241,0.27400098951105717,0.003888945444882192
9.0,0.44,1.2832616999883821,0.0009425193054789988,0.27137467846826585,0.004103116369781124
9.125,0.44,1.2851610883170181,0.0009331699533044192,0.26876247548628673,0.00432406368310164
9.25,0.44,1.2870397296415204,0.0009239275481627155,0.2661640789344111,0.004551799929665567
9.375,0.44,1.2888978869342234,0.0009147890138772912,0.26357919773059957,0.00478633337303126
9.5,0.44,1.2907358174311505,0.0009057514985366151,0.2610075508345484,0.005027668162632445
9.625,0.44,1.2925537729634484,0.0008968123573123241,0.2584488667718817,0.005275804500613489
9.75,0.44,1.2943520002608009,0.000887969136458747,0.2559028831871565,0.005530738807725044
9.875,0.44,1.2961307412291638,0.0008792195584114802,0.25336934642357695,0.005792463887698619
10.0,0.44,1.2978902332049242,0.000870561507911083,0.2508480111274629,0.006060969089570854
10.125,0.44,1.2996307091874604,0.0008619930190817146,0.24833863987568552,0.0063362404674792185
10.25,0.44,1.3013523980518964,0.0008535122634009955,0.24584100282443475,0.006618260937500057
10.375,0.44,1.3030555247437017,0.0008451175385018827,0.24335487737780026,0.006907010431147738
10.5,0.44,1.3047403104566546,0.0008368072577484098,0.24088004787478504,0.007202466045200438
10.625,0.44,1.3064069727955645,0.0008285799405370135,0.2384163052934673,0.007504602187563478
10.75,0.44,1.3080557259250258,0.0008204342032726683,0.23596344697115318,0.007813390718925683
10.875,0.44,1.3096867807053938,0.0008123687509777207,0.23352127633945496,0.008128801090007411
11.0,0.44,1.311300344817045,0.0008043823694937883,0.2310896026732868,0.008450800474241245
11.125,0.44,1.312896622873932,0.0007964739182366661,0.22866824085288628,0.008779353895767153
11.25,0.44,1.3144758165273542,0.0007886423234739679,0.22625701113803362,0.00911442435266355
11.375,0.44,1.3160381245607797,0.0007808865720952551,0.2238557389536936,0.009455972935373765
11.5,0.44,1.3175837429765154,0.0007732057058450826,0.2214642546863787,0.009803958940323394
11.625,0.44,1.3191128650749622,0.0007655988159942842,0.2190823934905798,0.010158339978758377
11.75,0.44,1.320625681527116,0.000758065038427695,0.21670999510467018,0.010519072080865284
11.875,0.44,1.3221223804409667,0.0007506035491266106,0.21434690367570527,0.010886109795264673
12.0,0.44,1.3236031474223804,0.0007432135600246949,0.21199296759261915,0.011259406283994732
12.125,0.44,1.3250681656310068,0.0007358943152193249,0.20964803932732545,0.011638913413125961
12.25,0.44,1.3265176158317453,0.0007286450875206026,0.20731197528327414,0.012024581839167846
12.375,0.44,1.3279516764422301,0.0007214651753196458,0.20498463565104877,0.012416361091445668
12.5,0.44,1.329370523576803,0.0007143538997580992,0.20266588427059262,0.012814199650638845
12.625,0.44,1.3307743310873665,0.0007073106021844443,0.2003555884997198,0.013218045023682987
12.75,0.44,1.3321632706015212,0.000700334641877407,0.1980536190885452,0.013627843815244333
12.875,0.44,1.3335375115583397,0.000693425394020131,0.19575985005951865,0.01404354179597917
13.0,0.44,1.3348972212420895,0.0006865822479093683,0.19347415859274408,0.014465083967791243
13.125,0.44,1.3362425648142173,0.0006798046053823197,0.19119642491630082,0.01489241462629777
13.25,0.44,1.3375737053438634,0.0006730918794451258,0.18892653220130343,0.015325477420709456
13.375,0.44,1.3388908038371485,0.0006664434930849265,0.18666436646143406,0.015764215411322
13.5,0.44,1.3401940192654362,0.0006598588782523492,0.18440981645670296,0.016208571124806743
13.625,0.44,1.341483508592795,0.0006533374749959991,0.1821627736012176,0.01665848660747548
13.75,0.44,1.3427594268027925,0.000646878730733721,0.1799231318747563,0.01711390347668126
13.875,0.44,1.3440219269247948,0.0006404820996488609,0.17769078773792157,0.017574762970501007
14.0,0.44,1.3452711600598721,0.0006341470421922737,0.17546564005070556,0.01804100599582953
14.125,0.44,1.346507275406433,0.0006278730246789389,0.1732475899942969,0.018512573174997524
14.25,0.44,1.3477304202856353,0.0006216595189672034,0.17103654099594792,0.018989404891007824
14.375,0.44,1.3489407401666826,0.0006155060022046759,0.16883239865675936,0.01947144133146678
14.5,0.44,1.350138378692003,0.000609411956631378,0.16663507068224478,0.019958622531269433
14.625,0.44,1.3513234777023744,0.0006033768694289105,0.1644444668155255,0.020450888414080298
14.75,0.44,1.3524961772619923,0.0005974002326047628,0.1622604987730568,0.020948178832634775
14.875,0.44,1.3536566156834882,0.0005914815429035041,0.16008308018275963,0.021450433607870915
15.0,0.44,1.3548049295528863,0.0005856203017357533,0.15791212652443584,0.021957592566887178
15.125,0.44,1.3559412537544833,0.0005798160151179019,0.1557475550723965,0.02246959557970897
15.25,0.44,1.357065721495618,0.0005740681936171191,0.15358928484018763,0.022986382594836346
15.375,0.44,1.3581784643313082,0.0005683763522951804,0.15143723652734387,0.02350789367353542
15.5,0.44,1.3592796121886934,0.0005627400106474162,0.149291332468079,0.024034069022829747
15.625,0.44,1.3603692933912752,0.0005571586925335344,0.1471514965818358,0.02456484902714216
15.75,0.44,1.3614476346828894,0.0005516319260965935,0.14501765432563737,0.025100174278534653
15.875,0.44,1.3625147612513628,0.0005461592436702933,0.14288973264815633,0.025639985605492955
16.0,0.44,1.3635707967518327,0.0005407401816724284,0.14076765994545282,0.026184224100202966
16.125,0.44,1.3646158633296708,0.0005353742804847382,0.13865136601830913,0.026732831144269175
16.25,0.44,1.3656500816429833,0.0005300610843195195,0.13654078203110764,0.027285748432829268
16.375,0.44,1.3666735708846491,0.0005248001410731372,0.1344358404722006,0.02784291799702565
16.5,0.44,1.3676864488038651,0.0005195910021695535,0.13233647511570726,0.028404282224801545
16.625,0.44,1.3686888317271777,0.0005144332223950288,0.13024262098469583,0.028969783879998275
16.75,0.44,1.3696808345789842,0.0005093263597255239,0.12815421431569396,0.029539366119739938
16.875,0.44,1.3706625709014821,0.0005042699751487352,0.1260711925244771,0.030112972510102372
17.0,0.44,1.3716341528740645,0.0004992636324848491,0.12399349417310127,0.030690547040074366
17.125,0.44,1.3725956913321555,0.0004943068982075217,0.12192105893810722,0.03127203413383061
17.25,0.44,1.3735472957854906,0.0004893993412668035,0.1198538275798694,0.03185737866134788
17.375,0.44,1.3744890744358509,0.00048454053291826317,0.11779174191304788,0.03244652594740735
17.5,0.44,1.3754211341942602,0.0004797300465587777,0.11573474477807812,0.0330394217790376
17.625,0.44,1.3763435806976636,0.00047496745757276263,0.11368278001367553,0.03363601241146392
17.75,0.44,1.3772565183251138,0.00047025234318933876,0.11163579243030385,0.03423624457264002
17.875,0.44,1.3781600502134823,0.0004655842823526899,0.10959372778457101,0.0348400654664473
18.0,0.44,1.379054278272728,0.0004609628556083858,0.10755653275450905,0.03544742277465639
18.125,0.44,1.3799393032007508,0.00045638764500429205,0.1055241549156983,0.0360582646577522
18.25,0.44,1.380815224497864,0.0004518582340095747,0.10349654271821129,0.03667253975473086
18.375,0.44,1.3816821404809165,0.0004473742074501408,0.10147364546431037,0.03729019718198116
18.5,0.44,1.3825401482971038,0.0004429351514626819,0.09945541328691317,0.03791118653136721
18.625,0.44,1.3833893439374942,0.0004385406534672938,0.0974417971287331,0.03853545786763083
18.75,0.44,1.3842298222503089,0.0004341903021572939,0.09543274872213363,0.039162961725233265
18.875,0.44,1.385061676953983,0.00042988368750564014,0.09342822056956791,0.03979364910475421
19.0,0.44,1.3858850006500625,0.000425620400789922,0.09142816592473063,0.04042747146896503
19.125,0.44,1.3866998848359118,0.0004214000346296176,0.08943253877414106,0.04106438073868834
19.25,0.44,1.3875064199173541,0.000417222183045977,0.08744129381955092,0.0417043292885522
19.375,0.44,1.3883046952211242,0.00041308644152058274,0.08545438646046528,0.04234726994273994
19.5,0.44,1.3890947990073854,0.000408992407088755,0.0834717727778564,0.0429931559708308
19.625,0.44,1.3898768184819692,0.00040493967840998183,0.08149340951731443,0.043641941083816395
19.75,0.44,1.390650839808927,0.0004009278558981063,0.07951925407433388,0.044293579430371904
19.875,0.44,1.391416948122514,0.00039695654177871554,0.07754926447744515,0.04494802559344617
20.0,0.44,1.3921752275400114,0.0003930253402798368,0.07558339937590977,0.045605234587232646
20.125,0.44,1.3929257611732098,0.0003891338576230711,0.07362161802131666,0.04626516185455935
20.25,0.44,1.3936686311420086,0.00038528170233941884,0.07166388025991023,0.04692776326474582
20.375,0.44,1.394403918584684,0.00038146848507629227,0.06971014650900073,0.04759299511193063
20.5,0.44,1.3951317036734368,0.00037769381920824515,0.06776037775954348,0.048260814113915355
20.625,0.44,1.395852065621608,0.0003739573201718942,0.06581453553831967,0.04893117741147492
20.75,0.44,1.3965650827040776,0.000370258606812213,0.06387258193494322,0.04960404256820954
20.875,0.44,1.3972708322568226,0.0003665972995335285,0.06193447952733431,0.05027936757078779
21.0,0.44,1.3979693907093513,0.0003629730234897926,0.060000191468550235,0.05095711082976318
21.125,0.44,1.398660833565177,0.000359385403780171,0.05806968131951922,0.05163723118059505
21.25,0.44,1.3993452354642324,0.0003558340732627787,0.056142913284190694,0.0523196878853592
21.375,0.44,1.4000226701157417,0.0003523186603702339,0.054219851809685166,0.053004440634255565
21.5,0.44,1.400693210435397,0.0003488388085006413,0.05230046219070181,0.053691449548193285
21.625,0.44,1.4013569283596254,0.0003453941453713321,0.050384709588232164,0.054380675180264536
21.75,0.44,1.4020138951690482,0.0003419843313759092,0.04847256055454637,0.055072078519416506
21.875,0.44,1.402664181007273,0.000338608982691907,0.04656398060047354,0.0557656209908799
22.0,0.44,1.4033078556680252,0.00033526779208381356,0.04465893801610763,0.05646126446180343
22.125,0.44,1.4039449873782746,0.0003319603359376944,0.042757397818420036,0.057158971238440145
22.25,0.44,1.4045756447372493,0.0003286863763852059,0.04085933129481218,0.057858704076335345
22.375,0.44,1.4051998936704964,0.0003254453759658173,0.03896470093451976,0.05856042616905382
22.5,0.44,1.4058178022206396,0.0003222372548677388,0.03707348422215639,0.059264101169852125
22.625,0.44,1.4064294329695974,0.0003190611638400525,0.03518563615701693,0.05996969315878597
22.75,0.44,1.4070348548401428,0.00031591739231747433,0.03330114843965198,0.06067716669385024
22.875,0.44,1.4076341243809602,0.00031280423200885676,0.03141995651213497,0.061386486721642056
23.0,0.44,1.4082273145453608,0.0003097228462278029,0.02954208616034167,0.062097618705053696
23.125,0.44,1.4088144691276017,0.0003066690742727502,0.027667424449392766,0.06281052838002946
23.25,0.44,1.409395671257068,0.0003036462102726078,0.025796079519254535,0.06352518208959154
23.375,0.44,1.409970936081353,0.0003006426446745738,0.023927824293924545,0.06424154609071464
23.5,0.44,1.410540364413943,0.0002976673676483572,0.022062961108032762,0.06495958749344334
23.625,0.44,1.4111039105698906,0.0002946840527552905,0.020201015677789726,0.06567927210932287
23.75,0.44,1.4116616736059464,0.0002917202582031872,0.0183427116323579,0.06640056744022138
23.875,0.44,1.4122135167768946,0.0002886480231736885,0.016487157166926607,0.0671234351187592
24.0,0.44,1.4127592941096792,0.000285573547564759,0.014635760580666545,0.06784784220574623
24.125,0.44,1.4132990116385997,0.00028198367866782146,0.01278765098971942,0.06857373040547478
24.25,0.44,1.4138306335436976,0.0002783938794240563,0.01094383675281979,0.06930106706616158
24.375,0.44,1.4143567433818287,0.00027243046545293416,0.009109288452315453,0.07002969916831864
24.5,0.44,1.4148634500724386,0.0002670375946709484,0.0072719124359788105,0.07075962169457244
24.625,0.44,1.4153732177983722,0.00024924226098211314,0.005483902696181872,0.07149016601067676
24.75,0.44,1.4157990585465026,0.00023868948961890428,0.0036295466076512904,0.0722216340678677
24.875,0.44,1.4163009161231996,0.00014759876495845073,0.002075017796993938,0.07294580322281377
25.0,0.44,1.4163009161231996,0.0,0.0,0.07294580322281377
0.0,0.46,1.0,0.0,0.5905927649666929,0.0
0.125,0.46,1.0074543399337106,0.003061804586433058,0.5905927649666929,5.080413785627625e-13
0.25,0.46,1.0190779204433134,0.0036841007491065204,0.5757129450044101,6.187097212334532e-12
0.375,0.46,1.0313690052545073,0.004081205535170852,0.5670696714895395,4.1351157223652965e-11
0.5,0.46,1.0442038440089507,0.0036791255175922977,0.5505614158446928,1.793290354553938e-10
0.625,0.46,1.054840692410489,0.0033270599758560442,0.5404438703731859,5.985892128561792e-10
0.75,0.46,1.0647799912387053,0.0029068361284637937,0.5283230156901878,1.6559772827841915e-09
0.875,0.46,1.073179679664157,0.0025895710403861737,0.5194628222069674,4.006289088611218e-09
1.0,0.46,1.0808907990827497,0.002321184578427348,0.5104876201238243,8.746079346661018e-09
1.125,0.46,1.0877543913980046,0.0021200495096650165,0.502979665556225,1.7620353301878008e-08
1.25,0.46,1.0941339142405515,0.0019583367595130416,0.4957448644958741,3.325854357903512e-08
1.375,0.46,1.1000338979647004,0.001832121161459406,0.4892064647030815,5.947764954836386e-08
1.5,0.46,1.105603364132807,0.0017284826378974746,0.48295229316878663,1.0161428624654817e-07
1.625,0.46,1.1108709557573833,0.0016432434213436392,0.47707858019326316,1.669155748758551e-07
1.75,0.46,1.1159019291519114,0.0015706547970247148,0.4714369488275662,2.649514954460077e-07
1.875,0.46,1.120720927329529,0.0015082418177525011,0.4660384770568857,4.0806771290281593e-07
2.0,0.46,1.1253603856697345,0.0014533880188388572,0.4608239460757625,6.118457224619222e-07
2.125,0.46,1.129838301811663,0.001404725613568652,0.4557852018463618,8.955791734825248e-07
2.25,0.46,1.1341733192720338,0.0013609758620485963,0.45089458290781365,1.2827390553156772e-06
2.375,0.46,1.1383784161171429,0.001321354575551354,0.44614153473348483,1.801429388917338e-06
2.5,0.46,1.142465735422552,0.0012851710604476268,0.4415106253524786,2.484812423088857e-06
2.625,0.46,1.1464448578842745,0.0012519440178920494,0.4369926288074452,3.371501249647411e-06
2.75,0.46,1.1503244244857398,0.0012212594416102993,0.43257753430132684,4.505904982969898e-06
2.875,0.46,1.154111715224741,0.0011928009866835423,0.4282578842390691,5.938523623478596e-06
3.0,0.46,1.1578132386514042,0.001166297577876959,0.4240264822729226,7.726183358604969e-06
3.125,0.46,1.161434670054355,0.001141529200685938,0.41987737128573793,9.932210541803004e-06
3.25,0.46,1.1649810925967474,0.0011183062976457688,0.4158050442698193,1.2626539938823994e-05
3.375,0.46,1.168457024178724,0.001096469115028988,0.41180470614701775,1.5885757501358024e-05
3.5,0.46,1.1718665322962143,0.0010758788000104745,0.40787197926283636,1.9793077173448006e-05
3.625,0.46,1.1752132748278292,0.0010564155235536087,0.40400295311477125,2.443825412973992e-05
3.75,0.46,1.178500563985678,0.0010379741561868353,0.4001940600193511,2.991743688411062e-05
3.875,0.46,1.1817314025546057,0.0010204625294559164,0.3964420666838024,3.633296244309034e-05
4.0,0.46,1.1849085243177286,0.0010037990680664744,0.39274401274803816,4.3793098913306886e-05
4.125,0.46,1.1880344228259303,0.0009879114419681441,0.3890971901365389,5.241174092385603e-05
4.25,0.46,1.1911113792762036,0.0009727351301386033,0.3854991074905565,6.230806337464336e-05
4.375,0.46,1.1941414847089635,0.0009582124282230242,0.38194747007893615,7.360613942943778e-05
4.5,0.46,1.1971266603246493,0.0009442915083766769,0.37844015651346524,8.643452864243668e-05
4.625,0.46,1.200068674589012,0.0009309256966729278,0.37497520204804247,0.00010092584114012688
4.75,0.46,1.2029691585699502,0.000918072823953895,0.37155078205531455,0.00011721628357151001
4.875,0.46,1.2058296192287614,0.0009056946968883432,0.3681651987518352,0.00013544519232661775
5.0,0.46,1.2086514512769244,0.0008937566327212929,0.3648168688862562,0.00015575455918010334
5.125,0.46,1.2114359476189664,0.0008822270675022067,0.3615043132920955,0.00017828855415802085
5.25,0.46,1.2141843086792834,0.000871077213501947,0.3582261474337667,0.00020319305000475137
5.375,0.46,1.2168976507000044,0.0008602807650386445,0.3549810731600765,0.00023061515220014687
5.5,0.46,1.219577013177819,0.0008498136409926762,0.3517678712964283,0.00026070273802969923
5.625,0.46,1.2222233655274273,0.0008396537609047519,0.34858539508405695,0.00029360400777168124
5.75,0.46,1.2248376130783274,0.0008297808482556087,0.3454325642868081,0.00032946705063183304
5.875,0.46,1.2274206024778271,0.0008201762578523117,0.3423083599214706,0.00036843942764282347
6.0,0.46,1.229973126573858,0.0008108228234179453,0.33921181951040913,0.000410667773352683
6.125,0.46,1.2324959288348396,0.0008017047228751101,0.3361420328068331,0.00045629741776057503
6.25,0.46,1.2349897073598748,0.0007928073587354242,0.3330981379281819,0.0005054720296200267
6.375,0.46,1.2374551185234481,0.0007841172516682835,0.3300793178547111,0.0005583332819217498
6.5,0.46,1.2398927802943522,0.000775621945442628,0.32708479724864414,0.0006150205400900708
6.625,0.46,1.2423032752627816,0.0007673099217916663,0.32411383955958806,0.0006756705731790946
6.75,0.46,1.2446871534057709,0.0007591705239067679,0.3211657443837873,0.0007404172881359095
6.875,0.46,1.2470449346171626,0.0007511938874829469,0.31823984505048764,0.0008093914870074363
7.0,0.46,1.2493771110253038,0.0007433708783746108,0.31533550641118563,0.0008827206468032257
7.125,0.46,1.251684149118854,0.0007356930360666178,0.31245212281107293,0.0009605287215869476
7.25,0.46,1.2539664916987827,0.0007281525222704321,0.3095891162242061,0.001042935966252437
7.375,0.46,1.2562245596725354,0.0007207420740593406,0.30674593453638116,0.0011300587813439418
7.5,0.46,1.2584587537046652,0.0007134549610338971,0.30392204996144706,0.0012220095782024588
7.625,0.46,1.2606694557366056,0.0007062849460790837,0.30111695757854523,0.001318896663658634
7.75,0.46,1.2628570303869846,0.0006992262493339952,0.29833017397912653,0.001420824143445572
7.875,0.46,1.2650218262426636,0.000692273515043426,0.29556123601388373,0.0015278918434699636
8.0,0.46,1.2671641770496873,0.0006854217810030491,0.29280969963079023,0.0016401952480555196
8.125,0.46,1.269284402812396,0.0006786664503418573,0.2900751387963807,0.00175782545425695
8.25,0.46,1.2713828108081564,0.000672003265420708,0.2873571444932291,0.0018808691413343707
8.375,0.46,1.2734596965244427,0.0006654282836493416,0.28465532378727776,0.0020094085544756675
8.5,0.46,1.2755153445243859,0.0006589378550443355,0.28196929895931233,0.0021435215018570804
8.625,0.46,1.2775500292463176,0.0006525286013769173,0.2792987066954092,0.0022832813641391965
8.75,0.46,1.2795640157423473,0.000646197396771762,0.2766431973316708,0.002428757115505998
8.875,0.46,1.281557560360573,0.0006399413496339941,0.2740024341489887,0.002580013355368225
9.0,0.46,1.2835309113751048,0.0006337577857996015,0.27137609271394547,0.0027371103498684017
9.125,0.46,1.285484309567759,0.0006276442328125292,0.2687638602623154,0.002900104082343614
9.25,0.46,1.287417988764945,0.0006215984052438906,0.2661654351219189,0.0030690463119227604
9.375,0.46,1.2893321763329955,0.0006156181909771631,0.26358052617184535,0.003243984639457789
9.5,0.46,1.2912270936349406,0.0006097016383930454,0.26100885233531695,0.003424962580012958
9.625,0.46,1.293102956451501,0.0006038469443918234,0.25845014210370504,0.0036120196411624115
9.75,0.46,1.2949599753688747,0.0005980524431976572,0.2559041330893659,0.0038051914063741282
9.875,0.46,1.2967983561357,0.0005923165958949692,0.2533705716052031,0.00400450962278759
10.0,0.46,1.2986182999913978,0.0005866379806485774,0.25084921226899376,0.00421000229272308
10.125,0.46,1.3004200039679819,0.000581015283564216,0.24833981763069968,0.004421693768292321
10.25,0.46,1.3022036611672145,0.0005754472901501549,0.24584215782110966,0.004639604848513244
10.375,0.46,1.3039694610149066,0.0005699328773404657,0.24335601022031653,0.004863752878365574
10.5,0.46,1.3057175894940127,0.0005644710060443368,0.2408811591446288,0.005094151849258976
10.625,0.46,1.3074482293580427,0.0005590607141908452,0.2384173955506407,0.005330812500421393
10.75,0.46,1.3091615603262432,0.0005537011102347943,0.23596451675530009,0.005573742420751739
10.875,0.46,1.3108577592618504,0.0005483913670991193,0.2335223261709116,0.005822946150718265
11.0,0.46,1.3125370003346775,0.0005431307165266826,0.23109063305405833,0.006078425283921677
11.125,0.46,1.3141994551691882,0.0005379184438150483,0.22866925226756027,0.006340178567979767
11.25,0.46,1.3158452929791247,0.0005327538829169134,0.2262580040546319,0.006608202004428332
11.375,0.46,1.3174746806897213,0.000527636411884707,0.2238567138244705,0.006882488947370764
11.5,0.46,1.3190877830484533,0.0005225654486403995,0.22146521194856691,0.007163030200645648
11.625,0.46,1.320684762725207,0.0005175404470546881,0.21908333356709003,0.007449814113318159
11.75,0.46,1.3222657804027336,0.0005125608933218179,0.21671091840474785,0.007742826673336022
11.875,0.46,1.3238309948581615,0.0005076263026142887,0.21434781059554592,0.008042051599224503
12.0,0.46,1.3253805630363578,0.0005027362160049183,0.21199385851594818,0.008347470429726823
12.125,0.46,1.3269146401158158,0.0004978901976434295,0.20964891462594223,0.008659062611326221
12.25,0.46,1.3284333795677707,0.0004930878321757013,0.20731283531756445,0.00897680558361351
12.375,0.46,1.3299369332091757,0.0004883287223937795,0.20498548077046724,0.009300674862489169
12.5,0.46,1.3314254512501313,0.0004836124871036379,0.20266671481411871,0.009630644121211222
12.625,0.46,1.3328990823363507,0.00047893875920142307,0.20035640479628575,0.009966685269320217
12.75,0.46,1.3343579735871889,0.00047430718394436954,0.1980544214574415,0.010308768529489008
12.875,0.46,1.3358022706297248,0.00046971741740541386,0.19576063881077654,0.010656862512359283
13.0,0.46,1.3372321176293733,0.000465169125100129,0.19347493402749702,0.011010934289437578
13.125,0.46,1.3386476573174566,0.0004606619807738089,0.19119718732712548,0.011370949464131856
13.25,0.46,1.3400490310161255,0.00045619566533772757,0.18892728187254323,0.01173687224101491
13.375,0.46,1.3414363786610015,0.0004517698659423245,0.18666510366950587,0.012108665493403874
13.5,0.46,1.3428098388218688,0.0004473842751766813,0.1844105414703865,0.01248629082934511
13.625,0.46,1.344169548721727,0.00044303859038272685,0.18216348668193028,0.01286970865609179
13.75,0.46,1.3455156442544574,0.00043873251307178064,0.17992383327681485,0.013258878243157267
13.875,0.46,1.3468482600013627,0.0004344657484365511,0.17769147770878962,0.013653757784021217
14.0,0.46,1.3481675292467805,0.00043023800494384774,0.17546631883122993,0.014054304456557696
14.125,0.46,1.3494735839929486,0.0004260489940001547,0.17324825781893183,0.014460474482245222
14.25,0.46,1.3507665549743035,0.00042189842968151094,0.17103719809296952,0.014872223184208565
14.375,0.46,1.3520465716713144,0.0004177860285162111,0.1688330452484699,0.01528950504413091
14.5,0.46,1.353313762323983,0.00041371150931373006,0.16663570698516816,0.015712273758063448
14.625,0.46,1.3545682539450887,0.0004096745930305472,0.16444509304059385,0.01614048229114732
14.75,0.46,1.3558101723332459,0.0004056750026664803,0.16226111512578917,0.016574082931251465
14.875,0.46,1.35703964208582,0.0004017124631847351,0.16008368686343458,0.0170130273415178
15.0,0.46,1.3582567866117394,0.0003977867014487178,0.15791272372825582,0.017457266611794718
15.125,0.46,1.3594617281442118,0.00039389744617020423,0.15574814298964657,0.01790675130892965
15.25,0.46,1.360654587753359,0.0003900444278655534,0.1535898636563877,0.018361431525882134
15.375,0.46,1.3618354853587562,0.00038622737881488295,0.15143780642339624,0.018821256929611493
15.5,0.46,1.3630045397418622,0.00038244603302065055,0.1492918936204097,0.01928617680768634
15.625,0.46,1.3641618685583257,0.0003787001261626843,0.1471520491625316,0.019756140113558505
15.75,0.46,1.3653075883501278,0.0003749893955490584,0.1450181985025776,0.020231095510440555
15.875,0.46,1.3664418145575383,0.0003713135800602016,0.1428902685851403,0.0207109914137243
16.0,0.46,1.3675646615308568,0.0003676724200853419,0.1407681878023231,0.02119577603187797
16.125,0.46,1.368676242541896,0.0003640656574510552,0.13865188595107097,0.021685397405761024
16.25,0.46,1.3697766697951825,0.00036049303534249654,0.13654129419204308,0.02217980344629895
16.375,0.46,1.3708660544388476,0.000356954298216291,0.13443634500998047,0.02267894197046519
16.5,0.46,1.3719445065751705,0.0003534491917076732,0.13233697217549806,0.023182760735523437
16.625,0.46,1.373012135270767,0.0003499774625324863,0.1302431107082636,0.02369120747149078
16.75,0.46,1.3740690485663882,0.00034653885838392435,0.12815469684150405,0.024204229911791133
16.875,0.46,1.375115353486337,0.0003431331278268978,0.1260716679877914,0.024721775822077578
17.0,0.46,1.3761511560474664,0.0003397600201916216,0.12399396270607069,0.02524379302721281
17.125,0.46,1.3771765612677864,0.0003364192854673708,0.12192152066986225,0.025770229436407652
17.25,0.46,1.3781916731746593,0.000333110674197963,0.11985428263660679,0.026301033066529266
17.375,0.46,1.379196594812598,0.0003298339373810609,0.11779219041811335,0.026836152063601963
17.5,0.46,1.38019142825069,0.0003265888263730781,0.11573518685204763,0.027375534722535344
17.625,0.46,1.3811762745896472,0.0003233750928006069,0.11368321577443219,0.027919129505126015
17.75,0.46,1.3821512339685147,0.000320192488479361,0.11163622199311254,0.028466885056390025
17.875,0.46,1.3831164055710583,0.0003170407653421658,0.10959415126215004,0.02901875021929389
18.0,0.46,1.3840718876318647,0.0003139196753783782,0.10755695025709913,0.02957467404796186
18.125,0.46,1.3850177774421808,0.0003108289705830575,0.10552456655112911,0.030134605819446016
18.25,0.46,1.385954171355523,0.00030776840291797935,0.10349694859196473,0.030698495044153767
18.375,0.46,1.386881164793104,0.000304737724285016,0.1014740456795819,0.03126629147503422
18.5,0.46,1.3877988522490987,0.0003017366865113249,0.0994558079446714,0.03183794511563031
18.625,0.46,1.3887073272957888,0.00029876504134806927,0.09744218632777663,0.03241340622710781
18.75,0.46,1.3896066825886397,0.00029582254048095557,0.0954331325591449,0.03299262533437554
18.875,0.46,1.3904970098713065,0.00029290893555138184,0.09342859913916642,0.033575553231412314
19.0,0.46,1.391378399980662,0.0002900239781914436,0.0914285393195239,0.034162140985916016
19.125,0.46,1.392250942851797,0.00028716742006714736,0.08943290708477421,0.034752339943389395
19.25,0.46,1.393114727523141,0.0002843390129367858,0.08744165713475216,0.03534610173077404
19.375,0.46,1.3939698421415667,0.00028153850870940746,0.08545474486709402,0.03594337825974006
19.5,0.46,1.3948163739677362,0.00027876565952649054,0.08347212636094478,0.03654412172973396
19.625,0.46,1.395654409381365,0.00027602021782855806,0.0814937583601141,0.0371482846308803
19.75,0.46,1.3964840338869695,0.00027330193646191137,0.07951959825835203,0.03775581974682648
19.875,0.46,1.397305332119241,0.000270610568737459,0.07754960408249355,0.038366680157609384
20.0,0.46,1.3981183878494443,0.00026794586857792227,0.07558373448012948,0.038980819242617516
20.125,0.46,1.3989232839906707,0.0002653075905329898,0.07362194870124023,0.039598190683706395
20.25,0.46,1.3997201026053712,0.00026269549000998476,0.07166420659046081,0.0402187484685243
20.375,0.46,1.4005089249097917,0.0002601093231661123,0.06971046856358752,0.040842446894079856
20.5,0.46,1.4012898312838111,0.0002575488473359464,0.06776069561000427,0.0414692405705967
20.625,0.46,1.4020629012727284,0.00025501382060930946,0.0658148492551032,0.042099084425650996
20.75,0.46,1.4028282136022563,0.00025250400274721843,0.06387289158690931,0.0427319337086378
20.875,0.46,1.4035858461731205,0.00025001915397278676,0.06193478518215638,0.043367743995506636
21.0,0.46,1.404335876088304,0.0002475590371123107,0.06000049319216403,0.04400647119384756
21.125,0.46,1.4050783796291362,0.00024512341442013924,0.0580699791770812,0.044648071548160057
21.25,0.46,1.4058134323125049,0.0002427120527936689,0.056143207338646604,0.04529250164551007
21.375,0.46,1.4065411088202668,0.0002403247156900415,0.05422014212412068,0.04593971842116408
21.5,0.46,1.4072614831306256,0.00023796117603774433,0.05230074882471545,0.04658967916475077
21.625,0.46,1.4079746283307082,0.00023562119587516078,0.05038499260377982,0.047242341525953316
21.75,0.46,1.408680616932222,0.00023330455852222295,0.04847284000681495,0.04789766352117908
21.875,0.46,1.4093795203924955,0.00023101101746306286,0.04656425655249699,0.04855560353875377
22.0,0.46,1.4100714098882465,0.00022874037668582897,0.04465921051588257,0.04921612034637266
22.125,0.46,1.4107563551103455,0.0002264923623723662,0.04275766693556403,0.04987917309468752
22.25,0.46,1.411434426174974,0.0002242668237944333,0.0408595970632169,0.050544721326560564
22.375,0.46,1.4121056906123983,0.00022206341054929757,0.038964963444598814,0.05121272497656184
22.5,0.46,1.4127702180926693,0.00021988207605514262,0.03707374347691203,0.05188314438497387
22.625,0.46,1.4134280729402255,0.0002177222613877801,0.035185892305482774,0.05255594028711196
22.75,0.46,1.4140793257744122,0.0002155841640066872,0.0333014014137616,0.053231073839963686
22.875,0.46,1.414724035033613,0.00021346665122023013,0.031420206624060636,0.053908506585331015
23.0,0.46,1.4153622753399524,0.00021137049812199523,0.029542333174638242,0.05458820051007544
23.125,0.46,1.4159940925590353,0.00020929293335439182,0.02766766914598037,0.05527011793801033
23.25,0.46,1.4166195711834164,0.00020723613885708527,0.0257963212546592,0.0559542216824423
23.375,0.46,1.4172387287069046,0.00020519236060062064,0.023928065272593873,0.0566404747278606
23.5,0.46,1.4178516660852167,0.0002031675375844536,0.022063199593001768,0.05732884065915758
23.625,0.46,1.4184583405573026,0.00020113736026874991,0.02020125861195778,0.058019282650051615
23.75,0.46,1.4190588467055474,0.00019912002834844835,0.018342953699285305,0.058711764856144946
23.875,0.46,1.419653052751456,0.00019702976964512377,0.016487422924748085,0.05940624877993422
24.0,0.46,1.4202407893371372,0.0001949368936117077,0.014636029493061644,0.06010269868343475
24.125,0.46,1.4208220786204588,0.00019249680820274757,0.012788021914394883,0.06080106648027497
24.25,0.46,1.4213947721867364,0.00019005217825946265,0.010944209682675255,0.06150131677490702
24.375,0.46,1.4219615445293479,0.00018600441014741462,0.009110122840670275,0.06220335405754354
24.5,0.46,1.4225078791315502,0.00018232149524735633,0.0072726341912332775,0.06290715672529154
24.625,0.46,1.423056935255772,0.00017022151388632002,0.005487040304172832,0.06361236766467672
24.75,0.46,1.4235173505201195,0.0001629600653414201,0.003631231357749704,0.06431911001070435
24.875,0.46,1.424056107703056,0.00010066130749027424,0.0020923715007895196,0.06502132183543419
25.0,0.46,1.424056107703056,0.0,0.0,0.06502132183543419
0.0,0.48,1.0,0.0,0.5902268870724392,0.0
0.125,0.48,1.0073046728402006,0.0015222771539040367,0.5902268870724392,1.142702976436086e-13
0.25,0.48,1.0187643795568206,0.0018362623936528225,0.5756420257788384,1.4262484273334715e-12
0.375,0.48,1.0309862818628397,0.00203711116133198,0.5670260656830097,9.842145002053738e-12
0.5,0.48,1.043770090994952,0.0018381094356709738,0.5506166939579906,4.468520529185592e-11
0.625,0.48,1.0543992663399107,0.0016631450153545759,0.5404923368801414,1.5624328110736651e-10
0.75,0.48,1.0643351611524923,0.001453457087894433,0.5283798636635251,4.5253181075499653e-10
0.875,0.48,1.0727387243980635,0.0012949334002893124,0.5195061855018601,1.1432869093243206e-09
1.0,0.48,1.0804521071754776,0.0011607155693241734,0.5105244957791751,2.5996174002698137e-09
1.125,0.48,1.0873176120798262,0.0010600837165281021,0.5030076436339276,5.440249235113787e-09
1.25,0.48,1.0936973907675342,0.0009791658100626666,0.49576757965371127,1.0640274537432045e-08
1.375,0.48,1.0995967531720852,0.0009160070130423826,0.4892244233300224,1.9673561619677264e-08
1.5,0.48,1.1051647015272228,0.0008641513834710291,0.48296720120400677,3.468261565100822e-08
1.625,0.48,1.1104302675475641,0.0008215056967483729,0.4770909897697067,5.8684733697859735e-08
1.75,0.48,1.1154588047453269,0.0007851940348462968,0.47144762684164987,9.580673434989389e-08
1.875,0.48,1.1202751306823489,0.0007539758018539037,0.4660477546493747,1.5155324383183656e-07
2.0,0.48,1.1249117471158754,0.0007265414935009638,0.4608321756010186,2.3309983869761807e-07
2.125,0.48,1.129386731418425,0.0007022057773886732,0.4557925681439957,3.496118781066334e-07
2.25,0.48,1.1337187676047578,0.0006803286801488239,0.4509012596591678,5.125798303080962e-07
2.375,0.48,1.1379208762262978,0.0006605175494546591,0.4461476288097536,7.361684998898211e-07
2.5,0.48,1.1420052294023795,0.0006424268196304685,0.4415162312645988,1.0375709943273971e-06
2.625,0.48,1.1459814375920265,0.0006258156698438769,0.43699781260552045,1.4373626712474389e-06
2.75,0.48,1.1498581676801152,0.0006104770581053586,0.4325823529815217,1.9598465245327258e-06
2.875,0.48,1.1536427265861848,0.0005962527995358898,0.4282623814512541,2.6333844433803683e-06
3.0,0.48,1.1573416494153148,0.0005830073939728911,0.424030695509272,3.4907069897527897e-06
3.125,0.48,1.160960639289569,0.0005706308822653108,0.4198813310253312,4.569196475246777e-06
3.25,0.48,1.1645048080048244,0.0005590285497448034,0.4158087768150652,5.911137618705978e-06
3.375,0.48,1.167978703375606,0.0005481205843718224,0.4118082336874758,7.563931718398929e-06
3.5,0.48,1.1713864238413814,0.0005378376255737258,0.4078753211037309,9.58027051242953e-06
3.625,0.48,1.1747316592971124,0.0005281198193290415,0.40400612592525276,1.2018267246715606e-05
3.75,0.48,1.1780177548260888,0.0005189146552074995,0.4001970784306351,1.4941543058570956e-05
3.875,0.48,1.1812477468079743,0.0005101760942400294,0.3964449435257161,1.841926788874159e-05
4.0,0.48,1.1844244031181816,0.0005018633842206556,0.3927467593776741,2.25261558151885e-05
4.125,0.48,1.1875502516966274,0.0004939403844889259,0.38909981662418996,2.7342415580687322e-05
4.25,0.48,1.1906276081931937,0.00048637484744693975,0.3855016228199643,3.295365770399708e-05
4.375,0.48,1.193658597943385,0.00047913792199148444,0.3819498822854474,3.945076021870872e-05
4.5,0.48,1.1966451760576382,0.000472203683485212,0.37844247281574117,4.6929695558897945e-05
4.625,0.48,1.1995891443103848,0.00046554877262215455,0.3749774289493117,5.5491321548211615e-05
4.75,0.48,1.2024921662677142,0.0004591520712624742,0.37155292543466695,6.524113975313035e-05
4.875,0.48,1.2053557803835133,0.0004529944384878766,0.36816726393863947,7.628902470146645e-05
5.0,0.48,1.2081814116748018,0.00044705847865054586,0.36481886072573966,8.874892760565335e-05
5.125,0.48,1.210970381999857,0.00044132834624737046,0.3615062362005603,0.00010273855830393844
5.25,0.48,1.2137239192372897,0.0004357895754711676,0.3582280054468982,0.00011837904913007254
5.375,0.48,1.216443165454318,0.00043042893401309295,0.35498286997439926,0.00013579460436540224
5.5,0.48,1.2191291842321827,0.000425234295245019,0.35176961030557324,0.00015511213881691928
5.625,0.48,1.2217829672365426,0.00042019452720568035,0.34858707941026545,0.00017646090891530424
5.75,0.48,1.2244054401391329,0.0004152993951761752,0.34543419680857834,0.0001999721395430665
5.875,0.48,1.2269974679631495,0.0004105394762934538,0.34230994329777725,0.00022577864959476843
6.0,0.48,1.2295598599251378,0.0004059060842377578,0.33921335620205745,0.0002540144790445791
6.125,0.48,1.2320933738298123,0.0004013912027310866,0.3361435250952859,0.00028481452005839293
6.25,0.48,1.2345987200700623,0.00039698742654380317,0.33309958793224365,0.00031831415444337014
6.375,0.48,1.23707656527525,0.00039268790904018456,0.33008072754532614,0.00035464889948224866
6.5,0.48,1.2395275356463713,0.00038848631535610083,0.3270861684620697,0.0003939540639568824
6.625,0.48,1.2419522200108744,0.0003843767804804265,0.3241151740091453,0.00043636441592876247
6.75,0.48,1.2443511726260938,0.0003803538715906219,0.32116704367037513,0.0004820138636163446
6.875,0.48,1.2467249157563387,0.0003764125541052647,0.3182411106720045,0.0005310351504920555
7.0,0.48,1.2490739420456825,0.0003725481609817099,0.3153367397710041,0.0005835595655173913
7.125,0.48,1.2513987167057214,0.00036875636486244216,0.3124533252256705,0.0006397166692436805
7.25,0.48,1.25369967953532,0.00036503315272860094,0.3095902889300605,0.0006996340363294555
7.375,0.48,1.2559772467873476,0.0003613748027692992,0.3067470786962079,0.0007634370148632461
7.5,0.48,1.2582318128957333,0.0003577778632141044,0.30392316666986036,0.0008312485027328122
7.625,0.48,1.2604637520746873,0.00035423913291530025,0.30111804786720137,0.0009031887411481066
7.75,0.48,1.2626734198006653,0.0003507556434916378,0.2983312388214094,0.0009793751253049222
7.875,0.48,1.264861154186559,0.0003473246428724867,0.29556227632918125,0.0010599220320685883
8.0,0.48,1.2670272772566322,0.000343943580101625,0.2928107162884001,0.0011449406644613563
8.125,0.48,1.269172096129881,0.0003406100912761897,0.2900761326190893,0.001234538912652473
8.25,0.48,1.2712959041187286,0.0003373219865132495,0.28735811626059043,0.0013288212310754548
8.375,0.48,1.2733989817493647,0.0003340772378485028,0.28465627423862494,0.0014278885312319824
8.5,0.48,1.2754815977094067,0.0003308739679812711,0.2819702287965241,0.0015318380896854145
8.625,0.48,1.2775440097280633,0.0003277104397930848,0.27929961658545766,0.0016407634706983871
8.75,0.48,1.2795864653935658,0.00032458504657269943,0.2766440879089633,0.0017547544629278725
8.875,0.48,1.2816092029121546,0.00032149630288940144,0.27400330601753164,0.0018738970295567741
9.0,0.48,1.2836124518126262,0.0003184428360636622,0.2713769464493348,0.001998273271213206
9.125,0.48,1.2855964336000871,0.00031542337818894886,0.26876469641357675,0.002127961401006666
9.25,0.48,1.2875613623622948,0.00031243675866470894,0.2661662542132058,0.0022630357309939477
9.375,0.48,1.2895074453317166,0.000309481897203909,0.2635813287040057,0.002403566669376503
9.5,0.48,1.2914348834062115,0.000306557797283859,0.2610096387873449,0.0025496207277247397
9.625,0.48,1.2933438716310484,0.0003036635400101112,0.25845091293407896,0.0027012605375231523
9.75,0.48,1.2952345996447716,0.00030079827836740954,0.25590488873728984,0.002858544875332841
9.875,0.48,1.2971072520912945,0.0002979612318346232,0.2533713124917528,0.003021528695874656
10.0,0.48,1.2989620090004088,0.0002951516813392197,0.2508499387981799,0.00319026317234661
10.125,0.48,1.3007990461387893,0.0002923689645311674,0.24834053019044997,0.0033647957433030713
10.25,0.48,1.3026185353334219,0.00028961247135814383,0.24584285678418377,0.003545170165440299
10.375,0.48,1.3044206447692737,0.0002868816399223966,0.24335669594515028,0.0037314265716529003
10.5,0.48,1.306205539262894,0.00028417595260215315,0.24088183197612145,0.003923601533748504
10.625,0.48,1.3079733805135487,0.0002814949324227509,0.2384180558208844,0.004121728129233167
10.75,0.48,1.3097243273333767,0.00027883813966183185,0.2359651647842593,0.004325836011607488
10.875,0.48,1.3114585358579587,0.0002762051686758548,0.2335229622670553,0.00453595148364282
11.0,0.48,1.313176159738634,0.0002735956449338607,0.23109125751494916,0.004752097573138177
11.125,0.48,1.3148773503177886,0.0002710092222483647,0.22866986538040396,0.00497429411069109
11.25,0.48,1.3165622567882844,0.00026844558019271605,0.22625860609679072,0.0052025578090494065
11.375,0.48,1.318231026338141,0.00026590442169443487,0.2238573050639426,0.0054369023436457746
11.5,0.48,1.3198838042815053,0.0002633854707968522,0.2214657926444354,0.0056773384339515705
11.625,0.48,1.3215207341769142,0.00026088847057976344,0.21908390396994326,0.005923873925322394
11.75,0.48,1.3231419579337718,0.00025841318123367464,0.2167114787570736,0.006176513871042387
11.875,0.48,1.3247476159079603,0.000255959378278559,0.2143483611321005,0.006435260614309015
12.0,0.48,1.326337846987428,0.00025352685092156147,0.2119943994641039,0.006700113869933665
12.125,0.48,1.32791278866857,0.0002511154005483502,0.20964944620601392,0.006971070805565736
12.25,0.48,1.3294725771241762,0.0002487248393397223,0.20731335774311593,0.007248126122278638
12.375,0.48,1.3310173472636935,0.0002463549890100535,0.20498599424860042,0.0075312721343851466
12.5,0.48,1.3325472327864947,0.00024400567965994838,0.20266721954574463,0.007820498848376352
12.625,0.48,1.3340623662288187,0.0002416767487375845,0.20035690097638223,0.008115794040903122
12.75,0.48,1.3355628790050225,0.00023936804010351857,0.19805490927529373,0.00841714333574118
12.875,0.48,1.3370489014437228,0.0002370794031924896,0.1957611184502049,0.008724530279700334
13.0,0.48,1.3385205628193904,0.00023481069226550722,0.1934754056670732,0.009037936417455714
13.125,0.48,1.3399779913799157,0.0002325617657474608,0.19119765114037543,0.009357341365292881
13.25,0.48,1.341421314370627,0.00023033248564432708,0.18892773802813845,0.00968272288377062
13.375,0.48,1.342850658055212,0.0002281227170325382,0.18666555233144638,0.010014056949314204
13.5,0.48,1.3442661477339442,0.00022593232761644065,0.18441098279817264,0.010351317824758415
13.625,0.48,1.3456679077596048,0.00022376118734707096,0.18216392083072477,0.010694478128863982
13.75,0.48,1.3470560615514264,0.00022160916809556663,0.1799242603975986,0.01104350890483264
13.875,0.48,1.348430731607367,0.0002194761433785469,0.17769189794850812,0.011398379687846098
14.0,0.48,1.3497920395150067,0.0002173619881274292,0.1754667323329323,0.011759058571651703
14.125,0.48,1.3511401059612804,0.00021526657849648244,0.17324866472190414,0.012125512274214085
14.25,0.48,1.3524750507412817,0.0002131897917070198,0.171037598532861,0.012497706202446444
14.375,0.48,1.353796992766308,0.00021113150592049135,0.16883343935741296,0.012875604516028724
14.5,0.48,1.3551060500713124,0.00020909160013680438,0.16663609489189365,0.01325917019031253
14.625,0.48,1.3564023398218747,0.00020706995411424623,0.16444547487054115,0.013648365078304288
14.75,0.48,1.3576859783208155,0.0002050664483063545,0.1622614910012123,0.014043149971709874
14.875,0.48,1.358957081014522,0.0002030809638123007,0.16008405690350216,0.014443484661015043
15.0,0.48,1.3602157624990618,0.00020111338233805615,0.1579130880491481,0.014849327994567651
15.125,0.48,1.3614621365261153,0.00019916358616461896,0.15574850170464896,0.015260637936619517
15.25,0.48,1.362696316008764,0.00019723145812134657,0.15359021687598037,0.01567737162427821
15.375,0.48,1.3639184130271484,0.00019531688156237533,0.15143815425534013,0.01609948542331267
15.5,0.48,1.3651285388340046,0.00019341974034326576,0.14929223616983,0.01652693498275065
15.625,0.48,1.366326803860061,0.00019153991879768096,0.14715238653199766,0.016959675288201848
15.75,0.48,1.367513317719295,0.000189677301712223,0.1450185307921807,0.017397660713837332
15.875,0.48,1.3686881892140226,0.00018783177429853752,0.14289059589256822,0.01784084507295418
16.0,0.48,1.3698515263398046,0.00018600322216228164,0.14076851022293252,0.018289181667054105
16.125,0.48,1.3710034362901402,0.00018419153126899017,0.13865220357795702,0.018742623333365942
16.25,0.48,1.3721440254609285,0.00018239658790606902,0.13654160711610683,0.019201122490744592
16.375,0.48,1.3732733994546675,0.00018061827864157963,0.13443665331999405,0.01966463118388317
16.5,0.48,1.3743916630843698,0.00017885649028001336,0.1323372759581684,0.0201331011257808
16.625,0.48,1.3754989203771832,0.0001771111098159635,0.130243410048292,0.020606483738414758
16.75,0.48,1.376595274577696,0.00017538202438526873,0.12815499182164572,0.021084730191574308
16.875,0.48,1.3776808281509059,0.00017366912121518358,0.12607195868891138,0.021567791439822046
17.0,0.48,1.3787556827848715,0.0001719722875743925,0.12399424920719951,0.022055618257558588
17.125,0.48,1.3798199393930124,0.0001702914107230031,0.12192180304824793,0.02254816127217733
17.25,0.48,1.380873698116095,0.00016862637786388618,0.11985456096776553,0.023045370995306666
17.375,0.48,1.3819170583238842,0.0001669770760957778,0.11779246477587899,0.023547197852149038
17.5,0.48,1.3829501186164923,0.00016534339236913225,0.11573545730861846,0.02405359220893769
17.625,0.48,1.3839729768254412,0.00016372521344596764,0.11368348240041665,0.024564504398543695
17.75,0.48,1.384985730014454,0.0001621224258629287,0.11163648485757205,0.025079884744277543
17.875,0.48,1.3859884744800106,0.0001605349158993008,0.10959441043264206,0.025599683581940327
18.0,0.48,1.3869813057516882,0.0001589625695508254,0.10755720579971685,0.02612385128019059
18.125,0.48,1.3879643185923383,0.00015740527250855422,0.10552481853054053,0.02665233825930245
18.25,0.48,1.3889376069981065,0.0001558629101438515,0.10349719707144986,0.027185095008399635
18.375,0.48,1.3899012641983626,0.00015433536749925866,0.10147429072106848,0.02772207210125814
18.5,0.48,1.3908553826555603,0.00015282252928618172,0.09945604960877019,0.028263220210776877
18.625,0.48,1.3918000540650624,0.00015132427988876363,0.09744242467381402,0.02880849012222141
18.75,0.48,1.3927353693549993,0.00014984050337418697,0.0954333676451949,0.029357832745350036
18.875,0.48,1.3936614186861525,0.00014837108350845103,0.09342883102208163,0.029911199125534603
19.0,0.48,1.3945782914519518,0.000146915903779303,0.09142876805496504,0.0304685404539896
19.125,0.48,1.3954860762785564,0.00014547484742295758,0.0894331327272394,0.0310298080772235
19.25,0.48,1.396384861025155,0.00014404779745889057,0.08744187973760378,0.031594953505824995
19.375,0.48,1.3972747327843542,0.00014263463672515122,0.08545496448258595,0.032163928422694096
19.5,0.48,1.3981557778829254,0.0001412352479247535,0.08347234304024756,0.032736684690823935
19.625,0.48,1.3990280818825713,0.00013984951366495944,0.08149397215334185,0.03331317436073463
19.75,0.48,1.3998917295812916,0.00013847731651676012,0.0795198092145831,0.033893349677653284
19.875,0.48,1.4007468050144902,0.0001371185390504847,0.0775498122497997,0.03447716308852794
20.0,0.48,1.4015933914572174,0.00013577306391535427,0.0755839399055904,0.0350645672489548
20.125,0.48,1.402431571425383,0.00013444077385371957,0.07362215143097936,0.03565551503008836
20.25,0.48,1.4032614266793737,0.0001331215518224695,0.07166440666964517,0.03624995952559631
20.375,0.48,1.404083038224683,0.0001318152809455293,0.06971066603648363,0.03684785405870805
20.5,0.48,1.404896486318043,0.00013052184473379442,0.0677608905199436,0.03744915218940065
20.625,0.48,1.4057018504656744,0.0001292411268806679,0.06581504164459068,0.03805380772174664
20.75,0.48,1.406499209434765,0.00012797301172586255,0.0638730814975034,0.03866177471145158
20.875,0.48,1.407288641244814,0.00012671738365780213,0.061934972654709784,0.039273007473577114
21.0,0.48,1.4080702231915037,0.0001254741281888132,0.060000678266492226,0.03988746059046998
21.125,0.48,1.4088440318198967,0.00012424313037614834,0.05807016189253743,0.04050508891985136
21.25,0.48,1.409610142978271,0.00012302427743112582,0.05614338773326249,0.04112584760310261
21.375,0.48,1.4103686317452013,0.00012181745468994038,0.05422032023601687,0.04174969207363014
21.5,0.48,1.4111195725572285,0.00012062255206462403,0.05230092468992241,0.04237657806541446
21.625,0.48,1.4118630390201645,0.000119439453884022,0.050385166259749724,0.04300646162147554
21.75,0.48,1.4125991042198671,0.00011826805495822634,0.048473011486937265,0.04363929910256286
21.875,0.48,1.4133278402443579,0.00011710823506603636,0.04656442589488127,0.044275047195445984
22.0,0.48,1.414049318949435,0.00011595989906263782,0.044659377749607564,0.04491366292165217
22.125,0.48,1.4147636107600667,0.00011482291283007423,0.04275783210270764,0.0455551036451425
22.25,0.48,1.4154707865648546,0.00011369720356045772,0.04085976018439633,0.04619932708115782
22.375,0.48,1.416170914725072,0.00011258259862596123,0.038965124574414846,0.0468462913024808
22.5,0.48,1.4168640657616804,0.0001114790769038333,0.037073902617453906,0.04749595474889534
22.625,0.48,1.4175503049242886,0.00011038636129825814,0.03518604954665711,0.04814827623030114
22.75,0.48,1.4182297037361962,0.00010930455203481049,0.03330155671505654,0.048803214938469716
22.875,0.48,1.4189023216595593,0.0001082330848048632,0.03142036017370257,0.04946073044261343
23.0,0.48,1.4195682342148155,0.00010717234708155575,0.029542484831890575,0.05012078270835729
23.125,0.48,1.42022748840861,0.00010612095409238202,0.02766781938123338,0.05078333207304413
23.25,0.48,1.4208801694587818,0.0001050799923743113,0.025796469683174044,0.05144833928685754
23.375,0.48,1.4215262961687214,0.00010404558072961454,0.023928213225042617,0.05211576542611207
23.5,0.48,1.4221659694950581,0.00010302067127774727,0.022063346031294413,0.052785572008672316
23.625,0.48,1.4227991483232023,0.00010199308155687609,0.020201407731683454,0.053457720688395896
23.75,0.48,1.423425924463157,0.00010097185536255613,0.01834310232172178,0.05413217366331229
23.875,0.48,1.4240461689551238,9.991396622325348e-05,0.016487585908437935,0.05480889247880201
24.0,0.48,1.4246596982514625,9.885440348127064e-05,0.014636194531811439,0.05548783979499397
24.125,0.48,1.4252665438114442,9.762012042969817e-05,0.012788248909076575,0.05616897405695067
24.25,0.48,1.4258644889619834,9.638207141744078e-05,0.010944438503093056,0.056852258381198284
24.375,0.48,1.4264562616346543,9.43360963323417e-05,0.009110632549112523,0.057537633671880806
24.5,0.48,1.4270269647689862,9.246731829457362e-05,0.007273078057771133,0.058225068490208656
24.625,0.48,1.4276001731487458,8.63446035369391e-05,0.005488960550394636,0.058914404261423664
24.75,0.48,1.4280818496379146,8.264114122714905e-05,0.0036322736951797017,0.059605651848789236
24.875,0.48,1.4286432499403277,5.101353285390989e-05,0.002103043610343195,0.0602941394849905
25.0,0.48,1.4286432499403277,0.0,0.0,0.0602941394849905
0.0,0.5,1.0,0.0,0.5901053968509025,0.0
0.125,0.5,1.0072549377882398,-3.1343133436501164e-17,0.5901053968509025,4.617334437790537e-14
0.25,0.5,1.0186599839490982,2.99562715491854e-17,0.5756182383776809,5.856184685579008e-13
0.375,0.5,1.0308584957554487,4.607114080383987e-17,0.5670114111231367,4.136657721341796e-12
0.5,0.5,1.0436250751963239,-2.6069275950849725e-17,0.5506350039003836,1.9497650983056134e-11
0.625,0.5,1.0542515873902047,-1.5777590273614161e-18,0.5405084276261253,7.082859090430577e-11
0.75,0.5,1.0641863439420596,6.483270542260853e-17,0.5283987808931548,2.1302582502224604e-10
0.875,0.5,1.072591249824494,9.355831473310847e-17,0.5195206253663531,5.5746514506985e-10
1.0,0.5,1.080305460815698,6.553477093096305e-17,0.5105367805591855,1.3095586399297996e-09
1.125,0.5,1.0871716804931635,-6.747414160517816e-17,0.5030169655200986,2.823797717211049e-09
1.25,0.5,1.0935516169701187,-1.0152530178020356e-16,0.49577514778489973,5.677188322098137e-09
1.375,0.5,1.0994508365825113,-3.617405196121497e-17,0.48923040620332464,1.0767124702417807e-08
1.5,0.5,1.10501833487115,-1.1520472707127775e-17,0.4829721671360878,1.943357840209775e-08
1.625,0.5,1.110283273500913,-4.842212889225115e-17,0.47709512300288265,3.3610517450744656e-08
1.75,0.5,1.1153110392293337,-3.9239110371753935e-17,0.4714511829839272,5.600507142930313e-08
1.875,0.5,1.120126508388362,-4.6541439724238503e-17,0.4660508441777206,9.030705731493316e-08
2.0,0.5,1.1247622053054296,-2.3088411190913907e-17,0.4608349159524823,1.4142582571522436e-07
2.125,0.5,1.1292362340776039,-2.6142323139050228e-17,0.4557950209509497,2.1575425100687137e-07
2.25,0.5,1.1335672921716948,9.070170436647765e-18,0.4509034827951235,3.214552885074509e-07
2.375,0.5,1.1377684140472868,4.3783829581798975e-17,0.4461496578911737,4.687683243571712e-07
2.5,0.5,1.141851781109128,4.059141686355264e-17,0.4415180977765412,6.703295054485629e-07
2.625,0.5,1.1458270132168593,4.5897964907552966e-17,0.4369995385523913,9.415013612830489e-07
2.75,0.5,1.1497027852838595,3.4007519530098935e-17,0.43258395734750366,1.3007052196246746e-06
2.875,0.5,1.1534864125348752,4.457156346991498e-17,0.4282638787751581,1.769750733872603e-06
3.0,0.5,1.1571844382218393,4.0859788704765546e-17,0.4240320982776095,2.3741560190089073e-06
3.125,0.5,1.1608025740236365,6.050346057894407e-17,0.4198826493888934,3.1434526476568553e-06
3.25,0.5,1.16434594056391,2.3003141181440055e-17,0.415810019533194,4.111469661275541e-06
3.375,0.5,1.1678190949337577,1.761603211654869e-17,0.41180940814980505,5.316591555479206e-06
3.5,0.5,1.1712261452300472,4.9529385401519626e-17,0.40787643373919263,6.8019855782735114e-06
3.625,0.5,1.1745707914142505,4.265447619080245e-17,0.4040071822849199,8.615794541607483e-06
3.75,0.5,1.1778563889847784,9.459364334573134e-18,0.4001980833868703,1.0811291990110305e-05
3.875,0.5,1.1810859850513473,-2.1561447326728847e-17,0.3964459013510039,1.3446997442118891e-05
4.0,0.5,1.1842623584671952,-3.940313443087206e-17,0.39274767385405107,1.6586750156476874e-05
4.125,0.5,1.1873880483371535,-5.5393327811467526e-17,0.3891006911051837,2.0299740693671304e-05
4.25,0.5,1.1904653815898938,-5.623600611826812e-17,0.3855024602972709,2.46605002501748e-05
4.375,0.5,1.193496494882292,-2.3631377540381543e-17,0.38195068543494604,2.9748848445477202e-05
4.5,0.5,1.1964833546138878,-2.4409326969303995e-17,0.37844324404134977,3.5649800843911426e-05
4.625,0.5,1.199427773743219,1.2871799141669649e-17,0.3749781704167071,4.245343804126487e-05
4.75,0.5,1.2023314268437195,3.28205810498072e-17,0.37155363910168326,5.0254738599323714e-05
4.875,0.5,1.20519586313151,4.460336980307545e-17,0.3681679515800513,5.915337849159538e-05
5.0,0.5,1.2080225180758744,6.890262836352626e-17,0.36481952395509576,6.925350001553811e-05
5.125,0.5,1.210812723617206,2.899565918401744e-17,0.36150687648857327,8.06634533442398e-05
5.25,0.5,1.2135677172908104,-1.0102475005612686e-19,0.35822862413752815,9.34955140314396e-05
5.375,0.5,1.2162886503454218,-2.497898314122332e-18,0.3549834682986591,0.00010786557985875064
5.5,0.5,1.2189765950244946,2.5054573252387103e-17,0.3517701893936058,0.00012389285042682037
5.625,0.5,1.2216325510983406,-3.314882644980135e-17,0.348587640301833,0.00014169949285235654
5.75,0.5,1.2242574517533837,-5.27016617972829e-17,0.3454347404622686,0.00016141029684673848
5.875,0.5,1.2268521689109506,-5.883392127777647e-17,0.3423104705990709,0.00018315232232765994
6.0,0.5,1.2294175180482494,1.9312446449231638e-17,0.33921386797043457,0.00020705454255957339
6.125,0.5,1.2319542625777444,4.306565930987911e-17,0.33614402209050037,0.0002332474856387503
6.25,0.5,1.234463117836947,4.543880748236495e-18,0.3331000708598761,0.0002618628769405663
6.375,0.5,1.2369447547314092,-1.918965924264091e-17,0.33008119706171324,0.0002930332849359724
6.5,0.5,1.2393998030691762,1.7519889499960008e-18,0.3270866251786905,0.0003268917725659806
6.625,0.5,1.2418288546191312,5.709792460590964e-17,0.32411561849653603,0.0003635715561418678
6.75,0.5,1.2442324659218247,7.271712913865788e-17,0.32116747646162797,0.0004032056735184412
6.875,0.5,1.246611160877449,2.515712124008414e-17,0.3182415322659088,0.00044592666307136206
7.0,0.5,1.2489654331326352,-7.862332106714918e-18,0.3153371506348655,0.0004918662547997744
7.125,0.5,1.251295748284967,-2.125136400704018e-17,0.31245372579785563,0.0005411550746744374
7.25,0.5,1.253602545921869,-6.561701990640555e-17,0.3095906796222901,0.0005939223631607583
7.375,0.5,1.2558862415085412,-3.5371798836531224e-17,0.3067474598956364,0.0006502957086666786
7.5,0.5,1.258147228137923,6.265073089025435e-18,0.3039235387409603,0.0007104007964979401
7.625,0.5,1.2603858781542305,2.4010749309697902e-17,0.3011184111534767,0.0007743611737481944
7.75,0.5,1.2626025446603768,1.4781699035996196e-17,0.29833159364695605,0.0008422980304087271
7.875,0.5,1.2647975629184673,2.4410993131112383e-17,0.2955626230001101,0.0009143299968520598
8.0,0.5,1.2669712516516662,-1.1675416059661085e-17,0.29281105509413957,0.0009905729577249509
8.125,0.5,1.269123914254872,-1.2734594200654954e-17,0.29007646383357516,0.00107113988217889
8.25,0.5,1.2712558399209453,-4.457283085214466e-17,0.28735844014335926,0.0011561406702694696
8.375,0.5,1.2733673046885792,-1.4226710190255365e-17,0.2846565910358157,0.001245682015269432
8.5,0.5,1.2754585724173584,-3.134924305358984e-18,0.2819705387418011,0.0013398672815631905
8.625,0.5,1.2775298956950478,4.612800536947693e-18,0.279299919900856,0.0014387963977225723
8.75,0.5,1.2795815166817144,1.5181965126102875e-17,0.2766443848056721,0.0015425657643039544
8.875,0.5,1.2816136678949097,4.3933317853496263e-17,0.2740035966966109,0.0016512681758553995
9.0,0.5,1.2836265729397875,2.486019346633194e-17,0.2713772311023817,0.0017649927565783084
9.125,0.5,1.2856204471877413,3.2661736201577703e-18,0.26876497522333576,0.0018838249090511487
9.25,0.5,1.2875954984068565,-2.3951980593078202e-17,0.2661665273541338,0.0020078462753925904
9.375,0.5,1.2895519273472666,-2.5773204826021652e-17,0.2635815963427964,0.002137134710217441
9.5,0.5,1.291489928284264,-2.010154110423002e-17,0.26100990108340877,0.002271764264720834
9.625,0.5,1.2934096895218403,-2.6507477549758048e-17,0.258451170039991,0.0024118051812137913
9.75,0.5,1.295311393859143,-7.934304302901489e-17,0.2559051407992019,0.0025573238974261818
9.875,0.5,1.2971952190221985,-9.064924624713517e-17,0.2533715596497754,0.002708383059890929
10.0,0.5,1.299061338063091,-4.843946068668459e-17,0.2508501811867347,0.0028650415457257346
10.125,0.5,1.300909919728664,-3.791626870875554e-18,0.24834076793860047,0.0030273544921352816
10.25,0.5,1.3027411288006536,-3.311980830382156e-17,0.2458430900159359,0.0031953733329674722
10.375,0.5,1.3045551264091095,-4.315911909605156e-17,0.24335692477973642,0.0033691458416715953
10.5,0.5,1.3063520703207716,-1.5705256682246818e-17,0.24088205652826047,0.00354871618002394
10.625,0.5,1.3081321152040368,-8.113560004347637e-18,0.23841827620102587,0.00373412495200718
10.75,0.5,1.3098954128719986,2.971855164609349e-17,0.23596538109880946,0.003925409262253378
10.875,0.5,1.3116421125050022,5.677573128434662e-17,0.23352317461858754,0.0041226027784865985
11.0,0.5,1.313372360854037,8.315975824891913e-17,0.23109146600240046,0.0043257357974294365
11.125,0.5,1.3150863024262334,1.0105410453042346e-16,0.2286700700992579,0.0045348353136680074
11.25,0.5,1.3167840796536594,8.32252474088934e-17,0.22625880713924815,0.00474992509100189
11.375,0.5,1.3184658330465497,4.000641645147246e-17,0.2238575025190823,0.004971025735838494
11.5,0.5,1.320131701332038,3.6280998074760105e-17,0.22146598659836303,0.005198154772225476
11.625,0.5,1.3217818215794135,-1.0132673597799029e-17,0.21908409450593175,0.005431326718149255
11.75,0.5,1.3234163293128822,-2.7285528080431815e-17,0.2167116659556945,0.005670553162762454
11.875,0.5,1.325035358612759,1.6015165133181194e-18,0.214348545071347,0.005915842844237483
12.0,0.5,1.3266390422059722,4.881587817895403e-18,0.2119945802195075,0.006167201727977359
12.125,0.5,1.328227511546741,-5.165377834924358e-18,0.2096496238507523,0.0064246330849477735
12.25,0.5,1.3298008968882287,-3.7156382905250044e-17,0.2073135323481162,0.006688137569925998
12.375,0.5,1.3313593273459383,-2.8636948095798584e-17,0.20498616588263444,0.006957713299492286
12.5,0.5,1.3329029309535962,-3.694246422696938e-18,0.20266738827552097,0.007233355929617545
12.625,0.5,1.3344318347122224,-7.751233349153491e-18,0.2003570668666308,0.0075150587327272676
12.75,0.5,1.335946164633033,-1.3249450885619929e-17,0.1980550723888474,0.00780281267414539
12.875,0.5,1.3374460457748232,-4.215686486980061e-19,0.19576127884807476,0.00809660648784332
13.0,0.5,1.338931602276399,2.95448641971469e-17,0.19347556340852112,0.008396426751438249
13.125,0.5,1.3404029573846183,2.236657332220253e-17,0.19119780628298136,0.008702257960401123
13.25,0.5,1.3418602334785465,-8.613457327396924e-18,0.18892789062786497,0.00901408260144867
13.375,0.5,1.3433035520902101,-5.047120518067301e-18,0.18666570244269998,0.009331881225104725
13.5,0.5,1.3447330339223773,-3.06430502398352e-17,0.1844111304738603,0.009655632517425105
13.625,0.5,1.346148798863784,-4.1495754942348513e-17,0.1821640661223091,0.009985313370886316
13.75,0.5,1.3475509660021447,-3.9364703602546505e-17,0.179924403355149,0.010320898954442341
13.875,0.5,1.348939653635307,-5.520795669792193e-17,0.1776920386207504,0.010662362782755659
14.0,0.5,1.3503149792808264,-5.037346536724428e-17,0.17546687076729492,0.011009676784608156
14.125,0.5,1.3516770596842342,-6.231292328956893e-17,0.17324880096456258,0.011362811370495808
14.25,0.5,1.3530260108262249,-6.870375159478612e-17,0.17103773262878036,0.011721735499407289
14.375,0.5,1.3543619479289681,-4.149438953631791e-17,0.16883357135038765,0.01208641674478174
14.5,0.5,1.355684985461715,-2.0979286324560834e-17,0.16663622482458643,0.012456821359634999
14.625,0.5,1.356995237145839,6.335918994378792e-18,0.1644456027845198,0.012832914340836698
14.75,0.5,1.3582928159594414,4.183583833000838e-17,0.16226161693698396,0.013214659492513412
14.875,0.5,1.359577834141606,4.794038284087767e-17,0.16008418090054835,0.013602019488545272
15.0,0.5,1.3608504031963795,1.52229076965756e-17,0.15791321014595644,0.013994955934116043
15.125,0.5,1.3621106338965443,-4.910455802911085e-18,0.15574862193874434,0.01439342942626913
15.25,0.5,1.3633586362872028,2.8187035871432387e-17,0.15359033528395502,0.014797399613415314
15.375,0.5,1.3645945196892164,2.7992519831622634e-17,0.1514382708728823,0.015206825253731638
15.5,0.5,1.3658183927024947,1.1914039775207832e-17,0.1492923510317519,0.01562166427238589
15.625,0.5,1.3670303632091425,-2.4393676715878362e-17,0.14715249967226207,0.01604187381751673
15.75,0.5,1.3682305383764575,-1.4163766143692835e-17,0.14501864224392702,0.016467410314896694
15.875,0.5,1.3694190246597642,1.9757008956942885e-17,0.1428907056881374,0.016898229521203526
16.0,0.5,1.3705959278050621,3.970260425139841e-17,0.1407686183938911,0.01733428657582513
16.125,0.5,1.3717613528514725,4.95606997544788e-17,0.1386523101551208,0.01777553605112448
16.25,0.5,1.3729154041334586,5.2951676995043136e-17,0.13654171212956284,0.018221932001093448
16.375,0.5,1.3740581852827969,3.6629843496168085e-17,0.13443675679912281,0.01867342800832832
16.5,0.5,1.3751897992302855,4.3572035542923095e-18,0.1323373779316646,0.01912997722926541
16.625,0.5,1.3763103482071615,-4.173413592107456e-17,0.1302435105441854,0.01959153243762141
16.75,0.5,1.3774199337462247,-1.877361660534175e-17,0.12815509086731958,0.02005804606599106
16.875,0.5,1.3785186566826506,1.598637584793987e-17,0.12607205631112295,0.020529470245563564
17.0,0.5,1.3796066171544903,-1.9750729502664003e-17,0.1239943454320968,0.021005756843928868
17.125,0.5,1.3806839146028569,-3.007201723481388e-17,0.1219218979013885,0.02148685750095542
17.25,0.5,1.3817506477717987,-3.2340124562885296e-17,0.119854654474133,0.021972723662732136
17.375,0.5,1.3828069147078772,-2.8893294690131484e-17,0.11779255695989911,0.022463306613578784
17.5,0.5,1.3838528127594558,-1.1472411952499473e-17,0.11573554819417554,0.02295855750614087
17.625,0.5,1.3848884385757256,-2.5413067033509965e-17,0.11368357201086779,0.02345842738959662
17.75,0.5,1.3859138881054889,-6.063948025393287e-18,0.11163657321576284,0.02396286723601572
17.875,0.5,1.3869292565957214,2.865471892887154e-17,0.10959449756091956,0.024471827964920347
18.0,0.5,1.3879346385899598,2.083962223591882e-17,0.10755729171994369,0.02498526046611019
18.125,0.5,1.3889301279265318,-1.2082465938763506e-17,0.10552490326410788,0.025503115620823216
18.25,0.5,1.3899158177366788,2.814245203949514e-17,0.1034972806392894,0.0260253443213131
18.375,0.5,1.3908918004425952,7.188732471758567e-17,0.10147437314366511,0.026551897488932837
18.5,0.5,1.391858167755441,3.640940843602629e-17,0.0994561309061728,0.027082726090821026
18.625,0.5,1.3928150106733466,3.979384277980427e-18,0.09744250486564712,0.0276177811552937
18.75,0.5,1.3937624194794724,-5.2656494331113526e-18,0.0954334467506691,0.02815701378604887
18.875,0.5,1.394700483740137,-1.412900745974503e-17,0.09342890906000392,0.02870037517529493
19.0,0.5,1.3956292923030842,-2.0231364622165596e-17,0.09142884504374851,0.029247816615915488
19.125,0.5,1.3965489332958736,8.635820224695563e-19,0.0894332086849132,0.029799289512784356
19.25,0.5,1.3974594941245149,2.4569353433526722e-18,0.08744195468182184,0.030354745393343187
19.375,0.5,1.3983610614722375,1.7365916870055532e-17,0.08545503843063612,0.030914135917552564
19.5,0.5,1.3992537212986456,2.3773964847869814e-17,0.08347241600905987,0.031477412887323405
19.625,0.5,1.400137558838938,2.0556514225424768e-17,0.08149404415949775,0.0320445282555313
19.75,0.5,1.4010126586037512,-6.071770654951077e-18,0.07951988027432222,0.03261543413471018
19.875,0.5,1.4018791043788015,6.286641826590854e-18,0.0775498823790292,0.03319008280551508
20.0,0.5,1.4027369792256816,1.632178449599372e-17,0.0755840091198897,0.03376842672503571
20.125,0.5,1.403586365481683,2.0728237736681675e-17,0.07362221974561306,0.03435041853503419
20.25,0.5,1.4044273447620483,2.3136350910319113e-17,0.07166447409956146,0.0349360110701704
20.375,0.5,1.4052599979592881,8.422804372297249e-18,0.06971073259633423,0.035525157366269586
20.5,0.5,1.406084405248026,4.6695425003371e-17,0.06776095622407109,0.036117810668675296
20.625,0.5,1.4069006460820204,4.1236764442285764e-17,0.06581510650706542,0.036713924440722176
20.75,0.5,1.4077087992044235,1.4699049108058414e-17,0.06387314553208288,0.03731345237234957
20.875,0.5,1.4085089426379955,1.2358741998492596e-17,0.0619350358749194,0.03791634838887211
21.0,0.5,1.409301153707801,2.1267266824897903e-18,0.06000074068551423,0.03852256665990368
21.125,0.5,1.4100855090134,1.726274736153716e-17,0.05807022352340293,0.039132061608436776
21.25,0.5,1.410862084481515,4.193474304516921e-17,0.05614344858856438,0.039744787920045994
21.375,0.5,1.4116309552922874,1.8660619251967685e-17,0.05422038032838089,0.04036070055221344
21.5,0.5,1.4123921960056771,6.0516553831464656e-18,0.05230098403127962,0.04097975474370587
21.625,0.5,1.413145880372288,-1.313773374151874e-17,0.050385224862508064,0.04160190602402203
21.75,0.5,1.4138920816425022,-2.3765993621220555e-17,0.0484730693621525,0.04222711022276983
21.875,0.5,1.41463087208887,-2.013119903820086e-17,0.04656448305518603,0.04285532347906997
22.0,0.5,1.4153623237690396,-3.618766413724467e-17,0.04465943420462572,0.04348650225069407
22.125,0.5,1.4160865073292106,-2.5408930320467635e-17,0.042757887866401285,0.04412060332324794
22.25,0.5,1.416803493893173,5.097175434708786e-19,0.04085981526357436,0.04475758381875096
22.375,0.5,1.4175133520777714,4.2464404614334543e-17,0.03896517898722516,0.04539740120446225
22.5,0.5,1.418216152667444,3.8109709694378357e-17,0.037073956364539425,0.0460400133004392
22.625,0.5,1.4189119612005217,-1.4160128474291732e-18,0.0351861026579613,0.046685378287989084
22.75,0.5,1.4196008494835484,-4.1998635361139805e-17,0.03330160917705032,0.0473334547154305
22.875,0.5,1.4202828773014813,-7.387326500253519e-17,0.031420412049186545,0.047984201506342916
23.0,0.5,1.4209581204582473,-1.0588650662603886e-16,0.02954253607402451,0.048637577962071965
23.125,0.5,1.4216266263221833,-8.576443825529953e-17,0.027667870147164025,0.04929354376979487
23.25,0.5,1.4222884803391644,-4.762601983670747e-17,0.025796519845074365,0.04995205899928089
23.375,0.5,1.4229437017259245,-3.596783054360328e-17,0.023928263227896145,0.050613084107259
23.5,0.5,1.4235923914278164,-2.4635031251277812e-17,0.022063395530710288,0.0512765799278306
23.625,0.5,1.424234508836373,-1.5302939423876473e-17,0.020201458131790095,0.051942507644617185
23.75,0.5,1.424870144827408,3.293395471388717e-18,0.01834315256868772,0.05261082880622886
23.875,0.5,1.4254991712609915,1.0044787885063447e-17,0.016487640978061234,0.053281505088848324
24.0,0.5,1.4261213998526396,1.019888751742607e-17,0.01463625034069936,0.0539544986097145
24.125,0.5,1.4267368647193412,1.9227136151026828e-17,0.01278832552888652,0.05462977045025917
24.25,0.5,1.427343326465164,3.102799658294188e-17,0.010944515942595281,0.05530728310086272
24.375,0.5,1.4279435288779205,5.669685285019459e-17,0.009110804408024075,0.055986991723312986
24.5,0.5,1.4285224483281962,7.649019114382042e-17,0.007273228769515786,0.05666886042016974
24.625,0.5,1.4291037881416824,5.849476558362394e-17,0.005489608306322771,0.05735280853732894
24.75,0.5,1.4295926213019794,5.718341664438732e-17,0.0036326305793227165,0.0580387989379775
24.875,0.5,1.4301615733376167,5.247937639864797e-17,0.002106647505847581,0.058722705344577165
25.0,0.5,1.4301615733376167,0.0,0.0,0.058722705344577165
0.0,0.52,1.0,0.0,0.5902268870724391,0.0
0.125,0.52,1.0073046728402006,-0.001522277153904075,0.5902268870724391,1.1427029764360833e-13
0.25,0.52,1.0187643795568206,-0.001836262393652831,0.5756420257788382,1.4262484273334662e-12
0.375,0.52,1.0309862818628397,-0.002037111161331935,0.5670260656830096,9.842145002053695e-12
0.5,0.52,1.0437700909949523,-0.001838109435670984,0.550616693957991,4.4685205291855694e-11
0.625,0.52,1.0543992663399109,-0.0016631450153545323,0.5404923368801413,1.5624328110736592e-10
0.75,0.52,1.0643351611524925,-0.0014534570878943613,0.528379863663525,4.525318107549957e-10
0.875,0.52,1.0727387243980635,-0.0012949334002891782,0.5195061855018601,1.1432869093243227e-09
1.0,0.52,1.0804521071754778,-0.0011607155693240756,0.5105244957791752,2.599617400269827e-09
1.125,0.52,1.0873176120798265,-0.0010600837165282756,0.5030076436339279,5.4402492351138305e-09
1.25,0.52,1.0936973907675342,-0.0009791658100628629,0.49576757965371127,1.0640274537432147e-08
1.375,0.52,1.0995967531720852,-0.0009160070130425293,0.4892244233300222,1.9673561619677446e-08
1.5,0.52,1.105164701527223,-0.0008641513834710374,0.48296720120400666,3.468261565100847e-08
1.625,0.52,1.1104302675475641,-0.000821505696748493,0.47709098976970676,5.868473369786014e-08
1.75,0.52,1.115458804745327,-0.0007851940348463902,0.4714476268416499,9.58067343498945e-08
1.875,0.52,1.1202751306823489,-0.0007539758018539568,0.4660477546493748,1.5155324383183727e-07
2.0,0.52,1.1249117471158754,-0.0007265414935010197,0.4608321756010186,2.3309983869761865e-07
2.125,0.52,1.129386731418425,-0.0007022057773887389,0.4557925681439957,3.496118781066335e-07
2.25,0.52,1.1337187676047578,-0.0006803286801488252,0.45090125965916783,5.125798303080953e-07
2.375,0.52,1.137920876226298,-0.0006605175494545962,0.4461476288097534,7.361684998898193e-07
2.5,0.52,1.1420052294023797,-0.0006424268196303591,0.4415162312645987,1.0375709943273948e-06
2.625,0.52,1.1459814375920263,-0.0006258156698437866,0.4369978126055205,1.4373626712474363e-06
2.75,0.52,1.149858167680115,-0.0006104770581053124,0.4325823529815218,1.9598465245327232e-06
2.875,0.52,1.1536427265861846,-0.0005962527995358243,0.42826238145125417,2.6333844433803636e-06
3.0,0.52,1.1573416494153146,-0.0005830073939728058,0.42403069550927186,3.4907069897527833e-06
3.125,0.52,1.160960639289569,-0.0005706308822652205,0.41988133102533104,4.569196475246771e-06
3.25,0.52,1.1645048080048246,-0.00055902854974474,0.4158087768150652,5.9111376187059705e-06
3.375,0.52,1.1679787033756062,-0.0005481205843717725,0.4118082336874759,7.5639317183989235e-06
3.5,0.52,1.1713864238413814,-0.0005378376255735955,0.407875321103731,9.580270512429527e-06
3.625,0.52,1.1747316592971124,-0.0005281198193289829,0.40400612592525287,1.2018267246715598e-05
3.75,0.52,1.1780177548260888,-0.0005189146552075402,0.4001970784306351,1.4941543058570956e-05
3.875,0.52,1.1812477468079743,-0.0005101760942400626,0.3964449435257161,1.8419267888741593e-05
4.0,0.52,1.1844244031181816,-0.0005018633842207129,0.3927467593776741,2.2526155815188515e-05
4.125,0.52,1.1875502516966274,-0.0004939403844889937,0.3890998166241901,2.7342415580687346e-05
4.25,0.52,1.1906276081931937,-0.00048637484744703277,0.38550162281996425,3.295365770399711e-05
4.375,0.52,1.193658597943385,-0.00047913792199155437,0.3819498822854474,3.9450760218708714e-05
4.5,0.52,1.1966451760576382,-0.000472203683485254,0.3784424728157412,4.6929695558897904e-05
4.625,0.52,1.1995891443103848,-0.00046554877262216924,0.37497742894931163,5.549132154821152e-05
4.75,0.52,1.2024921662677142,-0.00045915207126243855,0.37155292543466695,6.524113975313019e-05
4.875,0.52,1.205355780383513,-0.0004529944384877589,0.3681672639386394,7.62890247014662e-05
5.0,0.52,1.2081814116748018,-0.0004470584786504272,0.3648188607257394,8.87489276056531e-05
5.125,0.52,1.210970381999857,-0.00044132834624734145,0.3615062362005602,0.00010273855830393816
5.25,0.52,1.2137239192372897,-0.00043578957547118054,0.3582280054468982,0.00011837904913007224
5.375,0.52,1.216443165454318,-0.0004304289340130986,0.3549828699743994,0.00013579460436540192
5.5,0.52,1.2191291842321827,-0.0004252342952449713,0.35176961030557335,0.000155112138816919
5.625,0.52,1.2217829672365426,-0.00042019452720569564,0.34858707941026557,0.00017646090891530416
5.75,0.52,1.2244054401391329,-0.00041529939517630124,0.3454341968085784,0.00019997213954306653
5.875,0.52,1.2269974679631495,-0.00041053947629351593,0.34230994329777753,0.0002257786495947686
6.0,0.52,1.2295598599251376,-0.0004059060842377445,0.33921335620205767,0.00025401447904457934
6.125,0.52,1.232093373829812,-0.00040139120273102876,0.33614352509528583,0.0002848145200583932
6.25,0.52,1.234598720070062,-0.0003969874265438126,0.3330995879322436,0.00031831415444337057
6.375,0.52,1.23707656527525,-0.00039268790904023107,0.33008072754532625,0.0003546488994822491
6.5,0.52,1.2395275356463713,-0.00038848631535609064,0.3270861684620696,0.00039395406395688267
6.625,0.52,1.2419522200108741,-0.00038437678048030204,0.3241151740091452,0.0004363644159287625
6.75,0.52,1.2443511726260938,-0.0003803538715905335,0.32116704367037513,0.00048201386361634456
6.875,0.52,1.246724915756339,-0.0003764125541052544,0.3182411106720045,0.0005310351504920556
7.0,0.52,1.2490739420456827,-0.00037254816098171076,0.3153367397710041,0.0005835595655173915
7.125,0.52,1.2513987167057214,-0.0003687563648624778,0.3124533252256705,0.000639716669243681
7.25,0.52,1.25369967953532,-0.00036503315272872237,0.3095902889300606,0.000699634036329456
7.375,0.52,1.2559772467873476,-0.000361374802769369,0.3067470786962078,0.0007634370148632466
7.5,0.52,1.2582318128957333,-0.0003577778632140597,0.3039231666698603,0.0008312485027328127
7.625,0.52,1.2604637520746873,-0.0003542391329152641,0.3011180478672013,0.0009031887411481069
7.75,0.52,1.2626734198006653,-0.0003507556434916527,0.29833123882140933,0.0009793751253049227
7.875,0.52,1.264861154186559,-0.00034732464287245664,0.29556227632918114,0.0010599220320685887
8.0,0.52,1.2670272772566322,-0.00034394358010164536,0.29281071628840005,0.0011449406644613565
8.125,0.52,1.269172096129881,-0.0003406100912762647,0.2900761326190892,0.001234538912652473
8.25,0.52,1.2712959041187286,-0.0003373219865133695,0.2873581162605905,0.0013288212310754546
8.375,0.52,1.2733989817493647,-0.0003340772378485114,0.28465627423862494,0.0014278885312319816
8.5,0.52,1.2754815977094067,-0.00033087396798122754,0.2819702287965242,0.0015318380896854134
8.625,0.52,1.2775440097280633,-0.0003277104397930788,0.2792996165854579,0.0016407634706983856
8.75,0.52,1.2795864653935658,-0.00032458504657268105,0.27664408790896344,0.001754754462927871
8.875,0.52,1.2816092029121546,-0.0003214963028893453,0.2740033060175315,0.0018738970295567728
9.0,0.52,1.2836124518126262,-0.0003184428360635503,0.27137694644933474,0.0019982732712132056
9.125,0.52,1.2855964336000871,-0.0003154233781889523,0.2687646964135767,0.002127961401006666
9.25,0.52,1.2875613623622948,-0.00031243675866476705,0.26616625421320567,0.0022630357309939503
9.375,0.52,1.2895074453317166,-0.00030948189720394077,0.26358132870400564,0.0024035666693765067
9.5,0.52,1.2914348834062115,-0.0003065577972839331,0.261009638787345,0.002549620727724744
9.625,0.52,1.2933438716310484,-0.0003036635400101604,0.25845091293407896,0.002701260537523157
9.75,0.52,1.2952345996447718,-0.0003007982783675936,0.2559048887372899,0.0028585448753328468
9.875,0.52,1.2971072520912947,-0.00029796123183483845,0.25337131249175293,0.003021528695874662
10.0,0.52,1.2989620090004088,-0.00029515168133932665,0.2508499387981799,0.0031902631723466145
10.125,0.52,1.3007990461387893,-0.0002923689645312142,0.2483405301904498,0.003364795743303075
10.25,0.52,1.302618535333422,-0.000289612471358224,0.24584285678418372,0.0035451701654403028
10.375,0.52,1.3044206447692737,-0.0002868816399224638,0.2433566959451503,0.0037314265716529025
10.5,0.52,1.3062055392628937,-0.0002841759526021999,0.2408818319761215,0.003923601533748503
10.625,0.52,1.3079733805135487,-0.00028149493242277644,0.23841805582088446,0.004121728129233166
10.75,0.52,1.3097243273333767,-0.00027883813966178426,0.23596516478425922,0.0043258360116074845
10.875,0.52,1.3114585358579587,-0.0002762051686757531,0.2335229622670553,0.004535951483642817
11.0,0.52,1.313176159738634,-0.00027359564493368844,0.23109125751494927,0.004752097573138172
11.125,0.52,1.3148773503177886,-0.00027100922224816774,0.22866986538040404,0.0049742941106910845
11.25,0.52,1.3165622567882844,-0.000268445580192553,0.22625860609679074,0.005202557809049401
11.375,0.52,1.318231026338141,-0.0002659044216943399,0.2238573050639427,0.00543690234364577
11.5,0.52,1.3198838042815053,-0.0002633854707967914,0.2214657926444353,0.005677338433951566
11.625,0.52,1.3215207341769142,-0.0002608884705797812,0.21908390396994326,0.005923873925322391
11.75,0.52,1.3231419579337718,-0.00025841318123373227,0.21671147875707367,0.0061765138710423865
11.875,0.52,1.3247476159079603,-0.0002559593782785506,0.21434836113210048,0.006435260614309015
12.0,0.52,1.326337846987428,-0.0002535268509215595,0.2119943994641039,0.006700113869933667
12.125,0.52,1.32791278866857,-0.0002511154005483631,0.20964944620601386,0.006971070805565741
12.25,0.52,1.3294725771241762,-0.0002487248393398023,0.20731335774311593,0.0072481261222786435
12.375,0.52,1.3310173472636935,-0.0002463549890101126,0.20498599424860042,0.007531272134385153
12.5,0.52,1.3325472327864947,-0.00024400567965995675,0.20266721954574468,0.007820498848376357
12.625,0.52,1.3340623662288187,-0.00024167674873759425,0.2003569009763822,0.008115794040903127
12.75,0.52,1.3355628790050222,-0.00023936804010356145,0.1980549092752938,0.008417143335741187
12.875,0.52,1.3370489014437226,-0.00023707940319252205,0.19576111845020502,0.008724530279700339
13.0,0.52,1.3385205628193904,-0.00023481069226546027,0.19347540566707325,0.00903793641745572
13.125,0.52,1.3399779913799157,-0.00023256176574739472,0.19119765114037546,0.009357341365292886
13.25,0.52,1.341421314370627,-0.00023033248564433535,0.18892773802813845,0.009682722883770626
13.375,0.52,1.342850658055212,-0.00022812271703252855,0.18666555233144633,0.01001405694931421
13.5,0.52,1.3442661477339442,-0.00022593232761652747,0.1844109827981727,0.010351317824758424
13.625,0.52,1.3456679077596048,-0.000223761187347153,0.18216392083072486,0.010694478128863994
13.75,0.52,1.3470560615514264,-0.00022160916809564079,0.17992426039759865,0.011043508904832659
13.875,0.52,1.3484307316073672,-0.0002194761433786795,0.17769189794850804,0.011398379687846117
14.0,0.52,1.3497920395150067,-0.00021736198812753494,0.17546673233293225,0.011759058571651722
14.125,0.52,1.3511401059612804,-0.00021526657849661984,0.1732486647219041,0.01212551227421411
14.25,0.52,1.3524750507412817,-0.00021318979170717721,0.17103759853286096,0.012497706202446468
14.375,0.52,1.3537969927663083,-0.0002111315059205856,0.168833439357413,0.012875604516028748
14.5,0.52,1.3551060500713124,-0.00020909160013683032,0.1666360948918936,0.01325917019031255
14.625,0.52,1.3564023398218747,-0.0002070699541142366,0.16444547487054112,0.013648365078304305
14.75,0.52,1.3576859783208155,-0.00020506644830626392,0.1622614910012123,0.01404314997170989
14.875,0.52,1.358957081014522,-0.00020308096381219942,0.16008405690350216,0.014443484661015056
15.0,0.52,1.3602157624990618,-0.0002011133823380201,0.1579130880491481,0.014849327994567665
15.125,0.52,1.3614621365261153,-0.00019916358616461913,0.15574850170464893,0.015260637936619529
15.25,0.52,1.362696316008764,-0.00019723145812131605,0.15359021687598037,0.015677371624278222
15.375,0.52,1.3639184130271484,-0.00019531688156230797,0.15143815425534013,0.01609948542331268
15.5,0.52,1.3651285388340046,-0.00019341974034325224,0.14929223616983003,0.01652693498275066
15.625,0.52,1.366326803860061,-0.00019153991879772845,0.14715238653199775,0.016959675288201855
15.75,0.52,1.367513317719295,-0.00018967730171225465,0.14501853079218074,0.01739766071383734
15.875,0.52,1.3686881892140226,-0.00018783177429846574,0.1428905958925682,0.017840845072954182
16.0,0.52,1.3698515263398043,-0.0001860032221621885,0.14076851022293246,0.018289181667054098
16.125,0.52,1.3710034362901402,-0.00018419153126891414,0.138652203577957,0.01874262333336593
16.25,0.52,1.3721440254609285,-0.00018239658790598519,0.13654160711610677,0.019201122490744578
16.375,0.52,1.3732733994546675,-0.00018061827864149574,0.13443665331999394,0.019664631183883164
16.5,0.52,1.3743916630843698,-0.00017885649028001407,0.13233727595816833,0.02013310112578079
16.625,0.52,1.3754989203771832,-0.00017711110981605851,0.13024341004829204,0.02060648373841475
16.75,0.52,1.376595274577696,-0.00017538202438530098,0.1281549918216457,0.0210847301915743
16.875,0.52,1.3776808281509059,-0.00017366912121513604,0.12607195868891136,0.02156779143982204
17.0,0.52,1.3787556827848715,-0.00017197228757441299,0.12399424920719954,0.022055618257558585
17.125,0.52,1.3798199393930124,-0.00017029141072306562,0.12192180304824804,0.02254816127217733
17.25,0.52,1.380873698116095,-0.00016862637786394763,0.11985456096776556,0.023045370995306666
17.375,0.52,1.3819170583238842,-0.00016697707609583255,0.11779246477587903,0.023547197852149038
17.5,0.52,1.3829501186164923,-0.0001653433923691699,0.11573545730861848,0.02405359220893769
17.625,0.52,1.3839729768254414,-0.00016372521344601378,0.1136834824004166,0.024564504398543695
17.75,0.52,1.384985730014454,-0.00016212242586291674,0.11163648485757204,0.025079884744277543
17.875,0.52,1.3859884744800106,-0.00016053491589924581,0.10959441043264212,0.02559968358194032
18.0,0.52,1.3869813057516882,-0.00015896256955077507,0.10755720579971684,0.026123851280190583
18.125,0.52,1.387964318592338,-0.00015740527250857062,0.10552481853054052,0.02665233825930244
18.25,0.52,1.3889376069981063,-0.00015586291014381198,0.10349719707144991,0.02718509500839962
18.375,0.52,1.3899012641983626,-0.00015433536749912097,0.10147429072106845,0.027722072101258124
18.5,0.52,1.39085538265556,-0.00015282252928608682,0.09945604960877019,0.028263220210776856
18.625,0.52,1.3918000540650624,-0.0001513242798887512,0.09744242467381403,0.02880849012222139
18.75,0.52,1.392735369354999,-0.00014984050337421857,0.09543336764519493,0.029357832745350015
18.875,0.52,1.3936614186861525,-0.00014837108350851486,0.09342883102208162,0.029911199125534582
19.0,0.52,1.3945782914519518,-0.000146915903779344,0.09142876805496498,0.03046854045398958
19.125,0.52,1.3954860762785564,-0.00014547484742297677,0.08943313272723938,0.03102980807722348
19.25,0.52,1.3963848610251552,-0.00014404779745887924,0.0874418797376038,0.031594953505824974
19.375,0.52,1.3972747327843542,-0.000142634636725102,0.08545496448258592,0.03216392842269408
19.5,0.52,1.3981557778829254,-0.0001412352479247031,0.0834723430402475,0.03273668469082392
19.625,0.52,1.3990280818825713,-0.00013984951366490867,0.08149397215334182,0.03331317436073462
19.75,0.52,1.3998917295812916,-0.00013847731651676494,0.07951980921458317,0.03389334967765327
19.875,0.52,1.4007468050144902,-0.00013711853905047018,0.0775498122497997,0.03447716308852792
20.0,0.52,1.4015933914572174,-0.00013577306391532545,0.07558393990559037,0.035064567248954785
20.125,0.52,1.402431571425383,-0.0001344407738536951,0.07362215143097933,0.03565551503008834
20.25,0.52,1.4032614266793737,-0.0001331215518224347,0.0716644066696451,0.036249959525596294
20.375,0.52,1.404083038224683,-0.00013181528094551061,0.06971066603648361,0.03684785405870803
20.5,0.52,1.404896486318043,-0.00013052184473369804,0.06776089051994356,0.037449152189400634
20.625,0.52,1.4057018504656744,-0.0001292411268805756,0.06581504164459065,0.03805380772174661
20.75,0.52,1.406499209434765,-0.0001279730117258299,0.0638730814975034,0.03866177471145156
20.875,0.52,1.407288641244814,-0.00012671738365778213,0.061934972654709784,0.03927300747357709
21.0,0.52,1.4080702231915037,-0.00012547412818881236,0.06000067826649223,0.039887460590469964
21.125,0.52,1.4088440318198967,-0.00012424313037611315,0.05807016189253742,0.04050508891985134
21.25,0.52,1.409610142978271,-0.0001230242774310394,0.05614338773326248,0.04112584760310259
21.375,0.52,1.4103686317452013,-0.0001218174546899038,0.05422032023601688,0.04174969207363012
21.5,0.52,1.4111195725572285,-0.00012062255206461865,0.052300924689922416,0.04237657806541444
21.625,0.52,1.4118630390201645,-0.00011943945388403443,0.05038516625974977,0.043006461621475534
21.75,0.52,1.412599104219867,-0.00011826805495826526,0.0484730114869373,0.043639299102562853
21.875,0.52,1.4133278402443579,-0.000117108235066085,0.04656442589488127,0.044275047195445984
22.0,0.52,1.414049318949435,-0.00011595989906271145,0.044659377749607626,0.04491366292165217
22.125,0.52,1.4147636107600667,-0.000114822912830124,0.04275783210270765,0.0455551036451425
22.25,0.52,1.4154707865648546,-0.00011369720356044536,0.04085976018439633,0.046199327081157815
22.375,0.52,1.416170914725072,-0.00011258259862587944,0.03896512457441485,0.0468462913024808
22.5,0.52,1.4168640657616804,-0.00011147907690375762,0.03707390261745389,0.04749595474889533
22.625,0.52,1.4175503049242886,-0.00011038636129826658,0.03518604954665709,0.04814827623030113
22.75,0.52,1.4182297037361962,-0.00010930455203490142,0.03330155671505655,0.0488032149384697
22.875,0.52,1.4189023216595593,-0.00010823308480500454,0.03142036017370256,0.049460730442613426
23.0,0.52,1.4195682342148153,-0.00010717234708176228,0.029542484831890585,0.050120782708357285
23.125,0.52,1.4202274884086097,-0.00010612095409258786,0.027667819381233368,0.05078333207304412
23.25,0.52,1.4208801694587818,-0.0001050799923744337,0.02579646968317403,0.05144833928685755
23.375,0.52,1.4215262961687214,-0.00010404558072969332,0.02392821322504263,0.052115765426112085
23.5,0.52,1.4221659694950584,-0.00010302067127780843,0.022063346031294385,0.05278557200867233
23.625,0.52,1.4227991483232023,-0.00010199308155690073,0.020201407731683413,0.05345772068839591
23.75,0.52,1.423425924463157,-0.00010097185536253997,0.018343102321721788,0.05413217366331231
23.875,0.52,1.424046168955124,-9.991396622321938e-05,0.016487585908437952,0.05480889247880202
24.0,0.52,1.4246596982514625,-9.885440348122235e-05,0.014636194531811397,0.05548783979499398
24.125,0.52,1.4252665438114442,-9.76201204296522e-05,0.01278824890907656,0.05616897405695068
24.25,0.52,1.4258644889619834,-9.638207141737902e-05,0.010944438503093094,0.056852258381198284
24.375,0.52,1.4264562616346543,-9.433609633222929e-05,0.009110632549112534,0.0575376336718808
24.5,0.52,1.4270269647689862,-9.246731829444132e-05,0.0072730780577711105,0.058225068490208635
24.625,0.52,1.427600173148746,-8.634460353682674e-05,0.005488960550394597,0.05891440426142365
24.75,0.52,1.4280818496379148,-8.264114122701757e-05,0.0036322736951796674,0.059605651848789215
24.875,0.52,1.4286432499403277,-5.101353285380515e-05,0.0021030436103431933,0.06029413948499048
25.0,0.52,1.4286432499403277,0.0,0.0,0.06029413948499048
0.0,0.54,1.0,0.0,0.5905927649666928,0.0
0.125,0.54,1.0074543399337104,-0.0030618045864330926,0.5905927649666928,5.080413785627616e-13
0.25,0.54,1.0190779204433131,-0.0036841007491065056,0.5757129450044101,6.1870972123345075e-12
0.375,0.54,1.0313690052545073,-0.004081205535170847,0.5670696714895391,4.135115722365279e-11
0.5,0.54,1.044203844008951,-0.003679125517592349,0.5505614158446931,1.7932903545539287e-10
0.625,0.54,1.0548406924104892,-0.003327059975856028,0.5404438703731856,5.985892128561765e-10
0.75,0.54,1.0647799912387055,-0.0029068361284636485,0.5283230156901878,1.6559772827841871e-09
0.875,0.54,1.0731796796641573,-0.0025895710403860497,0.5194628222069674,4.006289088611224e-09
1.0,0.54,1.08089079908275,-0.0023211845784272315,0.5104876201238245,8.746079346661065e-09
1.125,0.54,1.0877543913980048,-0.0021200495096650907,0.5029796655562258,1.7620353301878163e-08
1.25,0.54,1.0941339142405515,-0.0019583367595132255,0.49574486449587424,3.325854357903548e-08
1.375,0.54,1.1000338979647004,-0.0018321211614595267,0.48920646470308127,5.947764954836442e-08
1.5,0.54,1.105603364132807,-0.0017284826378974954,0.48295229316878635,1.01614286246549e-07
1.625,0.54,1.1108709557573833,-0.001643243421343731,0.47707858019326327,1.669155748758563e-07
1.75,0.54,1.1159019291519114,-0.0015706547970248184,0.4714369488275663,2.649514954460095e-07
1.875,0.54,1.120720927329529,-0.0015082418177525584,0.4660384770568859,4.08067712902818e-07
2.0,0.54,1.1253603856697345,-0.0014533880188388948,0.4608239460757624,6.118457224619241e-07
2.125,0.54,1.129838301811663,-0.0014047256135687155,0.45578520184636184,8.955791734825255e-07
2.25,0.54,1.1341733192720338,-0.001360975862048595,0.45089458290781387,1.2827390553156745e-06
2.375,0.54,1.1383784161171429,-0.0013213545755512764,0.44614153473348456,1.8014293889173321e-06
2.5,0.54,1.142465735422552,-0.0012851710604475063,0.44151062535247837,2.48481242308885e-06
2.625,0.54,1.1464448578842745,-0.0012519440178919248,0.43699262880744527,3.371501249647404e-06
2.75,0.54,1.1503244244857393,-0.0012212594416102375,0.432577534301327,4.505904982969893e-06
2.875,0.54,1.1541117152247407,-0.0011928009866834367,0.42825788423906913,5.938523623478588e-06
3.0,0.54,1.1578132386514035,-0.001166297577876871,0.4240264822729223,7.726183358604955e-06
3.125,0.54,1.1614346700543543,-0.0011415292006858912,0.4198773712857377,9.932210541802992e-06
3.25,0.54,1.1649810925967472,-0.0011183062976457287,0.41580504426981924,1.2626539938823982e-05
3.375,0.54,1.1684570241787238,-0.0010964691150289272,0.41180470614701786,1.588575750135801e-05
3.5,0.54,1.1718665322962143,-0.0010758788000103377,0.4078719792628364,1.979307717344799e-05
3.625,0.54,1.1752132748278294,-0.0010564155235535317,0.40400295311477147,2.4438254129739905e-05
3.75,0.54,1.1785005639856778,-0.0010379741561868233,0.4001940600193512,2.9917436884110616e-05
3.875,0.54,1.1817314025546055,-0.0010204625294559498,0.3964420666838025,3.6332962443090364e-05
4.0,0.54,1.1849085243177284,-0.0010037990680665523,0.392744012748038,4.379309891330691e-05
4.125,0.54,1.1880344228259303,-0.0009879114419682614,0.3890971901365391,5.241174092385607e-05
4.25,0.54,1.1911113792762036,-0.0009727351301387257,0.3854991074905565,6.230806337464341e-05
4.375,0.54,1.1941414847089635,-0.0009582124282230769,0.38194747007893615,7.360613942943779e-05
4.5,0.54,1.1971266603246493,-0.0009442915083767199,0.37844015651346513,8.643452864243662e-05
4.625,0.54,1.200068674589012,-0.000930925696672922,0.37497520204804247,0.00010092584114012665
4.75,0.54,1.20296915856995,-0.0009180728239538389,0.37155078205531455,0.00011721628357150956
4.875,0.54,1.2058296192287614,-0.0009056946968882511,0.3681651987518351,0.00013544519232661719
5.0,0.54,1.2086514512769244,-0.0008937566327211787,0.3648168688862556,0.00015575455918010259
5.125,0.54,1.2114359476189664,-0.0008822270675021822,0.36150431329209537,0.00017828855415802003
5.25,0.54,1.2141843086792834,-0.0008710772135019356,0.35822614743376663,0.0002031930500047506
5.375,0.54,1.2168976507000044,-0.0008602807650386586,0.3549810731600769,0.00023061515220014608
5.5,0.54,1.219577013177819,-0.0008498136409926253,0.3517678712964284,0.0002607027380296986
5.625,0.54,1.2222233655274275,-0.0008396537609047949,0.34858539508405706,0.0002936040077716811
5.75,0.54,1.2248376130783274,-0.0008297808482557056,0.34543256428680824,0.00032946705063183315
5.875,0.54,1.2274206024778271,-0.00082017625785236,0.34230835992147085,0.0003684394276428238
6.0,0.54,1.229973126573858,-0.0008108228234179083,0.3392118195104096,0.00041066777335268373
6.125,0.54,1.2324959288348398,-0.000801704722875063,0.33614203280683297,0.00045629741776057585
6.25,0.54,1.234989707359875,-0.0007928073587354154,0.33309813792818177,0.0005054720296200277
6.375,0.54,1.2374551185234481,-0.0007841172516683064,0.3300793178547112,0.0005583332819217505
6.5,0.54,1.2398927802943522,-0.0007756219454425915,0.3270847972486439,0.0006150205400900713
6.625,0.54,1.2423032752627816,-0.0007673099217915745,0.3241138395595877,0.0006756705731790949
6.75,0.54,1.244687153405771,-0.0007591705239066897,0.32116574438378737,0.0007404172881359094
6.875,0.54,1.2470449346171626,-0.0007511938874829505,0.31823984505048764,0.0008093914870074365
7.0,0.54,1.2493771110253038,-0.0007433708783746176,0.31533550641118563,0.0008827206468032264
7.125,0.54,1.251684149118854,-0.000735693036066642,0.3124521228110729,0.0009605287215869484
7.25,0.54,1.2539664916987827,-0.0007281525222705141,0.30958911622420615,0.0010429359662524383
7.375,0.54,1.256224559672535,-0.0007207420740593875,0.30674593453638116,0.0011300587813439433
7.5,0.54,1.2584587537046648,-0.0007134549610338998,0.3039220499614469,0.00122200957820246
7.625,0.54,1.2606694557366056,-0.0007062849460790828,0.30111695757854506,0.0013188966636586347
7.75,0.54,1.2628570303869844,-0.0006992262493339733,0.29833017397912664,0.0014208241434455727
7.875,0.54,1.2650218262426633,-0.0006922735150434112,0.2955612360138836,0.0015278918434699642
8.0,0.54,1.2671641770496873,-0.0006854217810030713,0.2928096996307902,0.00164019524805552
8.125,0.54,1.2692844028123957,-0.0006786664503419227,0.2900751387963806,0.00175782545425695
8.25,0.54,1.2713828108081562,-0.0006720032654208097,0.28735714449322913,0.0018808691413343703
8.375,0.54,1.2734596965244425,-0.0006654282836493756,0.28465532378727776,0.0020094085544756658
8.5,0.54,1.2755153445243859,-0.0006589378550443475,0.28196929895931255,0.002143521501857078
8.625,0.54,1.2775500292463176,-0.0006525286013769093,0.2792987066954095,0.0022832813641391913
8.75,0.54,1.2795640157423471,-0.0006461973967717159,0.276643197331671,0.0024287571155059947
8.875,0.54,1.2815575603605727,-0.0006399413496338967,0.27400243414898856,0.0025800133553682226
9.0,0.54,1.2835309113751048,-0.0006337577857995375,0.2713760927139452,0.0027371103498684012
9.125,0.54,1.285484309567759,-0.0006276442328125418,0.2687638602623154,0.0029001040823436156
9.25,0.54,1.287417988764945,-0.0006215984052439071,0.26616543512191887,0.003069046311922766
9.375,0.54,1.2893321763329955,-0.0006156181909772236,0.2635805261718452,0.003243984639457796
9.5,0.54,1.2912270936349406,-0.0006097016383931156,0.26100885233531734,0.0034249625800129675
9.625,0.54,1.293102956451501,-0.0006038469443918982,0.25845014210370504,0.0036120196411624237
9.75,0.54,1.2949599753688747,-0.0005980524431978517,0.2559041330893659,0.003805191406374141
9.875,0.54,1.2967983561356997,-0.0005923165958951575,0.25337057160520327,0.004004509622787601
10.0,0.54,1.2986182999913976,-0.0005866379806486387,0.25084921226899365,0.00421000229272309
10.125,0.54,1.3004200039679819,-0.0005810152835643059,0.24833981763069943,0.004421693768292328
10.25,0.54,1.302203661167215,-0.0005754472901502477,0.2458421578211096,0.00463960484851325
10.375,0.54,1.303969461014907,-0.0005699328773404963,0.24335601022031664,0.004863752878365578
10.5,0.54,1.305717589494013,-0.0005644710060443672,0.24088115914462896,0.005094151849258975
10.625,0.54,1.307448229358043,-0.0005590607141908823,0.23841739555064076,0.005330812500421388
10.75,0.54,1.3091615603262432,-0.0005537011102347448,0.2359645167552999,0.005573742420751731
10.875,0.54,1.3108577592618504,-0.0005483913670990128,0.2335223261709116,0.005822946150718255
11.0,0.54,1.3125370003346775,-0.0005431307165265027,0.2310906330540585,0.006078425283921667
11.125,0.54,1.3141994551691882,-0.0005379184438148527,0.2286692522675604,0.006340178567979756
11.25,0.54,1.3158452929791247,-0.0005327538829167473,0.22625800405463195,0.006608202004428324
11.375,0.54,1.3174746806897213,-0.0005276364118846174,0.22385671382447062,0.0068824889473707565
11.5,0.54,1.3190877830484533,-0.0005225654486403415,0.22146521194856686,0.007163030200645641
11.625,0.54,1.3206847627252072,-0.0005175404470547123,0.21908333356708995,0.007449814113318154
11.75,0.54,1.3222657804027336,-0.0005125608933218497,0.21671091840474793,0.0077428266733360175
11.875,0.54,1.3238309948581615,-0.0005076263026142796,0.21434781059554583,0.008042051599224503
12.0,0.54,1.3253805630363578,-0.0005027362160049057,0.21199385851594818,0.008347470429726826
12.125,0.54,1.3269146401158158,-0.0004978901976434463,0.20964891462594218,0.00865906261132623
12.25,0.54,1.3284333795677707,-0.0004930878321757607,0.20731283531756445,0.00897680558361352
12.375,0.54,1.3299369332091755,-0.0004883287223938372,0.2049854807704673,0.00930067486248918
12.5,0.54,1.3314254512501313,-0.00048361248710364433,0.20266671481411874,0.009630644121211234
12.625,0.54,1.3328990823363507,-0.00047893875920141684,0.2003564047962856,0.00996668526932023
12.75,0.54,1.3343579735871889,-0.00047430718394437935,0.1980544214574417,0.010308768529489021
12.875,0.54,1.3358022706297246,-0.0004697174174054397,0.19576063881077677,0.010656862512359295
13.0,0.54,1.337232117629373,-0.0004651691251001123,0.19347493402749702,0.011010934289437588
13.125,0.54,1.3386476573174566,-0.000460661980773759,0.1911971873271255,0.011370949464131867
13.25,0.54,1.3400490310161255,-0.00045619566533773977,0.1889272818725432,0.011736872241014922
13.375,0.54,1.3414363786610015,-0.00045176986594233095,0.1866651036695058,0.012108665493403888
13.5,0.54,1.3428098388218688,-0.00044738427517674836,0.18441054147038669,0.012486290829345128
13.625,0.54,1.3441695487217267,-0.00044303859038279553,0.18216348668193047,0.012869708656091815
13.75,0.54,1.3455156442544574,-0.00043873251307186163,0.1799238332768149,0.013258878243157293
13.875,0.54,1.3468482600013627,-0.00043446574843666977,0.17769147770878949,0.013653757784021248
14.0,0.54,1.3481675292467805,-0.000430238004943931,0.17546631883122982,0.014054304456557733
14.125,0.54,1.3494735839929486,-0.00042604899400028215,0.17324825781893174,0.014460474482245265
14.25,0.54,1.3507665549743035,-0.0004218984296816975,0.17103719809296955,0.014872223184208612
14.375,0.54,1.3520465716713144,-0.00041778602851630804,0.16883304524846995,0.015289505044130954
14.5,0.54,1.353313762323983,-0.00041371150931375343,0.16663570698516808,0.01571227375806349
14.625,0.54,1.3545682539450887,-0.00040967459303054634,0.16444509304059385,0.01614048229114736
14.75,0.54,1.3558101723332459,-0.0004056750026663897,0.16226111512578914,0.016574082931251503
14.875,0.54,1.35703964208582,-0.000401712463184639,0.16008368686343458,0.01701302734151783
15.0,0.54,1.3582567866117394,-0.0003977867014486847,0.15791272372825582,0.017457266611794746
15.125,0.54,1.3594617281442118,-0.00039389744617021106,0.15574814298964648,0.017906751308929676
15.25,0.54,1.360654587753359,-0.0003900444278654906,0.15358986365638772,0.018361431525882158
15.375,0.54,1.3618354853587562,-0.00038622737881482375,0.15143780642339624,0.018821256929611514
15.5,0.54,1.3630045397418622,-0.0003824460330206421,0.1492918936204098,0.019286176807686354
15.625,0.54,1.3641618685583257,-0.00037870012616273005,0.1471520491625318,0.019756140113558515
15.75,0.54,1.365307588350128,-0.0003749893955490776,0.14501819850257774,0.020231095510440562
15.875,0.54,1.366441814557538,-0.0003713135800601382,0.14289026858514026,0.020710991413724306
16.0,0.54,1.367564661530857,-0.0003676724200852533,0.140768187802323,0.021195776031877972
16.125,0.54,1.3686762425418961,-0.000364065657450979,0.13865188595107103,0.021685397405761017
16.25,0.54,1.3697766697951823,-0.0003604930353423929,0.136541294192043,0.022179803446298937
16.375,0.54,1.3708660544388476,-0.00035695429821622384,0.13443634500998025,0.02267894197046517
16.5,0.54,1.3719445065751705,-0.0003534491917076676,0.132336972175498,0.02318276073552342
16.625,0.54,1.3730121352707667,-0.0003499774625325654,0.13024311070826378,0.023691207471490765
16.75,0.54,1.374069048566388,-0.00034653885838395806,0.12815469684150405,0.024204229911791122
16.875,0.54,1.3751153534863367,-0.00034313312782687774,0.12607166798779143,0.02472177582207757
17.0,0.54,1.3761511560474664,-0.00033976002019166793,0.12399396270607077,0.025243793027212802
17.125,0.54,1.3771765612677864,-0.00033641928546743156,0.12192152066986249,0.025770229436407645
17.25,0.54,1.378191673174659,-0.00033311067419802094,0.11985428263660686,0.026301033066529263
17.375,0.54,1.3791965948125977,-0.00032983393738111085,0.11779219041811342,0.026836152063601963
17.5,0.54,1.3801914282506897,-0.0003265888263731213,0.11573518685204774,0.027375534722535344
17.625,0.54,1.3811762745896468,-0.00032337509280063343,0.11368321577443218,0.027919129505126018
17.75,0.54,1.3821512339685142,-0.0003201924884793376,0.11163622199311243,0.028466885056390022
17.875,0.54,1.383116405571058,-0.000317040765342125,0.10959415126215005,0.02901875021929388
18.0,0.54,1.3840718876318647,-0.00031391967537832685,0.10755695025709909,0.029574674047961845
18.125,0.54,1.3850177774421806,-0.000310828970583059,0.1055245665511291,0.030134605819445992
18.25,0.54,1.385954171355523,-0.0003077684029179532,0.10349694859196484,0.03069849504415374
18.375,0.54,1.386881164793104,-0.00030473772428488307,0.10147404567958188,0.031266291475034194
18.5,0.54,1.3877988522490987,-0.00030173668651122947,0.09945580794467139,0.03183794511563027
18.625,0.54,1.3887073272957888,-0.0002987650413480525,0.09744218632777665,0.032413406227107776
18.75,0.54,1.3896066825886397,-0.0002958225404810004,0.09543313255914497,0.032992625334375504
18.875,0.54,1.3904970098713065,-0.0002929089355514409,0.09342859913916643,0.03357555323141227
19.0,0.54,1.391378399980662,-0.00029002397819148266,0.09142853931952379,0.034162140985915974
19.125,0.54,1.392250942851797,-0.00028716742006717946,0.08943290708477415,0.03475233994338936
19.25,0.54,1.393114727523141,-0.00028433901293678325,0.08744165713475219,0.03534610173077401
19.375,0.54,1.3939698421415667,-0.00028153850870934674,0.08545474486709392,0.035943378259740026
19.5,0.54,1.3948163739677362,-0.00027876565952644083,0.08347212636094466,0.036544121729733925
19.625,0.54,1.395654409381365,-0.0002760202178285125,0.0814937583601141,0.03714828463088027
19.75,0.54,1.3964840338869695,-0.0002733019364619125,0.07951959825835217,0.03775581974682645
19.875,0.54,1.3973053321192408,-0.00027061056873745433,0.07754960408249358,0.038366680157609356
20.0,0.54,1.3981183878494443,-0.0002679458685778971,0.07558373448012946,0.03898081924261749
20.125,0.54,1.3989232839906705,-0.00026530759053295847,0.07362194870124021,0.03959819068370637
20.25,0.54,1.3997201026053712,-0.0002626954900099432,0.0716642065904607,0.04021874846852427
20.375,0.54,1.4005089249097917,-0.0002601093231660867,0.06971046856358751,0.040842446894079815
20.5,0.54,1.4012898312838111,-0.00025754884733585585,0.06776069561000417,0.041469240570596665
20.625,0.54,1.4020629012727286,-0.00025501382060922587,0.06581484925510313,0.04209908442565095
20.75,0.54,1.4028282136022565,-0.0002525040027471768,0.06387289158690929,0.04273193370863775
20.875,0.54,1.4035858461731205,-0.00025001915397275293,0.06193478518215641,0.04336774399550659
21.0,0.54,1.4043358760883038,-0.0002475590371123049,0.060000493192164064,0.04400647119384753
21.125,0.54,1.405078379629136,-0.0002451234144201103,0.0580699791770812,0.04464807154816002
21.25,0.54,1.4058134323125049,-0.00024271205279359075,0.05614320733864657,0.04529250164551003
21.375,0.54,1.4065411088202668,-0.0002403247156899982,0.05422014212412071,0.045939718421164046
21.5,0.54,1.4072614831306256,-0.0002379611760377306,0.05230074882471548,0.04658967916475076
21.625,0.54,1.4079746283307082,-0.0002356211958751673,0.05038499260377988,0.0472423415259533
21.75,0.54,1.408680616932222,-0.00023330455852227285,0.04847284000681499,0.04789766352117907
21.875,0.54,1.4093795203924955,-0.00023101101746312222,0.04656425655249701,0.04855560353875376
22.0,0.54,1.4100714098882465,-0.00022874037668590063,0.044659210515882695,0.04921612034637266
22.125,0.54,1.4107563551103455,-0.00022649236237242044,0.04275766693556407,0.04987917309468752
22.25,0.54,1.411434426174974,-0.00022426682379442505,0.04085959706321686,0.050544721326560564
22.375,0.54,1.4121056906123983,-0.00022206341054921267,0.038964963444598814,0.05121272497656183
22.5,0.54,1.4127702180926693,-0.00021988207605506876,0.03707374347691198,0.05188314438497385
22.625,0.54,1.4134280729402255,-0.00021772226138778392,0.03518589230548275,0.05255594028711194
22.75,0.54,1.414079325774412,-0.00021558416400677097,0.033301401413761623,0.05323107383996366
22.875,0.54,1.4147240350336128,-0.00021346665122035197,0.03142020662406061,0.053908506585330994
23.0,0.54,1.415362275339952,-0.0002113704981221728,0.02954233317463826,0.05458820051007542
23.125,0.54,1.4159940925590349,-0.00020929293335458007,0.02766766914598039,0.05527011793801032
23.25,0.54,1.4166195711834157,-0.00020723613885721093,0.025796321254659183,0.0559542216824423
23.375,0.54,1.4172387287069041,-0.00020519236060073274,0.023928065272593894,0.056640474727860594
23.5,0.54,1.4178516660852165,-0.00020316753758453356,0.022063199593001716,0.057328840659157596
23.625,0.54,1.4184583405573024,-0.0002011373602687852,0.020201258611957696,0.058019282650051636
23.75,0.54,1.4190588467055474,-0.00019912002834844542,0.018342953699285316,0.05871176485614497
23.875,0.54,1.419653052751456,-0.00019702976964508027,0.016487422924748116,0.059406248779934244
24.0,0.54,1.4202407893371372,-0.0001949368936116613,0.01463602949306154,0.06010269868343476
24.125,0.54,1.4208220786204586,-0.00019249680820271052,0.012788021914394848,0.06080106648027498
24.25,0.54,1.4213947721867364,-0.00019005217825940085,0.010944209682675326,0.061501316774907014
24.375,0.54,1.4219615445293479,-0.00018600441014729918,0.00911012284067029,0.06220335405754353
24.5,0.54,1.4225078791315502,-0.00018232149524722966,0.007272634191233248,0.0629071567252915
24.625,0.54,1.423056935255772,-0.00017022151388620336,0.0054870403041727515,0.0636123676646767
24.75,0.54,1.4235173505201195,-0.00016296006534127446,0.0036312313577496233,0.06431911001070434
24.875,0.54,1.424056107703056,-0.0001006613074901647,0.0020923715007895257,0.06502132183543417
25.0,0.54,1.424056107703056,0.0,0.0,0.06502132183543417
0.0,0.56,1.0,0.0,0.5912071085018242,0.0
0.125,0.56,1.0077067448510497,-0.004635984769173199,0.5912071085018242,2.297646028425332e-12
0.25,0.56,1.0196059042528487,-0.005555001796229544,0.575829445045408,2.7166248331940187e-11
0.375,0.56,1.0320116469124503,-0.006139083132213758,0.5671409957564587,1.7533996314043032e-10
0.5,0.56,1.0449308325428874,-0.005525831659959689,0.5504680551992525,7.274549679127888e-10
0.625,0.56,1.0555798677733295,-0.00499246542902956,0.5403624408349325,2.324825923317034e-09
0.75,0.56,1.0655245610153667,-0.004360064729857046,0.5282279835153365,6.166575847371851e-09
0.875,0.56,1.0739177614632462,-0.003883649964442316,0.51939045934073,1.434322431374956e-08
1.0,0.56,1.081625216140254,-0.003481201668699236,0.5104261525532534,3.0183595365686405e-08
1.125,0.56,1.088485799083108,-0.0031798197543994066,0.5029330573785411,5.876781041657223e-08
1.25,0.56,1.0948650987466089,-0.0029375537809910235,0.4957070298035983,1.0744435307949207e-07
1.375,0.56,1.1007663224808757,-0.0027484802101640786,0.48917655444526426,1.8649763743194026e-07
1.5,0.56,1.1063385110505526,-0.0025931994309027367,0.48292746023901595,3.098036005083696e-07
1.625,0.56,1.1116096514661757,-0.0024654666842049296,0.4770579065497026,4.955902872820041e-07
1.75,0.56,1.116644832591298,-0.0023566665318858673,0.471419156718232,7.671629392379783e-07
1.875,0.56,1.1214684012918343,-0.0022631019324576653,0.46602301632133675,1.1536743466126854e-06
2.0,0.56,1.1261126771672234,-0.0021808543256453235,0.46081023008005145,1.6908311847727643e-06
2.125,0.56,1.130595519139166,-0.002107879047456945,0.4557729233868651,2.4215856774888154e-06
2.25,0.56,1.134935496873649,-0.002042260863210382,0.45088345287340487,3.396735179915341e-06
2.375,0.56,1.1391455106039492,-0.0019828261707281565,0.4461313753825368,4.675457416986615e-06
2.5,0.56,1.143237647481529,-0.0019285399401224527,0.4415012793386002,6.3257318569551065e-06
2.625,0.56,1.1472214306495967,-0.0018786810182657263,0.4369839862067148,8.424663194447766e-06
2.75,0.56,1.1511054497195194,-0.0018326285469635615,0.43256950019982443,1.1058679565757836e-05
2.875,0.56,1.154896931493547,-0.0017899080456126985,0.4282503859565047,1.4323616960958306e-05
3.0,0.56,1.1586023319820105,-0.001750112705379098,0.4240194573612931,1.8324678770695405e-05
3.125,0.56,1.162227271994186,-0.001712912271188191,0.41987076897997905,2.317628150854086e-05
3.25,0.56,1.1657767792246552,-0.0016780221086695763,0.41579882075434627,2.9001786807393146e-05
3.375,0.56,1.1692553144469469,-0.0016452022992063233,0.41179882445829313,3.5933131834316016e-05
3.5,0.56,1.1726668869194703,-0.0016142442831591152,0.4078664072400488,4.4110365150432375e-05
3.625,0.56,1.1760150952084467,-0.001584968074595756,0.40399766298925593,5.368110119877625e-05
3.75,0.56,1.179303191595558,-0.001557215777652067,0.40018902741716367,6.479990408428598e-05
3.875,0.56,1.1825341186107368,-0.001530848991351921,0.3964372702325994,7.762761406604788e-05
4.0,0.56,1.1857105498918632,-0.0015057452599663017,0.39273943352915525,9.233062864292273e-05
4.125,0.56,1.188834919327659,-0.0014817960557345663,0.38909281137547713,0.00010908015093462781
4.25,0.56,1.1919094493455893,-0.0014589046247355502,0.3854949142231629,0.00012805141679568118
4.375,0.56,1.1949361734832777,-0.0014369844986799735,0.3819434489212518,0.00014942291185525026
4.5,0.56,1.1979169570732795,-0.0014159580829125943,0.3784362954421616,0.00017337558844903223
4.625,0.56,1.2008535146841006,-0.0013957555703301143,0.3749714902316784,0.0002000920916262295
4.75,0.56,1.203747425768722,-0.001376313964365705,0.3715472097021405,0.0002297560022002946
4.875,0.56,1.2066001482335211,-0.0013575762818498875,0.368161756985743,0.00026255110381431313
5.0,0.56,1.209413030541129,-0.001339490850834702,0.36481354963745233,0.0002986606798397785
5.125,0.56,1.2121873223644133,-0.001322010718364277,0.36150110920505135,0.00033826684491270397
5.25,0.56,1.2149241840907323,-0.0013050931317781136,0.35822305178667985,0.00038154991488031036
5.375,0.56,1.217624695263147,-0.0012886990925425024,0.35497807979576496,0.0004286878180139868
5.5,0.56,1.2202898621279599,-0.00127279296508705,0.35176497456186984,0.0004798555494765794
5.625,0.56,1.2229206243773254,-0.0012573421360869035,0.3485825897778817,0.0005352246702687752
5.75,0.56,1.2255178611954858,-0.001242316714641437,0.3454298456132176,0.0005949628511922603
5.875,0.56,1.22808239668336,-0.0012276892688020801,0.342305723449873,0.0006592334617763704
6.0,0.56,1.2306150047372024,-0.0012134345926311217,0.3392092611398459,0.0007281952036048364
6.125,0.56,1.2331164134407535,-0.0011995295000649772,0.33613954873460233,0.000802001787054006
6.25,0.56,1.2355873090264582,-0.001185952641724329,0.33309572462205894,0.0008808016501029072
6.375,0.56,1.2380283394521532,-0.0011726843417983407,0.3300769720282995,0.0009647377175958641
6.5,0.56,1.24044011763523,-0.0011597064523032085,0.32708251583944414,0.0010539471991212884
6.625,0.56,1.242823224380392,-0.0011470022225451855,0.3241116197094368,0.001148561423510338
6.75,0.56,1.2451782110332912,-0.001134556181844756,0.32116358342136797,0.0012487057078487953
6.875,0.56,1.2475056018882364,-0.0011223540338990028,0.31823774047564723,0.0013544992588287858
7.0,0.56,1.2498058963750835,-0.0011103825613615831,0.315333455880849,0.0014660551042373112
7.125,0.56,1.25207957104743,-0.0010986295394339015,0.31245012412654943,0.0015834800523804617
7.25,0.56,1.254327081391819,-0.001087083657416032,0.3095871673197351,0.0017068746772698701
7.375,0.56,1.2565488634754574,-0.0010757344473232167,0.30674403346876306,0.0018363333274468195
7.5,0.56,1.2587453354480411,-0.0010645722187829847,0.3039201949006437,0.0019719441563845635
7.625,0.56,1.2609168989116064,-0.0010535879995384897,0.3011151467991373,0.0021137891724869926
7.75,0.56,1.263063940170866,-0.0010427734809689694,0.29832840585253567,0.002261944306788063
7.875,0.56,1.2651868313751677,-0.001032120968113006,0.2955595090012767,0.0024164794965483016
8.0,0.56,1.2672859315620748,-0.0010216233337423126,0.2928080122765969,0.0025774587830395836
8.125,0.56,1.2693615876115323,-0.0010112739760863563,0.2900734897223606,0.002744940421905076
8.25,0.56,1.2714141351186934,-0.0010010667798569536,0.28735553239303147,0.0029189770045760506
8.375,0.56,1.2734438991926345,-0.0009909960802611867,0.2846537474214511,0.0030996155893199843
8.5,0.56,1.2754511951875147,-0.0009810566297258514,0.2819677571507168,0.0032868978405839735
8.625,0.56,1.2774363293720534,-0.0009712435670871637,0.2792971983249982,0.003480860175383572
8.75,0.56,1.2793995995426564,-0.000961552389029484,0.27664172133460424,0.0036815339155694088
8.875,0.56,1.2813412955849894,-0.0009519789235785645,0.27400098951105667,0.0038889454448821875
9.0,0.56,1.2832616999883821,-0.0009425193054789833,0.27137467846826574,0.004103116369781123
9.125,0.56,1.2851610883170181,-0.000933169953304446,0.26876247548628684,0.004324063683101643
9.25,0.56,1.2870397296415204,-0.0009239275481627154,0.26616407893441063,0.004551799929665575
9.375,0.56,1.2888978869342236,-0.000914789013877338,0.2635791977305994,0.004786333373031272
9.5,0.56,1.2907358174311507,-0.0009057514985366636,0.26100755083454863,0.005027668162632462
9.625,0.56,1.2925537729634484,-0.000896812357312399,0.2584488667718817,0.0052758045006135075
9.75,0.56,1.2943520002608009,-0.0008879691364589179,0.2559028831871566,0.005530738807725064
9.875,0.56,1.2961307412291636,-0.0008792195584116468,0.25336934642357717,0.005792463887698638
10.0,0.56,1.2978902332049242,-0.0008705615079111955,0.2508480111274627,0.006060969089570869
10.125,0.56,1.2996307091874604,-0.00086199301908185,0.2483386398756852,0.0063362404674792315
10.25,0.56,1.3013523980518966,-0.0008535122634011411,0.2458410028244347,0.006618260937500065
10.375,0.56,1.303055524743702,-0.0008451175385019254,0.24335487737780045,0.0069070104311477415
10.5,0.56,1.304740310456655,-0.0008368072577484272,0.24088004787478526,0.007202466045200437
10.625,0.56,1.3064069727955647,-0.0008285799405370126,0.23841630529346744,0.007504602187563473
10.75,0.56,1.3080557259250258,-0.0008204342032725913,0.23596344697115293,0.007813390718925672
10.875,0.56,1.3096867807053938,-0.0008123687509776138,0.23352127633945502,0.008128801090007399
11.0,0.56,1.3113003448170453,-0.0008043823694936218,0.23108960267328704,0.008450800474241228
11.125,0.56,1.3128966228739323,-0.000796473918236469,0.22866824085288642,0.008779353895767136
11.25,0.56,1.3144758165273542,-0.00078864232347379,0.22625701113803368,0.00911442435266353
11.375,0.56,1.3160381245607797,-0.0007808865720951616,0.22385573895369373,0.009455972935373749
11.5,0.56,1.3175837429765156,-0.0007732057058450784,0.22146425468637862,0.009803958940323381
11.625,0.56,1.3191128650749626,-0.0007655988159943048,0.2190823934905798,0.010158339978758367
11.75,0.56,1.320625681527116,-0.0007580650384277111,0.21670999510467023,0.010519072080865275
11.875,0.56,1.3221223804409667,-0.0007506035491266113,0.2143469036757052,0.010886109795264672
12.0,0.56,1.3236031474223804,-0.0007432135600246868,0.21199296759261907,0.011259406283994735
12.125,0.56,1.3250681656310068,-0.0007358943152193265,0.20964803932732537,0.011638913413125965
12.25,0.56,1.326517615831745,-0.0007286450875206433,0.20731197528327405,0.012024581839167854
12.375,0.56,1.32795167644223,-0.0007214651753196983,0.20498463565104877,0.012416361091445682
12.5,0.56,1.3293705235768027,-0.0007143538997581321,0.20266588427059262,0.01281419965063886
12.625,0.56,1.3307743310873665,-0.0007073106021844472,0.20035558849971966,0.013218045023683006
12.75,0.56,1.3321632706015212,-0.0007003346418774007,0.19805361908854557,0.013627843815244354
12.875,0.56,1.3335375115583394,-0.000693425394020155,0.19575985005951896,0.014043541795979188
13.0,0.56,1.3348972212420893,-0.0006865822479093703,0.1934741585927442,0.01446508396779126
13.125,0.56,1.3362425648142173,-0.0006798046053822826,0.19119642491630084,0.014892414626297791
13.25,0.56,1.3375737053438634,-0.0006730918794451304,0.18892653220130332,0.015325477420709475
13.375,0.56,1.3388908038371485,-0.0006664434930849324,0.18666436646143394,0.015764215411322023
13.5,0.56,1.3401940192654362,-0.0006598588782523811,0.18440981645670312,0.016208571124806764
13.625,0.56,1.3414835085927947,-0.0006533374749960765,0.18216277360121777,0.01665848660747551
13.75,0.56,1.3427594268027927,-0.0006468787307338247,0.1799231318747564,0.0171139034766813
13.875,0.56,1.3440219269247948,-0.0006404820996489708,0.17769078773792144,0.017574762970501055
14.0,0.56,1.3452711600598721,-0.0006341470421923701,0.17546564005070533,0.018041005995829588
14.125,0.56,1.3465072754064331,-0.0006278730246790811,0.17324758999429676,0.018512573174997583
14.25,0.56,1.3477304202856355,-0.0006216595189673657,0.17103654099594803,0.01898940489100789
14.375,0.56,1.3489407401666829,-0.0006155060022047684,0.16883239865675947,0.019471441331466846
14.5,0.56,1.350138378692003,-0.0006094119566313898,0.16663507068224462,0.019958622531269496
14.625,0.56,1.3513234777023744,-0.0006033768694288945,0.16444446681552546,0.020450888414080354
14.75,0.56,1.3524961772619923,-0.0005974002326046823,0.16226049877305673,0.02094817883263483
14.875,0.56,1.3536566156834884,-0.0005914815429034216,0.16008308018275963,0.02145043360787097
15.0,0.56,1.3548049295528863,-0.0005856203017357097,0.15791212652443587,0.02195759256688722
15.125,0.56,1.3559412537544833,-0.0005798160151179015,0.15574755507239654,0.02246959557970901
15.25,0.56,1.357065721495618,-0.0005740681936170817,0.15358928484018763,0.02298638259483638
15.375,0.56,1.358178464331308,-0.00056837635229511,0.15143723652734384,0.023507893673535448
15.5,0.56,1.3592796121886934,-0.0005627400106473985,0.14929133246807913,0.024034069022829768
15.625,0.56,1.3603692933912752,-0.0005571586925335781,0.14715149658183604,0.02456484902714217
15.75,0.56,1.3614476346828892,-0.0005516319260965975,0.14501765432563749,0.025100174278534657
15.875,0.56,1.3625147612513626,-0.0005461592436702376,0.1428897326481562,0.02563998560549295
16.0,0.56,1.3635707967518325,-0.0005407401816723478,0.14076765994545265,0.026184224100202956
16.125,0.56,1.3646158633296706,-0.0005353742804846294,0.1386513660183091,0.02673283114426916
16.25,0.56,1.3656500816429833,-0.0005300610843194292,0.13654078203110748,0.027285748432829247
16.375,0.56,1.3666735708846491,-0.000524800141073087,0.13443584047220034,0.02784291799702563
16.5,0.56,1.3676864488038654,-0.0005195910021695348,0.13233647511570718,0.028404282224801524
16.625,0.56,1.3686888317271775,-0.0005144332223950852,0.13024262098469608,0.02896978387999825
16.75,0.56,1.369680834578984,-0.0005093263597255499,0.128154214315694,0.029539366119739917
16.875,0.56,1.370662570901482,-0.0005042699751487188,0.12607119252447715,0.030112972510102354
17.0,0.56,1.3716341528740643,-0.0004992636324849192,0.12399349417310143,0.03069054704007435
17.125,0.56,1.3725956913321555,-0.0004943068982075495,0.12192105893810752,0.0312720341338306
17.25,0.56,1.3735472957854904,-0.0004893993412668345,0.11985382757986951,0.03185737866134788
17.375,0.56,1.3744890744358507,-0.0004845405329183247,0.11779174191304795,0.03244652594740735
17.5,0.56,1.37542113419426,-0.00047973004655878676,0.11573474477807824,0.0330394217790376
17.625,0.56,1.376343580697663,-0.0004749674575727829,0.11368278001367549,0.03363601241146392
17.75,0.56,1.3772565183251135,-0.00047025234318936695,0.11163579243030368,0.03423624457264002
17.875,0.56,1.378160050213482,-0.0004655842823526844,0.10959372778457101,0.034840065466447294
18.0,0.56,1.379054278272728,-0.0004609628556083506,0.107556532754509,0.03544742277465636
18.125,0.56,1.3799393032007508,-0.00045638764500429124,0.1055241549156983,0.03605826465775216
18.25,0.56,1.3808152244978638,-0.0004518582340095466,0.10349654271821146,0.0366725397547308
18.375,0.56,1.3816821404809165,-0.00044737420744999664,0.10147364546431034,0.037290197181981094
18.5,0.56,1.3825401482971038,-0.00044293515146257825,0.09945541328691315,0.03791118653136715
18.625,0.56,1.3833893439374942,-0.0004385406534672789,0.09744179712873313,0.038535457867630775
18.75,0.56,1.3842298222503089,-0.00043419030215734243,0.09543274872213374,0.03916296172523321
18.875,0.56,1.385061676953983,-0.00042988368750570486,0.09342822056956786,0.03979364910475416
19.0,0.56,1.3858850006500625,-0.00042562040078997194,0.09142816592473045,0.04042747146896498
19.125,0.56,1.3866998848359118,-0.00042140003462964745,0.08943253877414102,0.04106438073868829
19.25,0.56,1.3875064199173541,-0.0004172221830459656,0.08744129381955094,0.04170432928855215
19.375,0.56,1.3883046952211242,-0.000413086441520542,0.08545438646046519,0.04234726994273989
19.5,0.56,1.3890947990073859,-0.00040899240708871094,0.08347177277785627,0.04299315597083076
19.625,0.56,1.3898768184819694,-0.0004049396784099158,0.0814934095173144,0.04364194108381635
19.75,0.56,1.390650839808927,-0.0004009278558980786,0.0795192540743341,0.04429357943037186
19.875,0.56,1.3914169481225138,-0.00039695654177869543,0.07754926447744515,0.04494802559344613
20.0,0.56,1.3921752275400112,-0.0003930253402798131,0.07558339937590967,0.04560523458723261
20.125,0.56,1.3929257611732095,-0.000389133857623053,0.07362161802131664,0.04626516185455932
20.25,0.56,1.3936686311420088,-0.00038528170233940567,0.07166388025991013,0.04692776326474577
20.375,0.56,1.3944039185846842,-0.0003814684850762718,0.06971014650900068,0.04759299511193059
20.5,0.56,1.395131703673437,-0.00037769381920817034,0.06776037775954333,0.0482608141139153
20.625,0.56,1.3958520656216082,-0.00037395732017181735,0.06581453553831954,0.04893117741147486
20.75,0.56,1.3965650827040779,-0.00037025860681214127,0.06387258193494318,0.04960404256820948
20.875,0.56,1.3972708322568226,-0.00036659729953345205,0.06193447952733434,0.05027936757078774
21.0,0.56,1.3979693907093511,-0.00036297302348975896,0.06000019146855028,0.05095711082976313
21.125,0.56,1.3986608335651767,-0.00035938540378015746,0.05806968131951923,0.051637231180594996
21.25,0.56,1.3993452354642322,-0.00035583407326272165,0.05614291328419066,0.05231968788535916
21.375,0.56,1.4000226701157417,-0.00035231866037021225,0.05421985180968519,0.05300444063425554
21.5,0.56,1.4006932104353973,-0.0003488388085006429,0.052300462190701835,0.053691449548193264
21.625,0.56,1.4013569283596257,-0.0003453941453713317,0.050384709588232275,0.05438067518026452
21.75,0.56,1.4020138951690482,-0.00034198433137594316,0.048472560554546476,0.05507207851941649
21.875,0.56,1.402664181007273,-0.0003386089826919639,0.04656398060047356,0.0557656209908799
22.0,0.56,1.4033078556680252,-0.00033526779208389087,0.044658938016107826,0.05646126446180343
22.125,0.56,1.4039449873782746,-0.0003319603359377406,0.04275739781842009,0.057158971238440145
22.25,0.56,1.4045756447372493,-0.000328686376385196,0.04085933129481211,0.05785870407633533
22.375,0.56,1.4051998936704964,-0.00032544537596573966,0.03896470093451977,0.058560426169053784
22.5,0.56,1.4058178022206396,-0.0003222372548676522,0.037073484222156325,0.0592641011698521
22.625,0.56,1.4064294329695972,-0.0003190611638400334,0.035185636157016885,0.05996969315878593
22.75,0.56,1.4070348548401426,-0.000315917392317537,0.033301148439652026,0.060677166693850204
22.875,0.56,1.40763412438096,-0.0003128042320089545,0.03141995651213493,0.06138648672164202
23.0,0.56,1.4082273145453605,-0.00030972284622797513,0.02954208616034168,0.06209761870505367
23.125,0.56,1.4088144691276014,-0.00030666907427294183,0.027667424449392783,0.06281052838002948
23.25,0.56,1.4093956712570679,-0.00030364621027273046,0.02579607951925451,0.06352518208959157
23.375,0.56,1.4099709360813528,-0.0003006426446747016,0.023927824293924586,0.06424154609071467
23.5,0.56,1.4105403644139427,-0.0002976673676484658,0.02206296110803269,0.06495958749344338
23.625,0.56,1.4111039105698908,-0.0002946840527553579,0.0202010156777896,0.0656792721093229
23.75,0.56,1.4116616736059466,-0.00029172025820320836,0.01834271163235793,0.06640056744022141
23.875,0.56,1.4122135167768948,-0.00028864802317365155,0.016487157166926655,0.06712343511875923
24.0,0.56,1.4127592941096792,-0.00028557354756468864,0.014635760580666415,0.06784784220574624
24.125,0.56,1.4132990116385997,-0.0002819836786677605,0.012787650989719401,0.06857373040547479
24.25,0.56,1.4138306335436972,-0.00027839387942399553,0.010943836752819895,0.0693010670661616
24.375,0.56,1.4143567433818285,-0.00027243046545283116,0.00910928845231546,0.07002969916831865
24.5,0.56,1.4148634500724386,-0.0002670375946708262,0.0072719124359787585,0.07075962169457242
24.625,0.56,1.4153732177983722,-0.0002492422609820034,0.0054839026961817396,0.07149016601067675
24.75,0.56,1.4157990585465026,-0.000238689489618772,0.00362954660765116,0.07222163406786768
24.875,0.56,1.4163009161231996,-0.0001475987649583528,0.0020750177969939467,0.07294580322281374
25.0,0.56,1.4163009161231996,0.0,0.0,0.07294580322281374
0.0,0.58,1.0,0.0,0.592076872290065,0.0
0.125,0.58,1.0080667611028677,-0.006262884702153111,0.592076872290065,1.018685796174578e-11
0.25,0.58,1.0203577685731362,-0.0074607484266930625,0.5759889968148616,1.1623026701198127e-10
0.375,0.58,1.0329236099252441,-0.008217543264115027,0.5672380479135024,7.212670968251459e-10
0.5,0.58,1.0459601247514552,-0.007380932438878711,0.550334812042528,2.85925294300094e-09
0.625,0.58,1.056625394959799,-0.006659995691335945,0.5402470973230105,8.747558654117828e-09
0.75,0.58,1.0665772312549946,-0.005813015405181607,0.5280943453667916,2.2260658239766778e-08
0.875,0.58,1.0749612929245802,-0.005176887424606679,0.5192889498073371,4.9824270151774656e-08
1.0,0.58,1.0826637461816384,-0.004640569317597629,0.510340058590241,1.0117206053321607e-07
1.125,0.58,1.0895203435907397,-0.004239343468581492,0.5028678246413346,1.9056778455744575e-07
1.25,0.58,1.095899589109346,-0.003916894616071038,0.4956540829270789,3.3783126530601367e-07
1.375,0.58,1.1018028047375545,-0.0036652627610893173,0.48913469660897624,5.697308330942957e-07
1.5,0.58,1.1073790364977845,-0.0034585478183439345,0.482892698431917,9.211410448999076e-07
1.625,0.58,1.1126553368543919,-0.0032884660149558828,0.4770289604237382,1.4364114282538906e-06
1.75,0.58,1.1176965463549116,-0.003143545042972939,0.47139423814066567,2.1704732163514726e-06
1.875,0.58,1.1225265826822841,-0.003018884556917704,0.46600135842153284,3.1899988452605362e-06
2.0,0.58,1.1271775882972292,-0.002909271267455242,0.46079101252167337,4.574280635520605e-06
2.125,0.58,1.1316672115432092,-0.0028119919589920423,0.4557557175687383,6.416034103834047e-06
2.25,0.58,1.136013901475489,-0.0027244981884208585,0.45086785450981615,8.821914184377972e-06
2.375,0.58,1.140230431220924,-0.002645230001824158,0.44611713620061594,1.191287364740904e-05
2.5,0.58,1.144328791000574,-0.0025728091067844803,0.44148817923370437,1.5824245085734937e-05
2.625,0.58,1.1483184044572228,-0.0025062753510199875,0.43697187147887284,2.0705629705489493e-05
2.75,0.58,1.1522077704478886,-0.002444801147127196,0.43255823802463583,2.6720538445148492e-05
2.875,0.58,1.1560040228552133,-0.0023877539099422486,0.42823987463804514,3.4045843666849045e-05
3.0,0.58,1.1597135264194443,-0.0023345908924288427,0.4240096094815962,4.287102713889192e-05
3.125,0.58,1.1633418089889116,-0.0022848713924292765,0.41986151347841516,5.3397269515446755e-05
3.25,0.58,1.1668938052249995,-0.0022382154537550387,0.41579009628481495,6.583638952582061e-05
3.375,0.58,1.170373882103565,-0.002194302796332255,0.4117905792693786,8.04096704708358e-05
3.5,0.58,1.1737859553020151,-0.0021528549980461796,0.4078585963004976,9.734659267372757e-05
3.625,0.58,1.1771335302438555,-0.0021136318332835727,0.40399024741865913,0.0001168835036389429
3.75,0.58,1.1804197672788173,-0.002076422628151376,0.4001819730875128,0.00013926224736428373
3.875,0.58,1.1836475187167104,-0.002041042818851305,0.39643054721960036,0.00016472877892570123
4.0,0.58,1.186819370346002,-0.0020073292178004044,0.39273301534424154,0.00019353178414612012
4.125,0.58,1.1899376711118035,-0.001975137327637975,0.3890866745328853,0.00022592132470626475
4.25,0.58,1.1930045619546799,-0.0019443384647729208,0.3854890377721053,0.00026214752464478753
4.375,0.58,1.1960219988512304,-0.0019148177714169647,0.38193781412368377,0.00030245931292075445
4.5,0.58,1.1989917739318294,-0.0018864723257059801,0.3784308854650902,0.0003471032333319318
4.625,0.58,1.201915533285104,-0.0018592096860092571,0.3749662899107935,0.00039632233119602623
4.75,0.58,1.2047947929163658,-0.00183294657907598,0.37154220532853033,0.00045035512353074194
4.875,0.58,1.2076309525629134,-0.0018076078276894716,0.36815693613209527,0.0005094346575812999
5.0,0.58,1.2104253079870737,-0.0017831254043419282,0.36480890100484714,0.0005737876604645125
5.125,0.58,1.2131790617631293,-0.001759437631465251,0.36149662249398756,0.0006436337810944902
5.25,0.58,1.2158933328624246,-0.0017364884796785011,0.3582187175842268,0.0007191849240080139
5.375,0.58,1.2185691651258581,-0.0017142269629925235,0.3549738894787433,0.0008006446734903838
5.5,0.58,1.2212075347978484,-0.0016926066076752263,0.3517609202121528,0.0008882078053300784
5.625,0.58,1.223809357214384,-0.0016715849888473727,0.34857866410884536,0.0009820598827045728
5.75,0.58,1.2263754927582835,-0.0016511233221356487,0.345426041905206,0.0010823769320313645
5.875,0.58,1.2289067521605939,-0.00163118610439422,0.34230203549368116,0.0011893251941367776
6.0,0.58,1.2314039012281661,-0.001611740795771433,0.33920568318691346,0.0013030609457517805
6.125,0.58,1.233867665060881,-0.0015927575381813413,0.336136075453107,0.0014237303861388277
6.25,0.58,1.2362987318180012,-0.0015742089050448107,0.3330923510580392,0.0015514695835559295
6.375,0.58,1.238697756083719,-0.0015560696784687798,0.330073693571181,0.0016864044762637306
6.5,0.58,1.2410653618772993,-0.0015383166502520953,0.3270793281913681,0.0018286509228570603
6.625,0.58,1.243402145347077,-0.0015209284438043912,0.3241085188579184,0.0019783147968422503
6.75,0.58,1.2457086771834411,-0.0015038853543591153,0.321160565614849,0.002135492120570282
6.875,0.58,1.2479855047815995,-0.0014871692052865356,0.318234802201594,0.0023002692338626785
7.0,0.58,1.2502331541815095,-0.0014707632185730175,0.3153305938460754,0.0024727229929210064
7.125,0.58,1.2524521318091524,-0.001454651897820504,0.3124473352395016,0.0026529209953832923
7.25,0.58,1.2546429260406475,-0.0014388209223246485,0.30958444867449947,0.0028409218276734885
7.375,0.58,1.2568060086082167,-0.0014232570509947135,0.30674138233060655,0.0030367753310770844
7.5,0.58,1.258941835864917,-0.001407948035028576,0.30391760869290113,0.003240522883261301
7.625,0.58,1.261050849923157,-0.0013928825384037764,0.3011126230913026,0.0034521976922375526
7.75,0.58,1.2631334796803426,-0.001378050065358421,0.2983259423494203,0.003671825100033502
7.875,0.58,1.2651901417435196,-0.0013634408941396203,0.29555710353312303,0.003899422893599041
8.0,0.58,1.2672212412635655,-0.0013490460163810432,0.2928056627900477,0.004135001620713152
8.125,0.58,1.2692271726883357,-0.0013348570815458348,0.29007119427219397,0.00437856490888533
8.25,0.58,1.271208320443113,-0.0013208663459361523,0.2873532891345897,0.00463010978545555
8.375,0.58,1.2731650595458186,-0.0013070666258280861,0.2846515546036886,0.0048896269972905
8.5,0.58,1.2750977561636132,-0.001293451254337781,0.28196561310981766,0.005157101328651193
8.625,0.58,1.277006768116812,-0.0012800140416699395,0.27929510147850206,0.005432511915968976
8.75,0.58,1.278892445335405,-0.001266749238441118,0.2766396701760021,0.0057158325584143336
8.875,0.58,1.280755130272899,-0.0012536515018004655,0.27399898260480754,0.0060070320232765385
9.0,0.58,1.2825951582817336,-0.001240715864107576,0.2713727144452041,0.006306074345293867
9.125,0.58,1.2844128579540461,-0.001227937703950305,0.2687605530393862,0.006612919119184486
9.25,0.58,1.28620855143123,-0.0012153127193082543,0.2661621968148676,0.006927521784728704
9.375,0.58,1.2879825546853447,-0.0012028369026932202,0.26357735474422245,0.007249833903845116
9.5,0.58,1.289735177775158,-0.0011905065181122625,0.2610057458384157,0.007579803429187231
9.625,0.58,1.2914667250793348,-0.0011783180797142816,0.25844709867125176,0.00791737496386439
9.75,0.58,1.2931774955090323,-0.0011662683319957304,0.25590115093261245,0.008262490011961976
9.875,0.58,1.2948677827019583,-0.001154354231449626,0.2533676490083797,0.008615087219601948
10.0,0.58,1.2965378751997534,-0.0011425729295543364,0.2508463475851007,0.008975102606345927
10.125,0.58,1.2981880566103756,-0.0011309217570043503,0.24833700927760502,0.00934246978680021
10.25,0.58,1.2998186057570134,-0.0011193982090927275,0.24583940427793238,0.009717120182335994
10.375,0.58,1.3014297968148891,-0.0011079999321650916,0.24335331002406854,0.010098983222888266
10.5,0.58,1.3030218994372142,-0.0010967247110644767,0.24087851088709428,0.010487986538844559
10.625,0.58,1.304595178871402,-0.001085570457499423,0.23841479787547865,0.010884056143079931
10.75,0.58,1.3061498960665587,-0.0010745351992673094,0.23596196835534464,0.011287116603237318
10.875,0.58,1.3076863077731593,-0.0010636170702747966,0.23351982578565825,0.01169709120439263
11.0,0.58,1.3092046666357282,-0.0010528143013002055,0.23108817946731872,0.012113902102282675
11.125,0.58,1.3107052212792731,-0.0010421252114473838,0.22866684430527334,0.012537470467309677
11.25,0.58,1.312188216390139,-0.0010315482002465016,0.22625564058281944,0.012967716619569846
11.375,0.58,1.31365389279189,-0.0010210817403613684,0.22385439374732258,0.013404560155184594
11.5,0.58,1.315102487516758,-0.0010107243708658673,0.2214629342066494,0.013847920064241237
11.625,0.58,1.316534233873171,-0.0010004746910547712,0.21908109713566512,0.014297714840675104
11.75,0.58,1.3179493615097946,-0.0009903313547607046,0.2167087222921952,0.014753862584447214
11.875,0.58,1.3193480964765205,-0.0009802930651477194,0.21434565384188264,0.015216281096389925
12.0,0.58,1.320730661282747,-0.0009703585699536579,0.2119917401914357,0.01568488796610794
12.125,0.58,1.322097274953316,-0.0009605266571590497,0.20964683382977506,0.016159600653333044
12.25,0.58,1.3234481530824054,-0.0009507961510581291,0.2073107911766371,0.016640336563138
12.375,0.58,1.324783507885658,-0.0009411659087083911,0.20498347243821063,0.017127013115418324
12.5,0.58,1.326103548250803,-0.0009316348167365297,0.20266474146940272,0.017619547809049972
12.625,0.58,1.327408479786999,-0.0009222017884809085,0.2003544656423847,0.018117858281126484
12.75,0.58,1.3286985048731021,-0.0009128657614481133,0.19805251572105761,0.018621862361671404
12.875,0.58,1.329973822705052,-0.0009036256950611283,0.19575876574111425,0.019131478124209823
13.0,0.58,1.3312346293425208,-0.0008944805686796719,0.19347309289539022,0.019646623932569177
13.125,0.58,1.332481117754996,-0.0008854293798730161,0.1911953774242128,0.020167218484261413
13.25,0.58,1.3337134778673831,-0.0008764711429240159,0.1889255025104858,0.020693180850779116
13.375,0.58,1.3349318966052688,-0.0008676048875421226,0.18666335417924437,0.021224430515116365
13.5,0.58,1.336136557939907,-0.0008588296577704908,0.1844088212014397,0.02176088740680088
13.625,0.58,1.3373276429330088,-0.0008501445110644254,0.18216179500172824,0.022302471934699298
13.75,0.58,1.3385053297813945,-0.0008415485175222278,0.17992216957006532,0.022849105017830926
13.875,0.58,1.3396697938615347,-0.0008330407592546197,0.17768984137687632,0.02340070811439856
14.0,0.58,1.3408212077740223,-0.000824620329870369,0.17546470929163965,0.02395720324921786
14.125,0.58,1.3419597413879742,-0.0008162863340634192,0.17324667450470813,0.02451851303969971
14.25,0.58,1.3430855618853768,-0.0008080378872879654,0.1710356404521927,0.025084560720513623
14.375,0.58,1.3441988338053519,-0.000799874115503341,0.1688315127437584,0.025655270167034477
14.5,0.58,1.345299719088336,-0.0007917941549768348,0.16663419909320418,0.026230565917650363
14.625,0.58,1.346388377120139,-0.0007837971521304253,0.1644436092516693,0.02681037319498676
14.75,0.58,1.3474649647758472,-0.0007758822634203129,0.16225965494336805,0.027394617926080438
14.875,0.58,1.3485296364635253,-0.0007680486552392036,0.16008224980373542,0.02798322676151817
15.0,0.58,1.3495825441676774,-0.0007602955038304855,0.1579113093198488,0.028576127093537667
15.125,0.58,1.3506238374924173,-0.0007526219952065334,0.15574675077306746,0.02917324707307423
15.25,0.58,1.3516536637042764,-0.0007450273250656716,0.15358849318376647,0.029774515625724498
15.375,0.58,1.3526721677746294,-0.0007375106986997768,0.15143645725809726,0.030379862466589146
15.5,0.58,1.3536794924216455,-0.0007300713308886172,0.14929056533668675,0.030989218113949703
15.625,0.58,1.3546757781517387,-0.0007227084457789867,0.14715074134519396,0.03160251390173047
15.75,0.58,1.3556611633004538,-0.0007154212767429393,0.14501691074666734,0.03221968199069466
15.875,0.58,1.3566357840727383,-0.0007082090662175494,0.14288900049562278,0.03284065537832464
16.0,0.58,1.3575997745825659,-0.0007010710655231187,0.14076693899378573,0.03346536790733859
16.125,0.58,1.3585532668918514,-0.0006940065346610147,0.1386506560474318,0.03409375427280153
16.25,0.58,1.3594963910486437,-0.0006870147420927274,0.13654008282627175,0.03472575002779426
16.375,0.58,1.3604292751245441,-0.0006800949645002973,0.13443515182382665,0.035361291587612996
16.5,0.58,1.3613520452513448,-0.0006732464865323479,0.1323357968192289,0.03600031623248158
16.625,0.58,1.3622648256568528,-0.0006664686005386201,0.13024195284041168,0.03664276210876883
16.75,0.58,1.363167738699894,-0.0006597606062935489,0.1281535561286219,0.03728856822871532
16.875,0.58,1.3640609049044838,-0.0006531218107136986,0.1260705441042179,0.03793767446868554
17.0,0.58,1.3649444429931714,-0.0006465515275733404,0.12399285533370222,0.038590021565974915
17.125,0.58,1.3658184699195521,-0.0006400490772194502,0.12192042949793358,0.03924555111421158
17.25,0.58,1.3666831008999574,-0.000633613786290803,0.11985320736147906,0.03990420555740745
17.375,0.58,1.3675384494443414,-0.000627244987444552,0.11779113074307263,0.040565928182723025
17.5,0.58,1.3683846273863725,-0.0006209420190920787,0.11573414248710673,0.04123066311202301
17.625,0.58,1.3692217449127693,-0.0006147042251484378,0.11368218643614231,0.041898355292309154
17.75,0.58,1.370049910591869,-0.0006085309547966462,0.11163520740438261,0.04256895048512679
17.875,0.58,1.3708692314015118,-0.0006024215622694663,0.10959315115207072,0.04324239525504954
18.0,0.58,1.3716798127562086,-0.000596375406651115,0.10755596436077497,0.043918636957353555
18.125,0.58,1.3724817585336722,-0.000590391851699526,0.1055235946095165,0.044597623724998335
18.25,0.58,1.373275171100723,-0.0005844702656907448,0.10349599035171678,0.045279304455034676
18.375,0.58,1.3740601513385973,-0.0005786100212857535,0.10147310089289834,0.04596362879456373
18.5,0.58,1.3748367986677192,-0.0005728104954217502,0.09945487636915444,0.04665054712637099
18.625,0.58,1.375605211071929,-0.0005670710692250736,0.09744126772629187,0.04734001055435911
18.75,0.58,1.3763654851222404,-0.000561391127948784,0.09543222669968852,0.048031970888900856
18.875,0.58,1.377117716000127,-0.0005557700609306909,0.09342770579473578,0.04872638063223008
19.0,0.58,1.377861997520396,-0.0005502072615756018,0.0914276582679939,0.04942319296398319
19.125,0.58,1.3785984221536443,-0.0005447021273524839,0.08943203810877565,0.050122361726997106
19.25,0.58,1.379327081048376,-0.0005392540598207386,0.08744080002155923,0.050823841413462925
19.375,0.58,1.3800480640526989,-0.0005338624646559301,0.08545389940850806,0.051527587151523925
19.5,0.58,1.380761459735836,-0.0005285267517190693,0.08347129235319185,0.0522335546923997
19.625,0.58,1.3814673554091021,-0.0005232463350953879,0.08149293560373147,0.05294170039810387
19.75,0.58,1.3821658371469372,-0.0005180206332133624,0.07951878655809996,0.05365198122981792
19.875,0.58,1.382856989807126,-0.0005128490688643532,0.07754880324723379,0.05436435473696241
20.0,0.58,1.3835408970516117,-0.0005077310694015041,0.07558294432276527,0.0550787790470108
20.125,0.58,1.3842176413656946,-0.0005026660666714105,0.07362116903856693,0.05579521285605458
20.25,0.58,1.3848873040791343,-0.0004976534973795363,0.07166343724316344,0.05651361542015576
20.375,0.58,1.3855499653836125,-0.0004926928027754447,0.0697097093560116,0.05723394654744965
20.5,0.58,1.3862057043553255,-0.00048778342941404777,0.06775994637029084,0.05795616659104647
20.625,0.58,1.3868545989688554,-0.0004829248282098299,0.06581410981475232,0.058680236442617065
20.75,0.58,1.3874967261241982,-0.00047811645618274387,0.06387216178125511,0.05940611752678072
20.875,0.58,1.3881321616523867,-0.00047335777393005843,0.06193406484940177,0.06013377179601706
21.0,0.58,1.3887609803542937,-0.00046864824984148724,0.05999978217469939,0.060863161726431074
21.125,0.58,1.3893832559863675,-0.0004639873536188354,0.05806927731918808,0.06159425031371515
21.25,0.58,1.3899990613295075,-0.0004593745666793497,0.05614251448992533,0.06232700107019806
21.375,0.58,1.3906084681259314,-0.0004548093658039277,0.05421945813385574,0.06306137802139912
21.5,0.58,1.3912115472237065,-0.00045029124903499484,0.05230007355056735,0.06379734570441868
21.625,0.58,1.391808368392532,-0.000445819694626334,0.050384325897778345,0.06453486916426768
21.75,0.58,1.3923990006574547,-0.00044139422570449156,0.04847218173722847,0.06527391395412159
21.875,0.58,1.392983511813644,-0.0004370143073500559,0.046563606568807446,0.06601444612977338
22.0,0.58,1.3935619692316965,-0.0004326795082068897,0.04465856870362685,0.06675643225349687
22.125,0.58,1.3941344386234777,-0.0004283892422853167,0.042757033128493535,0.06749983938288394
22.25,0.58,1.3947009860199082,-0.0004241431732176775,0.040858971180722764,0.06824463508316042
22.375,0.58,1.3952616746750333,-0.0004199405649713512,0.03896434527069102,0.06899078740130268
22.5,0.58,1.3958165699483647,-0.0004157812951517683,0.03707313300512924,0.06973826489943474
22.625,0.58,1.3963657315952709,-0.0004116642137074338,0.03518528917963985,0.0704870365910139
22.75,0.58,1.3969092257962514,-0.0004075896962819011,0.033300805798087994,0.07123707202771533
22.875,0.58,1.397447106102037,-0.0004035554503152772,0.031419617772425544,0.07198834113617275
23.0,0.58,1.3979794427982732,-0.0003995630301257375,0.029541751653659666,0.07274081444268823
23.125,0.58,1.3985062764571543,-0.0003956068835723806,0.027667093092389225,0.07349446263899777
23.25,0.58,1.3990276880020536,-0.0003916914436320453,0.025795752217157426,0.07424925717583725
23.375,0.58,1.3995436889959545,-0.0003878012729884404,0.02392749798894841,0.07500516904058999
23.5,0.58,1.4000543797834704,-0.00038394850998636337,0.022062638245921133,0.07576217042292206
23.625,0.58,1.4005597102916965,-0.00038008497699919714,0.02020068664459447,0.07652023095878667
23.75,0.58,1.401059785564774,-0.00037624789279354083,0.018342383910210043,0.07727932298359261
23.875,0.58,1.4015544615786337,-0.0003722679345110609,0.01648679681211587,0.0780394084743727
24.0,0.58,1.4020436245835117,-0.0003682880385049173,0.014635396401148778,0.07880045865254431
24.125,0.58,1.4025272576337795,-0.00036363088441446586,0.012787146645443462,0.07956240136170173
24.25,0.58,1.4030034800469398,-0.0003589863421471884,0.010943331830553897,0.08032520846115858
24.375,0.58,1.4034747481321075,-0.00035123389108935714,0.009108151529683636,0.08108864866253715
24.5,0.58,1.403928026783412,-0.0003442841842831113,0.007270939476739658,0.08185274235938683
24.625,0.58,1.4043848228007627,-0.00032120516112393415,0.005479640573174568,0.08261640165555355
24.75,0.58,1.4047640845605354,-0.0003077522102199812,0.0036272984521401974,0.08338017932713793
24.875,0.58,1.4052162115217024,-0.0001906017737161612,0.0020516187690018447,0.08413299554675784
25.0,0.58,1.4052162115217024,0.0,0.0,0.08413299554675784
0.0,0.6,1.0,0.0,0.593211914310206,0.0
0.125,0.6,1.0085413875618194,-0.007961524900947889,0.593211914310206,4.421928837094851e-11
0.25,0.6,1.0213470850111745,-0.00941354486818498,0.5761878510513181,4.838930779485514e-10
0.375,0.6,1.0341184896788893,-0.01032343684824555,0.56735786848011,2.8739226076641323e-09
0.5,0.6,1.0473049566736066,-0.009247135027630618,0.5501590802266885,1.0868299933395217e-08
0.625,0.6,1.0579900075977071,-0.008330287305851603,0.5400964750574877,3.1811044245477355e-08
0.75,0.6,1.0679505398104008,-0.007265571671808772,0.5279215164464576,7.766971503604643e-08
0.875,0.6,1.0763228765087882,-0.006469006481850507,0.5191581163302506,1.6733470456592311e-07
1.0,0.6,1.0840191611011947,-0.005799082647584215,0.5102293305208665,3.280068777077092e-07
1.125,0.6,1.0908710031146427,-0.005298550584447031,0.5027840204338878,5.979742695057267e-07
1.25,0.6,1.097250550067185,-0.004896409392658641,0.4955860790737207,1.0283136143067557e-06
1.375,0.6,1.1031566503399453,-0.004582614718928115,0.48908093882329823,1.6855874300144302e-06
1.5,0.6,1.1087383217394886,-0.0043247374116509195,0.4828480399249877,2.6534797610138027e-06
1.625,0.6,1.1140213866643354,-0.004112491469838755,0.47699176346774913,4.0349653681451425e-06
1.75,0.6,1.1190703392863042,-0.003931559901781897,0.47136220519840494,5.9535151044668325e-06
1.875,0.6,1.123908515918568,-0.003775863578474388,0.4659735097003412,8.554445653355605e-06
2.0,0.6,1.1285678002092783,-0.0036389038490540703,0.4607662953461631,1.2005434856196236e-05
2.125,0.6,1.1330655363969853,-0.0035173098151182382,0.4557335838066913,1.6496921372775414e-05
2.25,0.6,1.1374199840526549,-0.0034079040486016993,0.45084778548132043,2.2241813284366037e-05
2.375,0.6,1.1416437176588219,-0.003308744272965074,0.4460988139222999,2.947495434810427e-05
2.5,0.6,1.1457485677619839,-0.0032181103705096895,0.4414713212236784,3.8452049543450286e-05
2.625,0.6,1.1497437957358896,-0.003134804408100695,0.4369562806160157,4.944832902479775e-05
2.75,0.6,1.1536377508915143,-0.0030577923709543546,0.43254374375771054,6.275682285075164e-05
2.875,0.6,1.1574374168153545,-0.0029862838138102754,0.42822634641678414,7.868642497768129e-05
3.0,0.6,1.1611490126949953,-0.0029196000402382408,0.4239969350131056,9.755971292207561e-05
3.125,0.6,1.1647779217296312,-0.002857189943598928,0.41984960148845435,0.00011971064205898843
3.25,0.6,1.168328937325789,-0.0027985782865749993,0.4157788679524225,0.00014548212550925438
3.375,0.6,1.1718062880111912,-0.0027433645754821848,0.41177996810357864,0.00017522358130972503
3.5,0.6,1.1752137553131943,-0.0026912007623026827,0.4078485444366631,0.00020928847339567465
3.625,0.6,1.1785547152255758,-0.002641786741221464,0.4039807048972361,0.00024803190242382074
3.75,0.6,1.1818322044437677,-0.002594859531482967,0.4001728960534453,0.00029180827330104245
3.875,0.6,1.1850489580270513,-0.002550188994348854,0.3964218972205184,0.00034096907621834944
4.0,0.6,1.1882074516826269,-0.0025075719034710247,0.39272475834212417,0.0003958608015797007
4.125,0.6,1.1913099319891725,-0.002466828583495313,0.38907878034860993,0.0004568230106242785
4.25,0.6,1.1943584457511227,-0.0024277992985783587,0.38548147948356604,0.000524186573631654
4.375,0.6,1.1973548634068805,-0.002390341753492097,0.3819305676518149,0.0005982720858497667
4.5,0.6,1.2003009004341543,-0.002354328712751245,0.37842392917806117,0.0006793884649874431
4.625,0.6,1.2031981353271028,-0.0023196461630184415,0.37495960432016473,0.0007678317316677485
4.75,0.6,1.2060480256410313,-0.002286191653880606,0.37153577281492284,0.0008638839701867545
4.875,0.6,1.2088519218017661,-0.002253872938577184,0.36815074072172443,0.000967812464805379
5.0,0.6,1.211611079316464,-0.002222606772327238,0.3648029281725005,0.0010798690042921346
5.125,0.6,1.2143266694062627,-0.0021923178947498706,0.3614908589971997,0.0012002893459816242
5.25,0.6,1.2169997883765646,-0.0021629381356333263,0.3582131513181915,0.0013292928292192839
5.375,0.6,1.219631465821433,-0.002134405643080251,0.3549685093518614,0.001467082127293837
5.5,0.6,1.222222671845587,-0.002106664204922135,0.35175571603717554,0.0016138431263751148
5.625,0.6,1.2247743234041548,-0.002079662656125946,0.3485736265083701,0.0017697449197784526
5.75,0.6,1.2272872898811735,-0.0020533543563515783,0.3454211622287767,0.001934939905862124
5.875,0.6,1.2297623979925278,-0.002027696730198631,0.3422973057452049,0.002109563978088391
6.0,0.6,1.2322004360997711,-0.0020026508604576005,0.33920109596072573,0.002293736796137266
6.125,0.6,1.2346021580039197,-0.001978181128157205,0.33613162387761786,0.002487562127458789
6.25,0.6,1.2369682862837326,-0.0019542548929278782,0.33308802874586274,0.0026911282492268276
6.375,0.6,1.2392995152329513,-0.0019308422088320397,0.33006949457492296,0.0029045084013031523
6.5,0.6,1.2415965134456912,-0.0019079155710663097,0.3270752469643126,0.0031277612815009273
6.625,0.6,1.2438599260924899,-0.0018854496898186451,0.32410455021898943,0.0033609315751385012
6.75,0.6,1.2460903769248928,-0.0018634212879215597,0.32115670471730157,0.003604050511577181
6.875,0.6,1.2482884700415873,-0.0018418089194740983,0.3182310445049704,0.0038571364411302887
7.0,0.6,1.2504547914453108,-0.0018205928069314104,0.3153269350910246,0.004120195426403268
7.125,0.6,1.2525899104161098,-0.0017997546945228045,0.3124437714251135,0.004393221842769406
7.25,0.6,1.2546943807235278,-0.001779277716113764,0.30958097603785967,0.004676198983296145
7.375,0.6,1.2567687416974547,-0.001759146275888731,0.3067379973283072,0.004969099664009552
7.5,0.6,1.258813519175066,-0.001739345940426022,0.30391430798428737,0.005271886825915945
7.625,0.6,1.2608292263390737,-0.0017198633409210445,0.3011094035232564,0.0055845141306889706
7.75,0.6,1.2628163644606674,-0.001700686084463025,0.29832280094251606,0.005906926547376615
7.875,0.6,1.264775423558883,-0.0016818026734054443,0.2955540374690039,0.006239060927886408
8.0,0.6,1.266706882986665,-0.001663202431980904,0.2928026693998958,0.006580846569369247
8.125,0.6,1.2686112119526036,-0.0016448754394101967,0.2900682710261836,0.006932205761944979
8.25,0.6,1.2704888699862462,-0.0016268124688424144,0.2873504336322212,0.007293054320498015
8.375,0.6,1.2723403073538535,-0.0016090049315379156,0.28464876456492194,0.00766330209952183
8.5,0.6,1.2741659654306305,-0.0015914448257729986,0.28196288636692435,0.008042853490209912
8.625,0.6,1.2759662770347335,-0.0015741246900055988,0.27929243596857306,0.008431607899181
8.75,0.6,1.277741666727674,-0.0015570375598919174,0.27663706393404836,0.008829460208391237
8.875,0.6,1.2794925510851762,-0.001540176928792657,0.273996433757405,0.00923630121592794
9.0,0.6,1.2812193389420823,-0.0015235367114507076,0.2713702212046301,0.009652018057503046
9.125,0.6,1.2829224316144296,-0.0015071112105558893,0.2687581136982098,0.010076494608570248
9.25,0.6,1.284602223101498,-0.0014908950859450379,0.2661598097409568,0.010509611867081752
9.375,0.6,1.2862591002702568,-0.0014748833262156014,0.26357501837612624,0.01095124831698077
9.5,0.6,1.2878934430244149,-0.0014590712225525649,0.26100345868109914,0.011401280272595132
9.625,0.6,1.2895056244599643,-0.0014434543445894109,0.2584448592921475,0.011859582204158817
9.75,0.6,1.2910960110089575,-0.0014280285181425892,0.25589895795796963,0.01232602704474204
9.875,0.6,1.2926649625730062,-0.0014127898046702695,0.2533655011198806,0.012800486478918401
10.0,0.6,1.2942128326478617,-0.0013977344823246978,0.25084424351672713,0.013282831213540737
10.125,0.6,1.2957399684402666,-0.001382859028471232,0.24833494781272955,0.013772931231035797
10.25,0.6,1.2972467109781154,-0.0013681601035619292,0.2458373842466235,0.014270656025663303
10.375,0.6,1.2987333952148672,-0.0013536345362607709,0.24335133030058304,0.014775874823217421
10.5,0.6,1.300200350129019,-0.0013392793097223616,0.2408765703875482,0.015288456784678038
10.625,0.6,1.301647898819359,-0.0013250915489355127,0.23841289555568015,0.015808271194347072
10.75,0.6,1.3030763585966234,-0.0013110685090511121,0.23596010320877472,0.016335187633030497
10.875,0.6,1.3044860410721124,-0.0012972075646196179,0.23351799684158747,0.016869076136850167
11.0,0.6,1.3058772522437223,-0.001283506199671283,0.23108638578904922,0.017409807342290723
11.125,0.6,1.3072502925798277,-0.0012699619985774458,0.22866508498849514,0.01795725261810653
11.25,0.6,1.308605457101355,-0.0012565726376381724,0.22625391475407372,0.0185112841847297
11.375,0.6,1.3099430354623636,-0.0012433358773451188,0.22385270056256054,0.01907177522183479
11.5,0.6,1.3112633120293744,-0.001230249555276834,0.22146127284988215,0.019638599964726427
11.625,0.6,1.3125665659597154,-0.0012173115795844288,0.2190794668176948,0.020211633790223935
11.75,0.6,1.3138530712790268,-0.0012045199230303917,0.21670712224942287,0.02079075329272095
11.875,0.6,1.315123096958119,-0.0011918726175485328,0.21434408333518765,0.021375836351098108
12.0,0.6,1.31637690698931,-0.0011793677492913308,0.21199019850511883,0.02196676218716314
12.125,0.6,1.3176147604623587,-0.0011670034541370303,0.20964532027056434,0.022563411416284478
12.25,0.6,1.3188369116400769,-0.0011547779136291797,0.20730930507274775,0.02316566609087229
12.375,0.6,1.3200436100337087,-0.0011426893513205197,0.2049820131384608,0.023773409737344504
12.5,0.6,1.3212351004781242,-0.001130736029495982,0.20266330834237495,0.024386527387195163
12.625,0.6,1.322411623206878,-0.0011189162462518633,0.20035305807563503,0.025004905602758375
12.75,0.6,1.3235734139271567,-0.0011072283329052787,0.19805113312036735,0.02562843249823391
12.875,0.6,1.3247207038946391,-0.001095670651709398,0.195757407529781,0.026256997756509852
13.0,0.6,1.325853719988267,-0.001084241593852548,0.1934717585135569,0.026890492642284925
13.125,0.6,1.3269726847849412,-0.0010729395777176402,0.1911940663282318,0.02752881001195761
13.25,0.6,1.3280778166341034,-0.001061763047379527,0.18892421417231592,0.028171844320712503
13.375,0.6,1.32916932973221,-0.0010507104713172294,0.18666208808587734,0.028819491627195683
13.5,0.6,1.3302474341970563,-0.0010397803413209976,0.18440757685435677,0.029471649596132087
13.625,0.6,1.331312336141912,-0.001028971171572479,0.18216057191638374,0.030128217499198404
13.75,0.6,1.3323642377494425,-0.0010182814978762467,0.1799209672753936,0.030789096214425545
13.875,0.6,1.3334033373453533,-0.0010077098770266593,0.1776886594148247,0.03145418822436616
14.0,0.6,1.3344298294717163,-0.000997254886287786,0.1754635472167209,0.03212339761322492
14.125,0.6,1.335443904959921,-0.0009869151229690903,0.17324553188357528,0.032796630063112946
14.25,0.6,1.336445751003186,-0.000976689204082441,0.17103451686323165,0.03347379284955307
14.375,0.6,1.33743555122858,-0.0009665757660621344,0.16883040777669883,0.03415479483633074
14.5,0.6,1.3384134857684802,-0.0009565734645339617,0.16663311234874714,0.03483954646975495
14.625,0.6,1.339379731331401,-0.0009466809741197614,0.16444254034113098,0.03552795977236683
14.75,0.6,1.3403344612721435,-0.0009368969882650404,0.16225860348833712,0.036219948336109246
14.875,0.6,1.3412778456611825,-0.0009272202190789753,0.1600812154357435,0.03691542731495003
15.0,0.6,1.3422100513532331,-0.0009176493971776986,0.15791029168005574,0.03761431341693347
15.125,0.6,1.3431312420549468,-0.0009081832715199252,0.15574574951195586,0.03831652489562078
15.25,0.6,1.3440415783916555,-0.0008988206092323255,0.15358750796084986,0.03902198154086912
15.375,0.6,1.3449412179731242,-0.0008895601954157866,0.1514354877416378,0.03973060466889111
15.5,0.6,1.345830315458256,-0.0008804008329285561,0.14928961120342216,0.04044231711153268
15.625,0.6,1.3467090226186949,-0.0008713413421460106,0.14714980228007543,0.041157043204705396
15.75,0.6,1.347577488401289,-0.0008623805606912088,0.1450159864426057,0.0418747087759112
15.875,0.6,1.3484358589893815,-0.0008535173431394902,0.14288809065324387,0.04259524113080147
16.0,0.6,1.3492842778628753,-0.0008447505606949826,0.1407660433211938,0.04331856903871901
16.125,0.6,1.3501228858570786,-0.0008360791008411931,0.13864977425998043,0.04404462271717967
16.25,0.6,1.3509518212202785,-0.0008275018669681601,0.1365392146463437,0.04477333381526116
16.375,0.6,1.3517712196700487,-0.0008190177779767198,0.13443429698062073,0.04550463539587795
16.5,0.6,1.3525812144482705,-0.0008106257678665832,0.13233495504855317,0.046238461916933635
16.625,0.6,1.353381936374884,-0.0008023247853100301,0.1302411238844851,0.046974749211356526
16.75,0.6,1.354173513900338,-0.0007941137932141828,0.12815273973588318,0.04771343446603718
16.875,0.6,1.3549560731567856,-0.0007859917682773644,0.1260697400291388,0.04845445619970137
17.0,0.6,1.3557297380080187,-0.0007779577005445887,0.12399206333661023,0.04919775423976577
17.125,0.6,1.3564946300981522,-0.0007700105929633077,0.12191964934483887,0.04994326969823693
17.25,0.6,1.3572508688990994,-0.0007621494609466677,0.11985243882390902,0.05069094494672727
17.375,0.6,1.3579985717568552,-0.0007543733319469489,0.1177903735979116,0.05144072359067345
17.5,0.6,1.3587378539366104,-0.0007466812450421255,0.11573339651644264,0.0521925504428533
17.625,0.6,1.3594688286667385,-0.0007390722505397526,0.11368145142711791,0.052946371496307085
17.75,0.6,1.360191607181688,-0.0007315454096011904,0.11163448314905235,0.0537021338967767
17.875,0.6,1.360906298763807,-0.0007240997938878736,0.1095924374472644,0.05445978591478276
18.0,0.6,1.3616130107841482,-0.0007167344852316155,0.10755526100796496,0.055219276917464664
18.125,0.6,1.3623118487422838,-0.0007094485753331649,0.10552290141469071,0.05598055734031115
18.25,0.6,1.3630029163051738,-0.000702241165486493,0.1034953071252561,0.05674357865891049
18.375,0.6,1.3636863153451164,-0.0006951113663316643,0.10147242744945921,0.0575082933608488
18.5,0.6,1.3643621459768374,-0.0006880582976378266,0.09945421252755493,0.05827465491788264
18.625,0.6,1.3650305065937194,-0.0006810810881124003,0.09744061330940233,0.0590426177585083
18.75,0.6,1.36569149390325,-0.0006741788752414349,0.09543158153432749,0.059812137241044325
18.875,0.6,1.3663452029616776,-0.0006673508051535762,0.09342706971156685,0.06058316962733725
19.0,0.6,1.3669917272079513,-0.0006605960325149982,0.0914270311014293,0.06135567205719199
19.125,0.6,1.3676311584969185,-0.0006539137204409853,0.08943141969688025,0.06212960252361819
19.25,0.6,1.36826358713189,-0.00064730304044379,0.08744019020596049,0.06290491984897537
19.375,0.6,1.3688891018964648,-0.0006407631723798031,0.08545329803430561,0.0636815836620845
19.5,0.6,1.3695077900858597,-0.0006342933044496662,0.08347069926887603,0.06445955437636725
19.625,0.6,1.3701197375373984,-0.0006278926331599235,0.08149235066109364,0.0652387931690537
19.75,0.6,1.3707250286607657,-0.0006215603633851193,0.0795182096121626,0.06601926196149827
19.875,0.6,1.3713237464671162,-0.0006152957083053383,0.0775482341561553,0.06680092340061283
20.0,0.6,1.3719159725985097,-0.0006090978895682836,0.07558238294779145,0.06758374084144037
20.125,0.6,1.3725017873553913,-0.000602966137115782,0.07362061524391462,0.06836767833083923
20.25,0.6,1.373081269725737,-0.0005968996895559018,0.07166289089601578,0.06915270059229828
20.375,0.6,1.3736544974101874,-0.0005908977936811095,0.0697091703263411,0.06993877301179424
20.5,0.6,1.3742215468521466,-0.0005849597053387084,0.06775941453095903,0.0707258616247466
20.625,0.6,1.3747824932586854,-0.000579084688158515,0.06581358504117893,0.07151393310386928
20.75,0.6,1.375337410634627,-0.0005732720156615642,0.06387164395177028,0.07230295474810076
20.875,0.6,1.375886371794484,-0.0005675209680044587,0.061933553844520775,0.07309289447216513
21.0,0.6,1.3764294484080541,-0.0005618308371907453,0.05999927787810513,0.07388372079729559
21.125,0.6,1.376966710991527,-0.0005562009188570194,0.058068779616013665,0.07467540284208171
21.25,0.6,1.3774982289833229,-0.0005506305252581274,0.05614202326931009,0.07546791031488088
21.375,0.6,1.378024070684768,-0.0005451189646642496,0.0542189732847358,0.0762612135052872
21.5,0.6,1.378544303412826,-0.0005396655738047867,0.052299594968163395,0.07705528327840991
21.625,0.6,1.3790589933165354,-0.0005342696662646763,0.05038385347313737,0.07785009106576789
21.75,0.6,1.3795682057228047,-0.0005289306136054251,0.04847171537354692,0.07864560886239041
21.875,0.6,1.3800720046446622,-0.0005236477161013078,0.04656314615529142,0.07944180921464408
22.0,0.6,1.380570453609086,-0.0005184204055984722,0.04465811415642371,0.08023866522308541
22.125,0.6,1.3810636143990425,-0.0005132479213476026,0.042756584325152405,0.08103615052143374
22.25,0.6,1.3815515490807782,-0.0005081298175600296,0.0408585280627577,0.08183423929305274
22.375,0.6,1.3820343168414184,-0.000503065148405875,0.0389639076787155,0.08263290622678737
22.5,0.6,1.382511978989847,-0.0004980537403639476,0.037072700936248724,0.08343212656734672
22.625,0.6,1.3829845910737397,-0.0004930941325101873,0.035184862370440426,0.08423187601142536
22.75,0.6,1.3834522152050766,-0.0004881867826025381,0.03330038437387823,0.08503213084370942
22.875,0.6,1.3839149005601599,-0.0004833288059495202,0.03141920118094885,0.08583286767634711
23.0,0.6,1.3843727135073478,-0.00047852215471472524,0.029541340323302193,0.08663406380474621
23.125,0.6,1.3848256900034013,-0.0004737598860350602,0.027666685645419343,0.08743569652092235
23.25,0.6,1.3852739077004508,-0.0004690476095259363,0.02579534982417427,0.08823774405531352
23.375,0.6,1.38571737311652,-0.0004643661001963371,0.02392709676793065,0.08904018365577947
23.5,0.6,1.386156185602408,-0.0004597307739870007,0.022062241362516295,0.08984299422375312
23.625,0.6,1.386590289025604,-0.0004550818236394837,0.02020028192043278,0.0906461504487412
23.75,0.6,1.3870197957272048,-0.00045046652488956124,0.01834198102221243,0.09144963107107255
23.875,0.6,1.3874445519031644,-0.0004456752785661652,0.016486352865958863,0.09225339863642387
24.0,0.6,1.387864484444346,-0.00044088885707762443,0.014634948496768468,0.09305743006285305
24.125,0.6,1.3882795465211164,-0.00043527147934949547,0.012786522988009787,0.09386163567679254
24.25,0.6,1.3886880528281988,-0.0004296894737680409,0.010942711020223537,0.09466599424264709
24.375,0.6,1.389092297556968,-0.0004203117995809367,0.009106741655400133,0.09547017586689656
24.5,0.6,1.3894803132373201,-0.00041200309671362607,0.007269750167463168,0.09627423780983389
24.625,0.6,1.3898724088214813,-0.0003841682217242795,0.005474377322692512,0.09707657231181431
24.75,0.6,1.3901948486756295,-0.00036831813104018746,0.003624587845623087,0.09787806145152644
24.875,0.6,1.3905863173471562,-0.00022858856671277764,0.0020230214608779854,0.0986641731359488
25.0,0.6,1.3905863173471562,0.0,0.0,0.0986641731359488
0.0,0.62,1.0,0.0,0.5946252714541003,0.0
0.125,0.62,1.0091398787318833,-0.009752180222210501,0.5946252714541003,1.879485141450342e-10
0.25,0.62,1.022591768956413,-0.01142601733448435,0.5764210939919308,1.9605529921519187e-09
0.375,0.62,1.0356142146984388,-0.01246346274032269,0.5674966337697243,1.1094480561263806e-08
0.5,0.62,1.0489828013756626,-0.011126934027556394,0.5499375688863959,3.99567160583321e-08
0.625,0.62,1.05969059116717,-0.010003835678273466,0.5399088616349426,1.1180670387893194e-07
0.75,0.62,1.0696611767940194,-0.008717588462579496,0.5277087516518052,2.6189270399174745e-07
0.875,0.62,1.0780193238379736,-0.007759789587547281,0.5189977020392741,5.43192802646989e-07
1.0,0.62,1.0857084946538442,-0.00695664635884561,0.5100939059682051,1.0281234761473744e-06
1.125,0.62,1.0925550375975888,-0.006357500955898825,0.5026816509352859,1.8146130208550111e-06
1.25,0.62,1.0989353898895922,-0.005876276036260044,0.4955030259609426,3.0279376285768527e-06
1.375,0.62,1.1048452949355916,-0.00550079401555461,0.4890152831249886,4.825548004186468e-06
1.5,0.62,1.1104336735969456,-0.005192065408800179,0.48279347277053763,7.398228912827934e-06
1.625,0.62,1.1157247906101129,-0.004937851034528104,0.47694629649083325,1.097292635673065e-05
1.75,0.62,1.1207826639327547,-0.00472100516714834,0.47132303216123145,1.581270362861094e-05
1.875,0.62,1.1256298629131156,-0.0045343007866841265,0.46593944201161924,2.221739652312955e-05
2.0,0.62,1.1302978971718938,-0.004369965273036466,0.4607360489379073,3.0522169086144625e-05
2.125,0.62,1.1348036796362404,-0.004223983355600743,0.4557064927326904,4.109620195591248e-05
2.25,0.62,1.1391651791694055,-0.004092553641056759,0.4508232170994531,5.433994754170092e-05
2.375,0.62,1.1433946695750963,-0.003973356487999393,0.4460763811488485,7.06822841467093e-05
2.5,0.62,1.1475037313476175,-0.0038643318198061647,0.44145067933718635,9.057678129522401e-05
2.625,0.62,1.151501376567255,-0.003764045692986467,0.43693718925683717,0.00011449785116176103
2.75,0.62,1.1553957259372991,-0.0036712584369744017,0.43252599466600217,0.0001429364396407755
2.875,0.62,1.1591935394119046,-0.0035850225837489804,0.42820978022090267,0.0001763957037090688
3.0,0.62,1.1629008249722543,-0.00350452411549116,0.4239814145242967,0.00021538655192241996
3.125,0.62,1.1665227627923744,-0.0034291023075117906,0.4198350152051157,0.0002604233043475302
3.25,0.62,1.1700639548107283,-0.0033581874927690065,0.4157651195490009,0.00031201944585988414
3.375,0.62,1.1735284490498283,-0.0032912999965135762,0.41176697632421305,0.000370683617042777
3.5,0.62,1.1769198593101746,-0.0032280233149285242,0.40783623855421486,0.00043691584818306964
3.625,0.62,1.1802414069928966,-0.0031679987942983285,0.40396902384657773,0.0005112041124043392
3.75,0.62,1.1834959883536114,-0.003110912610673452,0.4001617862255869,0.000594021205288766
3.875,0.62,1.1866862125553908,-0.0030564906371303453,0.396411311609563,0.0006858219842488059
4.0,0.62,1.1898144444332932,-0.00300449129134315,0.39271465533521394,0.0007870409662744011
4.125,0.62,1.1928828348646934,-0.002954701479931597,0.3890691230483723,0.000898090290254595
4.25,0.62,1.1958933501897417,-0.002906932227576795,0.38547223497151833,0.0010193580323393395
4.375,0.62,1.1988477954752255,-0.002861015646755727,0.38192170648264845,0.0011512068638807088
4.5,0.62,1.2017478356638076,-0.002816802044839573,0.3784154248953953,0.0012939730325176764
4.625,0.62,1.2045950131525371,-0.002774157686293345,0.3749514330851551,0.001447965646475443
4.75,0.62,1.2073907633426915,-0.0027329627690077865,0.371527913070726,0.0016134662379665913
4.875,0.62,1.2101364278597153,-0.0026931097633918176,0.36814317292033066,0.0017907285813204695
5.0,0.62,1.2128332661070214,-0.0026545019424445322,0.3647956345338337,0.0019799787400290353
5.125,0.62,1.2154824651848535,-0.0026170521355890547,0.3614838233064518,0.002181415317330193
5.25,0.62,1.218085148508392,-0.002580681633037177,0.35820635874850576,0.0023952098851124505
5.375,0.62,1.220642383233339,-0.0025453192398111704,0.35496194631229305,0.002621507566995252
5.5,0.62,1.2231551866857728,-0.00251090044430157,0.3517493700397299,0.0028604277525062114
5.625,0.62,1.2256245319064172,-0.002477366692632905,0.3485674860526171,0.0031120649207695096
5.75,0.62,1.2280513524398509,-0.0024446647496446545,0.34541521670066316,0.003376489553639758
5.875,0.62,1.230436546461854,-0.002412746137415829,0.34229154532849904,0.003653749119904343
6.0,0.62,1.2327809803379113,-0.002381566639517681,0.3391955115590335,0.0039438691138534805
6.125,0.62,1.2350854916870004,-0.0023510858633783555,0.3361262070456858,0.00424685413321859
6.25,0.62,1.2373508920193717,-0.0023212668527933106,0.33308277162879785,0.004562688983122057
6.375,0.62,1.2395779690058073,-0.0022920757445818456,0.3300643898543414,0.004891339794270559
6.5,0.62,1.2417674884298138,-0.002263481463694002,0.3270702878104667,0.005232755145121545
6.625,0.62,1.2439201958667017,-0.002235455452140024,0.32409973024812466,0.005586867179157682
6.75,0.62,1.2460368181282435,-0.0022079714275452635,0.32115201795356096,0.005953592709701559
6.875,0.62,1.2481180645061705,-0.0021810051677842324,0.3182264853462902,0.006332834305893822
7.0,0.62,1.2501646278435383,-0.002154534318550114,0.31532249827851627,0.006724481354538184
7.125,0.62,1.2521771854589225,-0.0021285382211582923,0.31243945201551976,0.007128411093490326
7.25,0.62,1.2541563999450935,-0.0021029977582024627,0.3095767693787076,0.007544489613136321
7.375,0.62,1.2561029198607672,-0.0020778952150044046,0.30673389903545073,0.007972572823275325
7.5,0.62,1.2580173803314607,-0.00205321415504443,0.3039103139215556,0.00841250738339604
7.625,0.62,1.259900403573173,-0.0020289393077896406,0.30110550978397865,0.008864131594922572
7.75,0.62,1.2617525993506613,-0.002005056467532606,0.2983190038327075,0.009327276254509805
7.875,0.62,1.2635745653803683,-0.0019815524020194222,0.2955503334920389,0.009801765467897043
8.0,0.62,1.2653668876865463,-0.0019584147697909136,0.29279905524250893,0.010287417424189284
8.125,0.62,1.267130140917881,-0.0019356320452899518,0.2900647435456604,0.010784045130734
8.25,0.62,1.2688648886307856,-0.0019131934509000208,0.2873469898446625,0.011291457109005214
8.375,0.62,1.2705716835446175,-0.0018910888951767853,0.2846454016344711,0.011809458052102645
8.5,0.62,1.2722510677732637,-0.0018693089166226364,0.281959601595871,0.012337849444627569
8.625,0.62,1.2739035730368347,-0.001847844632432952,0.27928922678824736,0.012876430145816454
8.75,0.62,1.2755297208566745,-0.0018266876917068405,0.2766339278964373,0.013424996936902278
8.875,0.62,1.2771300227363582,-0.0018058302326797802,0.27399336852742057,0.013983345033738447
9.0,0.62,1.2787049803309913,-0.0017852648435895074,0.2713672245529808,0.01455126856576569
9.125,0.62,1.2802550856067236,-0.0017649845268286788,0.26875518349481836,0.015128561022431672
9.25,0.62,1.2817808209921475,-0.0017449826660823871,0.2661569439488754,0.015715015668190845
9.375,0.62,1.283282659522998,-0.0017252529961826724,0.2635722150459179,0.01631042592722054
9.5,0.62,1.284761064981331,-0.0017057895754415276,0.26100071594563473,0.016914585738991225
9.625,0.62,1.286216492030237,-0.0016865867602494236,0.25844217536179354,0.01752728988582581
9.75,0.62,1.2876493863449427,-0.0016676391817486572,0.2558963311161309,0.018148334293577074
9.875,0.62,1.289060184741071,-0.0016489417244074007,0.25336292971886837,0.018777516306544142
10.0,0.62,1.2904493153006769,-0.001630489506340516,0.25084172597392784,0.01941463493773994
10.125,0.62,1.2918171974966088,-0.001612277861229893,0.24833248260705043,0.02005949109561247
10.25,0.62,1.2931642423156378,-0.001594302321713658,0.2458349699151887,0.02071188778831291
10.375,0.62,1.2944908523807432,-0.0015765586041264778,0.243348965435664,0.02137163030659554
10.5,0.62,1.2957974220728403,-0.0015590425944769408,0.24087425363370601,0.02203852638642551
10.625,0.62,1.2970843376522199,-0.0015417503355622136,0.23841062560710424,0.02271238635236299
10.75,0.62,1.298351977379888,-0.0015246780151265775,0.23595787880680144,0.02339302324278467
10.875,0.62,1.2996007116389439,-0.001507821954980261,0.23351581677238228,0.024080252917996463
11.0,0.62,1.3008309030561254,-0.0014911786010025135,0.23108424888144127,0.024773894152283142
11.125,0.62,1.3020429066235828,-0.0014747445139597453,0.22866299011195054,0.025473768710932376
11.25,0.62,1.3032370698209264,-0.0014585163610762331,0.22625186081679746,0.026179701413260825
11.375,0.62,1.3044137327375653,-0.0014424909083016477,0.22385068650971507,0.026891520182657887
11.5,0.62,1.3055732281953447,-0.0014266650132275206,0.2214592976619158,0.027609056084648972
11.625,0.62,1.3067158818714348,-0.001411035618604327,0.2190775295087696,0.02833214335396272
11.75,0.62,1.3078420124214472,-0.0013955997464204048,0.2167052218659345,0.02906061941156641
11.875,0.62,1.3089519316027267,-0.0013803544925068713,0.21434221895437258,0.029794324872609548
12.0,0.62,1.3100459443977392,-0.0013652970216305276,0.21198836923374076,0.030533103546188014
12.125,0.62,1.3111243491374982,-0.001350424563045966,0.20964352524367313,0.03127680242780864
12.25,0.62,1.312187437624934,-0.0013357344064771693,0.2073075434525089,0.032025271685399224
12.375,0.62,1.313235495258126,-0.0013212238984987332,0.20498028411304756,0.032778364639668434
12.5,0.62,1.3142688011532957,-0.001306890439289884,0.2026616111249219,0.03353593773957791
12.625,0.62,1.3152876282674872,-0.0012927314797367626,0.200351391903246,0.03429785053364225
12.75,0.62,1.316292243520802,-0.001278744518856237,0.1980494972531761,0.03506396563772406
12.875,0.62,1.3172829079181239,-0.0012649271015152865,0.1957558012500615,0.03583414869994019
13.0,0.62,1.3182598766702054,-0.0012512768164243129,0.1934701811248783,0.036608268363243296
13.125,0.62,1.3192233993140405,-0.0012377912943792222,0.19119251715465804,0.03738619622618821
13.25,0.62,1.320173719832405,-0.0012244682067292097,0.18892269255764368,0.03816780680234015
13.375,0.62,1.3211110767724878,-0.0012113052640480141,0.18666059339291288,0.03895297747872645
13.5,0.62,1.3220357033634935,-0.0011983002149863183,0.18440610846422814,0.03974158847368103
13.625,0.62,1.3229478276331494,-0.001185450845285167,0.18215912922788646,0.040533522794378704
13.75,0.62,1.3238476725230106,-0.0011727549769281833,0.17991954970436638,0.041328666194305384
13.875,0.62,1.3247354560024878,-0.00116021046741478,0.17768726639355473,0.042126907130863
14.0,0.62,1.3256113911815,-0.0011478152091345345,0.17546217819337756,0.04292813672326121
14.125,0.62,1.3264756864216878,-0.0011355671288239837,0.17324418632166738,0.04373224871080608
14.25,0.62,1.3273285454461103,-0.0011234641870919257,0.17103319424108981,0.044539139411656374
14.375,0.62,1.3281701674473414,-0.0011115043779954265,0.1688291075869794,0.04534870768208218
14.5,0.62,1.3290007471939103,-0.0010996857286518394,0.16663183409795795,0.04616085487622924
14.625,0.62,1.3298204751350227,-0.001088006298875447,0.16444128354917595,0.046975484806364265
14.75,0.62,1.3306295375034982,-0.0010764641808257104,0.16225736768807966,0.04779250370355354
14.875,0.62,1.3314281164168824,-0.0010650574986564255,0.16008000017258597,0.048611820178707944
15.0,0.62,1.332216389976673,-0.0010537844081584867,0.15790909651153653,0.04943334518391179
15.125,0.62,1.3329945323656345,-0.0010426430963860183,0.15574457400736078,0.050256991973943926
15.25,0.62,1.3337627139431525,-0.001031631781262835,0.15358635170083862,0.05108267606789128
15.375,0.62,1.3345211013386091,-0.0010207487111625392,0.15143435031788266,0.051910315210753594
15.5,0.62,1.335269857542747,-0.0010099921644585654,0.14928849221826107,0.05273982933493843
15.625,0.62,1.336009141997013,-0.0009993604490448479,0.14714870134617644,0.05357114052154992
15.75,0.62,1.336739110680865,-0.0009888519018228503,0.1450149031826434,0.05440417296138215
15.875,0.62,1.3374599161970475,-0.0009784648881581127,0.1428870246995873,0.05523885291553798
16.0,0.62,1.3381717078548219,-0.0009681978013064625,0.14076499431560396,0.05607510867560547
16.125,0.62,1.3388746317511793,-0.0009580490618120368,0.13864874185331993,0.056912870523339314
16.25,0.62,1.3395688308500262,-0.0009480171168812235,0.13653819849829602,0.05775207068980842
16.375,0.62,1.3402544450593892,-0.0009381004397341205,0.13443329675941756,0.0585926433139882
16.5,0.62,1.3409316113066412,-0.0009282975289403003,0.13233397043071274,0.05943452440079222
16.625,0.62,1.341600463611787,-0.0009186069077424089,0.13024015455455973,0.060277651778555374
16.75,0.62,1.342261133158838,-0.0009090271233711232,0.12815178538621477,0.06112196505599724
16.875,0.62,1.342913748365324,-0.0008995567463580512,0.12606880035962426,0.0619674055787108
17.0,0.62,1.3435584349499614,-0.0008901943698509333,0.12399113805447404,0.06281391638523733
17.125,0.62,1.3441953159985467,-0.0008809386089348417,0.1219187381644146,0.06366144216280256
17.25,0.62,1.344824512028099,-0.0008717880999659703,0.11985154146642871,0.06450992920280277
17.375,0.62,1.345446141049313,-0.0008627414999209137,0.11778948979130298,0.06535932535614038
17.5,0.62,1.3460603186273632,-0.0008537974857655211,0.11573252599513353,0.0662095799885194
17.625,0.62,1.3466671579411171,-0.0008449547538477765,0.113680593931848,0.0670606439358188
17.75,0.62,1.3472667698407976,-0.0008362120193163682,0.1116336384266931,0.06791246945966725
17.875,0.62,1.3478592629041493,-0.0008275680155690734,0.10959160525064401,0.06876501020334845
18.0,0.62,1.3484447434911655,-0.0008190214937322371,0.10755444109570048,0.06961822114816671
18.125,0.62,1.3490233157974176,-0.0008105712221735241,0.10552209355102746,0.0704720585704033
18.25,0.62,1.3495950819060238,-0.0008022159860483625,0.10349451107991207,0.07132647999899187
18.375,0.62,1.3501601418383302,-0.0007939545868814292,0.10147164299747569,0.07218144417403739
18.5,0.62,1.3507185936033295,-0.0007857858421836488,0.09945343944915194,0.07303691100629751
18.625,0.62,1.351270533245854,-0.0007777085851018479,0.0974398513898405,0.07389284153773705
18.75,0.62,1.3518160548936142,-0.0007697216641058051,0.09543083056377448,0.07474919790325858
18.875,0.62,1.3523552508030758,-0.0007618239427034754,0.09342632948496757,0.07560594329370042
19.0,0.62,1.352888211404268,-0.0007540142991932717,0.09142630141838289,0.07646304192018304
19.125,0.62,1.3534150253444857,-0.0007462916264359986,0.08943070036151805,0.07732045897987108
19.25,0.62,1.353935779531014,-0.0007386548316706818,0.0874394810268318,0.07817816062320719
19.375,0.62,1.3544505591727618,-0.0007311028363289573,0.08545259882426284,0.07903611392265628
19.5,0.62,1.3549594478210527,-0.0007236345759130503,0.08347000984497009,0.07989428684299084
19.625,0.62,1.3554625274092444,-0.0007162489998280003,0.08149167084446134,0.08075264821312463
19.75,0.62,1.3559598782917737,-0.0007089450713344993,0.0795175392279367,0.0816111676995025
19.875,0.62,1.3564515792817184,-0.0007017217673523561,0.07754757303334481,0.0824698157810171
20.0,0.62,1.3569377076883842,-0.00069457807853481,0.07558173091921729,0.08332856372544795
20.125,0.62,1.3574183393525714,-0.0006875130089394484,0.07361997214606557,0.08418738356734502
20.25,0.62,1.3578935486832646,-0.0006805255763579627,0.07166225656903719,0.08504624808736316
20.375,0.62,1.3583634086898984,-0.0006736148116174703,0.06970854461381806,0.08590513079289386
20.5,0.62,1.3588279910194363,-0.0006667797595142018,0.0677587972800323,0.08676400590006443
20.625,0.62,1.3592873659837335,-0.0006600194771645293,0.0658129761021402,0.08762284831679862
20.75,0.62,1.3597416026001619,-0.0006533330364366122,0.0638710431784856,0.08848163362720837
20.875,0.62,1.360190768609219,-0.0006467195199132029,0.061932961093547546,0.0893403380766559
21.0,0.62,1.3606349305264593,-0.0006401780270709922,0.05999869300988229,0.09019893855828798
21.125,0.62,1.361074153638205,-0.0006337076642688685,0.058068202492771774,0.09105741259951308
21.25,0.62,1.361508502084065,-0.0006273075603100364,0.05614145375817542,0.09191573835058423
21.375,0.62,1.3619380388003737,-0.000620976841493229,0.05421841125261076,0.09277389457158634
21.5,0.62,1.362362825681273,-0.0006147146706549764,0.052299040289612284,0.09363186062343097
21.625,0.62,1.3627829233940942,-0.0006085201848382663,0.05038330601767085,0.09448961645369572
21.75,0.62,1.3631983917384447,-0.0006023925930641223,0.04847117502546425,0.09534714259157029
21.875,0.62,1.3636092891445744,-0.0005963310203461741,0.046562612781908534,0.09620442012899456
22.0,0.62,1.3640156735276183,-0.0005903347523372351,0.044657587657829,0.09706143072403774
22.125,0.62,1.3644176009983218,-0.0005844028443127316,0.04275606455456129,0.09791815656893406
22.25,0.62,1.3648151279504765,-0.0005785347334323341,0.040858014951183325,0.09877458041370463
22.375,0.62,1.3652083078140727,-0.0005727292559196552,0.03896340103466711,0.09963068550018281
22.5,0.62,1.3655971962024567,-0.0005669861820386643,0.037072200758577714,0.10048645563601757
22.625,0.62,1.3659818428116992,-0.0005613037329516492,0.03518436834186391,0.1013418750410094
22.75,0.62,1.3663623041137163,-0.0005556824485315137,0.03329989664998526,0.1021969285481112
22.875,0.62,1.3667386233000527,-0.0005501188474114242,0.03141871909579043,0.10305160121996221
23.0,0.62,1.3671108613574938,-0.0005446152926382971,0.029540864403983097,0.10390587887520007
23.125,0.62,1.3674790480247383,-0.0005391634566091407,0.027666214231864935,0.10475974708132944
23.25,0.62,1.367843256432115,-0.0005337701762121311,0.0257948843561399,0.10561319254626979
23.375,0.62,1.3682034864003445,-0.0005284124935550135,0.023926632577656645,0.10646620031164879
23.5,0.62,1.3685598356005535,-0.0005231092649972091,0.0220617823478685,0.1073187576363469
23.625,0.62,1.3689122399810512,-0.0005177893322172372,0.020199813478183462,0.10817084546941563
23.75,0.62,1.3692608203173127,-0.0005125105186225126,0.018341515056568176,0.10902245055916374
23.875,0.62,1.3696054103255437,-0.0005070242834062944,0.01648583809451504,0.10987353619998187
24.0,0.62,1.369945985513699,-0.0005015505882587871,0.014634430324527267,0.11072408670303763
24.125,0.62,1.3702824621232415,-0.0004951020997813085,0.012785796749612582,0.1115739912138862
24.25,0.62,1.3706133877589761,-0.0004887241323631751,0.010941993574527426,0.11242323854855156
24.375,0.62,1.370940860766281,-0.00047791842107206315,0.009105094965176525,0.1132713806057497
24.5,0.62,1.371254170442276,-0.0004684891353404429,0.007268387259913372,0.11411852623315712
24.625,0.62,1.3715722099816727,-0.0004365269786519735,0.005468264438804234,0.11496245731383231
24.75,0.62,1.371829722276933,-0.00041888524960376753,0.0036215403785653444,0.11580447137944051
24.875,0.62,1.3721518864781386,-0.00026067540780154723,0.0019902527514057715,0.11662612234042069
25.0,0.62,1.3721518864781386,0.0,0.0,0.11662612234042069
0.0,0.64,1.0,0.0,0.5963332565386901,0.0
0.125,0.64,1.0098739799173546,-0.011656918906201165,0.5963332565386901,7.821352151415658e-10
0.25,0.64,1.024114486526824,-0.013511726255585972,0.5766822232154784,7.73049699445974e-09
0.375,0.64,1.0374333629290673,-0.014644600741268667,0.56764927084406,4.1499195870884805e-08
0.5,0.64,1.0510155756667845,-0.013022969319978282,0.5496660764821004,1.4209292330731566e-07
0.625,0.64,1.0617483137464347,-0.011681206086502865,0.5396821046587535,3.7980555174503315e-07
0.75,0.64,1.0717300412505426,-0.010168934060798879,0.5274551646741142,8.533255880057054e-07
0.875,0.64,1.080071623647328,-0.009048972477891696,0.5188074626048729,1.7039776376707688e-06
1.0,0.64,1.0877528851097615,-0.008113063725216292,0.5099337982757473,3.114772554652728e-06
1.125,0.64,1.0945936517505312,-0.00741611342106953,0.502560819162138,5.3234958899671885e-06
1.25,0.64,1.1009751745545928,-0.006856502541741269,0.4954050244916055,8.621343497177594e-06
1.375,0.64,1.1068893873409835,-0.006419865556096271,0.4889378157056958,1.3361001325795056e-05
1.5,0.64,1.1124849837113502,-0.006060612051063633,0.4827290567634293,1.9953578201936684e-05
1.625,0.64,1.1177842870679597,-0.005764606965548025,0.4768926016712357,2.8871137411919183e-05
1.75,0.64,1.122850656398708,-0.00551189290664206,0.4712767454694446,4.0641560110598865e-05
1.875,0.64,1.127705656543417,-0.005294131284656909,0.4658991724137777,5.5846409242189555e-05
2.0,0.64,1.1323802595812391,-0.0051022887830349025,0.46070028328436435,7.511398416321231e-05
2.125,0.64,1.1368907754202897,-0.00493172200066064,0.45567445037139975,9.911390658185336e-05
2.25,0.64,1.1412547424415673,-0.004778012151392828,0.4507941527473164,0.00012854900819214926
2.375,0.64,1.1454839996782693,-0.004638469063437841,0.4460498400038943,0.00016414808778350798
2.5,0.64,1.149589762782077,-0.004510696022286781,0.4414262550999769,0.0002066574237302833
2.625,0.64,1.1535806910241946,-0.004393026476383433,0.4369145989445655,0.00025683296391692775
2.75,0.64,1.157464589228236,-0.004284017435207281,0.43250499264258446,0.0003154322136741066
2.875,0.64,1.161247920325922,-0.0041825669323736344,0.42819017858407465,0.00038320681727636115
3.0,0.64,1.1649364233423505,-0.004087727967766382,0.42396305136692297,0.00046089540548547886
3.125,0.64,1.1685350324420996,-0.003998732763425249,0.41981775894835704,0.0005492171993403345
3.25,0.64,1.172048130205293,-0.003914919865543021,0.41574885646412507,0.0006488661830608989
3.375,0.64,1.1754795706480172,-0.0038357332500860795,0.411751610473949,0.0007605060650043928
3.5,0.64,1.1788328003077084,-0.0037606908982764607,0.40782168640845834,0.0008847659300854133
3.625,0.64,1.1821108995522553,-0.0036893786655835567,0.40395521328153317,0.0010222366585610236
3.75,0.64,1.1853166500072791,-0.003621435002292575,0.40014865391127025,0.0011734680416632451
3.875,0.64,1.1884525719570151,-0.003556544946721722,0.39639880200991634,0.0013389665942056782
4.0,0.64,1.191520966529484,-0.0034944317069110636,0.39270271927638956,0.001519193999766275
4.125,0.64,1.1945239450798784,-0.003434851881293852,0.38905771692100105,0.0017145661521000947
4.25,0.64,1.1974634575469214,-0.003377590295677191,0.3854613198598306,0.0019254527291470839
4.375,0.64,1.2003413144388926,-0.003322456416568544,0.38191124756804834,0.0021521772483153972
4.5,0.64,1.203159206626763,-0.00326928092301251,0.37840539088427244,0.0023950175418544716
4.625,0.64,1.205918721463014,-0.003217913050746634,0.37494179577062964,0.002654206598074175
4.75,0.64,1.2086213568327324,-0.0031682181894102804,0.3715186469363982,0.0029299337124397877
4.875,0.64,1.2112685328429074,-0.0031200759094668898,0.36813425481793705,0.003222345897898297
5.0,0.64,1.2138616018490873,-0.0030733782166132142,0.36478704339892876,0.003531549505759823
5.125,0.64,1.2164018568639656,-0.003028028072815667,0.3614755399193422,0.0038576120132931928
5.25,0.64,1.2188905387029594,-0.002983938097651859,0.35819836552511425,0.004200563937666411
5.375,0.64,1.2213288419863575,-0.002941029448965038,0.354954227124918,0.004560400840388953
5.5,0.64,1.2237179202069979,-0.002899230841258339,0.35174191006033945,0.00493708539027818
5.625,0.64,1.226058889980961,-0.0028584776913612646,0.3485602716169192,0.005330549457098664
5.75,0.64,1.2283528346180916,-0.0028187113684892094,0.3454082351889429,0.005740696211717159
5.875,0.64,1.230600807109047,-0.0027798785377438342,0.3422847850613757,0.006167402212225487
6.0,0.64,1.2328038326240578,-0.002741930582847756,0.3391889617057046,0.0066105194587331205
6.125,0.64,1.2349629105980338,-0.002704823098867128,0.3361198575431198,0.007069877402556034
6.25,0.64,1.2370790164700738,-0.00266851544527489,0.3330766131102766,0.007545284898226819
6.375,0.64,1.2391531031331973,-0.0026329703520358095,0.33005841358616467,0.008036532089183805
6.5,0.64,1.2411861021433441,-0.002598153571779893,0.32706448563570695,0.008543392220135457
6.625,0.64,1.243178924728559,-0.0025640335724016754,0.32409409453653537,0.009065623370976845
6.75,0.64,1.245132462633559,-0.0025305812649563534,0.3211465415568459,0.009602970108760028
6.875,0.64,1.247047588829174,-0.0024977697625120244,0.3182211615580594,0.010155165055616614
7.0,0.64,1.248925158111687,-0.002465574166107886,0.3153173207983484,0.01072193037171364
7.125,0.64,1.2507660076129465,-0.002433971374508874,0.3124344149166286,0.011302979153315774
7.25,0.64,1.2525709572387693,-0.002402939914845828,0.3095718670787817,0.011898016746845444
7.375,0.64,1.2543408100501252,-0.0023724597916220296,0.30672912627029164,0.012506741980497416
7.5,0.64,1.256076352599126,-0.0023425123518750228,0.30390566572119265,0.013128848315492717
7.625,0.64,1.2577783552296442,-0.0023130801645680227,0.3011009814509737,0.013764024919464964
7.75,0.64,1.259447572350592,-0.002284146912529197,0.2983145909224137,0.014411957664775956
7.875,0.64,1.26108474268835,-0.0022556972954637876,0.2955460317945975,0.015072330054770084
8.0,0.64,1.2626905895235305,-0.002227716942746899,0.2927948607664005,0.015744824081112926
8.125,0.64,1.264265820916214,-0.0022001923348682903,0.2900606525026483,0.01642912101542946
8.25,0.64,1.2658111299228898,-0.002173110732537795,0.2873429986359902,0.01712490213847391
8.375,0.64,1.2673271948076068,-0.002146460112584199,0.2846415068381904,0.01783184941003609
8.5,0.64,1.2688146792492734,-0.0021202291098887703,0.2819557999551895,0.018549646082726984
8.625,0.64,1.2702742325465417,-0.002094406964690993,0.27928551520080463,0.01927797726269976
8.75,0.64,1.271706489821361,-0.002068983474686161,0.27663030340441996,0.020016530420255613
8.875,0.64,1.2731120722219782,-0.0020439489514116524,0.2739898283084465,0.020764995853166462
9.0,0.64,1.274491587125937,-0.0020192941804804045,0.2713637659116831,0.021523067105421245
9.125,0.64,1.2758456283434636,-0.0019950103852767304,0.2687518038550684,0.022290441343975703
9.25,0.64,1.2771747763214694,-0.001971089193779704,0.26615364084659404,0.02306681969595917
9.375,0.64,1.2784795983483384,-0.0019475226082170045,0.26356898612242163,0.023851907548669626
9.5,0.64,1.2797606487595603,-0.00192430297728937,0.2609975589414788,0.02464541481457168
9.625,0.64,1.2810184691442263,-0.0019014229707348175,0.25843908811106414,0.025447056163402114
9.75,0.64,1.2822535885523811,-0.0018788755560263128,0.2558933115411577,0.026256551223385854
9.875,0.64,1.2834665237031648,-0.0018566539770157931,0.2533599758253166,0.027073624753471096
10.0,0.64,1.2846577791936777,-0.0018347517343598034,0.25083883584624384,0.027898006788406544
10.125,0.64,1.2858278477084677,-0.001813162567569658,0.24832965440422725,0.02872943275840621
10.25,0.64,1.2869772102295474,-0.0017918804385497163,0.24583220186683283,0.029567643585076353
10.375,0.64,1.2881063362468061,-0.0017708995164954081,0.24334625583833022,0.03041238575521638
10.5,0.64,1.2892156839686961,-0.0017502141640341406,0.24087160084748438,0.031263411374047964
10.625,0.64,1.2903057005330605,-0.0017298189245032213,0.23840802805243705,0.03212047819937555
10.75,0.64,1.2913768222179518,-0.0017097085102664592,0.23595533496151072,0.032983349658133494
10.875,0.64,1.2924294746523086,-0.0016898777919819028,0.23351332516889084,0.033851794846732335
11.0,0.64,1.2934640730263136,-0.0016703217887424264,0.23108180810417228,0.0347255885165752
11.125,0.64,1.29448102230131,-0.00165103565901635,0.22866059879489076,0.035604511046075496
11.25,0.64,1.2954807174190854,-0.0016320146923233234,0.22624951764121104,0.03648834840046865
11.375,0.64,1.2964635435103957,-0.001613254301588839,0.2238483902019962,0.03737689208067
11.5,0.64,1.2974298761025354,-0.0015947500161263084,0.22145704699157095,0.038269939062390755
11.625,0.64,1.298380081325825,-0.0015764974751982291,0.2190753232865161,0.039167291726680396
11.75,0.64,1.2993145161188324,-0.0015584924221167704,0.21670305894190844,0.04006875778301773
11.875,0.64,1.3002335284321789,-0.001540730698846583,0.21434009821644137,0.04097415018602467
12.0,0.64,1.3011374574307677,-0.0015232082410716649,0.21198628960590657,0.041883287046823175
12.125,0.64,1.3020266336942858,-0.0015059210736982935,0.2096414856845662,0.042795991540001375
12.25,0.64,1.302901379415828,-0.0014888653067620708,0.20730554295396045,0.04371209180709537
12.375,0.64,1.3037620085984796,-0.0014720371317107441,0.20497832169874158,0.044631420857430625
12.5,0.64,1.3046088272497434,-0.0014554328180374243,0.2026596858491158,0.045553816467103755
12.625,0.64,1.3054421335736492,-0.0014390487102370324,0.2003495028495588,0.046479121076817814
12.75,0.64,1.3062622181604326,-0.0014228812250624608,0.1980476435334395,0.04740718168921667
12.875,0.64,1.3070693641736426,-0.0014069268490544437,0.19575398200322813,0.04833784976629548
13.0,0.64,1.3078638475345854,-0.0013911821363240397,0.19346839551598638,0.04927098112739551
13.125,0.64,1.3086459371039783,-0.0013756437065631836,0.19119076437384613,0.050206435848222784
13.25,0.64,1.3094158948607197,-0.001360308243262194,0.18892097181921577,0.051144078161263984
13.375,0.64,1.3101739760776845,-0.001345172492112113,0.1866589039344462,0.052083776357907126
13.5,0.64,1.3109204294944683,-0.0013302332595706914,0.1844044495457258,0.05302540269251209
13.625,0.64,1.3116554974869954,-0.0013154874115735124,0.1821575001309697,0.05396883328861691
13.75,0.64,1.3123794162339317,-0.0013009318723688798,0.17991794973150368,0.054913948047408866
13.875,0.64,1.3130924158798518,-0.0012865636234589773,0.1776856948673272,0.055860630558537815
14.0,0.64,1.313794720695095,-0.0012723797026292752,0.17546063445577664,0.05680876801330106
14.125,0.64,1.3144865492322937,-0.0012583772030503827,0.17324266973342464,0.05775825112018585
14.25,0.64,1.3151681144795204,-0.0012445532724350773,0.1710317041810343,0.05870897402271762
14.375,0.64,1.3158396240100403,-0.0012309051122376524,0.16882764345142381,0.05966083421952833
14.5,0.64,1.3165012801286515,-0.0012174299768813257,0.1666303953001099,0.060613732486531825
14.625,0.64,1.3171532800146035,-0.0012041251730020102,0.16443986951857337,0.06156757280107042
14.75,0.64,1.3177958158610903,-0.0011909880586980814,0.16225597787004925,0.06252226226787905
14.875,0.64,1.3184290750113314,-0.001178016042775545,0.1600786340277218,0.06347771104670186
15.0,0.64,1.3190532400912334,-0.0011652065839827315,0.1579077535151999,0.06443383228138778
15.125,0.64,1.319668489138684,-0.0011525571902267224,0.15574325364919894,0.0653905420302907
15.25,0.64,1.3202749957294744,-0.001140065417767068,0.15358505348432044,0.06634775919779948
15.375,0.64,1.320872929099894,-0.0011277288703829217,0.151433073759853,0.0673054054668318
15.5,0.64,1.3214624542660407,-0.001115545198511015,0.14928723684850959,0.06826340523213233
15.625,0.64,1.3220437321398828,-0.0011035120983550978,0.1471474667070228,0.06922168553423179
15.75,0.64,1.3226169196421282,-0.0010916273109653498,0.14501368882853727,0.07018017599393582
15.875,0.64,1.3231821698119488,-0.001079888621289975,0.14288583019672202,0.07113880874723277
16.0,0.64,1.3237396319136252,-0.0010682938572009668,0.1407638192415442,0.07209751838052683
16.125,0.64,1.3242894515401702,-0.0010568408884973062,0.13864758579664196,0.07305624186612578
16.25,0.64,1.3248317707140065,-0.0010455276258902204,0.1365370610582418,0.07401491849793113
16.375,0.64,1.3253667279847494,-0.0010343520199731623,0.1344321775455596,0.07497348982730286
16.5,0.64,1.3258944585242007,-0.001023312060182575,0.1323328690626315,0.0759318995990897
16.625,0.64,1.3264150942185848,-0.0010124057737549849,0.1302390706615325,0.07689009368783839
16.75,0.64,1.3269287637581435,-0.001001631224684523,0.1281507186069166,0.07784802003421433
16.875,0.64,1.3274355927241408,-0.0009909865126868347,0.1260677503418376,0.0788056285816846
17.0,0.64,1.3279357036733705,-0.000980469772174612,0.12399010445481098,0.07976287121353073
17.125,0.64,1.3284292162202336,-0.0009700791712488051,0.12191772064804833,0.08071970169027462
17.25,0.64,1.3289162471164766,-0.0009598129107115995,0.11985053970683542,0.08167607558761342
17.375,0.64,1.3293969103286485,-0.0009496692231052577,0.11778850347001293,0.08263195023496908
17.5,0.64,1.3298713171133731,-0.0009396463717801125,0.11573155480149126,0.083587284654769
17.625,0.64,1.3303395760905004,-0.0009297426499956409,0.11367963756278278,0.08454203950257792
17.75,0.64,1.3308017933142038,-0.0009199563800574401,0.11163269658649666,0.08549617700820603
17.875,0.64,1.3312580723421077,-0.0009102859124932566,0.10959067765075681,0.08644966091792018
18.0,0.64,1.331708514302501,-0.0009007296252691065,0.10755352745450698,0.08740245643788233
18.125,0.64,1.3321532179597046,-0.0008912859230474816,0.10552119359365876,0.08835453017893782
18.25,0.64,1.3325922797776633,-0.0008819532364874392,0.1034936245380551,0.08930585010286964
18.375,0.64,1.3330257939818024,-0.0008727300215888963,0.10147076960919056,0.09025638547022702
18.5,0.64,1.3334538526192348,-0.0008636147590792197,0.09945257895869555,0.09120610678982899
18.625,0.64,1.3338765456173345,-0.00085460595383946,0.0974390035474961,0.0921549857700309
18.75,0.64,1.3342939608407645,-0.0008457021343769535,0.09542999512568899,0.093102995271831
18.875,0.64,1.334706184146974,-0.0008369018523299875,0.09342550621299257,0.0940501092638799
19.0,0.64,1.3351132994402404,-0.0008282036820179169,0.09142549007992344,0.09499630277944286
19.125,0.64,1.3355153887242524,-0.0008196062200149385,0.08942990072938328,0.09594155187534713
19.25,0.64,1.3359125321533547,-0.0008111080847753517,0.08743869287909517,0.09688583359293614
19.375,0.64,1.3363048080823476,-0.0008027079162579786,0.08545182194412096,0.09782912592103041
19.5,0.64,1.33669229311511,-0.0007944043756264186,0.0834692440206152,0.0987714077608884
19.625,0.64,1.3370750621517,-0.0007861961448962047,0.08149091586894286,0.09971265889313309
19.75,0.64,1.3374531884345722,-0.000778081926724228,0.07951679489905063,0.10065285994661605
19.875,0.64,1.3378267435929678,-0.0007700604440246053,0.07754683915348842,0.1015919923691442
20.0,0.64,1.338195797687038,-0.0007621304399033915,0.07558100729530923,0.10253003840003443
20.125,0.64,1.3385604192493108,-0.000754290677122436,0.07361925858937042,0.10346698104436702
20.25,0.64,1.3389206753273362,-0.0007465399383376874,0.07166155289514989,0.10440280404892892
20.375,0.64,1.3392766315215152,-0.0007388770251326857,0.06970785064240333,0.10533749187962325
20.5,0.64,1.339628352027635,-0.0007313007589715114,0.06775811283495765,0.10627102970043986
20.625,0.64,1.3399758996691364,-0.0007238099791228788,0.06581230101099615,0.10720340335355784
20.75,0.64,1.3403193359428176,-0.0007164035453762018,0.06387037727308079,0.10813459934097003
20.875,0.64,1.3406587210405772,-0.0007090803331702459,0.061932304208866314,0.1090646048067086
21.0,0.64,1.3409941139063406,-0.0007018392407138795,0.05999804498548013,0.10999340752082465
21.125,0.64,1.341325572234773,-0.0006946791771121507,0.058067563170318776,0.11092099586298193
21.25,0.64,1.3416531525593691,-0.0006875990805069607,0.056140822985096456,0.11184735880874927
21.375,0.64,1.3419769101968333,-0.0006805978886830462,0.05421778887607557,0.11277248591339287
21.5,0.64,1.3422968994159097,-0.0006736745847752086,0.052298426165786026,0.11369636730111246
21.625,0.64,1.342613173249233,-0.000666828124019022,0.05038269999679524,0.11461899364682496
21.75,0.64,1.3429257838663071,-0.0006600575483966623,0.04847057697513527,0.1155403561706532
21.875,0.64,1.3432347820577775,-0.0006533618035132806,0.046562022549809345,0.11646044661284645
22.0,0.64,1.3435402181196294,-0.0006467400256434345,0.04465700513009884,0.11737925723998063
22.125,0.64,1.3438421405239487,-0.0006401910828855604,0.04275548956239866,0.11829678080136702
22.25,0.64,1.344140598077339,-0.0006337142937179709,0.04085744741708748,0.11921301056373536
22.375,0.64,1.3444356365697976,-0.0006273082740084791,0.03896284073762109,0.12012794021996118
22.5,0.64,1.3447273040972925,-0.0006209727386558907,0.03707164770098155,0.12104156399477711
22.625,0.64,1.3450156426954656,-0.0006147055894173132,0.035183822156016994,0.12195387643084815
22.75,0.64,1.345300701476031,-0.0006085074545788569,0.03329935752334196,0.12286487267337962
22.875,0.64,1.3455825158948913,-0.0006023742573000281,0.03141818625497914,0.123774547935352
23.0,0.64,1.3458611399716152,-0.0005963087925094734,0.029540338476480445,0.12468289823978664
23.125,0.64,1.346136595502704,-0.0005903013615106343,0.02766569329089018,0.1255899190165871
23.25,0.64,1.346408949751152,-0.0005843600927864129,0.025794370114028277,0.1264956070598108
23.375,0.64,1.3466781940750348,-0.0005784583672918208,0.02392611962943619,0.1273999566286689
23.5,0.64,1.346944423706359,-0.0005726186765341056,0.022061275334566068,0.1283029648927758
23.625,0.64,1.3472075646874175,-0.000566758847463335,0.02019929554425879,0.12920462014044184
23.75,0.64,1.3474677472727903,-0.0005609478278382021,0.01834100036022041,0.13010491867442808
23.875,0.64,1.347724789813034,-0.0005548997061667869,0.016485267650362845,0.13100382459364718
24.0,0.64,1.3479787240061125,-0.0005488752090865726,0.014633857815792203,0.1319013314186361
24.125,0.64,1.3482294218451638,-0.0005417434323823319,0.01278498773798093,0.13279730344404522
24.25,0.64,1.3484756984260227,-0.0005347315766538201,0.010941202115032342,0.1336917435471744
24.375,0.64,1.348719423022278,-0.0005227232145278245,0.009103253761971894,0.13458406694487754
24.5,0.64,1.3489513057424103,-0.0005124458758588137,0.00726690010534975,0.13547445265937458
24.625,0.64,1.3491886266400939,-0.0004770657734565065,0.005461475622303575,0.13635999505178917
24.75,0.64,1.3493755284785414,-0.000458322345144742,0.003618298791909541,0.13724250205064312
24.875,0.64,1.3496222899836088,-0.0002861950730219051,0.0019544697072189075,0.1380993161453011
25.0,0.64,1.3496222899836088,0.0,0.0,0.1380993161453011
0.0,0.66,1.0,0.0,0.5983559854155285,0.0
0.125,0.66,1.0107581594997448,-0.013699670868598706,0.5983559854155285,3.1856104509662924e-09
0.25,0.66,1.0259430722880292,-0.015684616123101566,0.5769633568627964,2.9658376223651288e-08
0.375,0.66,1.0396035623737159,-0.01687329458655623,0.5678097422624021,1.5039779285094034e-07
0.5,0.66,1.0534300034015491,-0.014937361311830806,0.5493397578787906,4.887356340278157e-07
0.625,0.66,1.0641889282805335,-0.013362684692565793,0.5394137245884081,1.2468095593072247e-06
0.75,0.66,1.07418239404302,-0.011619463563279999,0.5271596862573998,2.6861596837377066e-06
0.875,0.66,1.0825048412944118,-0.010336457674591298,0.5185870124884965,5.163981904769109e-06
1.0,0.66,1.0901771057882481,-0.00926838279587482,0.509748883223044,9.117163460451967e-06
1.125,0.66,1.097011030455186,-0.008474552421743858,0.5024214950100595,1.5091176974617295e-05
1.25,0.66,1.1033930300462353,-0.007837289032878218,0.49529204679498473,2.3723782602801906e-05
1.375,0.66,1.109310406750418,-0.00734000042413584,0.48884850512128536,3.575848843595549e-05
1.5,0.66,1.1149113974137979,-0.006930457988710864,0.4826547449724796,5.202665935707622e-05
1.625,0.66,1.1202159124426276,-0.006592704388335468,0.4768306264586509,7.344784320590093e-05
1.75,0.66,1.1252863929044559,-0.00630399250570286,0.47122328716022105,0.00010101088022759277
1.875,0.66,1.1301430943475905,-0.006054915994072082,0.46585264302161516,0.00013576567614882423
2.0,0.66,1.134816233765961,-0.005835197033843629,0.4606589414043087,0.00017880446451868918
2.125,0.66,1.1393213049279127,-0.005639584176481734,0.4556374028058472,0.00023124934358930118
2.25,0.66,1.1436752495092717,-0.005463050310774636,0.45076054191433823,0.0002942349171260847
2.375,0.66,1.1478893257472542,-0.005302544587017353,0.4460191440816582,0.0003688949114542315
2.5,0.66,1.1519742727387363,-0.005155339717983903,0.4413980062548458,0.0004563472129743764
2.625,0.66,1.1559383105928898,-0.005019542982257711,0.4368884717175445,0.0005576817572895092
2.75,0.66,1.15978887152233,-0.004893513410409773,0.4324807039435805,0.0006739486170153037
2.875,0.66,1.1635320905736999,-0.004776000171000357,0.42816751193697344,0.0008061483666103426
3.0,0.66,1.1671734332230403,-0.004665928679606413,0.42394182002953995,0.0009552234652333111
3.125,0.66,1.1707176067876501,-0.0045624296840428135,0.41979781116193216,0.001122051545560558
3.25,0.66,1.1741688161343469,-0.004464755473488131,0.4157300609716755,0.001307439978141824
3.375,0.66,1.1775307830386703,-0.004372279242980947,0.4117338565382637,0.001512122021924198
3.5,0.66,1.180806866670385,-0.004284458940603717,0.40780487757182043,0.0017367542027996738
3.625,0.66,1.1840001020200515,-0.00420083031423503,0.4039392662400517,0.0019819149654864555
3.75,0.66,1.1871132652875598,-0.004120989295700312,0.4001334954911936,0.0022481043604311505
3.875,0.66,1.1901489083491357,-0.004044585087536574,0.3963843680238474,0.0025357447005243763
4.0,0.66,1.193109398217078,-0.00397131043078722,0.39268895286824557,0.0028451820092544977
4.125,0.66,1.1959969433641249,-0.003900896075251305,0.38904456764905915,0.0031766881594703917
4.25,0.66,1.1988136190987428,-0.003833104797762979,0.3854487426910172,0.0035304635624224838
4.375,0.66,1.2015613864960653,-0.0037677272446182733,0.38189920219119555,0.003906640305352551
4.5,0.66,1.2042421092274371,-0.0037045779579108974,0.37839384104990076,0.004305285627159965
4.625,0.66,1.2068575667754038,-0.003643492299072779,0.374930708786088,0.004726405644137708
4.75,0.66,1.2094094657122567,-0.0035843236687724835,0.37150799320900635,0.0051699492409987575
4.875,0.66,1.2118994487477899,-0.0035269412284654913,0.3681240074837056,0.005635812057593763
5.0,0.66,1.2143291022766995,-0.0034712278892777733,0.36477717799499887,0.006123840508809956
5.125,0.66,1.2166999624736414,-0.0034170786134641675,0.3614660341087542,0.0066338357863953605
5.25,0.66,1.2190135203026402,-0.0033643989280542934,0.35818919885604916,0.007165557799004058
5.375,0.66,1.221271225560278,-0.003313103649132873,0.35494538082446514,0.007718729015397315
5.5,0.66,1.2234744901625865,-0.0032631157680925067,0.35173336685423207,0.008293038182422462
5.625,0.66,1.2256246907886612,-0.0032143654872513064,0.34855201557323623,0.008888143896006553
5.75,0.66,1.2277231710127519,-0.003166789377842792,0.34540025158112786,0.009503678008804563
5.875,0.66,1.2297712430138843,-0.0031203296472427427,0.34227706024844734,0.010139248863089463
6.0,0.66,1.23177018894989,-0.0030749334985618,0.3391814830268389,0.01079444434156358
6.125,0.66,1.2337212620610354,-0.003030552571530911,0.3361126132248401,0.011468834732335174
6.25,0.66,1.2356256875615559,-0.0029871424531825214,0.3330695921843894,0.012161975407225712
6.375,0.66,1.2374846633648462,-0.0029446622495824287,0.3300516058170839,0.012873409315014442
6.5,0.66,1.2392993606812932,-0.0029030742103549312,0.32705788145587145,0.013602669293178684
6.625,0.66,1.2410709245197895,-0.002862343399258529,0.3240876849889004,0.014349280203246455
6.75,0.66,1.2428004741185217,-0.0028224374047241957,0.3211403182435151,0.015112760896069933
6.875,0.66,1.2444891033253382,-0.0027833260852171368,0.31821511659430113,0.015892626014218172
7.0,0.66,1.2461378809439514,-0.002744981344875486,0.3153114467713106,0.016688387639310256
7.125,0.66,1.2477478510586368,-0.0027073769355361126,0.3124287048481892,0.01749955679251332
7.25,0.66,1.2493200333472323,-0.0026704882817363846,0.3095663143920273,0.018325644796643868
7.375,0.66,1.250855423389797,-0.002634292325757077,0.30672372475920273,0.019166164508372382
7.5,0.66,1.2523549929783273,-0.002598767390142301,0.30390040952315683,0.02002063142896425
7.625,0.66,1.2538196904313115,-0.002563893055479462,0.30109586502181174,0.020888564701821554
7.75,0.66,1.2552504409156262,-0.0025296500515125304,0.29830960901363307,0.02176948800484017
7.875,0.66,1.256648146777234,-0.0024960201599147093,0.29554117943263714,0.022662930345283903
8.0,0.66,1.2580136878813337,-0.0024629861272680797,0.29279013323364994,0.023568426764517918
8.125,0.66,1.2593479219620436,-0.0024305315869879948,0.2900560453200618,0.024485518959552165
8.25,0.66,1.2606516849811895,-0.0023986409890988203,0.28733850754713364,0.02541375582793356
8.375,0.66,1.2619257914954884,-0.0023672995369139528,0.28463712779457956,0.026352693942104845
8.5,0.66,1.2631710350312013,-0.0023364931297991404,0.28195152910279936,0.027301897958926236
8.625,0.66,1.2643881884651798,-0.0023062083113112486,0.2792813488676362,0.028260940969642972
8.75,0.66,1.265578004411195,-0.002276432222099768,0.2766262380890336,0.02922940479518146
8.875,0.66,1.266741215610423,-0.0022471525570442984,0.2739858606693724,0.03020688023127585
9.0,0.66,1.267878535324981,-0.0022183575261742134,0.2713598927576356,0.03119296724756829
9.125,0.66,1.2689906577334902,-0.0021900358189756676,0.26874802213589505,0.03218727514449244
9.25,0.66,1.2700782583276788,-0.002162176571747123,0.2661499476448949,0.03318942267144246
9.375,0.66,1.2711419943091702,-0.002134769337708275,0.26356537864579127,0.03419903810944935
9.5,0.66,1.2721825049856312,-0.002107804059600999,0.2609940345153112,0.0352157593213328
9.625,0.66,1.2732004121656009,-0.002081271044557015,0.25843564417188053,0.036239233772068336
9.75,0.66,1.2741963205513522,-0.0020551609410291638,0.2558899456304137,0.03726911852190704
9.875,0.66,1.2751708181292591,-0.0020294647176031274,0.25335668558365076,0.038305080194603186
10.0,0.66,1.276124476557167,-0.0020041736435283996,0.2508356190081287,0.03934679492294655
10.125,0.66,1.2770578515483724,-0.0019792792708179033,0.24832650879299742,0.04039394827365528
10.25,0.66,1.2779714832518372,-0.0019547734177811533,0.24582912539005095,0.04144623515356127
10.375,0.66,1.278865896628339,-0.001930648153867947,0.24334324648347153,0.042503359698912155
10.5,0.66,1.279741601822274,-0.001906895785707634,0.24086865667790808,0.04356503514951721
10.625,0.66,1.280599094528887,-0.0018835088442417346,0.2384051472036249,0.044630983709380255
10.75,0.66,1.281438856356726,-0.001860480072853951,0.2359525156375509,0.045700936395385444
10.875,0.66,1.2822613551851312,-0.0018378024164127052,0.23351056563918504,0.04677463287553351
11.0,0.66,1.2830670455166264,-0.001815469011149092,0.23107910670035092,0.0478518212981603
11.125,0.66,1.283856368824044,-0.0017934731752997425,0.22865795390791813,0.04893225811350889
11.25,0.66,1.2846297538922846,-0.0017718084004516806,0.22624692771866603,0.05001570788896692
11.375,0.66,1.2853876171545853,-0.0017504683435333236,0.22384585374551522,0.051101943119220894
11.5,0.66,1.2861303630232073,-0.0017294468194023929,0.22145456255444043,0.05219074403251989
11.625,0.66,1.2868583842144363,-0.0017087377939836938,0.2190728894714032,0.05328189839417831
11.75,0.66,1.2875720620678222,-0.0016883353779175193,0.21670067439871915,0.05437520130838315
11.875,0.66,1.2882717668595778,-0.0016682338206829707,0.21433776164029872,0.05547045501930416
12.0,0.66,1.288957858110062,-0.0016484275051598567,0.21198399973523968,0.056567468712434565
12.125,0.66,1.2896306848852797,-0.001628910942601751,0.20963924129930073,0.05766605831701731
12.25,0.66,1.2902905860923504,-0.0016096787679891838,0.20730334287380678,0.05876604631033564
12.375,0.66,1.2909378907688822,-0.00159072573573655,0.2049761647815707,0.05986726152456963
12.5,0.66,1.2915729183662081,-0.0015720467157287685,0.2026575709894223,0.06096953895684041
12.625,0.66,1.2921959790264528,-0.0015536366896624118,0.20034742897699936,0.06207271958298454
12.75,0.66,1.292807373853398,-0.001535490747667134,0.19804560961144696,0.06317665017552074
12.875,0.66,1.2934073951771194,-0.001517604085186121,0.1957519870276943,0.06428118312619274
13.0,0.66,1.2939963268123953,-0.0014999720000947758,0.19346643851400988,0.0653861762733945
13.125,0.66,1.2945744443108786,-0.0014825898900337417,0.19118884440254214,0.06649149273470895
13.25,0.66,1.2951420152070419,-0.0014654532499382422,0.18891908796458246,0.06759700074472093
13.375,0.66,1.2956992992579028,-0.0014485576697432884,0.186657055310286,0.06870257349819615
13.5,0.66,1.2962465486765768,-0.0014318988322445743,0.18440263529261677,0.06980808899865494
13.625,0.66,1.296784008359674,-0.001415472511098503,0.1821557194152862,0.07091342991231123
13.75,0.66,1.2973119161085913,-0.001399274568941816,0.17991620174448164,0.07201848342729453
13.875,0.66,1.2978305028447548,-0.0013833009556148295,0.17768397882417034,0.07312314111802322
14.0,0.66,1.2983399928188768,-0.0013675477064720516,0.17545894959480482,0.07422729881455876
14.125,0.66,1.2988406038142888,-0.0013520109407647778,0.1732410153152591,0.07533085647673242
14.25,0.66,1.2993325473444348,-0.0013366868600813524,0.17103007948781734,0.07643371807280737
14.375,0.66,1.2998160288446132,-0.0013215717468320327,0.1688260477860721,0.07753579146241714
14.5,0.66,1.3002912478580355,-0.0013066619627674636,0.16662882798559955,0.07863698828350259
14.625,0.66,1.3007583982163375,-0.0012919539475184309,0.16443832989725385,0.07973722384295957
14.75,0.66,1.301217668214606,-0.0012774442171484565,0.1622544653029858,0.08083641701070424
14.875,0.66,1.3016692407810602,-0.0012631293627099918,0.16007714789406272,0.08193449011686303
15.0,0.66,1.302113293641479,-0.0012490060487993606,0.15790629321156907,0.0830313688517992
15.125,0.66,1.3025499994785075,-0.001235071012103756,0.1557418185891126,0.08412698216869963
15.25,0.66,1.3029795260859567,-0.001221321059935401,0.15358364309762562,0.08522126218845742
15.375,0.66,1.3034020365182173,-0.001207753068752109,0.15143168749218558,0.08631414410660554
15.5,0.66,1.3038176892349271,-0.0011943639826617076,0.14928587416077516,0.0874055661020775
15.625,0.66,1.3042266382410106,-0.0011811508119105223,0.14714612707489455,0.08849546924759444
15.75,0.66,1.3046290332222328,-0.0011681106313560657,0.14501237174197262,0.0895837974215024
15.875,0.66,1.3050250196763928,-0.0011552405789270182,0.1428845351594977,0.09067049722091276
16.0,0.66,1.3054147390402915,-0.0011425378540720313,0.14076254577080666,0.09175551787602403
16.125,0.66,1.3057983288126216,-0.001129999716202292,0.1386463334224756,0.09283881116553182
16.25,0.66,1.3061759226728915,-0.001117623483130495,0.13653582932325237,0.09392033133306195
16.375,0.66,1.3065476505965352,-0.0011054065295118885,0.1344309660044718,0.09500003500458691
16.5,0.66,1.3069136389663305,-0.0010933462852921207,0.1323316772819026,0.09607788110681201
16.625,0.66,1.3072740106802623,-0.0010814402341665116,0.13023789821897927,0.09715383078654176
16.75,0.66,1.3076288852559514,-0.001069685912057189,0.12814956509135614,0.09822784733105823
16.875,0.66,1.3079783789317818,-0.0010580809056115344,0.12606661535274227,0.09929989608956268
17.0,0.66,1.3083226047648369,-0.0010466228507286744,0.12398898760197455,0.10036994439574995
17.125,0.66,1.3086616727257796,-0.0010353094311170916,0.12191662155126613,0.10143796149159867
17.25,0.66,1.3089956897907813,-0.0010241383768886685,0.11984945799559613,0.10250391845247245
17.375,0.66,1.3093247600306026,-0.0010131074631937397,0.11778743878320153,0.10356778811363739
17.5,0.66,1.3096489846969532,-0.0010022145088997905,0.11573050678710375,0.10462954499830542
17.625,0.66,1.3099684623062164,-0.0009914573753168623,0.11367860587765169,0.10568916524731872
17.75,0.66,1.3102832887206393,-0.0009808339649718745,0.11163168089602736,0.10674662655058864
17.875,0.66,1.3105935572270813,-0.0009703422204351674,0.10958967762867297,0.10780190808040367
18.0,0.66,1.3108993586134219,-0.0009599801231991185,0.10755254278260604,0.10885499042671311
18.125,0.66,1.3112007812426865,-0.0009497456926104561,0.10552022396157783,0.10990585553448896
18.25,0.66,1.3114979111249914,-0.0009396369848557293,0.10349266964304372,0.11095448664325838
18.375,0.66,1.3117908319873748,-0.0009296520920006473,0.10146982915589325,0.11200086822888826
18.5,0.66,1.3120796253415787,-0.0009197891410823541,0.09945165265894242,0.11304498594769133
18.625,0.66,1.3123643705498556,-0.0009100462932498737,0.09743809112009989,0.1140868265829094
18.75,0.66,1.3126451448888588,-0.0009004217429601887,0.09542909629625122,0.11512637799361415
18.875,0.66,1.3129220236116654,-0.0008909137172140322,0.09342462071371471,0.11616362906605092
19.0,0.66,1.3131950800080188,-0.0008815204748453128,0.09142461764942678,0.1171985696674331
19.125,0.66,1.313464385462772,-0.0008722403058399527,0.08942904111253205,0.11823119060218096
19.25,0.66,1.3137300095126963,-0.0008630715307159711,0.08743784582682973,0.11926148357058117
19.375,0.66,1.3139920199015231,-0.0008540124999038585,0.08545098721329011,0.12028944112982448
19.5,0.66,1.3142504826335342,-0.0008450615932163288,0.08346842137382408,0.121315056657373
19.625,0.66,1.3145054620253125,-0.0008362172192594144,0.0814901050743895,0.1223383243165768
19.75,0.66,1.3147570207563626,-0.0008274778150086834,0.07951599573039324,0.12335923902447397
19.875,0.66,1.3150052199176003,-0.0008188418451884639,0.07754605138967435,0.12437779642165218
20.0,0.66,1.3152501190593526,-0.0008103078020207458,0.07558023072047805,0.12539399284410876
20.125,0.66,1.3154917762363936,-0.0008018742044349894,0.07361849299264928,0.12640782529692485
20.25,0.66,1.3157302480540023,-0.0007935395981718149,0.07166079807062954,0.12741929142974076
20.375,0.66,1.3159655897088285,-0.0007853025545046254,0.06970710638883795,0.12842838951372818
20.5,0.66,1.3161978550344673,-0.000777161671172965,0.06775737895591036,0.1294351184202027
20.625,0.66,1.3164270965361993,-0.0007691155698353392,0.0658115773142884,0.13043947760030175
20.75,0.66,1.3166533654394998,-0.0007611628990389007,0.06386966357135272,0.13144146706628326
20.875,0.66,1.3168767117135585,-0.0007533023284667151,0.06193160031838389,0.13244108737321109
21.0,0.66,1.317097184131116,-0.0007455325569822971,0.059997350727725524,0.1334383396026296
21.125,0.66,1.3173148302678168,-0.0007378522988337588,0.05806687836918001,0.13443322534534102
21.25,0.66,1.317529696594111,-0.0007302603043841553,0.056140147471024575,0.13542574668752416
21.375,0.66,1.317741828418002,-0.0007227553261760687,0.054217122479215674,0.13641590619315003
21.5,0.66,1.3179512700604876,-0.0007153361713839162,0.05229776872654469,0.13740370689354803
21.625,0.66,1.3181580646606388,-0.0007080016174544653,0.050382051348795545,0.1383891522666168
21.75,0.66,1.3183622545626899,-0.0007007505438740266,0.048469936971810415,0.13937224623313
21.875,0.66,1.318563880781142,-0.0006935817214722604,0.046561391021837414,0.14035299312631977
22.0,0.66,1.318762983918351,-0.000686494142531254,0.04465638195208205,0.14133139770384814
22.125,0.66,1.3189596027854826,-0.000679486493079098,0.04275487454621675,0.14230746509215314
22.25,0.66,1.3191537766432992,-0.0006725579794425817,0.040856840478947914,0.14328120083699014
22.375,0.66,1.3193455417247568,-0.0006657070026074815,0.03896224163001244,0.1442526107832721
22.5,0.66,1.3195349367643243,-0.0006589332308362468,0.037071056431771124,0.1452217012220161
22.625,0.66,1.3197219943133238,-0.0006522342525702602,0.03518323831123097,0.14618847860471923
22.75,0.66,1.3199067544013685,-0.0006456107987609929,0.03329878132376224,0.14715294993305325
22.875,0.66,1.3200892429983955,-0.000639058206032943,0.03141761682749222,0.14811512204137803
23.0,0.66,1.320269505589489,-0.0006325797313114835,0.02953977654998565,0.14907500260689818
23.125,0.66,1.3204475543145766,-0.0006261643281670482,0.027665136691116025,0.15003259826673593
23.25,0.66,1.3206234492623634,-0.0006198214947203389,0.02579382082772839,0.150987917272837
23.375,0.66,1.320797171567466,-0.0006135210415893409,0.02392557157343575,0.1519409642731737
23.5,0.66,1.320968813317724,-0.000607289319141295,0.022060733900161247,0.1528917476742763
23.625,0.66,1.3211382886263685,-0.0006010335344737265,0.020198741830352824,0.15384026392856756
23.75,0.66,1.3213057382990954,-0.0005948344107161762,0.01834045079401546,0.15478652027065373
23.875,0.66,1.3214709622720628,-0.0005883704601858788,0.01648465635176641,0.15573048143782928
24.0,0.66,1.321634055694135,-0.0005819449317634713,0.014633246663406796,0.15667215203684126
24.125,0.66,1.3217948385282765,-0.0005742922712702983,0.012784116107197848,0.15761136783418253
24.25,0.66,1.3219524249222763,-0.0005668246998500284,0.010940359845482478,0.1585481507341014
24.375,0.66,1.3221084213630363,-0.000553861161893851,0.009101263337784406,0.15948176233130304
24.5,0.66,1.3222550964201365,-0.000543034762967247,0.007265341201356518,0.1604124748041002
24.625,0.66,1.3224079354507838,-0.0005050044809534227,0.0054541991243766,0.16133663410390692
24.75,0.66,1.3225211489701225,-0.0004859124556809739,0.003615016765254528,0.16225666330810398
24.875,0.66,1.3226891044597935,-0.0003047255985285587,0.0019169069716541193,0.16314558614156793
25.0,0.66,1.3226891044597935,0.0,0.0,0.16314558614156793
0.0,0.68,1.0,0.0,0.6007173227406938,0.0
0.125,0.68,1.0118100082490695,-0.015907343366198128,0.6007173227406938,1.2691720879349356e-08
0.25,0.68,1.0281111914657184,-0.0179604703183954,0.5772542348591282,1.1066868031841583e-07
0.375,0.68,1.042157936390939,-0.019156793280071385,0.5679701689418714,5.279623468862424e-07
0.5,0.68,1.0562577720663615,-0.016872676244635225,0.5489526415735283,1.625497439771871e-06
0.625,0.68,1.067042627939432,-0.015048681940839099,0.5391007807049937,3.954191362203157e-06
0.75,0.68,1.077047313051297,-0.013068876945859108,0.5268211993860246,8.166116197804523e-06
0.875,0.68,1.0853470091201634,-0.011621760609164256,0.5183361203506938,1.5112030886369087e-05
1.0,0.68,1.0930076692513933,-0.010422086026873048,0.509539263188594,2.5770222450768217e-05
1.125,0.68,1.0998313944061884,-0.009532287474480679,0.5022638891004721,4.1314741121281774e-05
1.25,0.68,1.106209866844386,-0.008818035461902934,0.49516428663912987,6.305073179773691e-05
1.375,0.68,1.1121247646928096,-0.008260469559504815,0.48874751671668837,9.244031331829183e-05
1.5,0.68,1.1177235072062346,-0.0078006742016998925,0.48257066031571166,0.00013104479106646285
1.625,0.68,1.1230230142690958,-0.007420953293370415,0.4767604659833816,0.00018052216642031266
1.75,0.68,1.1280844745792293,-0.007095795013233896,0.471162728324664,0.00024257816802281812
1.875,0.68,1.13292647799363,-0.006814778357437027,0.46579991073859267,0.00031894985975069876
2.0,0.68,1.1375782468579443,-0.006566403400388378,0.4606120697923467,0.0004113664147784544
2.125,0.68,1.14205424961736,-0.006344838621823254,0.45559539090863727,0.000521528990720251
2.25,0.68,1.1463706963188514,-0.006144464255971384,0.45072242198539153,0.0006510812749149155
2.375,0.68,1.1505381735789362,-0.005961885585620005,0.44598432943299016,0.0008015915735718409
2.5,0.68,1.1545669097708937,-0.005794057147282252,0.4413659685958638,0.0009745325147137633
2.625,0.68,1.1584646956655764,-0.00563887270836407,0.43685884408140396,0.0011712681175092433
2.75,0.68,1.1622386460283425,-0.005494504411045412,0.43245316631917885,0.0013930415798255758
2.875,0.68,1.1658946610942191,-0.005359563602882926,0.4281418197172537,0.001640968013553093
3.0,0.68,1.1694380609787185,-0.005232858436496335,0.4239177618950615,0.0019160289440203328
3.125,0.68,1.172873483653941,-0.005113428223367607,0.41977521537049345,0.0022190702106523086
3.25,0.68,1.1762051389496277,-0.005000448460801429,0.4157087788476914,0.0025508016787896964
3.375,0.68,1.179436819230226,-0.004893230550504917,0.41171376261313963,0.002911799256370232
3.5,0.68,1.1825720150336467,-0.0047911807812711675,0.4077858624827334,0.0033025083570131235
3.625,0.68,1.1856139463039523,-0.004693792559139477,0.4039212354975752,0.0037232488425142643
3.75,0.68,1.1885656219577085,-0.004600626394783435,0.4001163660451992,0.004174220937762765
3.875,0.68,1.1914298678813853,-0.004511302081659968,0.39636806698392,0.004655511996862827
4.0,0.68,1.1942093605824027,-0.004425487634323195,0.39267341562738395,0.0051671037996947255
4.125,0.68,1.1969066477187933,-0.004342893019562739,0.3890297368517657,0.005708880232274956
4.25,0.68,1.1995241681631832,-0.004263263368479214,0.3854345670948315,0.00628063514186508
4.375,0.68,1.2020642659003526,-0.0041863742739752996,0.3818856358922609,0.0068820802426186375
4.5,0.68,1.2045292022676537,-0.004112027301082478,0.37838084273647604,0.0075128529369842875
4.625,0.68,1.2069211649541505,-0.004040046526018837,0.3749182411688892,0.008172523963678905
4.75,0.68,1.2092422754874597,-0.00397027541728134,0.37149602250514047,0.008860604789625179
4.875,0.68,1.211494594879372,-0.003902574293014331,0.36811250299775616,0.009576554690103174
5.0,0.68,1.213680128164966,-0.003836818086183201,0.3647661117493061,0.010319787471663316
5.125,0.68,1.215800827856073,-0.003772894468526009,0.3614553805329672,0.01108967780915807
5.25,0.68,1.2178585966607056,-0.0037107022177566393,0.35817893451555055,0.011885567177541669
5.375,0.68,1.2198552895612902,-0.003650149825503764,0.3549354841878359,0.012706769369848133
5.5,0.68,1.2217927154390296,-0.0035911542896743236,0.35172381809000636,0.01355257559976043
5.625,0.68,1.2236726383310355,-0.0035336400762299436,0.3485427963737165,0.014422259193971353
5.75,0.68,1.2254967784275101,-0.0034775382190119003,0.3453913450079789,0.015315079884234601
5.875,0.68,1.2272668128729634,-0.0034227855421825725,0.3422684505976755,0.016230287713053647
6.0,0.68,1.228984376434806,-0.0033693239856731057,0.3391731557099648,0.01716712656973649
6.125,0.68,1.2306510620817575,-0.0033171000207410845,0.3361045546642645,0.01812483737567864
6.25,0.68,1.2322684215092021,-0.0032660641423330576,0.3330617897208604,0.01910266093906259
6.375,0.68,1.2338379656373655,-0.0032161704281579123,0.33004404762772094,0.0200998404999747
6.5,0.68,1.2353611651030703,-0.0031673761549950155,0.3270505564812936,0.021115623987234888
6.625,0.68,1.2368394507593263,-0.0031196414645392506,0.32408058286829877,0.0221492660081684
6.75,0.68,1.2382742141931462,-0.003072929071869251,0.3211334292566334,0.023200029592160547
6.875,0.68,1.2396668082680975,-0.0030272040107407814,0.3182084316094537,0.024267187708219166
7.0,0.68,1.2410185476955031,-0.002982433410610558,0.31530495719868473,0.025350024575967595
7.125,0.68,1.2423307096359077,-0.0029385863010591797,0.31242240259778264,0.026447836788562384
7.25,0.68,1.243604534330806,-0.002895633439844603,0.30956019183566436,0.027559934265008388
7.375,0.68,1.2448412257633388,-0.002853547161367483,0.3067177746961449,0.028685641048268182
7.5,0.68,1.246041952345736,-0.0028123012427621105,0.3038946251488952,0.029824295964455367
7.625,0.68,1.247207847630685,-0.0027718707852234167,0.3010902398996727,0.030975253157287563
7.75,0.68,1.2483400110433247,-0.002732232108516079,0.2983041370488939,0.03213788251087035
7.875,0.68,1.2494395086304062,-0.002693362656896141,0.2955358548488747,0.03331156997280271
8.0,0.68,1.2505073738230148,-0.0026552409149304904,0.2927849505510886,0.03449571778854921
8.125,0.68,1.2515446082093316,-0.0026178463319123375,0.29005099933571243,0.03568974465702316
8.25,0.68,1.2525521823140018,-0.002581159253756872,0.2873335933165492,0.03689308581637577
8.375,0.68,1.2535310363809036,-0.0025451608614279852,0.2846323406150669,0.03810519306809246
8.5,0.68,1.2544820811563109,-0.0025098331150796966,0.2819468644979489,0.03932553474666758
8.625,0.68,1.2554061986697478,-0.0024751587032207562,0.2792768025730519,0.04055359564135891
8.75,0.68,1.2563042430101048,-0.002441120996312116,0.2766218060391492,0.04178887687582142
8.875,0.68,1.2571770410948753,-0.0024077040042971985,0.27398153898526695,0.043030895750780916
9.0,0.68,1.258025393430676,-0.0023748923376385287,0.27135567773575575,0.04427918555433434
9.125,0.68,1.2588500748634655,-0.002342671171495278,0.2687439102376122,0.04553329534395058
9.25,0.68,1.2596518353171617,-0.0023110262127336314,0.26614593548682763,0.04679278970379305
9.375,0.68,1.2604314005195836,-0.0022799436694991944,0.2635614629908265,0.048057248480585874
9.5,0.68,1.2611894727148483,-0.0022494102231206316,0.2609902122642768,0.04932626650090017
9.625,0.68,1.2619267313615885,-0.0022194130021391295,0.2584319123558067,0.05059945327243512
9.75,0.68,1.2626438338164563,-0.0021899395582847866,0.2558863014033451,0.05187643267161189
9.875,0.68,1.2633414160025924,-0.0021609778442350644,0.2533531262159593,0.053156842619576254
10.0,0.68,1.2640200930628291,-0.0021325161930112876,0.2508321418802913,0.054440334748519864
10.125,0.68,1.2646804599974986,-0.002104543298877165,0.2483231113897978,0.055726574060069464
10.25,0.68,1.2653230922868246,-0.0020770481996178875,0.2458258052951781,0.05701523857735932
10.375,0.68,1.2659485464979248,-0.002050020260085973,0.24334000137447556,0.058306018992287566
10.5,0.68,1.2665573608765353,-0.002023449156909816,0.2408654843214897,0.05959861830935903
10.625,0.68,1.2671500559235807,-0.0019973248642694867,0.2384020454512314,0.06089275148743325
10.75,0.68,1.2677271349567905,-0.0019716376406501593,0.23594948242125305,0.0621881450806216
10.875,0.68,1.2682890846575339,-0.001946378016494146,0.2335075989678132,0.06348453687951083
11.0,0.68,1.2688363756031291,-0.0019215367826785521,0.2310762046558707,0.06478167555382755
11.125,0.68,1.269369462784834,-0.0018971049797503184,0.22865511464202487,0.06607932029759898
11.25,0.68,1.2698887861117791,-0.0018730738878605542,0.22624414944958363,0.06737724047780598
11.375,0.68,1.2703947709010772,-0.0018494350173431822,0.22384313475498221,0.068675215287464
11.5,0.68,1.2708878283543574,-0.0018261800998898607,0.22145190118486993,0.06997303340400596
11.625,0.68,1.2713683560209699,-0.001803301080276383,0.2190702841232032,0.07127049265377552
11.75,0.68,1.2718367382480977,-0.0017807901086030337,0.21669812352776113,0.07256739968337109
11.875,0.68,1.2722933466180173,-0.0017586395330120982,0.21433526375552728,0.07386356963850854
12.0,0.68,1.2727385403727143,-0.0017368418928486058,0.21198155339640867,0.07515882585099572
12.125,0.68,1.273172666826126,-0.0017153899122375805,0.2096368451148318,0.07645299953433417
12.25,0.68,1.2735960617641764,-0.0016942764940472246,0.2073009954987581,0.07774592948838129
12.375,0.68,1.2740090498328722,-0.0016734947142123576,0.20497386491571293,0.07903746181342805
12.5,0.68,1.27441194491464,-0.0016530378163954699,0.2026553173754112,0.08032744963396166
12.625,0.68,1.2748050504931436,-0.001632899206961535,0.20034522039864258,0.08161575283230424
12.75,0.68,1.27518866000678,-0.0016130724502421388,0.19804344489205608,0.08290223779223747
12.875,0.68,1.2755630571910794,-0.001593551264070642,0.1957498650285184,0.08418677715264601
13.0,0.68,1.2759285164102232,-0.0015743295155679926,0.19346435813274776,0.08546924957114019
13.125,0.68,1.2762853029778984,-0.0015554012171559157,0.19118680457192438,0.08674953949754713
13.25,0.68,1.2766336734677137,-0.0015367605227820792,0.18891708765102355,0.08802753695709749
13.375,0.68,1.2769738760133904,-0.0015184017243373917,0.18665509351259896,0.08930313734307452
13.5,0.68,1.2773061505989776,-0.0015003192482467985,0.18440071104078914,0.09057624121864065
13.625,0.68,1.277630729339295,-0.0014825076522175195,0.1821538317693137,0.09184675412750955
13.75,0.68,1.277947836750862,-0.0014649616221274315,0.1799143497932533,0.09311458641309407
13.875,0.68,1.2782576900135247,-0.0014476759690385211,0.17768216168440618,0.0943796530457259
14.0,0.68,1.2785604992230437,-0.0014306456263192718,0.1754571664100407,0.09564187345751815
14.125,0.68,1.2788564676348573,-0.0014138656468630668,0.1732392652548762,0.09690117138442376
14.25,0.68,1.2791457918992875,-0.0013973312003883315,0.17102836174611433,0.09815747471502975
14.375,0.68,1.2794286622884103,-0.0013810375708073143,0.16882436158137643,0.09941071534562275
14.5,0.68,1.2797052629148464,-0.00136498015365541,0.1666271725594171,0.10066082904106231
14.625,0.68,1.279975771942706,-0.0013491544535675535,0.16443670451345438,0.1019077553010055
14.75,0.68,1.2802403617909488,-0.0013335560817944877,0.1622528692470213,0.1031514372310375
14.875,0.68,1.2804991993293804,-0.0013181807537501358,0.16007558047221715,0.10439182141828354
15.0,0.68,1.2807524460675457,-0.0013030242865854265,0.15790475375023855,0.1056288578110959
15.125,0.68,1.2810002583367486,-0.0012880825967828587,0.1557403064341147,0.10686249960243861
15.25,0.68,1.2812427874654437,-0.001273351697765918,0.15358215761353433,0.10809270311662005
15.375,0.68,1.2814801799482336,-0.0012588276975239896,0.15143022806169285,0.109319427699056
15.5,0.68,1.2817125776087042,-0.001244506796249381,0.1492844401840763,0.11054263560877957
15.625,0.68,1.281940117756328,-0.0012303852839873164,0.14714471796909762,0.11176229191344902
15.75,0.68,1.2821629333376696,-0.0012164595382989174,0.14501098694052938,0.11297836438664072
15.875,0.68,1.2823811530821039,-0.0012027260219380997,0.14288317411165669,0.11419082340724952
16.0,0.68,1.2825949016422626,-0.0011891812805471284,0.14076120794108612,0.11539964186085422
16.125,0.68,1.2828042997294424,-0.001175821940372883,0.1386450182901572,0.11660479504293995
16.25,0.68,1.2830094642441465,-0.0011626447060057075,0.13653453638189295,0.11780626056390159
16.375,0.68,1.283210508401997,-0.001149646358147992,0.13442969476143327,0.11900401825578212
16.5,0.68,1.2834075418551791,-0.0011368237514144783,0.1323304272579002,0.12019805008072909
16.625,0.68,1.2836006708096206,-0.0011241738121700506,0.1302366689476471,0.12138834004117685
16.75,0.68,1.2837899981380918,-0.001111693536409643,0.12814835611882883,0.12257487409178466
16.875,0.68,1.2839756234893802,-0.001099379987681902,0.12606542623725187,0.1237576400531803
17.0,0.68,1.284157643393722,-0.0010872302950655675,0.1239878179134642,0.12493662752757571
17.125,0.68,1.2843361513646427,-0.0010752416511977546,0.12191547087101737,0.1261118278163326
17.25,0.68,1.2845112379973576,-0.001063411310359812,0.11984832591587131,0.12728323383956644
17.375,0.68,1.2846829910638715,-0.0010517365866244003,0.11778632490689969,0.12845084005788399
17.5,0.68,1.2848514956049253,-0.0010402148520654328,0.11572941072742977,0.1296146423963513
17.625,0.68,1.2850168340189017,-0.0010288435350327041,0.11367752725779869,0.13077463817079046
17.75,0.68,1.285179086147828,-0.0010176201184926665,0.1116306193488707,0.13193082601649966
17.875,0.68,1.2853383293605753,-0.0010065421384379712,0.10958863279647602,0.1330832058194858
18.0,0.68,1.2854946386333734,-0.0009956071823645765,0.1075515143167382,0.13423177865029162
18.125,0.68,1.2856480866277358,-0.000984812887816136,0.10551921152224275,0.13537654670048782
18.25,0.68,1.2857987437658895,-0.0009741569409963918,0.10349167289901726,0.13651751322188915
18.375,0.68,1.2859466783038047,-0.0009636370754474375,0.10146884778427215,0.13765468246854048
18.5,0.68,1.2860919564018989,-0.0009532510707928418,0.09945068634490228,0.13878805964150215
18.625,0.68,1.2862346421934903,-0.0009429967515407848,0.09743713955666074,0.13991765083644966
18.75,0.68,1.2863747978511006,-0.0009328719859526753,0.0954281591840535,0.1410434629940851
18.875,0.68,1.2865124836506188,-0.0009228746849613978,0.09342369776080188,0.14216550385334117
19.0,0.68,1.2866477580334694,-0.0009130028011534767,0.09142370857103707,0.14328378190734184
19.125,0.68,1.2867806776667507,-0.0009032543277872961,0.08942814563089387,0.14439830636206666
19.25,0.68,1.2869112975015182,-0.0008936272978841472,0.08743696367096944,0.14550908709765162
19.375,0.68,1.2870396708290968,-0.0008841197833220316,0.08545011811883906,0.1466161346322383
19.5,0.68,1.2871658493357343,-0.0008747298940338852,0.08346756508284328,0.14771946008828224
19.625,0.68,1.2872898831552335,-0.000865455777143151,0.08148926133518003,0.14881907516119594
19.75,0.68,1.2874118209202672,-0.0008562956162892357,0.0795151642973449,0.14991499209022627
19.875,0.68,1.2875317098113823,-0.0008472476307323823,0.07754523202306814,0.1510072236313998
20.0,0.68,1.287649595605366,-0.0008383100748826308,0.0755794231863739,0.1520957830324528
20.125,0.68,1.287765522720451,-0.0008294812372212975,0.07361769706265271,0.15318068400950954
20.25,0.68,1.2878795342624692,-0.0008207594402385126,0.0716600135218618,0.1542619407255028
20.375,0.68,1.2879916720655427,-0.0008121430388115486,0.06970633300359436,0.15533956776995417
20.5,0.68,1.2881019767375772,-0.0008036304210914389,0.06775661652182224,0.15641358014032483
20.625,0.68,1.288210487694414,-0.0007952200054528723,0.06581082562370194,0.15748399322420661
20.75,0.68,1.2883172432082737,-0.000786910243699075,0.06386892242195459,0.1585508227831188
20.875,0.68,1.2884222804300929,-0.0007786996143918179,0.06193086951186193,0.15961408493631235
21.0,0.68,1.288525635449671,-0.0007705866318147243,0.05999663007154791,0.16067379614674465
21.125,0.68,1.2886273432927529,-0.0007625698302069726,0.05806616767344754,0.16172997320544147
21.25,0.68,1.288727438014516,-0.0007546477871070959,0.05613944655312048,0.16278263321990125
21.375,0.68,1.2888259526376196,-0.0007468190847916852,0.05421643115611969,0.16383179359726402
21.5,0.68,1.2889229193327345,-0.0007390823695634919,0.052297086826654786,0.1648774720366456
21.625,0.68,1.2890183692130825,-0.0007314362561021093,0.050381378692860995,0.16591968650753874
21.75,0.68,1.289112332735658,-0.0007238794766095768,0.04846927340268212,0.1669584552505977
21.875,0.68,1.2892048391413617,-0.000716410642121974,0.04656073635686667,0.16799379674298273
22.0,0.68,1.2892959174096394,-0.0007090286163509655,0.0446557360577065,0.16902572971954027
22.125,0.68,1.289385594818509,-0.0007017319181086772,0.04275423721873218,0.17005427310471635
22.25,0.68,1.2894738992802368,-0.0006945196575608647,0.04085621163134549,0.17107944608449097
22.375,0.68,1.2895608557130476,-0.0006873900355113915,0.03896162099241054,0.17210126795343522
22.5,0.68,1.289646491811761,-0.0006803426912931716,0.03707044402009644,0.17311975831377707
22.625,0.68,1.2897308289860672,-0.0006733749150086028,0.0351826336707144,0.17413493670542182
22.75,0.68,1.2898138966372927,-0.0006664875632596757,0.03329818471029674,0.17514682312511898
22.875,0.68,1.2898957096693617,-0.0006596754041886991,0.0314170272779866,0.17615543709139744
23.0,0.68,1.2899763036517655,-0.0006529421960609657,0.02953919489536748,0.17716079898139936
23.125,0.68,1.290055679519809,-0.0006462755794268075,0.02766456053316512,0.17816292757561553
23.25,0.68,1.2901338890791205,-0.0006396865122369158,0.025793252427239323,0.17916184355941742
23.375,0.68,1.2902109016231955,-0.0006331413467351018,0.023925004239294168,0.18015756273495973
23.5,0.68,1.2902868055984298,-0.0006266705384960375,0.02206017377423081,0.18115010570109685
23.625,0.68,1.2903615012347052,-0.000620171129881382,0.020198168206902324,0.18213947750875714
23.75,0.68,1.2904351411369355,-0.0006137363235134784,0.018339882362264467,0.1831256974135488
23.875,0.68,1.2905075036349167,-0.0006070110645991938,0.016484021261665458,0.18410873030184174
24.0,0.68,1.2905787544211214,-0.000600342989632318,0.014632614815517387,0.1850885937387983
24.125,0.68,1.2906486529385983,-0.0005923416355341091,0.012783204711248638,0.186065091274955
24.25,0.68,1.2907166410695197,-0.0005846073393261879,0.010939492648834698,0.187038269834917
24.375,0.68,1.2907840270469149,-0.0005709511752556708,0.009099173349310078,0.1880072223296003
24.5,0.68,1.2908447492561617,-0.0005598918510050381,0.007263766619193635,0.18897234185347142
24.625,0.68,1.2909123259464064,-0.0005200128310666655,0.005446632741293686,0.1899291834993281
24.75,0.68,1.2909514493785543,-0.0005013611969312711,0.003611852666240723,0.19088090076968575
24.875,0.68,1.291039914157152,-0.00031608904774302126,0.0018788198398863578,0.191796298383132
25.0,0.68,1.291039914157152,0.0,0.0,0.191796298383132
0.0,0.7000000000000001,1.0,0.0,0.6034461021060734,0.0
0.125,0.7000000000000001,1.0130505446234344,-0.018309079481193036,0.6034461021060734,4.942142454691094e-08
0.25,0.7000000000000001,1.030658869602654,-0.020354776172397223,0.5775431691117825,4.0140146846735044e-07
0.375,0.7000000000000001,1.0451355352060865,-0.021500765792368787,0.5681217589298921,1.7944565804175353e-06
0.5,0.7000000000000001,1.059535641201489,-0.018830238121494987,0.548498256085648,5.225439941729548e-06
0.625,0.7000000000000001,1.070343515969932,-0.016739017100951506,0.5387400007230602,1.2109680057867296e-05
0.75,0.7000000000000001,1.0803560983939449,-0.014516831808723894,0.5264382668255189,2.3962680141190586e-05
0.875,0.7000000000000001,1.0886260138826465,-0.012904635815944842,0.5180541982550065,4.267910803802452e-05
1.0,0.7000000000000001,1.0962677486782195,-0.011573917066918123,0.5093046619971155,7.029212485598629e-05
1.125,0.7000000000000001,1.1030715075743922,-0.010588889782588541,0.502087849795276,0.00010914876494980472
1.25,0.7000000000000001,1.1094340421563722,-0.00979796968855675,0.4950216053241027,0.00016171294859637606
1.375,0.7000000000000001,1.115330210867996,-0.009180037701408442,0.48863472392250623,0.00023063046457114369
1.5,0.7000000000000001,1.120906131628597,-0.00866946305723733,0.48247667127633354,0.0003185790887344742
1.625,0.7000000000000001,1.1261750854714763,-0.00824692387940777,0.47668199557728785,0.000428274053314166
1.75,0.7000000000000001,1.1311966684232437,-0.007884182393695557,0.4710949490232228,0.0005623630467263713
1.875,0.7000000000000001,1.1359874895591162,-0.007569872052839882,0.46574086597130226,0.0007234094656161945
2.0,0.7000000000000001,1.1405756308038402,-0.007291304053867486,0.46055956879980975,0.0009138248558438192
2.125,0.7000000000000001,1.1449744598807372,-0.007042106528477206,0.45554832678013196,0.0011358502977374262
2.25,0.7000000000000001,1.1491994918328576,-0.006816092710922728,0.45067971639200005,0.0013915177295333544
2.375,0.7000000000000001,1.1532607500387755,-0.00660955080373543,0.44594533106207385,0.0016826382732678777
2.5,0.7000000000000001,1.1571681393307365,-0.0064191384724763675,0.441330088173207,0.00201078468698935
2.625,0.7000000000000001,1.1609292661595665,-0.0062425569144967195,0.4368256728171639,0.002377288816427337
2.75,0.7000000000000001,1.1645512261309234,-0.006077809713864848,0.4324223467169663,0.0027832387619697277
2.875,0.7000000000000001,1.1680400223752159,-0.0059233877505924844,0.4281130785539622,0.003229484392223616
3.0,0.7000000000000001,1.1714011990887971,-0.005777997483127942,0.42389086271868437,0.0037166441278931543
3.125,0.7000000000000001,1.1746397157690516,-0.0056406010730696505,0.4197499659385687,0.004245116238006838
3.25,0.7000000000000001,1.1777601919864655,-0.0055103099422622245,0.4156850125387569,0.004815091314278883
3.375,0.7000000000000001,1.180766901609177,-0.005386385016481804,0.41169133872499736,0.0054265669507076045
3.5,0.7000000000000001,1.1836638774445312,-0.0052681907702036125,0.4077646582540158,0.006079363003617955
3.625,0.7000000000000001,1.1864549296623894,-0.005155186735706384,0.403901144780114,0.006773137635518176
3.75,0.7000000000000001,1.1891436950664567,-0.005046905119329055,0.4000972954540289,0.00750740332341889
3.875,0.7000000000000001,1.1917336548615987,-0.004942942161739313,0.39634993448554406,0.008281542783699811
4.0,0.7000000000000001,1.1942281596038549,-0.004842945819431158,0.39265614844034114,0.00909482439563773
4.125,0.7000000000000001,1.1966304417032851,-0.004746608854141497,0.38901327030090294,0.009946417039049667
4.25,0.7000000000000001,1.1989436286027535,-0.004653661330743965,0.3854188433393975,0.010835404141839524
4.375,0.7000000000000001,1.2011707505999827,-0.004563865469231665,0.3818706030640831,0.011760796882978063
4.5,0.7000000000000001,1.2033147479378414,-0.004477010734445844,0.37836645410687453,0.012721546466525221
4.625,0.7000000000000001,1.2053784754180656,-0.004392910085445128,0.37490445451418947,0.013716555452604076
4.75,0.7000000000000001,1.2073647062598232,-0.004311396607462711,0.37148279953113095,0.014744688129588348
4.875,0.7000000000000001,1.2092761347722987,-0.004232320790389279,0.36809980887294286,0.015804779945815705
5.0,0.7000000000000001,1.2111153785285853,-0.00415554814941803,0.36475391469271823,0.016895646023723135
5.125,0.7000000000000001,1.212884979984139,-0.004080957244741284,0.36144365146818414,0.01801608879568312
5.25,0.7000000000000001,1.214587407835441,-0.004008437969087283,0.35816764676792845,0.019164904804693274
5.375,0.7000000000000001,1.216225058148378,-0.003937890099816282,0.3549246132252699,0.020340890720283656
5.5,0.7000000000000001,1.2178002553909348,-0.003869222051622128,0.3517133412962613,0.021542848621658225
5.625,0.7000000000000001,1.2193152534048068,-0.0038023498127312772,0.34853269285189065,0.022769590602317064
5.75,0.7000000000000001,1.2207722363778721,-0.00373719602912512,0.3453815954081799,0.024019942750050528
5.875,0.7000000000000001,1.2221733198393803,-0.0036736892194435193,0.34225903696626025,0.02529274855567548
6.0,0.7000000000000001,1.2235205517042287,-0.003611763098592684,0.3391640613567713,0.02658687180212788
6.125,0.7000000000000001,1.224815913375447,-0.003551355995751516,0.33609576404562697,0.027901198983522068
6.25,0.7000000000000001,1.2260613209129343,-0.0034924103520621655,0.33305328833605985,0.029234641301211072
6.375,0.7000000000000001,1.2272586262686762,-0.0034348722869664548,0.33003582192717007,0.030586136281155377
6.5,0.7000000000000001,1.2284096185870048,-0.003378691222875607,0.3270425937848292,0.03195464905395891
6.625,0.7000000000000001,1.2295160255649382,-0.0033238195598833944,0.32407287129230766,0.03333917333595156
6.75,0.7000000000000001,1.2305795148665384,-0.003270212393128428,0.32112595764884283,0.03473873214668885
6.875,0.7000000000000001,1.2316016955838236,-0.0032178272666662407,0.31820118949044085,0.03615237829529441
7.0,0.7000000000000001,1.2325841197363419,-0.003166623958498797,0.3152979347092542,0.03757919466520331
7.125,0.7000000000000001,1.233528283801165,-0.003116564292256768,0.3124155904515052,0.03901829432411837
7.25,0.7000000000000001,1.2344356302651547,-0.0030676119716491522,0.3095535812759511,0.04046882048337826
7.375,0.7000000000000001,1.2353075491915606,-0.0030197324343959856,0.30671135745732986,0.04192994632847305
7.5,0.7000000000000001,1.2361453797933704,-0.002972892722830947,0.30388839342085866,0.04340087474013453
7.625,0.7000000000000001,1.2369504120063788,-0.002927061368786189,0.3010841862956138,0.04488083792327968
7.75,0.7000000000000001,1.2377238880554362,-0.0028822082907302214,0.29829825457590076,0.04636909695909617
7.875,0.7000000000000001,1.2384670040079993,-0.0028383047014347604,0.29553013688099705,0.04786494129372512
8.0,0.7000000000000001,1.239180911309696,-0.0027953230247094426,0.29277939080464727,0.049367688175317614
8.125,0.7000000000000001,1.239866718297293,-0.0027532368199693204,0.2900455918466239,0.050876682049711894
8.25,0.7000000000000001,1.2405254916850537,-0.002712020713590986,0.28732833241946243,0.05239129392359321
8.375,0.7000000000000001,1.2411582580211156,-0.0026716503361798004,0.284627220924141,0.05391092070275232
8.5,0.7000000000000001,1.2417660051110868,-0.0026321022650083706,0.2819418808891186,0.055434984511946624
8.625,0.7000000000000001,1.2423496834066123,-0.0025933539710084287,0.2792719501676443,0.05696293200188201
8.75,0.7000000000000001,1.2429102073572063,-0.002555383769795251,0.2766170801887362,0.05849423364796827
8.875,0.7000000000000001,1.2434484567240467,-0.002518170776292399,0.2739769352576412,0.06002838304474712
9.0,0.7000000000000001,1.243965277854936,-0.0024816948625911417,0.2713511919019431,0.06156489619924327
9.125,0.7000000000000001,1.2444614849199196,-0.002445936618736761,0.2687395382598278,0.06310331082593516
9.25,0.7000000000000001,1.2449378611074353,-0.0024108773161840786,0.2661416735073034,0.06464318564557575
9.375,0.7000000000000001,1.245395159781122,-0.0023764988736960395,0.2635573073214388,0.06618409968970536
9.5,0.7000000000000001,1.2458341055976478,-0.0023427838254937087,0.26098615937691017,0.06772565161237855
9.625,0.7000000000000001,1.2462553955861273,-0.0023097152914881634,0.258427958873396,0.06926745901036875
9.75,0.7000000000000001,1.2466597001898272,-0.0022772769494388482,0.2558824440915423,0.07080915775290678
9.875,0.7000000000000001,1.247047664271004,-0.002245453008904266,0.253349361975378,0.07235040132184545
10.0,0.7000000000000001,1.2474199080798094,-0.0022142281868560093,0.250828467739279,0.07389086016301805
10.125,0.7000000000000001,1.247777028188248,-0.002183587684837179,0.24831952449770026,0.0754302210494598
10.25,0.7000000000000001,1.2481195983902362,-0.002153517167556119,0.24582230291605237,0.07696818645709051
10.375,0.7000000000000001,1.2484481705688333,-0.002124002742813543,0.2433365808812191,0.07850447395340235
10.5,0.7000000000000001,1.2487632755317233,-0.0020950309426631423,0.24086214319035149,0.08003881559965394
10.625,0.7000000000000001,1.249065423816023,-0.0020665887057177606,0.23839878125667507,0.08157095736704362
10.75,0.7000000000000001,1.2493551064634905,-0.002038663360513375,0.23594629283114685,0.08310065856730582
10.875,0.7000000000000001,1.2496327957671787,-0.0020112426098550223,0.23350448173891694,0.08462769129815302
11.0,0.7000000000000001,1.2498989459905536,-0.001984314516071515,0.23107315762959962,0.08615183990395872
11.125,0.7000000000000001,1.250153994060059,-0.0019578674871109604,0.22865213574046903,0.08767290045205331
11.25,0.7000000000000001,1.250398360232102,-0.0019318902634177797,0.22624123667176185,0.08919068022497156
11.375,0.7000000000000001,1.250632448735343,-0.0019063719055340636,0.223840286173315,0.09070499722895521
11.5,0.7000000000000001,1.2508566483892036,-0.0018813017823760304,0.2214491149418532,0.09221567971897181
11.625,0.7000000000000001,1.2510713331993948,-0.0018566695601383175,0.2190675584282692,0.09372256574046346
11.75,0.7000000000000001,1.2512768629312985,-0.001832465191785953,0.21669545665431333,0.09522550268798434
11.875,0.7000000000000001,1.2514735836619426,-0.001808678907093611,0.21433265403813673,0.09672434688082668
12.0,0.7000000000000001,1.2516618283113063,-0.0017853012031991073,0.2119789992281614,0.09821896315567143
12.125,0.7000000000000001,1.25184191715366,-0.0017623228356390538,0.20963434494481514,0.09970922447623216
12.25,0.7000000000000001,1.2520141583095905,-0.0017397348098345236,0.20729854782968224,0.1011950115597921
12.375,0.7000000000000001,1.2521788482193583,-0.0017175283730013287,0.2049714683016499,0.1026762125204624
12.5,0.7000000000000001,1.2523362720982096,-0.0016956950064590005,0.2026529704196547,0.10415272252892215
12.625,0.7000000000000001,1.252486704374215,-0.0016742264183131003,0.20034292175167306,0.10562444348833112
12.75,0.7000000000000001,1.2526304091092257,-0.001653114536486302,0.1980411932496079,0.10709128372604158
12.875,0.7000000000000001,1.252767640403491,-0.0016323515020793121,0.19574765912974337,0.10855315770067543
13.0,0.7000000000000001,1.2528986427844784,-0.0016119296630389371,0.19346219675846904,0.11000998572407611
13.125,0.7000000000000001,1.2530236515804254,-0.0015918415681113371,0.19118468654297557,0.11146169369759536
13.25,0.7000000000000001,1.2531428932791258,-0.001572079961062924,0.18891501182666645,0.11290821286213087
13.375,0.7000000000000001,1.253256585872461,-0.0015526377751501654,0.18665305878901892,0.11434947956129461
13.5,0.7000000000000001,1.2533649391871575,-0.001533508127818518,0.18439871634966032,0.11578543501706141
13.625,0.7000000000000001,1.2534681552022555,-0.001514684315614076,0.18215187607643257,0.11721602511722552
13.75,0.7000000000000001,1.2535664283537589,-0.001496159809289973,0.17991243209723487,0.11864120021397762
13.875,0.7000000000000001,1.253659945826919,-0.001477928249093136,0.1776802810154403,0.12006091493290742
14.0,0.7000000000000001,1.2537488878366132,-0.001459983440214204,0.1754553218287051,0.12147512799173624
14.125,0.7000000000000001,1.2538334278962537,-0.0014423193483870255,0.1732374558510028,0.12288380202808973
14.25,0.7000000000000001,1.253913733075664,-0.0014249300956238632,0.17102658663770604,0.12428690343563369
14.375,0.7000000000000001,1.2539899642483432,-0.0014078099560717898,0.16882261991357062,0.1256844022079154
14.5,0.7000000000000001,1.254062276328537,-0.0013909533519817045,0.16662546350349466,0.1270762717892759
14.625,0.7000000000000001,1.2541308184985167,-0.001374354849776893,0.16443502726589063,0.12846248893222806
14.75,0.7000000000000001,1.2541957344264663,-0.0013580091562117632,0.16225122302857828,0.12984303356072865
14.875,0.7000000000000001,1.2542571624753602,-0.0013419111146124201,0.16007396452707223,0.1312178886388112
15.0,0.7000000000000001,1.2543152359032168,-0.001326055701193084,0.1579031673451487,0.1325870400440836
15.125,0.7000000000000001,1.2543700830550837,-0.0013104380214418844,0.15573874885761643,0.13395047644564007
15.25,0.7000000000000001,1.2544218275471233,-0.0012950533065690646,0.1535806281751754,0.13530818918597914
15.375,0.7000000000000001,1.254470588443134,-0.0012798969100174002,0.1514287260912941,0.1366601721665653
15.5,0.7000000000000001,1.2545164804238558,-0.0012649643040307087,0.14928296503102303,0.13800642173671632
15.625,0.7000000000000001,1.2545596139493773,-0.00125025107627941,0.1471432690016589,0.13934693658554514
15.75,0.7000000000000001,1.2546000954149572,-0.0012357529265424833,0.14500956354520514,0.1406817176367261
15.875,0.7000000000000001,1.2546380273005724,-0.0012214656634452726,0.14288177569254853,0.14201076794590015
16.0,0.7000000000000001,1.2546735083144789,-0.0012073852012571087,0.14075983391929345,0.14333409260057198
16.125,0.7000000000000001,1.254706633531066,-0.0011935075567481104,0.13864366810319767,0.14465169862239194
16.25,0.7000000000000001,1.254737494523269,-0.0011798288461077613,0.13653320948314485,0.14596359487174698
16.375,0.7000000000000001,1.2547661794898126,-0.001166345281929407,0.1344283906195988,0.14726979195462095
16.5,0.7000000000000001,1.2547927733775142,-0.0011530531702602937,0.13232914535649082,0.14857030213170744
16.625,0.7000000000000001,1.254817357998889,-0.0011399489077245325,0.1302354087844884,0.14986513922978834
16.75,0.7000000000000001,1.2548400121452765,-0.0011270289787190405,0.12814711720558591,0.15115431855540712
16.875,0.7000000000000001,1.2548608116957065,-0.0011142899526843818,0.12606420809897104,0.15243785681088728
17.0,0.7000000000000001,1.2548798297216948,-0.0011017284814570706,0.1239866200881346,0.15371577201275577
17.125,0.7000000000000001,1.2548971365881592,-0.0010893412967014247,0.12191429290914993,0.15498808341264378
17.25,0.7000000000000001,1.2549128000506449,-0.0010771252074255428,0.11984716738009303,0.15625481142074116
17.375,0.7000000000000001,1.2549268853490128,-0.001065077097582653,0.1177851853715645,0.1575159775318852
17.5,0.7000000000000001,1.2549394552977555,-0.0010531939237583376,0.11572828977824537,0.15877160425436043
17.625,0.7000000000000001,1.254950570373083,-0.0010414727129452897,0.11367642449146735,0.16002171504148677
17.75,0.7000000000000001,1.254960288796926,-0.0010299105604037343,0.11162953437274412,0.16126633422606274
17.875,0.7000000000000001,1.254968666617975,-0.0010185046276102632,0.10958756522822402,0.16250548695772318
18.0,0.7000000000000001,1.254975757789885,-0.0010072521402924842,0.10755046378403056,0.16373919914325974
18.125,0.7000000000000001,1.2549816142467458,-0.0009961503865473552,0.10551817766244284,0.16496749738993868
18.25,0.7000000000000001,1.2549862859759424,-0.000985196715043671,0.10349065535888709,0.1661904089518358
18.375,0.7000000000000001,1.2549898210884851,-0.000974388533304745,0.10146784621968942,0.16740796167919297
18.5,0.7000000000000001,1.2549922658869037,-0.0009637233060699859,0.09944970042058832,0.16862018397078468
18.625,0.7000000000000001,1.254993664930805,-0.0009531985537293188,0.09743616894591683,0.1698271047292636
18.75,0.7000000000000001,1.2549940611001587,-0.0009428118508349881,0.09542720356850866,0.1710287533194415
18.875,0.7000000000000001,1.2549934956563809,-0.0009325608246739983,0.09342275683016847,0.17222515952943906
19.0,0.7000000000000001,1.2549920083013215,-0.0009224431539166397,0.09142278202287653,0.17341635353462892
19.125,0.7000000000000001,1.2549896372341596,-0.000912456567308359,0.08942723317038744,0.17460236586427208
19.25,0.7000000000000001,1.25498641920636,-0.000902598842447579,0.08743606501070243,0.17578322737074545
19.375,0.7000000000000001,1.2549823895746037,-0.0008928678045704079,0.08544923297858381,0.176958969201228
19.5,0.7000000000000001,1.2549775823520102,-0.0008832613254554732,0.08346669318936184,0.1781296227717254
19.625,0.7000000000000001,1.254972030257261,-0.000873777322263355,0.08148840242201327,0.17929521974327
19.75,0.7000000000000001,1.2549657647623895,-0.0008644137565928294,0.07951431810464105,0.18045579200017384
19.875,0.7000000000000001,1.2549588161381884,-0.0008551686332932882,0.07754439829736312,0.18161137163012905
20.0,0.7000000000000001,1.2549512134989949,-0.0008460399997566423,0.07557860168046465,0.18276199090606876
20.125,0.7000000000000001,1.2549429848441989,-0.0008370259445353483,0.07361688753533768,0.18390768226950469
20.25,0.7000000000000001,1.2549341571008215,-0.0008281245971010254,0.07165921573790468,0.1850484783153641
20.375,0.7000000000000001,1.254924756160403,-0.0008193341258641943,0.06970554673334822,0.18618441177786418
20.5,0.7000000000000001,1.254914806920994,-0.000810652739005183,0.06775584154140295,0.18731551551773581
20.625,0.7000000000000001,1.2549043333173375,-0.0008020786809081319,0.06581006171430458,0.18844182250989192
20.75,0.7000000000000001,1.254893358366068,-0.0007936102355972003,0.0638681693705395,0.1895633658325781
20.875,0.7000000000000001,1.2548819041836692,-0.0007852457191317184,0.06193012710968146,0.19068017865598258
21.0,0.7000000000000001,1.2548699920440793,-0.0007769834894980957,0.059995898116100094,0.1917922942331539
21.125,0.7000000000000001,1.2548576423703526,-0.0007688219288431259,0.05806544596501612,0.19289974588837988
21.25,0.7000000000000001,1.2548448748273644,-0.0007607594694661292,0.056138734899884905,0.19400256701039711
21.375,0.7000000000000001,1.2548317082518035,-0.0007527945505683088,0.05421572936570843,0.19510079103847836
21.5,0.7000000000000001,1.2548181608362596,-0.0007449256844733523,0.052296394719137114,0.1961944514600659
21.625,0.7000000000000001,1.2548042499090681,-0.0007371513495380672,0.05038069607979917,0.19728358179015298
21.75,0.7000000000000001,1.2547899923498838,-0.0007294701569227809,0.04846860011982228,0.19836821557936338
21.875,0.7000000000000001,1.2547754039984091,-0.0007218805835450439,0.04656007221185523,0.19944838637613163
22.0,0.7000000000000001,1.254760500650392,-0.0007143813902763102,0.04465508091203952,0.2005241277608073
22.125,0.7000000000000001,1.2547452965442911,-0.0007069709536032962,0.042753590856833196,0.2015954732645951
22.25,0.7000000000000001,1.2547298068061612,-0.0006996483131490326,0.04085557396582635,0.20266245646897038
22.375,0.7000000000000001,1.254714043642714,-0.0006924114937274353,0.038960991735240126,0.20372511081550246
22.5,0.7000000000000001,1.2546980223925213,-0.0006852601324395595,0.037069823197423205,0.20478346986914372
22.625,0.7000000000000001,1.2546817520207962,-0.000678191245218437,0.03518202079287783,0.20583756684972443
22.75,0.7000000000000001,1.2546652501134532,-0.0006712058457409012,0.03329758006921571,0.20688743530787082
22.875,0.7000000000000001,1.254648519272813,-0.0006642981612965261,0.03141642983168543,0.2079331079336465
23.0,0.7000000000000001,1.2546315841304299,-0.0006574724990277103,0.029538605575489815,0.20897461828599695
23.125,0.7000000000000001,1.25461443319422,-0.0006507152333512032,0.027663976744923754,0.21001199766305323
23.25,0.7000000000000001,1.2545971092401846,-0.0006440388813313594,0.025792676700576354,0.21104527961748012
23.375,0.7000000000000001,1.2545795683840917,-0.0006374064713085199,0.02392442935660532,0.2120744913263606
23.5,0.7000000000000001,1.2545618953006954,-0.0006308528240509557,0.02205960661671529,0.21309966603636762
23.625,0.7000000000000001,1.2545439745487696,-0.0006242653334959774,0.02019758653948505,0.21412081731971935
23.75,0.7000000000000001,1.2545259721183668,-0.0006177504112151564,0.018339307095109048,0.215137977149243
23.875,0.7000000000000001,1.2545076413934573,-0.0006109216490396121,0.016483375613216975,0.21615110965921064
24.0,0.7000000000000001,1.2544892257219018,-0.0006041729509831802,0.014631976408424258,0.2171602471867142
24.125,0.7000000000000001,1.254470414511707,-0.0005959993886173997,0.01278227300702372,0.2181651573614961
24.25,0.7000000000000001,1.2544510035445702,-0.0005881921221565092,0.01093862284743391,0.21916591920851528
24.375,0.7000000000000001,1.2544319640866897,-0.0005741131202952563,0.009097031041663378,0.22016144398197868
24.5,0.7000000000000001,1.2544089909887954,-0.000563143530869584,0.0072622284970948895,0.2211522784490118
24.625,0.7000000000000001,1.2543934639579843,-0.0005222247035254327,0.005438971272332509,0.22213316371854366
24.75,0.7000000000000001,1.2543607285346101,-0.0005048067624508942,0.0036089564600268373,0.22310810988351532
24.875,0.7000000000000001,1.2543716386061994,-0.000320360274390528,0.0018414208008375411,0.22404201482500646
25.0,0.7000000000000001,1.2543716386061994,0.0,0.0,0.22404201482500646
0.0,0.72,1.0,0.0,0.6065751774485099,0.0
0.125,0.72,1.0145048474729579,-0.020939183530975843,0.6065751774485099,1.879050590594304e-07
0.25,0.72,1.0336333081318503,-0.022886990991461287,0.5778143543358305,1.414069090631089e-06
0.375,0.72,1.0485811720124891,-0.023913027243902006,0.56825264478811,5.901505702649235e-06
0.5,0.72,1.0633038449789183,-0.02081232062040984,0.5479686095589696,1.6226268774410968e-05
0.625,0.72,1.0741261361403944,-0.018433268033625706,0.538327733865595,3.5788536121241867e-05
0.75,0.72,1.0841363367470953,-0.015961739662748924,0.5260097440121677,6.782350258831473e-05
0.875,0.72,1.09236046623774,-0.014182833265465307,0.5177412457295297,0.00011623006864338972
1.0,0.72,1.0999640937079402,-0.012721062436517484,0.5090454622904604,0.00018486298755988057
1.125,0.72,1.106722892692416,-0.011640960849668132,0.5018938609668413,0.0002780106781116748
1.25,0.72,1.1130382224431044,-0.010772999681211664,0.4948644311011414,0.0003998729317450895
1.375,0.72,1.1188768077262008,-0.010093815596027065,0.48851049670306085,0.0005547551117648486
1.5,0.72,1.124383020114179,-0.009531031402823319,0.4823730776940863,0.0007467275941028292
1.625,0.72,1.129565975703345,-0.009063838435258313,0.4765954697351214,0.0009796899871551666
1.75,0.72,1.1344835664928419,-0.008661331759476603,0.47102016654011913,0.0012571753494368216
1.875,0.72,1.1391503968765322,-0.008311295237382273,0.46567570398938724,0.0015823709366164773
2.0,0.72,1.1435936195865175,-0.007999906564260875,0.4605016180548544,0.0019580224948711187
2.125,0.72,1.1478258199981095,-0.0077203150416565195,0.4554963815870004,0.002386449390959631
2.25,0.72,1.151862277970323,-0.0074658105433932365,0.45063259121117044,0.0028695118671417694
2.375,0.72,1.1557129948856466,-0.007232406730180851,0.44590231308820266,0.003408632911802587
2.5,0.72,1.1593881722839727,-0.007016498309231217,0.4412905287226484,0.004004802069796641
2.625,0.72,1.162895897743176,-0.006815624978505783,0.43678912256923125,0.0046586050211320125
2.75,0.72,1.1662439463909082,-0.006627647634484958,0.4323884113378754,0.005370246600118312
2.875,0.72,1.1694391349245514,-0.006450959379884224,0.4280814566623486,0.0061395850392464086
3.0,0.72,1.1724879423821533,-0.00628418382737095,0.42386129290848806,0.006966163316108103
3.125,0.72,1.1753963470561823,-0.006126221797765603,0.4197222355319335,0.007849244438911053
3.25,0.72,1.1781700531744745,-0.005976133339787253,0.41565893690528877,0.008787844571822795
3.375,0.72,1.1808144604985784,-0.005833138928372624,0.41166676180191814,0.009780766492730117
3.5,0.72,1.183334752560065,-0.005696568719096013,0.4077414436944697,0.010826630791899666
3.625,0.72,1.1857358980513601,-0.005565853649921298,0.40387917455743066,0.011923905699762993
3.75,0.72,1.1880226873339814,-0.005440500902734735,0.40007646560245985,0.013070934494456954
3.875,0.72,1.1901997385621421,-0.005320084710400819,0.3963301535692835,0.014265960841738756
4.0,0.72,1.192271513641047,-0.005204233003983447,0.3926373352364725,0.015507151704720362
4.125,0.72,1.194242323173852,-0.005092620087781502,0.38899535254662265,0.01679261802464839
4.25,0.72,1.1961163339119973,-0.00498495862401092,0.3854017563305174,0.018120433117610402
4.375,0.72,1.1978975721328857,-0.00488099422925387,0.38185428870955274,0.019488648957004945
4.5,0.72,1.1995899275883277,-0.004780500312206055,0.3783508600115144,0.020895310420269108
4.625,0.72,1.2011971559860894,-0.0046832741862044185,0.37488953328140984,0.02233846766492285
4.75,0.72,1.2027228816374704,-0.004589133586284946,0.371468508129259,0.023816186763666383
4.875,0.72,1.2041705996547813,-0.0044979138870773734,0.3680861081216348,0.025326558757530954
5.0,0.72,1.2055436782815228,-0.004409465681185407,0.364740768808882,0.02686770726838223
5.125,0.72,1.2068453611700105,-0.004323652782664842,0.36143102768479796,0.028437794817498384
5.25,0.72,1.2080787698104243,-0.0042403505095686194,0.3581555150001448,0.030035027984392056
5.375,0.72,1.2092469060486923,-0.004159444242993368,0.3549129457843635,0.03165766153581436
5.5,0.72,1.210352654755729,-0.004080828192153175,0.35170211263927276,0.03330400164397275
5.625,0.72,1.2113987866166764,-0.004004404347552396,0.34852187936435686,0.03497240830527656
5.75,0.72,1.2123879610487975,-0.003930081583768358,0.3453711752134165,0.03666129706096603
5.875,0.72,1.2133227292235835,-0.0038577748936766674,0.3422489897583196,0.038369140112481874
6.0,0.72,1.2142055371818388,-0.0037874047307386157,0.33915436825314677,0.040094466915437256
6.125,0.72,1.2150387290194056,-0.003718896444530713,0.3360864074572832,0.04183586432794347
6.25,0.72,1.2158245501262954,-0.0036521797941923883,0.3330442518522272,0.043591976381106984
6.375,0.72,1.2165651504590391,-0.003587188528527478,0.3300270902130298,0.04536150373226545
6.5,0.72,1.2172625878288355,-0.003523860022245507,0.3270341524903212,0.04714320285470041
6.625,0.72,1.2179188311881766,-0.0034621349600260517,0.3240647069706509,0.04893588501132593
6.75,0.72,1.2185357639007024,-0.0034019570610191964,0.32111805768351054,0.05073841505409782
6.875,0.72,1.2191151869802006,-0.003343272837731287,0.3181935420295364,0.052549710085661186
7.0,0.72,1.2196588222864748,-0.003286031384054201,0.31529052860637413,0.0543687380149968
7.125,0.72,1.2201683156672145,-0.003230184188077886,0.3124084152123026,0.056194516034534646
7.25,0.72,1.220645240036598,-0.003175684965957004,0.3095466270097279,0.058026109042334975
7.375,0.72,1.2210910983827628,-0.0031224895137100094,0.3067046148330692,0.05986262802947059
7.5,0.72,1.2215073266975975,-0.0030705555743057015,0.3038818536271994,0.061703228449644563
7.625,0.72,1.2218952968236096,-0.0030198427178153293,0.30107784100432383,0.06354710858531949
7.75,0.72,1.2222563192137108,-0.0029703122327611815,0.29829209590847616,0.06539350792218725
7.875,0.72,1.2225916456008723,-0.0029219270270925456,0.29552415737805515,0.0672417055416481
8.0,0.72,1.2229024715755064,-0.0028746515374757186,0.29277358339782933,0.06909101853907122
8.125,0.72,1.2231899390693315,-0.002828451645801373,0.29003994983275444,0.07094080047395217
8.25,0.72,1.2234551387452217,-0.002783294601993079,0.2873228494367509,0.07279043985664731
8.375,0.72,1.223699112293246,-0.0027391489523587694,0.2846218909302314,0.07463935867513571
8.5,0.72,1.223922854633692,-0.002695984472851379,0.2819366981408171,0.07648701096420887
8.625,0.72,1.2241273160283819,-0.0026537721067205543,0.2792669092021805,0.07833288141861532
8.75,0.72,1.224313404102045,-0.0026124839061181216,0.27661217580641684,0.0801764840509615
8.875,0.72,1.2244819857758655,-0.0025720929773013863,0.2739721625057875,0.08201736089458524
9.0,0.72,1.2246338891156276,-0.0025325734291339256,0.27134654605999814,0.08385508075115661
9.125,0.72,1.224769905097112,-0.0024939003246297756,0.2687350148255435,0.08568923798240577
9.25,0.72,1.2248907892915668,-0.002456049635329521,0.266137268183918,0.08751945134511836
9.375,0.72,1.2249972634742057,-0.002418998198319412,0.26355301600576425,0.08934536286835984
9.5,0.72,1.2250900171587655,-0.0023827236757306284,0.2609819781482641,0.0911666367717771
9.625,0.72,1.225169709061164,-0.0023472045165699768,0.25842388398330596,0.09298295842377108
9.75,0.72,1.2252369684953244,-0.002312419920744233,0.2558784719541654,0.09479403333831987
9.875,0.72,1.2252923967041924,-0.002278349805153119,0.2533454891585783,0.09659958620925514
10.0,0.72,1.2253365681289086,-0.0022449747717287897,0.2508246909563138,0.098399359980841
10.125,0.72,1.2253700316190312,-0.0022122760773034887,0.24831584059946624,0.10019311495356902
10.25,0.72,1.2253933115866313,-0.0021802356051977647,0.24581870888384796,0.10198062792415714
10.375,0.72,1.2254069091069475,-0.0021488358384203383,0.2433330738199829,0.10376169135882139
10.5,0.72,1.2254113029682092,-0.0021180598343764102,0.2408587203223405,0.1055361125989652
10.625,0.72,1.2254069506731111,-0.0020878912009880198,0.23839543991554718,0.10730371309850939
10.75,0.72,1.2253942893943048,-0.002058314074131182,0.23594303045641687,0.10906432769215092
10.875,0.72,1.2253737368861717,-0.0020293130963030723,0.23350129587075763,0.11081780389389782
11.0,0.72,1.2253456923549881,-0.002000873396435943,0.23107004590395966,0.11256400122527334
11.125,0.72,1.2253105372895194,-0.0019729805707810076,0.22864909588448565,0.11430279057261705
11.25,0.72,1.2252686362539433,-0.001945620664790715,0.22623826649944515,0.11603405357293162
11.375,0.72,1.2252203376449,-0.0019187801559324947,0.22383738358148256,0.11775768202773343
11.5,0.72,1.2251659744143626,-0.0018924459373737446,0.2214462779062997,0.11947357734436073
11.625,0.72,1.2251058647599207,-0.0018666053024817874,0.21906478500015042,0.12118165000418019
11.75,0.72,1.2250403127839922,-0.0018412459300877232,0.21669274495673202,0.122881819057108
11.875,0.72,1.2249696091233513,-0.0018163558704658955,0.21433000226291551,0.12457401164183086
12.0,0.72,1.2248940315503456,-0.0017919235319870262,0.21197640563278916,0.1262581625310733
12.125,0.72,1.2248138455470206,-0.0017679376684045412,0.20963180784955876,0.12793421370121702
12.25,0.72,1.2247293048533763,-0.0017443873667359415,0.2072960656148473,0.12960211392553314
12.375,0.72,1.2246406519908706,-0.0017212620357063492,0.204969039404987,0.1312618183902436
12.5,0.72,1.2245481187622307,-0.001698551394722083,0.20265059333389712,0.1329132883325845
12.625,0.72,1.22445192672862,-0.0016762454633446372,0.20034059502220236,0.13455649070000475
12.75,0.72,1.2243522876650925,-0.0016543345512340206,0.19803891547223615,0.1361913978295942
12.875,0.72,1.224249403995305,-0.0016328092485395358,0.19574542894860672,0.1378179871468092
13.0,0.72,1.2241434692063395,-0.0016116604167104981,0.19346001286402692,0.1394362408825325
13.125,0.72,1.2240346682445096,-0.0015908791797007054,0.19118254767010798,0.14104614580749078
13.25,0.72,1.2239231778929602,-0.0015704569155470887,0.18891291675286384,0.14264769298303875
13.375,0.72,1.2238091671318527,-0.0015503852482991604,0.18665100633266102,0.14424087752731718
13.5,0.72,1.2236927974818876,-0.001530656040276924,0.18439670536837735,0.14582569839579237
13.625,0.72,1.2235742233318956,-0.0015112613846387174,0.18214990546554474,0.14740215817519822
13.75,0.72,1.2234535922512042,-0.0014921935982381046,0.17991050078826495,0.1489702628899154
13.875,0.72,1.2233310452874664,-0.0014734452147504473,0.17767838797469712,0.1505300218198498
14.0,0.72,1.2232067172505792,-0.0014550089780534388,0.17545346605593218,0.1520814473288991
14.125,0.72,1.223080736983362,-0.0014368778358426837,0.17323563637808886,0.1536245547031327
14.25,0.72,1.2229532276195747,-0.0014190449334664768,0.1710248025274543,0.1551593619978498
14.375,0.72,1.222824306829884,-0.0014015036079637949,0.16882087025852438,0.15668588989272603
14.5,0.72,1.2226940870563316,-0.0013842473822934397,0.16662374742481317,0.15820416155430603
14.625,0.72,1.2225626757358568,-0.001367269959739548,0.16443334391227632,0.15971420250515092
14.75,0.72,1.2224301755134113,-0.0013505652184817596,0.16224957157525025,0.16121604049900282
14.875,0.72,1.222296684445152,-0.0013341272063190901,0.160072344174783,0.1627097054013838
15.0,0.72,1.2221622961922225,-0.0013179501355395104,0.1579015773192446,0.1641952290751026
15.125,0.72,1.2220271002055778,-0.0013020283779258217,0.155737188407136,0.16567264527019807
15.25,0.72,1.2218911819023097,-0.0012863564598894312,0.1535790965719867,0.16714198951790366
15.375,0.72,1.2217546228339022,-0.001270929057729058,0.1514272226292677,0.16860329902827365
15.5,0.72,1.2216175008468393,-0.0012557409930077368,0.14928148902523852,0.17005661259115956
15.625,0.72,1.221479890235943,-0.0012407872280441356,0.14714181978764512,0.1715019704802842
15.75,0.72,1.2213418618908367,-0.0012260628615171864,0.14500814047821003,0.17293941436019783
15.875,0.72,1.2212034834358891,-0.0012115631241796743,0.14288037814684004,0.17436898719595537
16.0,0.72,1.2210648193639804,-0.00119728337468156,0.14075846128748778,0.17579073316538774
16.125,0.72,1.2209259311644138,-0.0011832190955020272,0.1386423197956151,0.1772046975738829
16.25,0.72,1.2207868774452877,-0.0011693658889894367,0.13653188492719176,0.17861092677161983
16.375,0.72,1.2206477140506184,-0.001155719473511414,0.1344270892591745,0.18000946807323404
16.5,0.72,1.2205084941724866,-0.0011422756797119823,0.13232786665141774,0.1814003696799146
16.625,0.72,1.2203692684584786,-0.0011290304468810934,0.13023415220996648,0.1827836806039531
16.75,0.72,1.2202300851146484,-0.0011159798194352144,0.1281458822516687,0.18415945059578429
16.875,0.72,1.220090990004261,-0.001103119943506989,0.1260629942700617,0.18552773007356776
17.0,0.72,1.2199520267424981,-0.001090447063650347,0.12398542690250391,0.1868885700553715
17.125,0.72,1.2198132367873604,-0.0010779575196562298,0.12191311989847335,0.18824202209401927
17.25,0.72,1.2196746595269368,-0.0010656477434816223,0.11984601408900591,0.18958813821466985
17.375,0.72,1.219536332363222,-0.00105351425629149,0.11778405135723595,0.1909269708551883
17.5,0.72,1.2193982907926555,-0.0010415536656115134,0.11572717460996865,0.192258572809369
17.625,0.72,1.2192605684835183,-0.0010297626625929669,0.11367532775026731,0.1935829971730603
17.75,0.72,1.2191231973503471,-0.0010181380193857936,0.1116284556509997,0.19490029729323027
17.875,0.72,1.2189862076254916,-0.0010066765866200843,0.10958650412930572,0.1962105267200018
18.0,0.72,1.218849627927938,-0.0009953752909926034,0.10754941992195376,0.19751373916167
18.125,0.72,1.2187134853295045,-0.0009842311329559352,0.10551715066153268,0.19880998844269995
18.25,0.72,1.2185778054185388,-0.0009732411845082807,0.1034896448534573,0.20009932846468886
18.375,0.72,1.2184426123611847,-0.0009624025870779928,0.10146685185373298,0.201381813170255
18.5,0.72,1.2183079289603447,-0.000951712549502915,0.09944872184748094,0.2026574965098055
18.625,0.72,1.2181737767123861,-0.0009411683460952107,0.09743520582813026,0.20392643241111158
18.75,0.72,1.2180401758617072,-0.0009307673147971358,0.09542625557733568,0.20518867475160982
18.875,0.72,1.2179071454532058,-0.0009205068554083998,0.0934218236454562,0.20644427733332593
19.0,0.72,1.217774703382765,-0.0009103844279022567,0.09142186333277215,0.2076932938603112
19.125,0.72,1.2176428664457473,-0.0009003975507931935,0.08942632867108884,0.20893577791845902
19.25,0.72,1.217511650383678,-0.0008905437996043264,0.08743517440622313,0.21017178295756875
19.375,0.72,1.2173810699290066,-0.0008808208053472222,0.08544835598051721,0.21140136227549955
19.5,0.72,1.2172511388482778,-0.0008712262531367705,0.08346582951666764,0.21262456900427001
19.625,0.72,1.2171218699833157,-0.0008617578807389884,0.08148755180078711,0.2138414560979199
19.75,0.72,1.2169932752912047,-0.0008524134773636342,0.07951348026792977,0.2150520763220018
19.875,0.72,1.216865365881972,-0.0008431908821902892,0.07754357298492669,0.2162564822444736
20.0,0.72,1.2167381520558276,-0.0008340879834305842,0.07557778863863858,0.21745472622791995
20.125,0.72,1.2166116433371688,-0.0008251027166493514,0.07361608651675183,0.21864686042277992
20.25,0.72,1.2164858485098968,-0.0008162330643534796,0.07165842650144515,0.21983293676165938
20.375,0.72,1.2163607756469745,-0.0008074770536606683,0.06970476904375021,0.221013006954187
20.5,0.72,1.2162364321455432,-0.0007988327570868277,0.06775507516944035,0.2221871224828656
20.625,0.72,1.2161128247498234,-0.0007902982884703594,0.06580930643604925,0.22335533459881904
20.75,0.72,1.2159899595900272,-0.000781871806656245,0.06386742496810636,0.22451769431881433
20.875,0.72,1.2158678421927898,-0.0007735515069609917,0.061929393369634454,0.2256742524210397
21.0,0.72,1.2157464775335578,-0.0007653356320160965,0.05999517483156751,0.22682505944331846
21.125,0.72,1.2156258700197455,-0.000757222451996525,0.05806473293195005,0.22797016567765607
21.25,0.72,1.2155060235804704,-0.0007492102933042177,0.05613803192259,0.22910962117053246
21.375,0.72,1.215386941585198,-0.0007412974905963439,0.05421503624770835,0.23024347571382422
21.5,0.72,1.2152686270301183,-0.0007334824600273554,0.052295711277230095,0.23137177885008905
21.625,0.72,1.215151082299057,-0.0007257635806236643,0.05038002212140857,0.23249457985447664
21.75,0.72,1.215034309594152,-0.0007181393788809085,0.048467935478354374,0.23361192775282077
21.875,0.72,1.214918310306259,-0.0007106082331044716,0.046559416690181585,0.2347238712814546
22.0,0.72,1.2148030860577694,-0.0007031688364462099,0.044654434371118434,0.2358304589379938
22.125,0.72,1.2146886371020107,-0.0006958194571687101,0.042752953074224234,0.23693173888634078
22.25,0.72,1.2145749648943411,-0.0006885590986288602,0.04085494485762922,0.23802775909001145
22.375,0.72,1.2144620680748857,-0.0006813856425913052,0.038960371000865114,0.23911856707944454
22.5,0.72,1.2143499488460456,-0.0006742987585028129,0.03706921087616183,0.24020421029268357
22.625,0.72,1.214238602947244,-0.000667295220931954,0.03518141636775492,0.24128473549232657
22.75,0.72,1.2141280354842028,-0.0006603762389955306,0.033296983869265495,0.24236018962833472
22.875,0.72,1.2140182360196727,-0.0006535355362030902,0.03141584074969263,0.24343061834732926
23.0,0.72,1.213909217737045,-0.0006467780217315481,0.029538024641294985,0.24449606818802083
23.125,0.72,1.2138009559565126,-0.0006400888637240712,0.027663401199547816,0.24555658266464833
23.25,0.72,1.213693484186909,-0.0006334822411180196,0.025792109333486624,0.2466122079826829
23.375,0.72,1.2135867444244972,-0.0006269180180754404,0.023923862517060867,0.24766298226923267
23.5,0.72,1.2134808179560275,-0.0006204356395463404,0.02205904789952292,0.24870895128250603
23.625,0.72,1.2133755721150865,-0.0006139134349040372,0.020197012488164377,0.24975013644157096
23.75,0.72,1.2132711883634155,-0.0006074717361557174,0.01833874075415617,0.25078658266945314
23.875,0.72,1.213167391598269,-0.0006006952094943194,0.016482736407521313,0.25181825197550506
24.0,0.72,1.2130645101906445,-0.0005940257770187873,0.014631349218339458,0.25284519319572013
24.125,0.72,1.2129621525510306,-0.0005858551518602964,0.012781344277334253,0.2538671343112175
24.25,0.72,1.2128604926519393,-0.0005781670974964411,0.010937776077833694,0.2548841946634379
24.375,0.72,1.2127601210937176,-0.0005639343875800322,0.009094887223718238,0.2558950929936001
24.5,0.72,1.2126585544413564,-0.00055337236486628,0.007260779877220792,0.2569005675085264
24.625,0.72,1.2125648542204472,-0.000512204217439847,0.0054314056114557535,0.2578945407941073
24.75,0.72,1.2124649712215958,-0.0004967827261522999,0.0036064666265166966,0.2588820164701137
24.875,0.72,1.2124026742522884,-0.0003178357177200354,0.0018058276498348614,0.25982450211002495
25.0,0.72,1.2124026742522884,0.0,0.0,0.25982450211002495
0.0,0.74,1.0,0.0,0.6101448517452691,0.0
0.125,0.74,1.0162022874685372,-0.023833259316232425,0.6101448517452691,6.967297650639912e-07
0.25,0.74,1.0370889685837819,-0.02557331272875729,0.5780514153068355,4.833594090580735e-06
0.375,0.74,1.0525442774726397,-0.026396739413544878,0.5683506700445208,1.8764290769552498e-05
0.5,0.74,1.0676022874435953,-0.022817928892402493,0.5473555293287992,4.863134180983695e-05
0.625,0.74,1.078417346118206,-0.02012933393886068,0.5378597907760407,0.00010198091789855183
0.75,0.74,1.088397904869802,-0.01740129979337667,0.5255336319557851,0.00018499032048087676
0.875,0.74,1.0965384658643678,-0.015453583358705707,0.5173962496635466,0.0003049300239837779
1.0,0.74,1.104057508395255,-0.013859777562548104,0.5087610210535456,0.0004682589092451185
1.125,0.74,1.110713217296248,-0.012683405716629804,0.5016814717235765,0.0006819387828190163
1.25,0.74,1.1169111731315968,-0.011736411375694226,0.494692375801589,0.0009521690471661629
1.375,0.74,1.1226088896268331,-0.010993336362976485,0.4883745116535338,0.0012849715187792218
1.5,0.74,1.1279490415357072,-0.010375096568980374,0.4822595921136923,0.0016854834334151863
1.625,0.74,1.1329366387647097,-0.009859600380239497,0.47650064510921863,0.0021582333135106322
1.75,0.74,1.1376284768347324,-0.009413373220930814,0.47093817252490744,0.002706812761264676
1.875,0.74,1.1420378878736228,-0.00902347993677133,0.46560425348895274,0.0033340369535921417
2.0,0.74,1.1461921033559912,-0.008675044428810896,0.46043807889538674,0.004041835925502256
2.125,0.74,1.150104027482552,-0.008360819163116918,0.4554394484012656,0.004831374181395592
2.25,0.74,1.153789924241518,-0.008073628795873554,0.45058096820722826,0.005703053725817632
2.375,0.74,1.1572610219261803,-0.007809265459522917,0.4458552240742446,0.006656616581744838
2.5,0.74,1.1605290870441107,-0.007563900837163901,0.44124726309494733,0.0076911962256851546
2.625,0.74,1.1636039297206164,-0.007334946665694601,0.4367491884063854,0.00880540805326629
2.75,0.74,1.166495204749334,-0.007120146192387337,0.4323513752938772,0.009997415430616068
2.875,0.74,1.169211677501992,-0.006917813953266415,0.42804698725145357,0.011265007745373907
3.0,0.74,1.1717618223063917,-0.006726503883774607,0.4238291018832833,0.012605664593556876
3.125,0.74,1.174153611500383,-0.006545063922360704,0.4196920880513376,0.014016620573964186
3.25,0.74,1.1763947203719458,-0.006372506854827993,0.41563062870578266,0.015494920570042857
3.375,0.74,1.1784924696352173,-0.006208013305715967,0.4116401199661925,0.017037471350329524
3.5,0.74,1.180453898292844,-0.006050876687084695,0.40771631690507526,0.0186410858145511
3.625,0.74,1.1822857502222546,-0.005900494496939142,0.4038554316365383,0.020302522409740942
3.75,0.74,1.1839945019164315,-0.005756342075390891,0.40005399083248266,0.022018518622306263
3.875,0.74,1.1855863616978797,-0.005617963310002454,0.3963088450394337,0.023785819815505857
4.0,0.74,1.1870672821889956,-0.005484956613659825,0.3926171023006891,0.025601203308918206
4.125,0.74,1.1884429634859337,-0.005356967518016399,0.3889761144587724,0.027461498472484185
4.25,0.74,1.1897188608545193,-0.0052336804190985286,0.38538344070724717,0.029363603076069226
4.375,0.74,1.190900189585521,-0.005114813154887816,0.3818368304959891,0.03130449644077284
4.5,0.74,1.191991931590275,-0.005000111784557744,0.37833420047449634,0.033281249718229135
4.625,0.74,1.192998841288555,-0.0048893467244977085,0.3748736192445235,0.035291033713941974
4.75,0.74,1.1939254522860074,-0.00478230927857188,0.37145329127627363,0.037331124566911844
4.875,0.74,1.1947760839903907,-0.004678808897245583,0.368071544431612,0.039398907609156306
5.0,0.74,1.1955548486283079,-0.004578670791867296,0.364726818055958,0.041491879670372045
5.125,0.74,1.1962656583372038,-0.004481733980521457,0.3614176530177974,0.043607650078448
5.25,0.74,1.196912232449089,-0.004387849607312985,0.35814268257378445,0.04574394056822249
5.375,0.74,1.1974981048201658,-0.004296879536201137,0.3549006244428468,0.04789858429026017
5.5,0.74,1.1980266312128642,-0.004208695144679519,0.35169027363892297,0.05006952408378735
5.625,0.74,1.1985009966517797,-0.004123176300735163,0.3485104961325081,0.052254810158266746
5.75,0.74,1.198924222730428,-0.0040402104833627845,0.34536022313640663,0.05445259730730055
5.875,0.74,1.1992991748205806,-0.003959692029229445,0.34223844599546654,0.0566611417619421
6.0,0.74,1.199628569158358,-0.003881521482019017,0.3391442115724095,0.058878797774630884
6.125,0.74,1.1999149797759343,-0.0038056050302558747,0.3360766180899859,0.06110401401164974
6.25,0.74,1.2001608452583903,-0.003731854018608241,0.33303481136403346,0.06333532981987487
6.375,0.74,1.2003684753060893,-0.003660184521969444,0.33001798138913857,0.06557137142320105
6.5,0.74,1.200540057089006,-0.003590516972243803,0.3270253592329419,0.06781084809478978
6.625,0.74,1.200677661381806,-0.003522775830021749,0.3240562142072328,0.07005254834332358
6.75,0.74,1.200783248472348,-0.0034568892941916627,0.3211098512843332,0.0722953361444706
6.875,0.74,1.2008586738386418,-0.003392789043866649,0.3181856087335291,0.07453814724274331
7.0,0.74,1.2009056935919478,-0.00333041000776333,0.3152828559541471,0.07677998554371289
7.125,0.74,1.2009259696855852,-0.0032696901570229545,0.3124009914855419,0.0790199196120525
7.25,0.74,1.2009210748908656,-0.0032105703180604892,0.3095394411762076,0.0812570792870235
7.375,0.74,1.2008924975429747,-0.003152994002598117,0.3066976564966431,0.08349065242372276
7.5,0.74,1.200841646060836,-0.0030969072524844356,0.3038751129822143,0.08571988176560248
7.625,0.74,1.2007698532460158,-0.003042258497298257,0.301071308793978,0.08794406195140073
7.75,0.74,1.2006783803665062,-0.0029889984230546144,0.2982857633867011,0.09016253665762756
7.875,0.74,1.200568421031877,-0.0029370798506141178,0.2955180162745597,0.09237469587609312
8.0,0.74,1.2004411048668169,-0.0028864576226219512,0.29276762588598515,0.09457997332460195
8.125,0.74,1.2002975009904209,-0.002837088498004461,0.29003416850005115,0.09677784398783874
8.25,0.74,1.2001386213089043,-0.0027889310532119844,0.2873172372575698,0.09896782178460165
8.375,0.74,1.1999654236295751,-0.0027419455895352327,0.28461644124072855,0.10114945735688163
8.5,0.74,1.1997788146040138,-0.0026960940459329116,0.28193140461572447,0.10332233597580252
8.625,0.74,1.1995796525084215,-0.002651339916908375,0.2792617658333553,0.10548607555912269
8.75,0.74,1.1993687498690635,-0.002607648175042745,0.2766071768829932,0.10764032479481629
8.875,0.74,1.199146875940647,-0.0025649851978577303,0.27396730259579016,0.10978476136519333
9.0,0.74,1.19891475904531,-0.002523318698728996,0.27134181999330553,0.1119190902660602
9.125,0.74,1.198673088779719,-0.002482617661605379,0.26873041767808364,0.11404304221554533
9.25,0.74,1.1984225180975419,-0.0024428522793243338,0.2661327952630026,0.11615637214740793
9.375,0.74,1.1981636652743177,-0.0024039938953301313,0.2635486628364708,0.11825885778388867
9.5,0.74,1.19789711576145,-0.002366014948618407,0.2609777404607821,0.12035029828344199
9.625,0.74,1.1976234239357837,-0.002328888921741588,0.25841975770117265,0.12243051295899102
9.75,0.74,1.1973431147508888,-0.002292590291717951,0.25587445318332197,0.12449934006266454
9.875,0.74,1.197056685295913,-0.0022570944836932004,0.2533415741771818,0.12655663563329086
10.0,0.74,1.1967646062674904,-0.00222237782720454,0.2508208762052454,0.12860227240323913
10.125,0.74,1.1964673233599403,-0.0021884175149052506,0.24831212267348496,0.1306361387614972
10.25,0.74,1.196165258578671,-0.002155191563608326,0.24581508452333384,0.13265813777016028
10.375,0.74,1.1958588114813906,-0.0021226787775118247,0.24332953990322861,0.13466818623176396
10.5,0.74,1.1955483603514636,-0.002090858713473516,0.2408552738583468,0.1366662138051349
10.625,0.74,1.1952342633074668,-0.002059711648209128,0.23839207803728077,0.13865216216763912
10.75,0.74,1.1949168593527453,-0.002029218547288892,0.23593975041449988,0.1406259842218962
10.875,0.74,1.1945964693685032,-0.0019993610358180823,0.23349809502755087,0.1425876433451804
11.0,0.74,1.1942733970537494,-0.001970121370690893,0.2310669217280093,0.1445371126798607
11.125,0.74,1.1939479298151734,-0.0019414824143151588,0.22864604594531057,0.14647437446333678
11.25,0.74,1.1936203396098377,-0.0019134276097118126,0.22623528846263363,0.1483994193960096
11.375,0.74,1.1932908837433662,-0.0018859409568978433,0.22383447520407898,0.1503122460458834
11.5,0.74,1.1929598056261275,-0.001859006990470262,0.22144343703245847,0.15221286028843994
11.625,0.74,1.1926273354897374,-0.0018326107583163667,0.21906200955703858,0.15410127478045024
11.75,0.74,1.1922936910660744,-0.0018067378013771303,0.2166900329506627,0.1559775084664012
11.875,0.74,1.1919590782308112,-0.001781374134398981,0.21432735177569584,0.15784158611622104
12.0,0.74,1.1916236916133878,-0.001756506227615898,0.21197381481826946,0.15969353789297763
12.125,0.74,1.1912877151751777,-0.0017321209893051415,0.20962927493036687,0.16153339894922134
12.25,0.74,1.1909513227575403,-0.0017082057491664491,0.20729358887930174,0.1633612090506306
12.375,0.74,1.190614678601294,-0.001684748242476289,0.2049666172041689,0.1651770122256079
12.5,0.74,1.190277937839113,-0.0016617365949767309,0.20264822407887925,0.16698085643947005
12.625,0.74,1.189941246962214,-0.0016391593084560904,0.20033827718142158,0.16877279329186848
12.75,0.74,1.1896047442626532,-0.0016170052469826647,0.19803664756900025,0.17055287773608024
12.875,0.74,1.1892685602524877,-0.0015952636237594295,0.19574320955873012,0.17232116781881635
13.0,0.74,1.188932818060947,-0.001573923988564,0.19345784061358592,0.17407772443920688
13.125,0.74,1.18859763381076,-0.0015529762157417298,0.1911804212333088,0.17582261112564446
13.25,0.74,1.1882631169746956,-0.0015324104927239616,0.18891083485001695,0.1775558938291944
13.375,0.74,1.1879293707133138,-0.0015122173090417433,0.18664896772825712,0.17927764073231203
13.5,0.74,1.1875964921949005,-0.0014923874458068734,0.1843947088692576,0.18098792207165068
13.625,0.74,1.187264572898506,-0.0014729119656357913,0.18214794991915964,0.18268680997378597
13.75,0.74,1.1869336989009578,-0.0014537822029906844,0.1799085850810191,0.18437437830273515
13.875,0.74,1.1866039511486817,-0.0014349897549121675,0.1776765110303723,0.18605070251820563
14.0,0.74,1.186275405715142,-0.0014165264721228675,0.17545162683418616,0.18771585954356335
14.125,0.74,1.1859481340446454,-0.0013983844504800082,0.17323383387302532,0.18936992764257737
14.25,0.74,1.1856222031832455,-0.0013805560227547874,0.1710230357662598,0.19101298630405922
14.375,0.74,1.1852976759974452,-0.0013630337507186858,0.1688191383001672,0.19264511613358273
14.5,0.74,1.1849746113813553,-0.001345810417519605,0.16662204935880381,0.1942663987515374
14.625,0.74,1.184653064452934,-0.001328879020331465,0.16443167885748308,0.19587691669683732
14.75,0.74,1.1843330867399315,-0.0013122327632586544,0.16224793867876924,0.19747675333567152
14.875,0.74,1.1840147263560885,-0.0012958650504816909,0.1600707426108579,0.19906599277475318
15.0,0.74,1.1836980281681588,-0.0012797694796331052,0.15790000628823345,0.20064471977858545
15.125,0.74,1.1833830339542655,-0.0012639398353884183,0.155735647134525,0.2022130196903267
15.25,0.74,1.1830697825540804,-0.001248370083261965,0.15357758430744614,0.20377097835589747
15.375,0.74,1.1827583100113113,-0.0012330543636011359,0.15142573864574826,0.20531868205102938
15.5,0.74,1.1824486497089353,-0.0012179869857667596,0.14928003261810732,0.20685621741100857
15.625,0.74,1.1821408324975964,-0.001203162422494248,0.14714039027385756,0.2083836713629152
15.75,0.74,1.1818348868175756,-0.0011885753044315495,0.14500673719551752,0.2099011310602097
15.875,0.74,1.181530838814704,-0.0011742204148444675,0.14287900045303117,0.21140868381955324
16.0,0.74,1.1812287124505798,-0.001160092684487511,0.14075710855966103,0.21290641705979027
16.125,0.74,1.18092852960742,-0.0011461871866373626,0.13864099142948252,0.21439441824305144
16.25,0.74,1.1806303101878617,-0.0011324991322842792,0.13653058033641172,0.2158727748179633
16.375,0.74,1.1803340722100149,-0.001119023865479872,0.1344258078747122,0.2173415741649743
16.5,0.74,1.1800398318980316,-0.0011057568588369415,0.13232660792093293,0.2188009035438259
16.625,0.74,1.1797476037684607,-0.0010926937091830843,0.13023291559722533,0.22025085004321185
16.75,0.74,1.1794574007126237,-0.0010798301333643412,0.1281446672359825,0.2216915005326769
16.875,0.74,1.1791692340752395,-0.0010671619641940428,0.12606180034574677,0.223122941616816
17.0,0.74,1.1788831137295064,-0.0010546851465508596,0.12398425357836518,0.2245452595918347
17.125,0.74,1.1785990481488242,-0.0010423957336203463,0.12191196669730886,0.22595854040453137
17.25,0.74,1.1783170444753706,-0.0010302898832773098,0.11984488054713176,0.22736286961375896
17.375,0.74,1.1780371085856447,-0.0010183638546098352,0.11778293702403143,0.2287583323544141
17.5,0.74,1.1777592451531893,-0.0010066140045794964,0.11572607904743945,0.23014501330399614
17.625,0.74,1.1774834577085906,-0.0009950367848160467,0.11367425053262653,0.23152299665176285
17.75,0.74,1.177209748696908,-0.000983628738543569,0.1116273963642662,0.23289236607049985
17.875,0.74,1.1769381195326523,-0.0009723864976345728,0.10958546237091915,0.23425320469090408
18.0,0.74,1.1766685706524243,-0.0009613067797875466,0.10754839530040416,0.2356055950785666
18.125,0.74,1.1764011015653124,-0.000950386385824721,0.10551614279600505,0.23694961921352337
18.25,0.74,1.1761357109011512,-0.0009396221971068875,0.10348865337348997,0.23828535847232768
18.375,0.74,1.1758723964567264,-0.0009290111730577442,0.10146587639888978,0.23961289361257762
18.5,0.74,1.1756111552400101,-0.0009185503487966398,0.09944776206703586,0.24093230475982222
18.625,0.74,1.175351983512502,-0.0009082368328698039,0.09743426138076305,0.2422436713967473
18.75,0.74,1.1750948768297524,-0.0008980678050853878,0.09542532613084038,0.24354707235453454
18.875,0.74,1.1748398300801168,-0.0008880405144305614,0.09342090887645899,0.2448425858062686
19.0,0.74,1.174586837521846,-0.0008781522770888991,0.0914209629264611,0.24613028926226155
19.125,0.74,1.1743358928185015,-0.0008684004745182726,0.08942544232094997,0.24741025956714588
19.25,0.74,1.1740869890728671,-0.0008587825516412442,0.08743430181379176,0.24868257289859225
19.375,0.74,1.173840118859225,-0.0008492960150520218,0.08544749685512867,0.249947304767482
19.5,0.74,1.1735952742543523,-0.0008399384313756403,0.08346498357523086,0.25120453001939075
19.625,0.74,1.1733524468668084,-0.0008307074255561064,0.08148671876754232,0.2524543228371901
19.75,0.74,1.1731116278653213,-0.0008216006794174221,0.07951265987425266,0.2536967567446513
19.875,0.74,1.1728728080051194,-0.0008126159299360269,0.07754276496907696,0.2549319046108102
20.0,0.74,1.1726359776541673,-0.0008037509681055705,0.07557699274561575,0.2561598386550586
20.125,0.74,1.172401126816326,-0.0007950036369926418,0.0736153024979987,0.2573806304526155
20.25,0.74,1.1721682451562618,-0.0007863718311879646,0.0716576541148086,0.2585943509405369
20.375,0.74,1.1719373220186102,-0.0007778534941559222,0.06970400805305113,0.2598010704236441
20.5,0.74,1.1717083464533562,-0.0007694466190108963,0.0677543253446776,0.26100085858100514
20.625,0.74,1.1714813072286328,-0.0007611492439620438,0.06580856755261372,0.26219378447165026
20.75,0.74,1.171256192860779,-0.0007529594562785554,0.06386669680757748,0.26337991654131365
20.875,0.74,1.1710329916145894,-0.0007448753828529428,0.061928675718085795,0.26455932262711074
21.0,0.74,1.1708116915482807,-0.0007368952020331262,0.05999446748182373,0.2657320699648129
21.125,0.74,1.1705922804854918,-0.0007290171218670928,0.05806403567960447,0.26689822519114925
21.25,0.74,1.170374746100411,-0.0007212394115245603,0.05613734457190009,0.2680578543529512
21.375,0.74,1.1701590758220655,-0.0007135603486136095,0.05421435860186939,0.2692110229043139
21.5,0.74,1.16994525702241,-0.0007059782995096463,0.05229504315335343,0.2703577957214515
21.625,0.74,1.1697332767541309,-0.0006984915891750774,0.050379363326402624,0.2714982370881973
21.75,0.74,1.1695231221981535,-0.0006910987037027341,0.04846728584659537,0.272632410726493
21.875,0.74,1.1693147799883332,-0.000683797965957463,0.04655877602333757,0.2737603797541094
22.0,0.74,1.169108237308352,-0.0006765880437055562,0.04465380253254933,0.27488220675569097
22.125,0.74,1.1689034801881235,-0.0006694671382519695,0.04275232983837936,0.2759979536721717
22.25,0.74,1.1687004962219507,-0.0006624342574783854,0.04085433014642202,0.2771076819746039
22.375,0.74,1.1684992703040928,-0.0006554871799026698,0.03895976450569691,0.27821145238253814
22.5,0.74,1.1682997913872781,-0.0006486256475663665,0.0370686126506023,0.2793093252962202
22.625,0.74,1.1681020418474355,-0.0006418462334717733,0.03518082587452421,0.2804013600807207
22.75,0.74,1.1679060142877906,-0.0006351503849495904,0.03329640147314914,0.2814876161487054
22.875,0.74,1.1677116851006326,-0.0006285313670395883,0.03141526529246611,0.2825681511223378
23.0,0.74,1.167519056135987,-0.0006219947461572589,0.029537457244256833,0.28364302357605625
23.125,0.74,1.167328089322403,-0.0006155245566057074,0.02766283897540268,0.2847122882090736
23.25,0.74,1.1671388092832558,-0.0006091367387316142,0.025791555312661,0.2857760029691313
23.375,0.74,1.166951143417536,-0.0006027881784573877,0.023923308720275566,0.28683421581832164
23.5,0.74,1.1667651706394018,-0.0005965231867066836,0.022058502587143574,0.28788698426221315
23.625,0.74,1.166580739752815,-0.000590211682077768,0.02019645132352999,0.2889343362603057
23.75,0.74,1.1663980504310307,-0.000583988564070258,0.018338188764988998,0.28997632943660423
23.875,0.74,1.1662167952174067,-0.0005774122131363042,0.016482110463734857,0.2910129218088235
24.0,0.74,1.1660373954136545,-0.0005709740403563052,0.014630740774355716,0.2920441803672048
24.125,0.74,1.1658593654773703,-0.0005629741031529188,0.012780431791229098,0.29306978967695846
24.25,0.74,1.1656832809271394,-0.000555589072682571,0.010936967326693262,0.29408991881345575
24.375,0.74,1.1655093010464974,-0.0005414627152868672,0.009092781916897618,0.2951030850316096
24.5,0.74,1.1653368130679218,-0.0005316091769153332,0.007259459529816318,0.2961102606315885
24.625,0.74,1.1651723626017088,-0.000490937738789655,0.005424103272643502,0.2971045610323936
24.75,0.74,1.1650122725640821,-0.0004782072055071603,0.003604489249762788,0.2980921305440494
24.875,0.74,1.1648832196148728,-0.00030903484301943775,0.0017729996845060561,0.2990317859668506
25.0,0.74,1.1648832196148728,0.0,0.0,0.2990317859668506
0.0,0.76,1.0,0.0,0.6141982123853429,0.0
0.125,0.76,1.018177209267447,-0.027037382796069768,0.6141982123853429,2.5159527565098256e-06
0.25,0.76,1.041086770104341,-0.028439542825683076,0.5782295788352003,1.6013111544428134e-05
0.375,0.76,1.0570725011557438,-0.02896010806772114,0.5683979555236998,5.762328386541071e-05
0.5,0.76,1.0724563031428471,-0.02484666177413358,0.5466487882645997,0.00014052863015730536
0.625,0.76,1.0832121406642499,-0.021821603745720796,0.5373322585515724,0.000279887341465412
0.75,0.76,1.0930970739952957,-0.018826565735371305,0.5250094214720755,0.00048566168318433107
0.875,0.76,1.1010683611216503,-0.016705334081519526,0.5170201007750989,0.0007696966874689697
1.0,0.76,1.1083992092502746,-0.014976124244774038,0.5084525853245532,0.001140894341527775
1.125,0.76,1.114827710981075,-0.013699975572156655,0.5014519479887322,0.001608714794853238
1.25,0.76,1.120764358268126,-0.01266962255928537,0.4945065485264504,0.00218029229494006
1.375,0.76,1.1261575266798358,-0.011857691694266224,0.488227743943981,0.002862065568072135
1.5,0.76,1.1311497171787201,-0.01117846459846041,0.48213705940111445,0.003658388328871997
1.625,0.76,1.1357433344907446,-0.010608832778030984,0.4763982797228201,0.004572376493140616
1.75,0.76,1.1399961940721721,-0.01011289932152841,0.47084965699233455,0.00560538556555585
1.875,0.76,1.1439224920537336,-0.009677185655354309,0.4655271602772026,0.006757516631998908
2.0,0.76,1.1475518710224188,-0.009285871782258608,0.46036956432302356,0.00802751462653967
2.125,0.76,1.1508998250653257,-0.008931414867812635,0.4553781180067151,0.009413105331810934
2.25,0.76,1.1539858452816207,-0.008606240723187773,0.45052542131262197,0.01091106293075535
2.375,0.76,1.1568244888542463,-0.008305972755526112,0.4458046253824206,0.01251744781992575
2.5,0.76,1.159431048485188,-0.008026592267621903,0.4412008422689114,0.014227720992948282
2.625,0.76,1.161818832215009,-0.007765404188046367,0.4367064124501156,0.016036914536512008
2.75,0.76,1.1640009646082852,-0.007520043069023144,0.43231177254392783,0.017939741228164573
2.875,0.76,1.1659895529929674,-0.007288745638780971,0.4280101964819023,0.01993071536752397
3.0,0.76,1.1677962708098086,-0.007069989527002284,0.42379480804721914,0.02200424021398311
3.125,0.76,1.1694321036859558,-0.006862557947605821,0.4196600340450549,0.02415469108908398
3.25,0.76,1.1709075452001654,-0.006665400371983417,0.41560059042200964,0.026376478153072463
3.375,0.76,1.1722325243845544,-0.006477638635374113,0.41161190738006,0.02866410094471926
3.5,0.76,1.1734164780637608,-0.006298508412473123,0.4076897634546841,0.03101218962034501
3.625,0.76,1.1744683370429174,-0.0061273515506839035,0.40383039272534477,0.03341553829811759
3.75,0.76,1.175396559913644,-0.005963588715318052,0.40003033874138594,0.035869129406969714
3.875,0.76,1.1762091393830199,-0.0058067105171136935,0.3962864671612091,0.03836815173762837
4.0,0.76,1.1769136246964684,-0.005656263203922977,0.3925958983776537,0.04090801239778626
4.125,0.76,1.1775171354321485,-0.005511841481738471,0.38895599510893886,0.04348434418906697
4.25,0.76,1.178026380865957,-0.005373080242390176,0.3853643257523024,0.04609300893232788
4.375,0.76,1.1784476766194216,-0.005239649285163377,0.38181864783774994,0.04873009768048673
4.5,0.76,1.1787869631733974,-0.005111248144291813,0.3783168849973007,0.051391928336185444
4.625,0.76,1.179049823388481,-0.004987602314635172,0.37485711198062327,0.054075041288262696
4.75,0.76,1.179241500468897,-0.004868459826180399,0.37143753864406476,0.05677619348164671
4.875,0.76,1.1793669153392379,-0.004753588549437778,0.3680564976168815,0.05949235133029108
5.0,0.76,1.179430683855319,-0.00464277382974454,0.3647124324628945,0.06222068277661065
5.125,0.76,1.1794371334559282,-0.004535816544365146,0.36140388780673544,0.0649585487701165
5.25,0.76,1.1793903193625395,-0.00443253141595952,0.358129500254918,0.06770349437531872
5.375,0.76,1.1792940401696106,-0.004332745590804138,0.35488799052696013,0.07045323968747791
5.5,0.76,1.1791518528460458,-0.004236297405435562,0.35167815633064037,0.07320567069525702
5.625,0.76,1.1789670870860507,-0.004143035328737557,0.348498866063114,0.0759588302038999
5.75,0.76,1.1787428590141826,-0.004052817040171655,0.3453490531284728,0.07871090890669909
5.875,0.76,1.1784820842262453,-0.003965508628841705,0.3422277108559295,0.08146023667376655
6.0,0.76,1.1781874901743865,-0.0038809838908169794,0.3391338879094391,0.08420527410993124
6.125,0.76,1.1778616278998952,-0.003799123711876269,0.3360666841507976,0.08694460442037143
6.25,0.76,1.177506883128785,-0.0037198155215301975,0.33302524689060314,0.08967692561112098
6.375,0.76,1.1771254867453231,-0.003642952808547156,0.3300087674896039,0.09240104304252919
6.5,0.76,1.176719524663966,-0.003568434688585503,0.3270164782665891,0.0951158623461428
6.625,0.76,1.176290947121,-0.0034961655167477057,0.32404764968139,0.09782038270941594
6.75,0.76,1.1758415774095696,-0.003426054538588135,0.3211015877616741,0.10051369052767976
6.875,0.76,1.175373120082237,-0.003358015574369231,0.31817763174852587,0.10319495341886212
7.0,0.76,1.174887168646089,-0.0032919667320232765,0.31527515193757755,0.10586341459329224
7.125,0.76,1.1743852127753562,-0.003227830145071051,0.31239354769610805,0.10851838756847211
7.25,0.76,1.1738686450665092,-0.0031655317322786323,0.309532245638454,0.11115925121680179
7.375,0.76,1.1733387673603675,-0.003105000976355485,0.3066906979444663,0.11378544513283002
7.5,0.76,1.172796796655249,-0.0030461707194015465,0.3038683808073533,0.11639646530558417
7.625,0.76,1.1722438706345093,-0.002988976973172272,0.3010647929989515,0.11899186008084695
7.75,0.76,1.1716810528310735,-0.0029333587425199935,0.2982794545417308,0.12157122639784089
7.875,0.76,1.1711093374507129,-0.002879257860631244,0.29551190547807216,0.12413420628461362
8.0,0.76,1.1705296538749637,-0.0028266188348859502,0.2927617047283379,0.12668048359644626
8.125,0.76,1.1699428708636928,-0.0027753887023460075,0.2900284290301734,0.12920978098180966
8.25,0.76,1.169349800476392,-0.0027255168940331594,0.28731167195224305,0.13172185706073714
8.375,0.76,1.168751201730367,-0.0026769551072807294,0.284611042976265,0.1342165038009528
8.5,0.76,1.1681477840130925,-0.0026296571855457095,0.2819261666418291,0.13669354407765918
8.625,0.76,1.1675402102650885,-0.002583579005158628,0.279256681748981,0.13915282940354526
8.75,0.76,1.1669290999487743,-0.0025386783685564995,0.2766022406140165,0.14159423781628355
8.875,0.76,1.166315031817913,-0.0024949149035988797,0.273962508374358,0.14401767191155843
9.0,0.76,1.165698546501349,-0.002452249968614311,0.27133716233871036,0.14642305701045097
9.125,0.76,1.1650801489139677,-0.0024106465628578023,0.2687258913790477,0.14881033945082303
9.25,0.76,1.1644603105069464,-0.002370069242088369,0.2661283953612533,0.15117948499314857
9.375,0.76,1.1638394713686184,-0.002330484038994284,0.263544384611505,0.15353047733204006
9.5,0.76,1.163218042186483,-0.0022918583882113775,0.260973579415725,0.1558633167054923
9.625,0.76,1.1625964060802307,-0.0022541610556890647,0.25841570954964704,0.1581780185946045
9.75,0.76,1.161974920314889,-0.0022173620721699593,0.25587051383724324,0.16047461250724573
9.875,0.76,1.1613539179026164,-0.0021814326705576585,0.2533377397354101,0.16275314083977543
10.0,0.76,1.1607337091010164,-0.0021463452269480437,0.2508171429430227,0.16501365781153593
10.125,0.76,1.1601145828152621,-0.0021120732051148152,0.2483084870326014,0.16725622846737528
10.25,0.76,1.1594968079108032,-0.002078591104240169,0.2458115431029603,0.169480927743954
10.375,0.76,1.15888063444289,-0.002045874409689332,0.24332608945136405,0.1716878395960177
10.5,0.76,1.1582662948086995,-0.0020138995466382702,0.24085191126383443,0.1738770561792022
10.625,0.76,1.1576540048273867,-0.001982643836370814,0.23838880032234702,0.1760486770862647
10.75,0.76,1.1570439647529862,-0.0019520854550677802,0.23593655472777328,0.17820280863391086
10.875,0.76,1.1564363602247145,-0.0019222033949241608,0.2334949786375265,0.18033956319762623
11.0,0.76,1.1558313631588524,-0.0018929774274373146,0.23106388201692285,0.18245905859210823
11.125,0.76,1.1552291325860935,-0.001864388068719895,0.22864308040339107,0.18456141749505303
11.25,0.76,1.1546298154379135,-0.00183641654670216,0.2262323946827064,0.18664676691217522
11.375,0.76,1.1540335472852754,-0.001809044770095179,0.2238316508764911,0.18871523768143375
11.5,0.76,1.1534404530327076,-0.001782255298998288,0.2214406799403057,0.19076696401451196
11.625,0.76,1.1528506475705824,-0.0017560313170446127,0.21905931757166996,0.19280208307365607
11.75,0.76,1.1522642363882025,-0.00173035660498202,0.2166874040274434,0.194820734582017
11.875,0.76,1.151681316150105,-0.0017052155155997018,0.21432478395001078,0.1968230604656769
12.0,0.76,1.1511019752378533,-0.0016805929499170214,0.21197130620174973,0.19880920452556317
12.125,0.76,1.1505262942593804,-0.0016564743345561436,0.2096268237073281,0.20077931213748357
12.25,0.76,1.149954346527832,-0.0016328456002284001,0.20729119330337437,0.20273352997853292
12.375,0.76,1.1493861985117413,-0.0016096931612681591,0.2049642755951129,0.20467200577815528
12.5,0.76,1.1488219102582091,-0.0015870038961555166,0.2026459348195698,0.2065948880921689
12.625,0.76,1.1482615357906842,-0.0015647651289710902,0.2003360387149952,0.20850232609810074
12.75,0.76,1.1477051234828344,-0.0015429646117310466,0.19803445839615144,0.21039446941021575
12.875,0.76,1.147152716409901,-0.0015215905075547029,0.1957410682351507,0.21227146791267254
13.0,0.76,1.1466043526788559,-0.001500631374618959,0.19345574574753613,0.21413347160929064
13.125,0.76,1.1460600657385893,-0.0014800761508584036,0.19117837148331443,0.21598063048847305
13.25,0.76,1.1455198846713113,-0.0014599141393691808,0.18890882892268554,0.21781309440188937
13.375,0.76,1.144983834466256,-0.0014401349944795992,0.18664700437620432,0.21963101295559564
13.5,0.76,1.144451936276728,-0.001420728708451462,0.1843927868891389,0.22143453541233848
13.625,0.76,1.1439242076614895,-0.001401685598778102,0.1821460681498009,0.22322381060386598
13.75,0.76,1.1434006628113995,-0.001382996296044925,0.17990674240163973,0.22499898685214595
13.875,0.76,1.1428813127621973,-0.001364651732322695,0.17767470635889787,0.2267602118984722
14.0,0.76,1.1423661655942665,-0.0013466431300628448,0.1754498591256423,0.2285076328395179
14.125,0.76,1.141855226620156,-0.0013289619914666508,0.17323210211800974,0.23024139606947777
14.25,0.76,1.141348498560604,-0.0013116000883021614,0.17102133898948968,0.2319616472275184
14.375,0.76,1.1408459817097933,-0.0012945494521410016,0.16881747555909535,0.2336685311498331
14.5,0.76,1.140347674090474,-0.0012778023649926097,0.16662041974229877,0.2353621918256781
14.625,0.76,1.1398535715996123,-0.0012613513503144562,0.16443008148457408,0.2370427723568366
14.75,0.76,1.139363668145146,-0.0012451891643738154,0.1622463726974484,0.23871041492002962
14.875,0.76,1.138877955774418,-0.0012293087879440452,0.16006920719693643,0.2403652607318611
15.0,0.76,1.138396424794827,-0.0012137034183173202,0.15789850064425365,0.242007450015947
15.125,0.76,1.1379190638871755,-0.0011983664616153546,0.15573417048871857,0.2436371219719398
15.25,0.76,1.137445860212219,-0.0011832915253834721,0.15357613591273986,0.24525441474621285
15.375,0.76,1.1369767995108417,-0.0011684724114565655,0.15142431777881665,0.2468594654040236
15.5,0.76,1.1365118661982831,-0.0011539031090812486,0.14927863857846507,0.24845240990301878
15.625,0.76,1.1360510434528088,-0.0011395777882843828,0.14713902238299267,0.25003338306798584
15.75,0.76,1.1355943132991961,-0.0011254907934796408,0.14500539479606325,0.25160251856679505
15.875,0.76,1.1351416566873789,-0.0011116366373000624,0.14287768290797365,0.2531599488875064
16.0,0.76,1.1346930535665716,-0.001098009994650992,0.14075581525158215,0.2547058053166427
16.125,0.76,1.1342484829551804,-0.0010846056969753017,0.1386397217598346,0.25624021791865415
16.25,0.76,1.1338079230067706,-0.0010714187267250811,0.13652933372482406,0.2577633155166211
16.375,0.76,1.1333713510723606,-0.0010584442120342963,0.13442458375832908,0.2592752256742471
16.5,0.76,1.1329387437592786,-0.001045677421584346,0.13232540575377766,0.26077607467921393
16.625,0.76,1.1325100769868113,-0.0010331137596622383,0.1302317348495929,0.26226598752797237
16.75,0.76,1.1320853260388377,-0.0010207487614041953,0.1281435073938588,0.2637450879120413
16.875,0.76,1.1316644656136567,-0.0010085780882183866,0.12606066091025184,0.265213498205894
17.0,0.76,1.1312474698711736,-0.0009965975233863166,0.12398313406521996,0.26667133945649985
17.125,0.76,1.1308343124776028,-0.0009848029678367512,0.12191086663632567,0.26811873137458786
17.25,0.76,1.130424966647845,-0.0009731904360866634,0.11984379948172509,0.2695557923276842
17.375,0.76,1.1300194051856702,-0.0009617560523473054,0.11778187451075019,0.27098263933497224
17.5,0.76,1.129617600521826,-0.0009504960467893762,0.11572503465551862,0.2723993880640009
17.625,0.76,1.1292195247501953,-0.0009394067519619194,0.11367322384355681,0.27380615282925974
17.75,0.76,1.128825149662089,-0.00092848459936225,0.11162638697138258,0.27520304659262346
17.875,0.76,1.1284344467787948,-0.0009177261161511567,0.10958446987900518,0.27659018096564864
18.0,0.76,1.1280473873824457,-0.0009071279220067239,0.10754741932531361,0.2779676662136945
18.125,0.76,1.1276639425452935,-0.0008966867261133844,0.1055151829642975,0.27933561126181666
18.25,0.76,1.1272840831574762,-0.0008863993242813398,0.10348770932208133,0.28069412370237595
18.375,0.76,1.126907779953318,-0.000876262596187704,0.10146494777471665,0.2820433098042796
18.5,0.76,1.1265350035362482,-0.0008662735027386549,0.09944684852673318,0.2833832745237665
18.625,0.76,1.126165724402387,-0.0008564290835395533,0.09743336259035314,0.28471412151662945
18.75,0.76,1.1257999129628553,-0.0008467264544792488,0.09542444176543573,0.28603595315175956
18.875,0.76,1.1254375395648364,-0.0008371628054062253,0.0934200386199729,0.28734887052588515
19.0,0.76,1.125078574511496,-0.0008277353979148765,0.09142010647133277,0.28865297347937446
19.125,0.76,1.1247229880807117,-0.0008184415631983703,0.08942459936787518,0.28994836061295487
19.25,0.76,1.1243707505427885,-0.0008092787000254276,0.08743347207146956,0.29123512930521733
19.375,0.76,1.1240218321769961,-0.0008002442727370106,0.0854466800400062,0.2925133757307399
19.5,0.76,1.123676203287301,-0.0007913358094103293,0.08346417941127471,0.2937831948787089
19.625,0.76,1.1233338342168047,-0.0007825508999469693,0.08148592698599012,0.2950446805718567
19.75,0.76,1.122994695361753,-0.0007738871944608825,0.07951188021341578,0.2962979254856319
19.875,0.76,1.1226587571838618,-0.0007653424013541138,0.07754199717408299,0.29754302116737014
20.0,0.76,1.1223259902230338,-0.0007569142860397299,0.07557623656826477,0.29878005805548713
20.125,0.76,1.12199636510728,-0.0007486006687871282,0.07361455769645893,0.30000912549833536
20.25,0.76,1.1216698525649804,-0.0007403994240898699,0.07165692045358256,0.301230311772985
20.375,0.76,1.1213464234314747,-0.0007323084777486102,0.06970328530252985,0.3024437041032376
20.5,0.76,1.1210260486627244,-0.0007243258076871924,0.06775361328136431,0.303649388677716
20.625,0.76,1.120708699336,-0.0007164494389710563,0.06580786595830407,0.30484745066647534
20.75,0.76,1.1203943466693882,-0.0007086774481007282,0.06386600547020316,0.3060379742384069
20.875,0.76,1.120082962009938,-0.000701007952725065,0.061927994429942304,0.30722104257568394
21.0,0.76,1.1197745168698607,-0.0006934391245061173,0.059993796041948835,0.3083967378910583
21.125,0.76,1.1194689828853726,-0.0006859691654350797,0.05806337388960194,0.3095651414387265
21.25,0.76,1.1191663318964509,-0.000678596342023697,0.05613669224213879,0.31072633353338397
21.375,0.76,1.1188665358342627,-0.0006713189279784356,0.05421371554127897,0.31188039355430985
21.5,0.76,1.1185695669113929,-0.0006641352916255967,0.05229440918515758,0.3130273999710881
21.625,0.76,1.1182753973325448,-0.0006570437542813215,0.05037873826281143,0.3141674303330642
21.75,0.76,1.1179839997620202,-0.0006500428106946024,0.04846666952835967,0.3153005613140889
21.875,0.76,1.117695346594719,-0.0006431307761965982,0.04655816825661269,0.3164268686676795
22.0,0.76,1.11740941111688,-0.0006363063397426769,0.044653203187990605,0.3175464273215521
22.125,0.76,1.1171261656813278,-0.0006295676814082109,0.042751738693172614,0.31865931124888075
22.25,0.76,1.1168455845988434,-0.0006229138579643076,0.04085374713237373,0.31976559368922436
22.375,0.76,1.116567639582713,-0.0006163425889571469,0.03895918931291555,0.3208653468101518
22.5,0.76,1.1162923069552988,-0.0006098537318385401,0.037068045349453946,0.3219586422459519
22.625,0.76,1.1160195562943092,-0.0006034437029971485,0.03518026591691863,0.3230455502280098
22.75,0.76,1.115749368381321,-0.0005971142313877127,0.033295849258823,0.3241261409236792
22.875,0.76,1.1154817069634535,-0.0005908581764094246,0.03141471962979945,0.3252004821970213
23.0,0.76,1.1152165633553166,-0.0005846818131886724,0.029536919337810524,0.32626864298896097
23.125,0.76,1.1149538864807,-0.0005785681289925859,0.027662305851135743,0.3273306874416111
23.25,0.76,1.1146936931410882,-0.0005725349103508065,0.025791030216559364,0.3283866836610157
23.375,0.76,1.114435896131072,-0.0005665362848459531,0.023922783460647905,0.329436687662036
23.5,0.76,1.1141805737235118,-0.0005606216254772511,0.022057986019677917,0.33048076733473813
23.625,0.76,1.1139275550788146,-0.000554653186548795,0.02019591859913131,0.3315189552667002
23.75,0.76,1.1136770616280602,-0.0005487809359966639,0.018337666673292903,0.33255132109108854
23.875,0.76,1.1134287491262418,-0.0005425398854549269,0.01648151462419416,0.3335778164985523
24.0,0.76,1.1131831406431545,-0.0005364718620616232,0.014630168292485793,0.33459852827790143
24.125,0.76,1.1129396409440848,-0.0005287977519033908,0.012779558312898402,0.3356130937598883
24.25,0.76,1.1126992509661577,-0.0005218850024730166,0.010936219978629378,0.3366217424476502
24.375,0.76,1.1124616384976644,-0.0005081090539760124,0.009090762201138575,0.3376227825731123
24.5,0.76,1.1122281017312488,-0.0004992365583336753,0.007258308689025224,0.33861746777718077
24.625,0.76,1.1120024432149764,-0.00045974166574148337,0.005417219634854116,0.3395981290739259
24.75,0.76,1.111790986400567,-0.00045029097825046425,0.0036031066413340254,0.34057220768356766
24.875,0.76,1.1116033494160011,-0.0002946274160664528,0.0017437105380007512,0.3414966792319151
25.0,0.76,1.1116033494160011,0.0,0.0,0.3414966792319151
0.0,0.78,1.0,0.0,0.618792422535543,0.0
0.125,0.78,1.0204678183836258,-0.030592127764830213,0.618792422535543,8.8345694850963e-06
0.25,0.78,1.0456887402808672,-0.031497004745379406,0.5783277665893257,5.1342526038345686e-05
0.375,0.78,1.0621962753553194,-0.0315967563227658,0.5683785701898896,0.00017068670991455097
0.5,0.78,1.0778451960249695,-0.026887991513119682,0.545838355279122,0.00039101473847870366
0.625,0.78,1.0884210604487818,-0.02349793159424709,0.5367395651081687,0.0007388287602572795
0.75,0.78,1.0980601228299507,-0.020223453793160342,0.5244339835917078,0.0012254934523375789
0.875,0.78,1.1056774699942231,-0.017920898089733725,0.5166108383061158,0.0018664825114456784
1.0,0.78,1.1126053157001745,-0.016048940678383517,0.5081187372944657,0.0026696307214128115
1.125,0.78,1.1185611449386073,-0.014665226373928267,0.5012042543804472,0.0036439246734109535
1.25,0.78,1.1239641093105093,-0.01354296492665275,0.49430613251275907,0.004793175241996369
1.375,0.78,1.1287561813228764,-0.012653311028837624,0.48806957291077135,0.006120117100747825
1.5,0.78,1.1330841080033216,-0.011904113059911164,0.48200499587418144,0.007623718579640276
1.625,0.78,1.1369516765445196,-0.011271582386323836,0.47628801328731313,0.009301292291938889
1.75,0.78,1.1404221591452475,-0.010717568849654557,0.47075435665957405,0.011147619078608059
1.875,0.78,1.1435146497945883,-0.01022822360417867,0.46544424679089164,0.013156119305435384
2.0,0.78,1.1462651146441032,-0.009786871536256419,0.4602959681458369,0.015318722552233474
2.125,0.78,1.1486950989290583,-0.009385743527080482,0.45531234626431766,0.017626544881645275
2.25,0.78,1.150830431139146,-0.009016892587745759,0.45046595887676877,0.02006999663985874
2.375,0.78,1.1526916494249142,-0.008675781209590677,0.44575057021152203,0.02263917887969957
2.5,0.78,1.1542998220074911,-0.008358185857485436,0.44115135714577935,0.025324025065036934
2.625,0.78,1.1556735883690643,-0.008061278425892188,0.4366609171664923,0.028114529972272265
2.75,0.78,1.1568310076174328,-0.0077825476705619305,0.43226975160607123,0.031000859778606855
2.875,0.78,1.1577886486934064,-0.007520109548867991,0.42797125411070736,0.03397347829197851
3.0,0.78,1.1585622026824014,-0.007272318165155226,0.4237585981599086,0.03702321460437365
3.125,0.78,1.1591662201901523,-0.007037843117024707,0.4196262735835097,0.04014132573856956
3.25,0.78,1.1596143372048113,-0.006815521243106485,0.4155690322258494,0.043319528828141225
3.375,0.78,1.1599192211817444,-0.006604367186720535,0.4115823415401813,0.04655002464414317
3.5,0.78,1.1600926757015397,-0.00640351214644277,0.4076620057748602,0.04982550473697975
3.625,0.78,1.1601456547281603,-0.0062121978893188885,0.4038042831416718,0.053139151513394
3.75,0.78,1.1600883284197518,-0.006029748637826609,0.40000573578786514,0.05648462951899791
3.875,0.78,1.1599301188936215,-0.005855562861160513,0.39626324605459656,0.05985607218173735
4.0,0.78,1.1596797521346216,-0.005689098770898964,0.39257394800344275,0.06324806408868276
4.125,0.78,1.1593452989852082,-0.005529867382559531,0.3889352164086777,0.06665562087981439
4.25,0.78,1.1589342202849084,-0.005377424161002681,0.3853446298912227,0.07007416721328741
4.375,0.78,1.1584534070811905,-0.005231363778233434,0.3817999549685881,0.07349951387789894
4.5,0.78,1.1579092208434618,-0.005091314845476129,0.3782991230515855,0.07692783446261282
4.625,0.78,1.1573075306193967,-0.004956936065746957,0.37484021574619497,0.08035564214900597
4.75,0.78,1.156653748775083,-0.00482791267752475,0.37142144892220663,0.08377976690186568
4.875,0.78,1.1559528643095687,-0.004703953627555945,0.36804116053558716,0.08719733334702091
5.0,0.78,1.1552094743290304,-0.004584789046892009,0.36469779886677045,0.09060573948931769
5.125,0.78,1.1544278133867039,-0.004470168145742707,0.36138991274201376,0.09400263640340013
5.25,0.78,1.1536117809412165,-0.0043598573547341465,0.35811614251618085,0.09738590896240079
5.375,0.78,1.152764966894494,-0.004253638730079137,0.35487521226669566,0.10075365764815042
5.5,0.78,1.151890675358882,-0.0041513085456261955,0.35166592271585406,0.10410418145205166
5.625,0.78,1.1509919467055902,-0.004052676062952177,0.3484871449757491,0.10743596186065303
5.75,0.78,1.1500715780106983,-0.003957562440717323,0.3453378149011676,0.110747647902564
5.875,0.78,1.1491321419806981,-0.0038657997699411556,0.3422169280394117,0.11403804222459536
6.0,0.78,1.1481760044596574,-0.0037772302131655966,0.3391235350664487,0.11730608815677519
6.125,0.78,1.1472053406060145,-0.003691705235573699,0.3360567376734014,0.12055085772172382
6.25,0.78,1.1462221498312695,-0.003609084914222444,0.33301568483754285,0.12377154054062275
6.375,0.78,1.1452282695850684,-0.003529237315951296,0.3299995694412345,0.12696743358674956
6.5,0.78,1.1442253880696422,-0.003452037934631193,0.3270076251950741,0.13013793173700297
6.625,0.78,1.1432150559608354,-0.003377369180589468,0.3240391238343051,0.1332825190722711
6.75,0.78,1.1421986972093996,-0.0033051199156264085,0.3210933725573364,0.13640076087837394
6.875,0.78,1.1411776189912775,-0.003235185028262638,0.318169711681666,0.1394922963006586
7.0,0.78,1.1401530208715256,-0.003167465044449684,0.31526751249411544,0.14255683160691715
7.125,0.78,1.1391260032420603,-0.0031018657697446587,0.3123861752759913,0.14559413401509705
7.25,0.78,1.1380975750893905,-0.003038297959450082,0.3095251274856402,0.14860402604418482
7.375,0.78,1.137068661144491,-0.002976677013730714,0.30668382208326134,0.15158638034862942
7.5,0.78,1.1360401084632916,-0.002916922695114729,0.3038617359844114,0.15454111499869302
7.625,0.78,1.135012692482675,-0.0028589588661473296,0.3010583686303416,0.15746818917114733
7.75,0.78,1.1339871225935805,-0.0028027132452593875,0.298273240664542,0.16036759921675878
7.875,0.78,1.1329640472697269,-0.0027481171791767004,0.29550589270609884,0.1632393750730157
8.0,0.78,1.1319440587875365,-0.002695105430417247,0.29275588421144305,0.16608357699253296
8.125,0.78,1.1309276975701799,-0.002643615978609323,0.2900227924169742,0.16890029255952663
8.25,0.78,1.1299154561861258,-0.002593589834528453,0.2873062113558058,0.1716896339686674
8.375,0.78,1.1289077830302463,-0.0025449708658869456,0.28460575094253204,0.17445173554250762
8.5,0.78,1.1279050857133643,-0.002497705634024004,0.28192103612053254,0.17718675146550675
8.625,0.78,1.126907734184088,-0.0024517432407434397,0.2792517060668202,0.1798948537144709
8.75,0.78,1.1259160636049217,-0.0024070351846261335,0.27659741344990735,0.1825762301669421
8.875,0.78,1.124930377002845,-0.0023635352262105463,0.273957823736573,0.1852310828707381
9.0,0.78,1.1239509477129792,-0.0023211992614909347,0.2713326145437522,0.18785962645942184
9.125,0.78,1.1229780216324026,-0.0022799852032271695,0.26872147503211197,0.1904620866999854
9.25,0.78,1.1220118192997743,-0.0022398528695984988,0.26612410533814873,0.1930386991604416
9.375,0.78,1.1210525378151506,-0.0022007638797624045,0.263540216041912,0.19558970798633302
9.5,0.78,1.120100352613132,-0.0021626815559080614,0.26096952766768383,0.1981153647763785
9.625,0.78,1.1191554191013897,-0.002125570831409897,0.2584117702151763,0.20061592754859364
9.75,0.78,1.1182178741755802,-0.0020893981647120445,0.25586668271899626,0.20309165978921845
9.875,0.78,1.1172878376206972,-0.0020541314585894306,0.25333401283428547,0.20554282957769576
10.0,0.78,1.1163654134080714,-0.002019739984442042,0.25081351644665345,0.20796970878173418
10.125,0.78,1.115450690896389,-0.00198619431130178,0.2483049573046507,0.2103725723171985
10.25,0.78,1.1145437459444008,-0.001953466239241317,0.2458081066731591,0.21275169746817252
10.375,0.78,1.1136446419423005,-0.0019215287368898402,0.24332274300623155,0.2151073632630659
10.5,0.78,1.1127534307681652,-0.001890355882777467,0.2408486516380255,0.2174398499030723
10.625,0.78,1.1118701536752682,-0.001859922810244173,0.2383856244905779,0.21974943823966317
10.75,0.78,1.1109948421155869,-0.0018302056556641806,0.2359334597972801,0.22203640929809604
10.875,0.78,1.1101275185043653,-0.0018011815097528064,0.23349196184101165,0.2243010438441744
11.0,0.78,1.1092681969301539,-0.0017728283717378048,0.23106094070595423,0.2265436219916866
11.125,0.78,1.1084168838144002,-0.0017451251061929433,0.22864021204221843,0.22876442284811288
11.25,0.78,1.1075735785242904,-0.0017180514023467505,0.22622959684246036,0.2309637241963157
11.375,0.78,1.106738273942245,-0.0016915877356909793,0.22382892122974038,0.23314180221001843
11.5,0.78,1.1059109569951844,-0.0016657153317302046,0.22143801625594078,0.23529893120096296
11.625,0.78,1.1050916091464296,-0.0016404161317264796,0.21905671771009458,0.23743538339569106
11.75,0.78,1.104280206852857,-0.0016156727603019393,0.2166848659360474,0.23955142873995092
11.875,0.78,1.1034767219897392,-0.0015914684947785005,0.2143223056589058,0.24164733472877548
12.0,0.78,1.1026811222455017,-0.0015677872361403388,0.21196888581975165,0.24372336626032243
12.125,0.78,1.1018933714884467,-0.0015446134815153114,0.2096244594181647,0.24577978551161597
12.25,0.78,1.1011134301073648,-0.0015219322980825113,0.20728888336210963,0.24781685183437407
12.375,0.78,1.1003412553277845,-0.001499729298316739,0.20496201832476743,0.24983482166916407
12.5,0.78,1.0995768015055232,-0.0014779906164919085,0.20264372860792898,0.25183394847618545
12.625,0.78,1.0988200203990397,-0.0014567028863687833,0.20033388201159108,0.25381448268104495
12.75,0.78,1.098070861422025,-0.0014358532199986052,0.19803234970940914,0.25577667163396184
12.875,0.78,1.0973292718775443,-0.0014154291875809028,0.1957390061296881,0.25772075958091684
13.0,0.78,1.0965951971749803,-0.001395418798314929,0.19345372884160686,0.2596469876453391
13.125,0.78,1.0958685810309161,-0.001375810482190401,0.19117639844638837,0.2615555938190143
13.25,0.78,1.0951493656550537,-0.001356593072666037,0.1889068984731556,0.2634468129609802
13.375,0.78,1.0944374919221695,-0.0013377557901857393,0.1866451152792136,0.2653208768032713
13.5,0.78,1.0937328995310687,-0.0013192882264874673,0.1843909379545205,0.26717801396246466
13.625,0.78,1.0930355271514096,-0.0013011803296605806,0.18214425823012476,0.2690184499560654
13.75,0.78,1.0923453125592506,-0.0012834223899098206,0.1799049703903592,0.2708424072228671
13.875,0.78,1.0916621927620884,-0.0012660050259867672,0.17767297118859013,0.2726501051465087
14.0,0.78,1.0909861041141333,-0.0012489191722504928,0.17544815976633904,0.27444176008152843
14.125,0.78,1.0903169824225027,-0.001232156066321697,0.17323043757561,0.2762175853813115
14.25,0.78,1.0896547630449827,-0.0012157072372981795,0.1710197083042523,0.2779777914273956
14.375,0.78,1.088999380979961,-0.0011995644944965528,0.16881587780420587,0.27972258565967895
14.5,0.78,1.0883507709491143,-0.0011837199166914141,0.16661885402250598,0.2814521726071446
14.625,0.78,1.087708867473359,-0.0011681658418248332,0.16442854693489303,0.2831667539187839
14.75,0.78,1.0870736049425924,-0.0011528948571564925,0.16224486848192554,0.2848665283944603
14.875,0.78,1.0864449176796742,-0.0011378997898318453,0.16006773250747441,0.2865516920155125
15.0,0.78,1.0858227399990963,-0.0011231736978443102,0.1578970546994902,0.28822243797494956
15.125,0.78,1.085207006260739,-0.0011087098613699565,0.1557327525329597,0.2898789567071333
15.25,0.78,1.0845976509191142,-0.0010945017744544519,0.153574745214942,0.29152143591689256
15.375,0.78,1.0839946085684344,-0.0010805431370361283,0.15142295363161573,0.2931500606080419
15.5,0.78,1.0833978139838514,-0.0010668278472855106,0.14927730029725064,0.294765013111316
15.625,0.78,1.0828072021591606,-0.0010533499942476808,0.14713770930502443,0.2963664731117584
15.75,0.78,1.082222708341277,-0.0010401038507758843,0.14500410627962726,0.29795461767562353
15.875,0.78,1.081644268061721,-0.001027083866738564,0.142876418331577,0.2995296212768706
16.0,0.78,1.0810718171653815,-0.0010142846624934666,0.1407545740131839,0.3010916558233433
16.125,0.78,1.0805052918367717,-0.0010017010226158487,0.1386385032761111,0.3026408906827424
16.25,0.78,1.0799446286239827,-0.0009893278898708158,0.13652813743046707,0.3041774927084986
16.375,0.78,1.0793897644605288,-0.0009771603594242075,0.13442340910537554,0.30570162626566383
16.5,0.78,1.078840636685256,-0.0009651936732787799,0.13232425221096775,0.3072134532569337
16.625,0.78,1.0782971830604837,-0.0009534232149327671,0.1302306019017578,0.30871313314891496
16.75,0.78,1.0777593417884916,-0.0009418445042522318,0.12814239454133522,0.31020082299874324
16.875,0.78,1.0772270515265256,-0.0009304531925487628,0.12605956766832122,0.31167667748115
17.0,0.78,1.076700251400407,-0.0009192450578578208,0.12398205996357332,0.31314084891606897
17.125,0.78,1.0761788810168675,-0.0009082160004113786,0.12190981121855023,0.3145934872968569
17.25,0.78,1.0756628804747017,-0.0008973620382974364,0.11984276230481429,0.3160347403191909
17.375,0.78,1.0751521903748262,-0.0008866793033015052,0.1177808551446341,0.31746475341069547
17.5,0.78,1.0746467518293117,-0.0008761640369232716,0.11572403268261473,0.31888366976132826
17.625,0.78,1.0741465064694744,-0.000865812586561645,0.11367223885833837,0.32029163035454195
17.75,0.78,1.0736513964530743,-0.0008556214018639188,0.111625418579967,0.32168877399922735
17.875,0.78,1.0731613644706783,-0.0008455870312318097,0.10958351769875908,0.32307523736241867
18.0,0.78,1.072676353751239,-0.0008357061184771249,0.10754648298447232,0.32445115500273036
18.125,0.78,1.0721963080669368,-0.0008259753996227679,0.10551426210160214,0.3258166594044841
18.25,0.78,1.071721171737315,-0.0008163916998428047,0.10348680358642935,0.32717188101246164
18.375,0.78,1.0712508896327513,-0.0008069519305317535,0.10146405682482636,0.3285169482672107
18.5,0.78,1.0707854071772926,-0.0007976530865037989,0.09944597203082195,0.329851987640824
18.625,0.78,1.0703246703508902,-0.0007884922433064887,0.09743250022582739,0.331177123673093
18.75,0.78,1.069868625691056,-0.0007794665546545584,0.09542359321859349,0.3324924790079349
18.875,0.78,1.0694172202939598,-0.0007705732499621131,0.09341920358571595,0.3337981744299853
19.0,0.78,1.0689704018150217,-0.0007618096319918816,0.09141928465289238,0.3350943289012422
19.125,0.78,1.0685281184689537,-0.0007531730745744411,0.08942379047654353,0.3363810595976412
19.25,0.78,1.0680903190294024,-0.000744661020459338,0.08743267582634776,0.33765848194545545
19.375,0.78,1.0676569528279942,-0.0007362709791878118,0.08544589616775045,0.33892670965738475
19.5,0.78,1.0672279697531601,-0.0007280005251448082,0.08346340764586781,0.34018585476824964
19.625,0.78,1.0668033202482072,-0.0007198472955277788,0.08148516706849518,0.34143602767013714
19.75,0.78,1.0663829553095214,-0.0007118089886398141,0.07951113189178091,0.3426773371469651
19.875,0.78,1.0659668264835578,-0.0007038833618462969,0.07754126020288407,0.3439098904082569
20.0,0.78,1.0655548858648247,-0.0006960682302293908,0.07557551070856496,0.3451337931222187
20.125,0.78,1.0651470860914094,-0.0006883614642962631,0.07361384271550327,0.34634914944775635
20.25,0.78,1.0647433803435489,-0.0006807609893327731,0.07165621612477124,0.3475560620658179
20.375,0.78,1.0643437223366379,-0.0006732647822901655,0.06970259140496636,0.34875463220928665
20.5,0.78,1.0639480663223155,-0.0006658708727050191,0.06775292960009438,0.34994495969252093
20.625,0.78,1.0635563670761303,-0.0006585773373604776,0.06580719228347645,0.35112714293870156
20.75,0.78,1.0631685799058415,-0.0006513823049635573,0.06386534159795049,0.35230127900782005
20.875,0.78,1.0627846606265519,-0.0006442839450828038,0.06192734016055676,0.3534674636207878
21.0,0.78,1.0624045655878134,-0.0006372804820846388,0.05999315118234951,0.35462579118679943
21.125,0.78,1.062028251618167,-0.0006303701696110598,0.0580627382490256,0.3557763548226816
21.25,0.78,1.0616556760998295,-0.0006235513275471612,0.056136065638556755,0.3569192463820828
21.375,0.78,1.0612867968373987,-0.0006168222801874804,0.05421309779085739,0.3580545564663282
21.5,0.78,1.060921572251885,-0.0006101814506869732,0.052293800118529986,0.3591823744615595
21.625,0.78,1.0605599610604792,-0.0006036272082341837,0.05037813769893347,0.36030278853167896
21.75,0.78,1.060201922768987,-0.0005971581061333197,0.048466077315401056,0.36141588567857297
21.875,0.78,1.0598474168802423,-0.0005907725010295325,0.04655758420673742,0.3625217516933468
22.0,0.78,1.0594964041318389,-0.0005844691501268783,0.044652627179778734,0.3636204712771274
22.125,0.78,1.0591488445285455,-0.0005782462589228983,0.04275117050847778,0.36471212789046525
22.25,0.78,1.0588047004403403,-0.0005721029774035415,0.040853186712697956,0.3657968040279374
22.375,0.78,1.0584639317022193,-0.0005660370116473554,0.03895863635026506,0.36687458081345314
22.5,0.78,1.0581265033529974,-0.0005600483762921651,0.03706749992896287,0.3679455386615009
22.625,0.78,1.0577923734289245,-0.0005541333783641213,0.03517972748638427,0.36900975622958165
22.75,0.78,1.0574615122679554,-0.0005482940685505562,0.03329531824665988,0.3700673120529663
22.875,0.78,1.0571338721346715,-0.0005425229587113092,0.031414194827381205,0.37111828184350076
23.0,0.78,1.0568094352868853,-0.000536827075225335,0.02953640201663132,0.37216274260752186
23.125,0.78,1.0564881385886982,-0.0005311884582688474,0.02766179299441151,0.3732007655685338
23.25,0.78,1.056169992775977,-0.0005256268014273102,0.025790525244876163,0.3742324268277039
23.375,0.78,1.055854896438417,-0.0005200937281101291,0.02392227809737314,0.37525778809228394
23.5,0.78,1.0555429297041121,-0.0005146438025983944,0.02205748960859068,0.3762769257716145
23.625,0.78,1.0552339010216563,-0.0005091324556050476,0.02019540618079006,0.37728987464472175
23.75,0.78,1.05492805809072,-0.0005037250192654236,0.018337166474290446,0.3782967153227405
23.875,0.78,1.0546250145050153,-0.0004979363275920246,0.016480942415620613,0.37929739042158406
24.0,0.78,1.054325405372408,-0.0004923588252302508,0.014629625574354538,0.3802920082876372
24.125,0.78,1.0540285061951271,-0.00048514745138159726,0.01277872334955376,0.3812801550869033
24.25,0.78,1.0537357696663352,-0.00047885525603762517,0.010935533112834581,0.3822621328917204
24.375,0.78,1.053446299211729,-0.0004656500475584541,0.00908884988669546,0.3832360339786275
24.5,0.78,1.0531633458038867,-0.00045799136509383563,0.007257338180027656,0.3842034450686351
24.625,0.78,1.0528876994068617,-0.0004202648235919723,0.00541086388891133,0.38515594024371214
24.75,0.78,1.0526352349427812,-0.00041453923323017287,0.003602342227189703,0.3861024217172041
24.875,0.78,1.052398465728104,-0.0002754570449977628,0.0017184880807961061,0.3869989824121516
25.0,0.78,1.052398465728104,0.0,0.0,0.3869989824121516
0.0,0.8,1.0,0.0,0.6239792964065417,0.0
0.125,0.8,1.0231132251365969,-0.03456420845654091,0.6239792964065417,3.0117986956849993e-05
0.25,0.8,1.0509400932004485,-0.03478103952736158,0.5783048937296836,0.00015907674851913672
0.375,0.8,1.0678800127566093,-0.03430824583498865,0.5682653285427355,0.00048695098113412413
0.5,0.8,1.0836168623126794,-0.028923328308093955,0.5449124441832716,0.0010459484728044086
0.625,0.8,1.0937453162933504,-0.025125706207589332,0.5360795631275498,0.0018727032042609145
0.75,0.8,1.102819856036249,-0.021549620379500294,0.5238097651860704,0.0029669458439803556
0.875,0.8,1.1097124974402433,-0.019050743928540982,0.5161723739413476,0.004340234786851963
1.0,0.8,1.1158259754194195,-0.017023059644348165,0.5077634414779918,0.00598805680077548
1.125,0.8,1.120861680582705,-0.015519460143581297,0.5009420245846047,0.007910311270240255
1.25,0.8,1.1252572601272512,-0.014293088116949107,0.49409430319852193,0.01009770498324666
1.375,0.8,1.1289554756611055,-0.013314013371596446,0.4879028023769299,0.012541001349547443
1.5,0.8,1.132115986054997,-0.012483839121157,0.4818658957829673,0.015225702580765136
1.625,0.8,1.134750960963045,-0.011778421264696484,0.4761721114690798,0.01813651695507423
1.75,0.8,1.1369359562194776,-0.01115749548257768,0.4706543575047523,0.02125565274171207
1.875,0.8,1.1387004716408256,-0.010606959711028771,0.4653574599624017,0.02456501972246631
2.0,0.8,1.140091573379277,-0.010109300068138892,0.46021912337639925,0.0280458354895071
2.125,0.8,1.1411405552436489,-0.009656504696610871,0.45524387053910137,0.03167969214039752
2.25,0.8,1.1418824862541457,-0.009240191081633384,0.45040423459644696,0.03544853720812719
2.375,0.8,1.1423459505894487,-0.00885558001450958,0.44569463702022727,0.039335162017146715
2.5,0.8,1.142559195436389,-0.008498145389394345,0.4411003169533468,0.043323235718156446
2.625,0.8,1.142546989668343,-0.008164823453868882,0.43661414696711237,0.04739750002951198
2.75,0.8,1.1423326445633042,-0.007852852386784641,0.43222669557813204,0.05154377322789425
2.875,0.8,1.1419371034320505,-0.007560125565308613,0.4279314847620949,0.05574899846632985
3.0,0.8,1.1413796739549134,-0.007284776428396735,0.42372174087475367,0.06000121216557607
3.125,0.8,1.1406778231672612,-0.007025270460889508,0.4195920215888768,0.06428952219039531
3.25,0.8,1.1398474980467754,-0.0067802486365585776,0.415537117421919,0.06860405351434963
3.375,0.8,1.13890314014012,-0.006548542923259934,0.4115525361405338,0.0729358958344697
3.5,0.8,1.137857866528293,-0.006329112239951729,0.40763410990082427,0.07727703942462642
3.625,0.8,1.1367235465425167,-0.006121037950162473,0.4037781231602932,0.08162031261831967
3.75,0.8,1.1355109280604656,-0.005923494574213338,0.3999811583470602,0.08595931675344237
3.875,0.8,1.134229724701576,-0.005735741766854639,0.3962401160146109,0.09028836381574686
4.0,0.8,1.132888714559782,-0.0055571090726854,0.3925521451737755,0.09460241558846422
4.125,0.8,1.1314958213699486,-0.005386988677885391,0.3889146337919589,0.09889702630879138
4.25,0.8,1.1300581950871844,-0.005224826423766372,0.3853251716889523,0.10316828845398669
4.375,0.8,1.1285822824643525,-0.005070116075568751,0.38178153522855146,0.10741278233400867
4.5,0.8,1.1270738935564781,-0.004922393463043182,0.3782816643459416,0.11162752927722508
4.625,0.8,1.1255382612855171,-0.0047812321009633235,0.3748236481586621,0.11580994853292702
4.75,0.8,1.1239800963300834,-0.004646239081198742,0.37140570912267745,0.11995781767957424
4.875,0.8,1.1224036366471029,-0.004517051731595369,0.3680261910242354,0.1240692364348342
5.0,0.8,1.120812692646381,-0.004393334590488956,0.3646835473023727,0.12814259364140215
5.125,0.8,1.1192106880274386,-0.004274776832539058,0.36137633137410535,0.13217653724110598
5.25,0.8,1.1176006968514376,-0.004161089964996747,0.35810318768516214,0.1361699470113294
5.375,0.8,1.115985477061833,-0.00405200581844905,0.3548628439728822,0.14012190985813688
5.5,0.8,1.1143675008421738,-0.003947274751506775,0.3516541042404498,0.1440316974551944
5.625,0.8,1.1127489820612333,-0.003846664062026843,0.34847584255008834,0.1478987460337079
5.75,0.8,1.1111319010998773,-0.003749956563952273,0.3453269974150253,0.1517226381359406
5.875,0.8,1.1095180272923868,-0.0036569493159118384,0.34220656678427797,0.15550308615960856
6.0,0.8,1.1079089392166384,-0.0035674524777778156,0.33911360350818487,0.15923991753175157
6.125,0.8,1.106306043033915,-0.00348128828203733,0.3360472112508024,0.1629330613640696
6.25,0.8,1.1047105890682927,-0.003398290104516434,0.3330065407831217,0.16658253645332452
6.375,0.8,1.1031236867934904,-0.00331830162362416,0.32999078662151804,0.17018844050215287
6.5,0.8,1.1015463183818666,-0.003241176057290878,0.3269991839678429,0.17375094044615172
6.625,0.8,1.0999793509539453,-0.003166775469077881,0.324031005920716,0.17727026378309413
6.75,0.8,1.0984235476545285,-0.0030949701355320425,0.3210855609270843,0.1807466908091556
6.875,0.8,1.0968795776686566,-0.0030256379681831906,0.31816219044963134,0.18418054767538158
7.0,0.8,1.0953480252800918,-0.0029586639842420276,0.3152602668271365,0.1875722001851867
7.125,0.8,1.09382939806478,-0.002893939820903948,0.31237919130859493,0.19092204826059905
7.25,0.8,1.092324134302863,-0.0028313632887441557,0.30951839224371563,0.19423052101125263
7.375,0.8,1.0908326096846297,-0.002770837960277874,0.3066773234147921,0.19749807234587835
7.5,0.8,1.089355143378471,-0.0027122727902262425,0.3038554624965012,0.20072517707129783
7.625,0.8,1.0878920035223185,-0.0026555817644585405,0.30105230963185947,0.20391232742874096
7.75,0.8,1.0864434121940452,-0.00260068357494269,0.2982673861138049,0.20706003002174125
7.875,0.8,1.0850095499109995,-0.0025475013183612893,0.29550023316307295,0.21016880309395788
8.0,0.8,1.0835905597039615,-0.0024959622163229704,0.2927504107940173,0.21323917411906984
8.125,0.8,1.0821865508064792,-0.002445997355342737,0.29001749676090394,0.21627167766841235
8.25,0.8,1.080797601996595,-0.0023975414449720622,0.287301085577978,0.21926685352531652
8.375,0.8,1.079423764624429,-0.0023505325926418794,0.28460078760723956,0.2222252450181762
8.5,0.8,1.0780650653558472,-0.0023049120939318195,0.28191622820847845,0.2251473975471309
8.625,0.8,1.0767215086595643,-0.0022606242371178854,0.27924704694660923,0.2280338572819154
8.75,0.8,1.075393079062361,-0.002217616120959998,0.2765928968517998,0.23088517001090234
8.875,0.8,1.07407974319473,-0.002175837484788414,0.27395344372830294,0.2337018801236558
9.0,0.8,1.072781451647078,-0.0021352405500338874,0.2713283655082324,0.23648452971142278
9.125,0.8,1.0714981406546535,-0.0020957798724108565,0.2687173516468638,0.2392336577719122
9.25,0.8,1.0702297336275912,-0.0020574122040318225,0.2661201025563084,0.24194979950646736
9.375,0.8,1.0689761425408368,-0.0020200963647757377,0.2635363290746809,0.24463348569930743
9.5,0.8,1.0677372691972593,-0.0019837931222842727,0.2609657519681041,0.24728524216991987
9.625,0.8,1.0665130063759385,-0.0019484650799964842,0.25840810146311777,0.24990558929092818
9.75,0.8,1.0653032388764268,-0.0019140765726702862,0.25586311680725465,0.25249504156483904
9.875,0.8,1.0641078444686864,-0.0018805935688747974,0.2533305458557004,0.2550541072540162
10.0,0.8,1.0629266947574534,-0.0018479835799615088,0.2508101446821611,0.2575832880590181
10.125,0.8,1.0617596559689066,-0.0018162155750580612,0.2483016772121941,0.2600830788411183
10.25,0.8,1.0606065896667174,-0.0017852599016521145,0.24580491487738562,0.2625539673853811
10.375,0.8,1.0594673534038763,-0.001755088211360087,0.2433196362889108,0.2649964342011237
10.5,0.8,1.0583418013160422,-0.0017256733905021999,0.24084562692913217,0.2674109523569605
10.625,0.8,1.0572297846616059,-0.001696989495128717,0.2383826788599832,0.2697979873479242
10.75,0.8,1.056131152313141,-0.001669011690168026,0.2359305904470025,0.27215799699236787
10.875,0.8,1.0550457512044806,-0.0016417161923884583,0.23348916609798182,0.2744914313565438
11.0,0.8,1.0539734267372305,-0.0016150802168911572,0.23105821601525545,0.2767987327048615
11.125,0.8,1.052914023150186,-0.001589081926870701,0.22863755596076207,0.2790803354739386
11.25,0.8,1.0518673838547759,-0.0015637003864028463,0.22622700703306517,0.28133666626861864
11.375,0.8,1.0508333517393833,-0.0015389155160360699,0.22382639545558153,0.2835681438781803
11.5,0.8,1.0498117694451237,-0.0015147080509844112,0.2214355523753445,0.28577517931101315
11.625,0.8,1.0488024796154305,-0.0014910595017361074,0.21905431367165043,0.28795817584605937
11.75,0.8,1.0478053251215909,-0.0014679521169058906,0.216682519774014,0.2901175290993639
11.875,0.8,1.046820149266192,-0.0014453688481786242,0.21432001548889168,0.29225362710411296
12.0,0.8,1.0458467959662512,-0.0014232933172004538,0.21196664983464983,0.2943668504025784
12.125,0.8,1.0448851099176941,-0.0014017097842894002,0.20962227588432414,0.29645757214844404
12.25,0.8,1.0439349367426611,-0.0013806031188474319,0.20728675061572768,0.29852615821803974
12.375,0.8,1.0429961231210352,-0.0013599587713654746,0.2049599347684874,0.30057296732908007
12.5,0.8,1.042068516907471,-0.001339762746924101,0.20264169270763108,0.302598351165572
12.625,0.8,1.0411519672350835,-0.0013200015800959833,0.2003318922933631,0.30460265450764384
12.75,0.8,1.0402463246068845,-0.0013006623111686446,0.19803040475668543,0.30658621536512126
12.875,0.8,1.0393514409759816,-0.001281732463610176,0.19573710458054783,0.3085493651137742
13.0,0.8,1.0384671698154393,-0.0012632000227036093,0.1934518693862186,0.31049242863325005
13.125,0.8,1.037593366178688,-0.0012450534152845948,0.19117457982459518,0.31241572444579174
13.25,0.8,1.0367298867512524,-0.0012272814905186927,0.1889051194721906,0.3143195648549491
13.375,0.8,1.0358765898945472,-0.0012098735016588713,0.1866433747315382,0.3162042560835668
13.5,0.8,1.035033335682425,-0.001192819088727579,0.1843892347357781,0.31807009841043454
13.625,0.8,1.0341999859310964,-0.00117610826207153,0.18214259125720253,0.3199173863050649
13.75,0.8,1.0333764042230307,-0.001159731386737394,0.17990333861955193,0.32174640856015035
13.875,0.8,1.032562455925358,-0.0011436791676236872,0.17767137361386076,0.32355744842132406
14.0,0.8,1.031758008203302,-0.0011279426353623056,0.17544659541766858,0.3253507837139262
14.125,0.8,1.0309629300291006,-0.0011125131328865079,0.17322890551743286,0.32712668696654507
14.25,0.8,1.03017709218685,-0.0010973823026479946,0.17101820763397096,0.32888542553115974
14.375,0.8,1.0294003672736785,-0.0010825420744430994,0.1688144076507822,0.3306272616997706
14.5,0.8,1.028632629697631,-0.0010679846538112216,0.1666174135451211,0.33235245281745723
14.625,0.8,1.0278737556725988,-0.0010537025109748064,0.16442713532167633,0.3340612513918437
14.75,0.8,1.0271236232106238,-0.0010396883702870556,0.16224348494874533,0.33575390519899456
14.875,0.8,1.0263821121118766,-0.0010259352001583757,0.1600663762967873,0.33743065738579947
15.0,0.8,1.0256491039525737,-0.0010124362034341673,0.15789572507924873,0.33909174656893865
15.125,0.8,1.0249244820710905,-0.0009991848081977136,0.15573144879557071,0.340737406930537
15.25,0.8,1.0242081315525036,-0.000986174658976036,0.15357346667627514,0.342367868310651
15.375,0.8,1.0234999392117796,-0.0009733996083259545,0.1514216996300604,0.34398335629673715
15.5,0.8,1.022799793575791,-0.0009608537087788846,0.149276070192817,0.34558409231027026
15.625,0.8,1.0221075848643506,-0.000948531205128104,0.14713650247848578,0.34717029369069224
15.75,0.8,1.0214232049704248,-0.0009364265270413388,0.14500292213170426,0.3487421737768732
15.875,0.8,1.02074654743966,-0.0009245342819806951,0.14287525628215816,0.3502999419862713
16.0,0.8,1.020077507449373,-0.0009128492484190671,0.14075343350058317,0.3518438038919852
16.125,0.8,1.0194159817870994,-0.0009013663693372147,0.13863738375635914,0.3533739612978805
16.25,0.8,1.0187618688288358,-0.0008900807459905665,0.13652703837663493,0.35489061231197366
16.375,0.8,1.0181150685170335,-0.0008789876319356638,0.13442233000692966,0.3563939514182489
16.5,0.8,1.017475482338454,-0.0008680824273038795,0.13232319257315336,0.3578841695470746
16.625,0.8,1.0168430133019528,-0.0008573606733134745,0.1302295612450111,0.3593614541443714
16.75,0.8,1.016217565916232,-0.0008468180470123473,0.12814137240072063,0.36082598923967935
16.875,0.8,1.0155990461676414,-0.0008364503562410505,0.12605856359299525,0.3622779555132492
17.0,0.8,1.0149873614980602,-0.0008262535348081454,0.12398107351627115,0.36371753036227455
17.125,0.8,1.0143824207828898,-0.0008162236378717079,0.12190884197509566,0.3651448879663625
17.25,0.8,1.0137841343092033,-0.0008063568375176355,0.11984180985365002,0.36656019935232637
17.375,0.8,1.0131924137540644,-0.0007966494185272326,0.11777991908637368,0.3679636324583641
17.5,0.8,1.012607172163028,-0.0007870977743284205,0.11572311262961334,0.3693553521976744
17.625,0.8,1.0120283239288577,-0.0007776984031223309,0.11367133443428101,0.37073552052154046
17.75,0.8,1.011455784770447,-0.000768447904177941,0.11162452941947609,0.372104296481899
17.875,0.8,1.0108894717119645,-0.0007593429742889675,0.10958264344701699,0.37346183629339813
18.0,0.8,1.0103293030622167,-0.0007503804043853986,0.10754562329685982,0.3748082933949261
18.125,0.8,1.0097751983942416,-0.0007415570762924976,0.10551341664335175,0.3761438185105896
18.25,0.8,1.0092270785251123,-0.0007328699596322264,0.1034859720322929,0.3774685597100997
18.375,0.8,1.0086848654959648,-0.0007243161088568758,0.10146323885875545,0.37878266246851816
18.5,0.8,1.0081484825522455,-0.0007158926604147358,0.09944516734566174,0.38008626972530535
18.625,0.8,1.0076178541241578,-0.0007075968300324716,0.09743170852302128,0.381379521942606
18.75,0.8,1.0070929058073304,-0.0006994259101190354,0.09542281420790039,0.3826625571627014
18.875,0.8,1.006573564343661,-0.0006913772672697858,0.09341843698493683,0.38393551106455265
19.0,0.8,1.006059757602397,-0.0006834483398902661,0.0914185301876091,0.3851985170193642
19.125,0.8,1.0055514145613522,-0.0006756366358899369,0.0894230478798635,0.38645170614507995
19.25,0.8,1.0050484652884022,-0.0006679397305119774,0.08743194483866504,0.38769520735975616
19.375,0.8,1.0045508409230242,-0.0006603552641819613,0.08544517653650409,0.3889291474337134
19.5,0.8,1.0040584736582565,-0.0006528809405456958,0.08346269912532657,0.3901536510404351
19.625,0.8,1.003571296722477,-0.0006455145244130194,0.08148446941952162,0.39136884080610196
19.75,0.8,1.003089244361949,-0.0006382538400461297,0.07951044488164859,0.3925748373577883
19.875,0.8,1.0026122518226428,-0.0006310967690860899,0.07754058360503115,0.39377175937014103
20.0,0.8,1.0021402553336904,-0.0006240412492233084,0.07557484430246632,0.3949597236107227
20.125,0.8,1.0016731920887614,-0.0006170852718526278,0.07361318628637276,0.3961388449836401
20.25,0.8,1.001211000231242,-0.0006102268814893325,0.07165556946355023,0.39730923657199657
20.375,0.8,1.000753618833911,-0.0006034641725420111,0.06970195430787607,0.3984710096782846
20.5,0.8,1.0003009878878608,-0.0005967952904038313,0.0677523018688939,0.3996242738641016
20.625,0.8,0.9998530482773589,-0.0005902184258399133,0.06580657372462143,0.40076913698702105
20.75,0.8,0.9994097417774999,-0.0005837318201002056,0.06386473202350214,0.401905705238088
20.875,0.8,0.9989710110164203,-0.0005773337531781582,0.06192673938633807,0.4030340831745188
21.0,0.8,0.9985367994941426,-0.000571022558837674,0.0599925590304696,0.4041543737562623
21.125,0.8,0.9981070515125254,-0.0005647965973888721,0.058062154543505586,0.40526667837284647
21.25,0.8,0.9976817122463938,-0.0005586542953770142,0.05613549021187328,0.40637109688209305
21.375,0.8,0.9972607275921875,-0.0005525940794847336,0.05421253047322964,0.40746772762671807
21.5,0.8,0.9968440443689972,-0.000546614477773833,0.05229324075449062,0.4085566674826708
21.625,0.8,0.996431609963421,-0.0005407139561853224,0.05037758612074376,0.4096380118542206
21.75,0.8,0.99602337285434,-0.0005348911735809271,0.04846553338466699,0.4107118547502149
21.875,0.8,0.995619281748168,-0.0005291445742784713,0.04655704774809621,0.41177828872904965
22.0,0.8,0.99521928691135,-0.0005234730276605677,0.04465209808510338,0.4128374050480579
22.125,0.8,0.9948233380328889,-0.0005178748091921045,0.042750648571033056,0.41388929348611136
22.25,0.8,0.9944313875728431,-0.0005123492026770788,0.0408526718879308,0.414934042678489
22.375,0.8,0.9940433854489898,-0.0005068939450652341,0.03895812834003786,0.4159717396343609
22.5,0.8,0.9936592874168224,-0.0005015092447160289,0.037066998835133036,0.417002470537779
22.625,0.8,0.9932790418384744,-0.0004961913477057113,0.03517923276423883,0.4180263194943101
22.75,0.8,0.9929026106149471,-0.000490942657405686,0.03329483035006066,0.4190433705056101
22.875,0.8,0.9925299362416734,-0.00048575540320607637,0.03141371255249531,0.4200537042375616
23.0,0.8,0.9921609940225153,-0.00048063738587145676,0.02953592668631821,0.4210574029880504
23.125,0.8,0.9917957101620718,-0.0004755698201317145,0.027661321599728686,0.42205454223587335
23.25,0.8,0.9914340917519173,-0.00047057432040701643,0.025790061334640634,0.4230452034892142
23.375,0.8,0.9910760238346712,-0.00046560032052158805,0.023921813446040312,0.4240294513564927
23.5,0.8,0.9907215917008086,-0.00046070757889100016,0.02205703391748036,0.42500736854901067
23.625,0.8,0.9903705817909796,-0.00045574571257743957,0.020194934791618713,0.4259789892112457
23.75,0.8,0.9900232737944552,-0.00045089533770581317,0.018336708647262005,0.4269444037104045
23.875,0.8,0.9896792321932572,-0.00044565480576095576,0.0164804154699047,0.4279035425313346
24.0,0.8,0.9893392167092794,-0.0004406661076941265,0.014629133890745015,0.4288565376067998
24.125,0.8,0.9890023483932067,-0.0004340329998263883,0.012777953096519802,0.4298029198734528
24.25,0.8,0.9886705638260618,-0.00042848397593988496,0.010934930856934647,0.4307430777275066
24.375,0.8,0.9883423109750444,-0.0004160428281733552,0.009087088723600804,0.4316748803286826
24.5,0.8,0.9880228527024754,-0.000409781448715977,0.007256575120994173,0.43260030344332995
24.625,0.8,0.9877096346984426,-0.000374317159068918,0.005405139641430402,0.4335101888957753
24.75,0.8,0.9874276385445903,-0.0003725832789417474,0.0036021999649607107,0.43441506918341
24.875,0.8,0.9871520074096276,-0.0002523990192827944,0.0016976393545081816,0.4352711769724775
25.0,0.8,0.9871520074096276,0.0,0.0,0.4352711769724775
0.0,0.8200000000000001,1.0,0.0,0.629846575886726,0.0
0.125,0.8200000000000001,1.0261395720795845,-0.038981983706478575,0.629846575886726,9.950745523036975e-05
0.25,0.8200000000000001,1.0568210330557934,-0.03826995560306423,0.5781392616723222,0.0004753768519663226
0.375,0.8200000000000001,1.0739156973823303,-0.03704704971570269,0.568038910499098,0.0013354686142110423
0.5,0.8200000000000001,1.089312879906503,-0.03089955848567427,0.543858608384957,0.002684490452442835
0.625,0.8200000000000001,1.0984319224818404,-0.026647203036579224,0.5353439872720385,0.004548572922533998
0.75,0.8200000000000001,1.1063102467591541,-0.022741033954406516,0.5231313228875075,0.006877307984345132
0.875,0.8200000000000001,1.1117867948719466,-0.020023263548901136,0.5157009191290253,0.0096573647917288
1.0,0.8200000000000001,1.1163611153804947,-0.01781957687793274,0.5073840055249632,0.012847392445997112
1.125,0.8200000000000001,1.1197306761903334,-0.01617779467625164,0.5006633805311668,0.01642194235996016
1.25,0.8200000000000001,1.122369707664381,-0.01483095933849164,0.493869742408836,0.02034255267427343
1.375,0.8200000000000001,1.1242332884978028,-0.013748502929860249,0.48772652975585035,0.024576491083278987
1.5,0.8200000000000001,1.125506150566139,-0.0128258462789437,0.4817191530525135,0.029085912826164385
1.625,0.8200000000000001,1.1262170542574375,-0.012038564384349273,0.4760501881046201,0.03383608133352928
1.75,0.8200000000000001,1.1264608919522108,-0.011344156092796051,0.4705494382174874,0.038791622612780734
1.875,0.8200000000000001,1.1262820326329126,-0.010728114180242568,0.4652667022053076,0.04392000816635455
2.0,0.8200000000000001,1.1257417298204584,-0.010171862966771408,0.46013902702824105,0.04919026362916637
2.125,0.8200000000000001,1.1248824447811494,-0.009666915833179043,0.45517275813197156,0.05457430514209514
2.25,0.8200000000000001,1.123748846189434,-0.009204210576976932,0.45034036815033185,0.06004640666966523
2.375,0.8200000000000001,1.1223769237785122,-0.008778492568341963,0.4456369824634553,0.06558359456518426
2.5,0.8200000000000001,1.12080080515044,-0.00838471200797459,0.4410479036289575,0.07116532941917358
2.625,0.8200000000000001,1.1190495599368755,-0.008019368293469935,0.43656629920548545,0.07677351353188072
2.75,0.8200000000000001,1.1171495931598026,-0.0076792684023332365,0.4321828096789433,0.08239223850215668
2.875,0.8200000000000001,1.1151238424265622,-0.0073619242964592015,0.42789109537102066,0.08800765305863341
3.0,0.8200000000000001,1.1129927463720928,-0.007065110713723428,0.42368444018946655,0.09360774518328512
3.125,0.8200000000000001,1.1107741689383914,-0.0067869706781294205,0.41955747549344896,0.09918217584023806
3.25,0.8200000000000001,1.1084838784221782,-0.006525848877062969,0.4155050342191559,0.10472209226423836
3.375,0.8200000000000001,1.1061356711509172,-0.00628031031315949,0.4115226682184138,0.11021996950402092
3.5,0.8200000000000001,1.1037416602089423,-0.006049071585088831,0.4076062403715478,0.11566945467550423
3.625,0.8200000000000001,1.1013124334336044,-0.0058309960721449035,0.4037520639631892,0.1210652305375543
3.75,0.8200000000000001,1.0988572523984883,-0.005625061789007647,0.39995674377431584,0.12640288882768272
3.875,0.8200000000000001,1.0963841963983834,-0.005430352019190593,0.3962172003949393,0.1316788184633705
4.0,0.8200000000000001,1.0939003093106066,-0.005246037956757282,0.39253059930049006,0.13689010454897335
4.125,0.8200000000000001,1.0914117187007715,-0.00507136993372641,0.38889434296413433,0.1420344392504747
4.25,0.8200000000000001,1.0889237474506186,-0.0049056667394022,0.3853060335135179,0.14711004243604858
4.375,0.8200000000000001,1.0864410086654668,-0.004748308478364358,0.3817634581138988,0.15211559180476697
4.5,0.8200000000000001,1.0839674915035267,-0.004598729326095891,0.3782645660390654,0.15705016117347717
4.625,0.8200000000000001,1.081506635606692,-0.0044564119381016575,0.3748074546185915,0.16191316627801955
4.75,0.8200000000000001,1.0790613973905125,-0.004320882212202137,0.37139035349484495,0.16670431713119008
4.875,0.8200000000000001,1.0766343080232539,-0.004191704943416975,0.368011612801053,0.17142357626919333
5.0,0.8200000000000001,1.0742275247333621,-0.00406847988349131,0.36466969157908674,0.17607112215743945
5.125,0.8200000000000001,1.071842875862413,-0.003950838350119062,0.3613631482195939,0.18064731717209004
5.25,0.8200000000000001,1.069481900636349,-0.003838440187172722,0.35809063158908544,0.18515267959379103
5.375,0.8200000000000001,1.0671458841621513,-0.003730971098165419,0.3548508733694932,0.18958785913803805
5.5,0.8200000000000001,1.0648358883012923,-0.0036281402617217625,0.3516426810905538,0.19395361558707397
5.625,0.8200000000000001,1.0625527788731064,-0.0035296782167894922,0.3484649319767652,0.19825080014862392
5.75,0.8200000000000001,1.0602972496558316,-0.003435334969170564,0.34531656738299654,0.2024803392070971
5.875,0.8200000000000001,1.0580698435549347,-0.0033448783003725635,0.3421965878182154,0.2066432201769235
6.0,0.8200000000000001,1.0558709712868466,-0.0032580922492785576,0.3391040484437662,0.2107404792017896
6.125,0.8200000000000001,1.0537009278694085,-0.003174775748928649,0.33603805501458434,0.21477319047629972
6.25,0.8200000000000001,1.0515599071827961,-0.0030947413984913465,0.3329977601971214,0.21874245699355868
6.375,0.8200000000000001,1.049448014827495,-0.0030178143557932856,0.32998236022945593,0.22264940254664514
6.5,0.8200000000000001,1.0473652794810868,-0.0029438313360619717,0.3269910918801764,0.2264951648326359
6.625,0.8200000000000001,1.0453116629293897,-0.002872639705285443,0.32402322967616376,0.23028088952614373
6.75,0.8200000000000001,1.0432870689272002,-0.0028040966574798556,0.32107808336856597,0.23400772520501428
6.875,0.8200000000000001,1.0412913510246715,-0.002738068466810797,0.31815499561290084,0.2376768190245767
7.0,0.8200000000000001,1.039324319479352,-0.002674429806427671,0.3152533398405792,0.24128931304872642
7.125,0.8200000000000001,1.037385747359493,-0.0026130631269741505,0.31237251830289703,0.24484634115654672
7.25,0.8200000000000001,1.035475375931841,-0.002553858088522919,0.3095119602702622,0.24834902645227366
7.375,0.8200000000000001,1.033592919416112,-0.002496711040471744,0.30667112037181826,0.2517984791144353
7.5,0.8200000000000001,1.0317380691788314,-0.0024415245445731145,0.3038494770621375,0.2551957946270842
7.625,0.8200000000000001,1.0299104974307312,-0.0023882069368510507,0.3010465312033252,0.2585420523423545
7.75,0.8200000000000001,1.0281098604845678,-0.002336671924654867,0.29826180475209835,0.26183831432921373
7.875,0.8200000000000001,1.026335801623644,-0.0022868382155428997,0.2954948395425849,0.2650856244683598
8.0,0.8200000000000001,1.0245879536256428,-0.002238629175067886,0.292745196156567,0.26828500775780323
8.125,0.8200000000000001,1.0228659409812597,-0.002191972510870772,0.2900124528737569,0.2714374697978355
8.25,0.8200000000000001,1.021169381842699,-0.0021467999807788176,0.28729620469545075,0.27454399642788485
8.375,0.8200000000000001,1.019497889733073,-0.0021030471228589724,0.2845960624355497,0.27760555349120614
8.5,0.8200000000000001,1.0178510750442757,-0.0020606530055915884,0.281911651873532,0.28062308670650377
8.625,0.8200000000000001,1.0162285463477558,-0.0020195599965239317,0.279242612964448,0.2835975216284463
8.75,0.8200000000000001,1.0146299115398418,-0.0019797135479242907,0.27658859910146905,0.2865297636816156
8.875,0.8200000000000001,1.0130547788408006,-0.0019410619980996802,0.2739492764269181,0.289420698254765
9.0,0.8200000000000001,1.011502757664618,-0.0019035563871653092,0.2713243231880471,0.29227119084434916
9.125,0.8200000000000001,1.0099734593745373,-0.001867150286157956,0.2687134291341616,0.29508208723811813
9.25,0.8200000000000001,1.0084664979376534,-0.0018317996384820884,0.26611629495195815,0.29785421373120474
9.375,0.8200000000000001,1.0069814904902976,-0.001797462612756126,0.26353263173621194,0.30058837736852007
9.5,0.8200000000000001,1.0055180578246081,-0.001764099466202702,0.2609621604931667,0.3032853662084848
9.625,0.8200000000000001,1.004075824805445,-0.0017316724177864878,0.2584046116742114,0.30594594960412247
9.75,0.8200000000000001,1.0026544207257257,-0.0017001455303646872,0.255859724737613,0.3085708784983914
9.875,0.8200000000000001,1.0012534796073271,-0.0016694846011690756,0.25332724773623644,0.31116088573130024
10.0,0.8200000000000001,0.9998726404538433,-0.0016396570599814507,0.250806936929381,0.3137166863568971
10.125,0.8200000000000001,0.9985115474607501,-0.0016106318744156596,0.24829855641699536,0.3162389779686371
10.25,0.8200000000000001,0.9971698501878796,-0.0015823794617577979,0.24580187779466853,0.31872844103194264
10.375,0.8200000000000001,0.9958472036985316,-0.0015548716068559806,0.24331667982793362,0.32118573922298754
10.5,0.8200000000000001,0.9945432686690427,-0.0015280813855887685,0.24084274814454498,0.3236115197728835
10.625,0.8200000000000001,0.9932577114721988,-0.001501983093477044,0.23837987494348775,0.32600641381653245
10.75,0.8200000000000001,0.9919902042374764,-0.0014765521790368911,0.23592785871958527,0.3283710367454488
10.875,0.8200000000000001,0.9907404248907746,-0.0014517651815022343,0.2334865040026724,0.3307059885638611
11.0,0.8200000000000001,0.9895080571759833,-0.001427599672576688,0.23105562111036862,0.33301185424738877
11.125,0.8200000000000001,0.988292790660487,-0.0014040342019019287,0.2286350259135861,0.3352892041035598
11.25,0.8200000000000001,0.9870943207264634,-0.0013810482459563932,0.22622453961395828,0.33753859413340154
11.375,0.8200000000000001,0.9859123485496365,-0.001358622160122577,0.22382398853244795,0.33976056639330554
11.5,0.8200000000000001,0.9847465810669738,-0.0013367371336843058,0.22143320390845841,0.3419556493563333
11.625,0.8200000000000001,0.9835967309346483,-0.001315375147537091,0.2190520217088038,0.3441243582721246
11.75,0.8200000000000001,0.9824625164774609,-0.0012945189344128459,0.21668028244596302,0.3462671955245507
11.875,0.8200000000000001,0.9813436616307903,-0.0012741519414400083,0.2143178310050796,0.3483846509862735
12.0,0.8200000000000001,0.9802398958760289,-0.0012542582948746458,0.211964516479188,0.3504772023693846
12.125,0.8200000000000001,0.9791509541703757,-0.0012348227668541301,0.20962019201221202,0.35254531557133556
12.25,0.8200000000000001,0.9780765768717589,-0.0012158307440376785,0.2072847146492962,0.3545894450154188
12.375,0.8200000000000001,0.9770165096596023,-0.0011972681980089788,0.20495794519404856,0.3566100339851066
12.5,0.8200000000000001,0.9759705034520626,-0.00117912165732975,0.20263974807232316,0.35860751495162985
12.625,0.8200000000000001,0.9749383143203165,-0.0011613781811367044,0.20032999120217512,0.3605823098942423
12.75,0.8200000000000001,0.9739197034004183,-0.001144025334189626,0.19802854586965282,0.362534830612693
12.875,0.8200000000000001,0.9729144368031971,-0.0011270511632811876,0.19573528661010492,0.36446547903150955
13.0,0.8200000000000001,0.9719222855226134,-0.0011104441749251338,0.1934500910946998,0.36637464749576953
13.125,0.8200000000000001,0.970943025342966,-0.0010941933142490216,0.1911728400218766,0.36826271905811553
13.25,0.8200000000000001,0.9699764367452888,-0.001078287945018468,0.18890341701346036,0.37013006775684476
13.375,0.8200000000000001,0.9690223048132541,-0.0010627178307266877,0.18664170851519038,0.3719770588849719
13.5,0.8200000000000001,0.9680804191388586,-0.0010474731166871009,0.18438760370142057,0.37380404925022964
13.625,0.8200000000000001,0.9671505737281475,-0.0010325443130697008,0.18214099438377332,0.3756113874260359
13.75,0.8200000000000001,0.9662325669072087,-0.001017922278824939,0.17990177492353615,0.37739941399350074
13.875,0.8200000000000001,0.965326201228627,-0.0010035982064432927,0.17766984214760329,0.3791684617746079
14.0,0.8200000000000001,0.9644312833785955,-0.0009895636075015327,0.17544509526777594,0.38091885605673376
14.125,0.8200000000000001,0.96354762408484,-0.0009758102989449034,0.1732274358032583,0.3826509148087164
14.25,0.8200000000000001,0.9626750380255034,-0.0009623303900657447,0.17101676750617972,0.384364948888704
14.375,0.8200000000000001,0.9618133437391152,-0.0009491162701341202,0.16881299628998978,0.38606126224405
14.5,0.8200000000000001,0.9609623635357688,-0.0009361605966396842,0.16661603016060272,0.3877401521035348
14.625,0.8200000000000001,0.9601219234095973,-0.000923456284110909,0.1644257791501403,0.38940190916221024
14.75,0.8200000000000001,0.9592918529526487,-0.000910996493474585,0.16224215525317007,0.3910468177591793
14.875,0.8200000000000001,0.9584719852702228,-0.0008987746219240079,0.1600650723653161,0.3926751560486255
15.0,0.8200000000000001,0.9576621568977463,-0.000886784293264897,0.1578944462241386,0.39428719616441477
15.125,0.8200000000000001,0.9568622077192391,-0.0008750193487114855,0.15573019435219426,0.39588320437859353
15.25,0.8200000000000001,0.9560719808874185,-0.0008634738381071761,0.15357223600217107,0.3974634412541044
15.375,0.8200000000000001,0.9552913227454799,-0.0008521420115449208,0.15142049210402975,0.39902816179203926
15.5,0.8200000000000001,0.9545200827505802,-0.0008410183113639724,0.14927488521406315,0.40057761557374283
15.625,0.8200000000000001,0.9537581133990523,-0.0008300973645051848,0.14713533946579643,0.4021120468980716
15.75,0.8200000000000001,0.9530052701533636,-0.0008193739752040538,0.14500178052267157,0.40363169491410655
15.875,0.8200000000000001,0.9522614113708194,-0.0008088431180040505,0.14287413553243655,0.405136793749605
16.0,0.8200000000000001,0.9515263982340229,-0.0007984999310759606,0.1407523330831815,0.40662757263546695
16.125,0.8200000000000001,0.9508000946830816,-0.0007883397098266743,0.13863630316096645,0.4081042560264745
16.25,0.8200000000000001,0.950082367349549,-0.0007783579007846753,0.13652597710897765,0.40956706371855434
16.375,0.8200000000000001,0.9493730854920893,-0.000768550095750474,0.13442128758815816,0.4110162109627919
16.5,0.8200000000000001,0.9486721209338396,-0.000758912026199671,0.13232216853925777,0.4124519085764168
16.625,0.8200000000000001,0.9479793480014513,-0.0007494395579269781,0.13022855514626244,0.4138743630509525
16.75,0.8200000000000001,0.947294643465775,-0.0007401286859226395,0.1281403838011386,0.4152837766577181
16.875,0.8200000000000001,0.9466178864841603,-0.0007309755294712596,0.1260575920698391,0.4166803475508412
17.0,0.8200000000000001,0.9459489585443325,-0.0007219763274627369,0.12398011865955462,0.418064269867931
17.125,0.8200000000000001,0.9452877434098084,-0.0007131274339085737,0.12190790338712207,0.41943573382853927
17.25,0.8200000000000001,0.9446341270668133,-0.0007044253136546418,0.11984088714856943,0.4207949258305185
17.375,0.8200000000000001,0.9439879976726471,-0.0006958665382805846,0.11777901188975796,0.42214202854437316
17.5,0.8200000000000001,0.9433492455054707,-0.000687447782180796,0.11572222057805075,0.42347722100567664
17.625,0.8200000000000001,0.9427177629154515,-0.0006791658188182515,0.11367045717498757,0.4248006787056193
17.75,0.8200000000000001,0.9420934442772328,-0.000671017517143225,0.11162366660992423,0.42611257367972827
17.875,0.8200000000000001,0.9414761859436791,-0.0006629998381710552,0.10958179475457926,0.42741307459479405
18.0,0.8200000000000001,0.9408658862008518,-0.0006551098317106049,0.10754478839846723,0.4287023468340205
18.125,0.8200000000000001,0.9402624452241651,-0.0006473446332369557,0.10551259522516664,0.4299805525804038
18.25,0.8200000000000001,0.939665765035689,-0.00063970146090253,0.10348516378939461,0.4312478508983435
18.375,0.8200000000000001,0.9390757494625442,-0.0006321776126774534,0.10146244349483921,0.43250439781346645
18.5,0.8200000000000001,0.9384923040963586,-0.0006247704636177404,0.0994443845727491,0.43375034639065163
18.625,0.8200000000000001,0.9379153362537355,-0.0006174774632465134,0.09743093806118162,0.43498584681023245
18.75,0.8200000000000001,0.9373447549377053,-0.000610296133053989,0.09542205578498388,0.43621104644234737
18.875,0.8200000000000001,0.9367804708001097,-0.0006032240640938133,0.0934176903363159,0.43742608991941234
19.0,0.8200000000000001,0.9362223961049189,-0.0005962589146972627,0.09141779505593282,0.43863111920669157
19.125,0.8200000000000001,0.9356704446923703,-0.0005893984082526888,0.08942232401481645,0.4398262736709279
19.25,0.8200000000000001,0.9351245319440527,-0.0005826403311213763,0.08743123199674176,0.44101169014702685
19.375,0.8200000000000001,0.9345845747486498,-0.0005759825305657375,0.08544447448078113,0.44218750300274895
19.5,0.8200000000000001,0.9340504914687273,-0.0005694229128711301,0.0834620076252598,0.4433538442014341
19.625,0.8200000000000001,0.9335222019078956,-0.000562959441361815,0.08148378825072339,0.4445108433626852
19.75,0.8200000000000001,0.9329996272793479,-0.0005565901347761158,0.07950977382571711,0.445658627821112
19.875,0.8200000000000001,0.9324826901741301,-0.0005503130652517474,0.07753992244931562,0.44679732268297573
20.0,0.8200000000000001,0.9319713145317025,-0.0005441263570970043,0.07557419283995058,0.4479270508810075
20.125,0.8200000000000001,0.9314654256086996,-0.0005380281844782346,0.0736125443153899,0.4490479332270077
20.25,0.8200000000000001,0.9309649499523147,-0.000532016770972946,0.0716549367877805,0.4501600884629117
20.375,0.8200000000000001,0.930469815368122,-0.0005260903863128294,0.06970133073591193,0.45126363330931685
20.5,0.8200000000000001,0.9299799508984024,-0.0005202473477080901,0.06775168721450656,0.4523586825131659
20.625,0.8200000000000001,0.9294952867855373,-0.0005144860140509417,0.06580596780593122,0.45344534889202337
20.75,0.8200000000000001,0.9290157544606766,-0.0005088047915035373,0.06386413466389664,0.4545237433791375
20.875,0.8200000000000001,0.9285412864940705,-0.0005032021211892064,0.06192615041264016,0.45559397506281785
21.0,0.8200000000000001,0.9280718166076237,-0.0004976764952999226,0.059991978275467095,0.45665615123052095
21.125,0.8200000000000001,0.9276072795906644,-0.000492226428347914,0.058061581841594746,0.4577103774013991
21.25,0.8200000000000001,0.9271476113703035,-0.0004868504994502295,0.0561349254055995,0.45875675737317406
21.375,0.8200000000000001,0.9266927488389811,-0.0004815472823161154,0.05421197340260448,0.4597953932426525
21.5,0.8200000000000001,0.9262426300674379,-0.0004763154528709149,0.052292691273540415,0.4608263854643569
21.625,0.8200000000000001,0.9257971939100521,-0.0004711536158735413,0.05037704407099228,0.4618498328455511
21.75,0.8200000000000001,0.9253563805723432,-0.00046606057580799814,0.04846499863667665,0.4628658326385144
21.875,0.8200000000000001,0.9249201306596332,-0.0004610349046336952,0.04655652013532635,0.46387448047590835
22.0,0.8200000000000001,0.9244883866284728,-0.0004560756209259992,0.04465157750790185,0.4648758705507525
22.125,0.8200000000000001,0.9240610904438507,-0.00045118110890660123,0.042750134831262186,0.4658700954059015
22.25,0.8200000000000001,0.9236381872368451,-0.00044635081951499854,0.04085216494917937,0.4668572463360934
22.375,0.8200000000000001,0.9232196194877614,-0.00044158256032122,0.03895762791318589,0.46783741281376096
22.5,0.8200000000000001,0.922805336192441,-0.00043687676129775774,0.03706650503037919,0.4688106834489119
22.625,0.8200000000000001,0.9223952783784638,-0.0004322296538893308,0.03517874504845351,0.46977714449733354
22.75,0.8200000000000001,0.921989402027005,-0.0004276440125470399,0.03329434918764864,0.47073688222490756
22.875,0.8200000000000001,0.921587641985048,-0.0004231118529485537,0.03141323676131225,0.47168997906552484
23.0,0.8200000000000001,0.9211899692326992,-0.0004186417501090432,0.029535457609254703,0.4726365195671539
23.125,0.8200000000000001,0.92079630100573,-0.0004142142326135099,0.027660856287219943,0.47357658036877887
23.25,0.8200000000000001,0.9204066437868682,-0.00040985279660240204,0.02578960338996632,0.47451024557037613
23.375,0.8200000000000001,0.9200208697604894,-0.0004055050535928348,0.023921354845755312,0.47543757963962685
23.5,0.8200000000000001,0.9196390735574158,-0.0004012358202348923,0.0220565845289259,0.4763586692147141
23.625,0.8200000000000001,0.9192610176840434,-0.0003968900561918197,0.02019447072004691,0.4772735447423881
23.75,0.8200000000000001,0.918887021104873,-0.00039266317293172007,0.01833625961929658,0.4781823051361818
23.875,0.8200000000000001,0.9185165897582767,-0.0003880411563573179,0.016479901900806494,0.4790848654620908
24.0,0.8200000000000001,0.9181506240937106,-0.000383713119452064,0.01462866102196352,0.4799813837959601
24.125,0.8200000000000001,0.9177880574559413,-0.00037774764531584395,0.012777220732882342,0.4808713314473342
24.25,0.8200000000000001,0.9174313527066829,-0.0003730334125126672,0.0109343830747892,0.4817551990036626
24.375,0.8200000000000001,0.9170781855093026,-0.00036151571707325225,0.009085467777045159,0.48263062355729636
24.5,0.8200000000000001,0.9167359277555547,-0.0003567771005462664,0.007255985909489801,0.48350003109132245
24.625,0.8200000000000001,0.916398259981273,-0.0003239549927294745,0.005400074575853162,0.4843535426711745
24.75,0.8200000000000001,0.9160989415273362,-0.00032626841881513085,0.0036025931178292753,0.48520349438424265
24.875,0.8200000000000001,0.9157950570447546,-0.00022647199840541277,0.0016811780130942585,0.48600730022338107
25.0,0.8200000000000001,0.9157950570447546,0.0,0.0,0.48600730022338107
0.0,0.84,1.0,0.0,0.6364388757359157,0.0
0.125,0.84,1.029517993438405,-0.04394992866632751,0.6364388757359157,0.0003181243498553394
0.25,0.84,1.0631074414323134,-0.041996251847666206,0.5777564491472508,0.001367533934609975
0.375,0.84,1.079647986316048,-0.03975869004176044,0.5676594650869355,0.0035134152221762633
0.5,0.84,1.093775594479998,-0.03270794794192589,0.5426697081201911,0.006595294206940778
0.625,0.84,1.1007890334137582,-0.027921451265379947,0.534540774551779,0.010560491338734311
0.75,0.84,1.1063241510016377,-0.023640584084597304,0.5224121145488642,0.015223730405508984
0.875,0.84,1.1092114843705518,-0.020674917349635974,0.5152101208993708,0.020508497015896188
1.0,0.84,1.1110941714440608,-0.01827460941245657,0.5069926811243171,0.02629813406415048
1.125,0.84,1.1116832523095888,-0.016479730183409813,0.5003788529082683,0.03252222920512478
1.25,0.84,1.1115133237737285,-0.015002045384919874,0.49364149429539905,0.03909626836287181
1.375,0.84,1.1105620916759547,-0.01380996557604517,0.48754858407876794,0.04595602100835586
1.5,0.84,1.1090493416489287,-0.01279231106193195,0.48157166056814177,0.053035385566691864
1.625,0.84,1.1070235398176673,-0.011923996490729824,0.47592838359148076,0.060279852833456785
1.75,0.84,1.1046003438056669,-0.011159822983964753,0.4704451407035045,0.06763832384020053
1.875,0.84,1.1018369666894636,-0.010484410792225302,0.4651770127274531,0.07506791458162577
2.0,0.84,1.0988055561705259,-0.009877657460495903,0.46006029524241326,0.08253064728054872
2.125,0.84,1.0955549035506438,-0.009330168947883142,0.455103254748871,0.08999480337116207
2.25,0.84,1.0921338751466665,-0.008831815521543395,0.4502782798627289,0.09743333131336933
2.375,0.84,1.0885799820985147,-0.008376529711636523,0.44558123462659954,0.10482393663248905
2.5,0.84,1.0849273127203962,-0.007958453162936863,0.4409974822725487,0.112148156008088
2.625,0.84,1.0812033863457458,-0.007573412338397411,0.4365204997277711,0.11939106248501466
2.75,0.84,1.077432112201719,-0.007217592081755863,0.4321410018700285,0.12654065321117725
2.875,0.84,1.073633149916432,-0.006887971068721777,0.4278527944704185,0.13358749533163675
3.0,0.84,1.0698231827586735,-0.006581847386751903,0.4236492219883301,0.14052429620966106
3.125,0.84,1.0660159833197533,-0.006296951920302392,0.41952499349646627,0.14734559440624848
3.25,0.84,1.0622230602807616,-0.006031266984623681,0.4154749867865223,0.1540474520397182
3.375,0.84,1.0584538773634111,-0.005783043700032496,0.41149480026464247,0.1606272128470719
3.5,0.84,1.0547162328906734,-0.005550724968897598,0.4075803292838354,0.1670832814898458
3.625,0.84,1.0510164736920191,-0.005332937163977187,0.40372791752209786,0.173414943319036
3.75,0.84,1.0473597405229775,-0.005128452534153986,0.3999341933002405,0.17962220671017703
3.875,0.84,1.0437501405582434,-0.0049361763096890795,0.39619609824674185,0.18570567231116936
4.0,0.84,1.0401909149651674,-0.004755125469742675,0.3925108150812617,0.1916664210964493
4.125,0.84,1.0366845692140534,-0.004584417000964738,0.38887576141937513,0.1975059210326402
4.25,0.84,1.0332329907558098,-0.004423254369254385,0.38528855219453184,0.20322594812580227
4.375,0.84,1.0298375449414545,-0.00427091803930105,0.3817469857702607,0.20882852054983755
4.5,0.84,1.0264991588491448,-0.004126756112928562,0.3782490210665459,0.21431584335302684
4.625,0.84,1.0232183911502042,-0.003990176948385104,0.37479276386371707,0.21969026240550177
4.75,0.84,1.0199954922763748,-0.0038606423429180543,0.3713764511711893,0.22495422597363884
4.875,0.84,1.0168304551081184,-0.0037376618355016342,0.36799843960386464,0.23011025282560574
5.0,0.84,1.0137230583427221,-0.003620787586305658,0.36465719390329265,0.2351609057769449
5.125,0.84,1.0106729032215842,-0.0035096099699942936,0.3613512775003914,0.24010876984862325
5.25,0.84,1.0076794448605717,-0.003403753653418384,0.35807934372457867,0.24495643428358047
5.375,0.84,1.0047420188458323,-0.0033028741668762827,0.3548401282249505,0.2497064778195241
5.5,0.84,1.0018598638837708,-0.0032066548583725048,0.3516324420646988,0.2543614566922468
5.625,0.84,0.999032141039891,-0.003114804206508411,0.3484551656250981,0.25892389493901696
5.75,0.84,0.9962579500977382,-0.0030270534304127246,0.34530724308737554,0.26339627663384585
5.875,0.84,0.9935363434428376,-0.002943154367942018,0.3421876774975416,0.2677810397492334
6.0,0.84,0.9908663378423099,-0.0028628775833084872,0.339095526299164,0.27208057138533753
6.125,0.84,0.9882469244195196,-0.0027860106789313185,0.3360298973048317,0.2762972041498571
6.25,0.84,0.9856770770878223,-0.002712356784826457,0.3329899450399515,0.2804332135050594
6.375,0.84,0.9831557596630415,-0.0026417332052711645,0.32997486742546833,0.2844908159272459
6.5,0.84,0.9806819318453034,-0.0025739702034466745,0.3269839027563092,0.2884721677472313
6.625,0.84,0.9782545542312806,-0.0025089099082633267,0.32401632694627613,0.2923793645602566
6.75,0.84,0.9758725924957713,-0.0024464053290103693,0.3210714510089471,0.29621444111005746
6.875,0.84,0.9735350208610319,-0.0023863194656487527,0.31814861875087225,0.2999793715656154
7.0,0.84,0.971240824955862,-0.0023285245038992663,0.3152472046545953,0.3036760701206428
7.125,0.84,0.9689890041518608,-0.0022729010857581544,0.3123666119327699,0.30730639185563646
7.25,0.84,0.9667785734522046,-0.0022193376471677626,0.3095062707363272,0.3108721338106499
7.375,0.84,0.9646085649977442,-0.002167729815635307,0.30666563650201073,0.31437503622406326
7.5,0.84,0.9624780292463572,-0.002117979861455434,0.3038441884260869,0.31781678389880696
7.625,0.84,0.9603860358737677,-0.002069996196976699,0.3010414280526911,0.32119900766287496
7.75,0.84,0.9583316744374801,-0.002023692919018068,0.29825687796646855,0.3245232858957
7.875,0.84,0.9563140548397986,-0.0019789893901312394,0.29549008058034304,0.3277911460961637
8.0,0.84,0.9543323076209794,-0.0019358098549111338,0.29274059701021016,0.33100406647175995
8.125,0.84,0.9523855841093505,-0.001894083088001651,0.29000800602920507,0.33416347753177583
8.25,0.84,0.9504730564515371,-0.0018537420708244516,0.2872919030949466,0.33727076367036535
8.375,0.84,0.9485939175427495,-0.0018147236943977629,0.284591899443791,0.34032726472807656
8.5,0.84,0.946747380874322,-0.0017769684858972223,0.28190762124672086,0.34333427752279433
8.625,0.84,0.944932680313251,-0.0017404203568648646,0.2792387088219779,0.34629305734319066
8.75,0.84,0.9431490698264108,-0.0017050263711901768,0.2765848158999987,0.3492048193996402
8.875,0.84,0.941395823160261,-0.0016707365311743722,0.273945608936607,0.3520707402291828
9.0,0.84,0.9396722334852882,-0.0016375035801599735,0.27132076647075426,0.35489195905249743
9.125,0.84,0.9379776130130154,-0.0016052828203437803,0.26870997852342654,0.35766957908201547
9.25,0.84,0.9363112925922328,-0.0015740319445246328,0.26611294603460267,0.3604046687812529
9.375,0.84,0.9346726212900297,-0.0015437108806433727,0.26352938033541357,0.3630982630761945
9.5,0.84,0.9330609659623399,-0.0015142816480757625,0.26095900265287725,0.3657513645201446
9.625,0.84,0.9314757108179031,-0.001485708224720194,0.2584015436447961,0.3683649444138715
9.75,0.84,0.9299162569789116,-0.001457956424004686,0.2558567429626026,0.3709399438831495
9.875,0.84,0.9283820220410104,-0.0014309937810110637,0.25332434884009725,0.37347727491595656
10.0,0.84,0.9268724396348623,-0.0014047894469709794,0.25080411770621086,0.3759778213616275
10.125,0.84,0.9253869589910657,-0.0013793140914540442,0.24829581382006521,0.3784424398942412
10.25,0.84,0.9239250445098638,-0.0013545398116204847,0.24579920892673798,0.38087196094240366
10.375,0.84,0.9224861753368071,-0.0013304400479605257,0.24331408193227141,0.38326718958745404
10.5,0.84,0.9210698449452751,-0.001306989505990024,0.24084021859659682,0.3856289064319282
10.625,0.84,0.9196755607265714,-0.0012841640834146898,0.23837741124313494,0.38795786843991714
10.75,0.84,0.9183028435881305,-0.0012619408023180297,0.2359254584839449,0.3902548097507459
10.875,0.84,0.9169512275602484,-0.001240297745962056,0.23348416495939406,0.39252044246718804
11.0,0.84,0.9156202594116247,-0.0012192139998281608,0.23105334109138823,0.3947554574192407
11.125,0.84,0.9143094982739246,-0.0011986695965576658,0.22863280284929727,0.39696052490429024
11.25,0.84,0.9130185152754784,-0.0011786454644807083,0.22622237152777072,0.3991362954043545
11.375,0.84,0.9117468931841911,-0.0011591233794514468,0.22382187353569954,0.40128340028093806
11.5,0.84,0.9104942260596798,-0.0011400859197330394,0.22143114019565577,0.4034024524479311
11.625,0.84,0.9092601189146063,-0.0011215164236994723,0.21905000755316525,0.4054940470228962
11.75,0.84,0.908044187385162,-0.0011033989501420401,0.2166783161952418,0.4075587619570256
11.875,0.84,0.9068460574106127,-0.0010857182409904087,0.21431591107764572,0.40959715864401147
12.0,0.84,0.9056653649218065,-0.00106845968627263,0.21196264136035092,0.41160978250805696
12.125,0.84,0.9045017555385276,-0.0010516092911572593,0.20961836025076666,0.41359716357125104
12.25,0.84,0.9033548842755533,-0.0010351536449335257,0.20728292485427682,0.41555981700054706
12.375,0.84,0.9022244152572753,-0.001019079891798526,0.20495619603167536,0.4174982436346132
12.5,0.84,0.9011100214407302,-0.001003375703332585,0.20263803826312982,0.4194129304908477
12.625,0.84,0.9000113843468708,-0.0009880292525515167,0.20032831951830413,0.4213043512529033
12.75,0.84,0.898928193799918,-0.0009730291894368674,0.19802691113230772,0.42317296673909643
12.875,0.84,0.8978601476746059,-0.0009583646178512532,0.19573368768714988,0.42501922535212977
13.0,0.84,0.8968069516511582,-0.0009440250737512793,0.19344852689839542,0.4268435635105859
13.125,0.84,0.895768318977797,-0.0009300005046202632,0.1911713095067449,0.4286464060626986
13.25,0.84,0.8947439702406126,-0.0009162812500449791,0.18890191917427038,0.4304281666829359
13.375,0.84,0.8937336331406064,-0.0009028580233672736,0.1866402423850556,0.4321892482519585
13.5,0.84,0.8927370422777134,-0.0008897218943452594,0.18438616835000265,0.4339300432205393
13.625,0.84,0.8917539389416377,-0.0008768642727635977,0.18213958891558432,0.43565093395805177
13.75,0.84,0.8907840709092932,-0.0008642768929332651,0.17990039847633355,0.43735229308613616
13.875,0.84,0.8898271922486932,-0.0008519517990285319,0.17766849389087275,0.4390344837981695
14.0,0.84,0.8888830631290822,-0.0008398813312092614,0.17544377440129585,0.44069786016516044
14.125,0.84,0.8879514496371593,-0.0008280581124784426,0.17322614155573995,0.44234276742868367
14.25,0.84,0.8870321235992012,-0.0008164750362320124,0.17101549913398048,0.44396954228146684
14.375,0.84,0.8861248624089214,-0.0008051252544566868,0.16881175307589466,0.445578513136231
14.5,0.84,0.8852294488608996,-0.0007940021665343408,0.1666148114126676,0.4471700003833625
14.625,0.84,0.8843456709894186,-0.0007830994086179882,0.16442458420059694,0.44874431663799497
14.75,0.84,0.8834733219125518,-0.0007724108435415903,0.16224098345738672,0.45030176697704377
14.875,0.84,0.882612199681342,-0.000761930551230657,0.16006392310081058,0.4518426491667301
15.0,0.84,0.8817621071339282,-0.0007516528195843686,0.1578933188896424,0.45336725388110255
15.125,0.84,0.8809228517544693,-0.0007415721357986318,0.15572908836676322,0.45487586491205
15.25,0.84,0.8800942455367232,-0.0007316831781057428,0.1535711508043397,0.4563687593712707
15.375,0.84,0.8792761048521415,-0.0007219808079044603,0.15141942715100914,0.4578462078846526
15.5,0.84,0.8784682503223413,-0.000712460062257134,0.14927383998097613,0.4593084747794818
15.625,0.84,0.8776705066958277,-0.0007031161467358117,0.14713431344495256,0.4607558182648926
15.75,0.84,0.8768827027288247,-0.0006939444285958939,0.1450007732228754,0.462188490605939
15.875,0.84,0.8761046710700965,-0.0006849404302592534,0.1428731464783304,0.4636067382916497
16.0,0.84,0.8753362481496271,-0.0006760998230932497,0.14075136181461914,0.46501080219740865
16.125,0.84,0.8745772740710378,-0.0006674184214674612,0.138635349232417,0.46640091774198283
16.25,0.84,0.8738275925076129,-0.0006588921770762616,0.13652504008895744,0.46777731503949466
16.375,0.84,0.8730870506018272,-0.0006505171735147727,0.13442036705869007,0.46914021904661857
16.5,0.84,0.8723554988682399,-0.0006422896210951553,0.13232126409535477,0.4704898497052626
16.625,0.84,0.8716327910996525,-0.0006342058518922503,0.1302276663954359,0.4718264220809685
16.75,0.84,0.8709187842764069,-0.0006262623150098115,0.1281395103629285,0.4731501464972538
16.875,0.84,0.8702133384787144,-0.0006184555720561686,0.126056733575367,0.47446122866609086
17.0,0.84,0.8695163168019038,-0.0006107822928205345,0.12397927475109549,0.47575986981470525
17.125,0.84,0.8688275852744783,-0.0006032392511422364,0.12190707371769657,0.4770462668088517
17.25,0.84,0.8681470127788812,-0.0005958233209632877,0.11984007138155318,0.47832061227271455
17.375,0.84,0.8674744709748496,-0.0005885314725569722,0.11777820969850895,0.47958309470555555
17.5,0.84,0.8668098342252777,-0.0005813607689251635,0.11572143164555293,0.48083389859522013
17.625,0.84,0.8661529795244667,-0.0005743083623564304,0.11366968119350923,0.4820732045285986
17.75,0.84,0.8655037864286854,-0.0005673714911379966,0.11162290328069159,0.48330118929912247
17.875,0.84,0.8648621369889319,-0.0005605474764152327,0.10958104378746365,0.4845180260113638
18.0,0.84,0.864227915685819,-0.0005538337191908271,0.1075440495116851,0.4857238841827964
18.125,0.84,0.8636010093664858,-0.0005472276974575192,0.10551186814499182,0.4869189298427664
18.25,0.84,0.8629813071834637,-0.0005407269634590863,0.10348444824988286,0.4881033256287102
18.375,0.84,0.8623687005354023,-0.0005343291410702637,0.10146173923756317,0.48927723087965475
18.5,0.84,0.8617630830095976,-0.0005280319232957837,0.09944369134654399,0.49044080172702775
18.625,0.84,0.8611643503262278,-0.0005218330698726858,0.09743025562190077,0.4915941911827979
18.75,0.84,0.8605724002842569,-0.0005157304049836966,0.09542138389526404,0.4927375492249751
18.875,0.84,0.8599871327088964,-0.0005097218150576828,0.09341702876535048,0.49387102288048124
19.0,0.84,0.8594084494006347,-0.0005038052466815987,0.09141714357925562,0.4949947563054241
19.125,0.84,0.8588362540856646,-0.0004979787045691915,0.08942168241408972,0.49610889086278565
19.25,0.84,0.8582704523678292,-0.0004922402496616815,0.08743060005955915,0.4972135651975666
19.375,0.84,0.8577109516817564,-0.0004865879972303989,0.08544385200046613,0.4983089153093883
19.5,0.84,0.8571576612475789,-0.00048102011517390847,0.08346139440068943,0.499395074622636
19.625,0.84,0.8566104920264903,-0.00047553482219384583,0.08148318408613038,0.5004721740541004
19.75,0.84,0.8560693566782098,-0.0004701303863395014,0.0795091785305433,0.5015403420782856
19.875,0.84,0.8555341695185446,-0.0004648051231357396,0.07753933583800146,0.5025997047902419
20.0,0.84,0.8550048464798331,-0.0004595573945279667,0.07557361473184053,0.5036503859662779
20.125,0.84,0.8544813050697586,-0.0004543856066820147,0.07361197453446987,0.5046925071221338
20.25,0.84,0.8539634643355921,-0.0004492882097373159,0.0716543751626956,0.5057261875694489
20.375,0.84,0.8534512448226054,-0.00044426369460227633,0.0697007770995562,0.5067515444693658
20.5,0.84,0.8529445685444044,-0.0004393105945551766,0.06775114140430163,0.5077686928853021
20.625,0.84,0.8524433589370196,-0.00043442747936173453,0.06580542966302969,0.5087777458318662
20.75,0.84,0.8519475408412386,-0.0004296129613435311,0.06386360403409745,0.5097788143249109
20.875,0.84,0.8514570404427678,-0.0004248656826460851,0.06192562714460905,0.5107720074250397
21.0,0.84,0.8509717852814997,-0.00042018433234579546,0.05999146222323033,0.5117574322869384
21.125,0.84,0.8504917041538935,-0.00041556761644663006,0.058061072860286035,0.5127351941951971
21.25,0.84,0.8500167271866744,-0.000411014302468468,0.05613442335788099,0.5137053966173959
21.375,0.84,0.8495467856419749,-0.0004065231461127379,0.054211478148219146,0.5146681412260496
21.5,0.84,0.8490818121493235,-0.0004020930044551483,0.052292202685532495,0.5156235279660814
21.625,0.84,0.848621740265135,-0.000397722654090695,0.05037656200975883,0.5165716550468755
21.75,0.84,0.8481665050976529,-0.0003934110757640195,0.0484645229906588,0.5175126190501075
21.875,0.84,0.8477160422502948,-0.0003891570008061805,0.04655605075628379,0.5184465148513029
22.0,0.84,0.847270289425989,-0.0003849596244476993,0.04465111431274344,0.5193734358322228
22.125,0.84,0.8468291838295138,-0.000380817471520767,0.042749677640244226,0.5202934736296376
22.25,0.84,0.8463926662166201,-0.00037673018284975696,0.040851713740660836,0.5212067186119359
22.375,0.84,0.8459606744471032,-0.00037269567202074096,0.03895718241828551,0.5221132591972041
22.5,0.84,0.8455331536408062,-0.0003687146047050093,0.03706606537122228,0.5230131829931973
22.625,0.84,0.8451100401217542,-0.00036478324549022595,0.035178310718938836,0.5239065750298956
22.75,0.84,0.8446912868363793,-0.00036090473559117375,0.03329392065925842,0.5247935205695524
22.875,0.84,0.8442768233185348,-0.000357070961132421,0.0314128129005529,0.5256741005642375
23.0,0.84,0.8438666192792788,-0.00035329122478867903,0.02953503975826095,0.5265483987249467
23.125,0.84,0.8434605847306386,-0.00034954555847632664,0.0276604416140685,0.5274164897025623
23.25,0.84,0.843058729182057,-0.0003458591902978921,0.025789195486825033,0.5282784573559511
23.375,0.84,0.8426609123176021,-0.0003421784173098491,0.023920946038163388,0.5291343629226587
23.5,0.84,0.8422672433650946,-0.00033857268588085806,0.022056184659580067,0.5299842946315586
23.625,0.84,0.8418774576233851,-0.0003348838472839007,0.020194057076411278,0.5308282761198561
23.75,0.84,0.8414919229988101,-0.0003313207665815624,0.018335861806918485,0.5316664138322765
23.875,0.84,0.8411100732013035,-0.0003273623608269332,0.01647944477999195,0.5324986040598121
24.0,0.84,0.8407329717529245,-0.0003237396584451781,0.014628248614151091,0.5333250342732282
24.125,0.84,0.8403593177442304,-0.0003185059984148235,0.012776571354823112,0.5341451115074234
24.25,0.84,0.8399921624781588,-0.0003146847766304147,0.010933929622455428,0.5349594466819
24.375,0.84,0.8396282492236024,-0.0003042207903915125,0.009084040146282658,0.5357654336419291
24.5,0.84,0.8392772336394145,-0.0003010647483325704,0.0072555966470339356,0.5365660146118987
24.625,0.84,0.8389284610896892,-0.0002711670526213804,0.005395727861194427,0.5373505813773082
24.75,0.84,0.8386244330745037,-0.00027733800688981735,0.003603457598788838,0.5381334419840659
24.875,0.84,0.8383027957531686,-0.00019854588518286988,0.001668946255764083,0.538874214404089
25.0,0.84,0.8383027957531686,0.0,0.0,0.538874214404089
0.0,0.86,1.0,0.0,0.6439194632713553,0.0
0.125,0.86,1.0330459168464403,-0.04938117703425144,0.6439194632713553,0.0009822739834523789
0.25,0.86,1.0690573157609302,-0.04577426438443707,0.5771528517710324,0.0037774589654541025
0.375,0.86,1.0834381074820634,-0.042226440263366236,0.5671063258370597,0.008843044752664285
0.5,0.86,1.0944448409027006,-0.03413701191929474,0.5413294231749424,0.015466720023623245
0.625,0.86,1.0973838908722218,-0.028741870894292317,0.5336561831448466,0.023368939818401532
0.75,0.86,1.0986891388435127,-0.02404568345509447,0.5216426969338754,0.0320885407280052
0.875,0.86,1.0972100663341144,-0.02080753330350024,0.514693215940618,0.0414460551805879
1.0,0.86,1.0947921507715281,-0.018197722374821496,0.5065850130769954,0.05121450035353649
1.125,0.86,1.0911634588954542,-0.01624595807589863,0.5000853274625463,0.06127595989066585
1.25,0.86,1.086932412516502,-0.01464125223635498,0.49340743328186865,0.07150041250041766
1.375,0.86,1.0820914856769934,-0.013349440950506728,0.48736736585787005,0.08180394410065969
1.5,0.86,1.0768894608525754,-0.012251419340979886,0.4814221964524175,0.09210557202945154
1.625,0.86,1.0713804260755062,-0.011320159836999,0.47580567036914423,0.10234777438291118
1.75,0.86,1.0656872080817026,-0.010506715852800599,0.4703405781910148,0.11248039917107772
1.875,0.86,1.0598640164099487,-0.009793920355453003,0.4650875746413489,0.1224670118012495
2.0,0.86,1.0539789522301204,-0.009159430765277511,0.4599821593970329,0.13227833668397462
2.125,0.86,1.0480723902374212,-0.008592370220316801,0.4550346113850668,0.1418936263227221
2.25,0.86,1.042183952643403,-0.008081114219267573,0.4502172307076385,0.15129764632909742
2.375,0.86,1.0363403016903783,-0.007618462057529243,0.4455266530506276,0.16048051759007567
2.5,0.86,1.0305645025818868,-0.007197524499873347,0.4409483072848056,0.16943615620125851
2.625,0.86,1.0248727763709198,-0.006813304293232442,0.4364759941188969,0.17816178934603932
2.75,0.86,1.0192780405073638,-0.006461273127773896,0.43210050845715325,0.1866570738161194
2.875,0.86,1.0137892936616757,-0.006137828565407851,0.4278158089501479,0.19492365006516232
3.0,0.86,1.008413112033951,-0.005839777898749409,0.42361530490448335,0.20296461766441767
3.125,0.86,1.003153729806842,-0.0055644494191656214,0.41949378731869114,0.21078420491147468
3.25,0.86,0.9980137532773016,-0.005309489890529406,0.41544618172045233,0.21838744923043163
3.375,0.86,0.9929943679657098,-0.0050728748417480434,0.41146813554908285,0.22577997363299052
3.5,0.86,0.9880957184350919,-0.004852819324014309,0.40755557844456164,0.23296779114770952
3.625,0.86,0.9833170927043309,-0.004647762868574402,0.40370488594311477,0.23995716129543915
3.75,0.86,0.9786571409278464,-0.004456324230494526,0.3999127110013798,0.24675447163130423
3.875,0.86,0.9741140109640469,-0.004277283257617635,0.39617601713829004,0.25336614936369234
4.0,0.86,0.9696854805952464,-0.0041095546327706,0.392492004953559,0.2597985913610873
4.125,0.86,0.9653690501735702,-0.0039521723352994205,0.3888581076834419,0.26605811220310854
4.25,0.86,0.9611620245961596,-0.0038042727388594415,0.38527195341606835,0.27215090466470937
4.375,0.86,0.9570615743190135,-0.0036650824558632908,0.3817313519641143,0.2780830111998952
4.5,0.86,0.9530647865812689,-0.003533906681881769,0.37823427206698557,0.28386030346225405
4.625,0.86,0.9491687045653278,-0.0034101199523487685,0.37477882806952484,0.28948846853225113
4.75,0.86,0.9453703592162296,-0.0032931577536765475,0.3713632644158168,0.2949730001707515
4.875,0.86,0.941666793723578,-0.0031825095342563085,0.36798594423485365,0.30031919411219005
5.0,0.86,0.9380550828894612,-0.0030777125017319665,0.3646453379734784,0.30553214640155374
5.125,0.86,0.9345323478877676,-0.0029783463207107615,0.36134001408835315,0.31061675410512946
5.25,0.86,0.9310957675793188,-0.0028840284421119077,0.3580686303423308,0.31557771779273114
5.375,0.86,0.9277425868856788,-0.0027944100526328705,0.3548299263113141,0.3204195453573423
5.5,0.86,0.9244701228873323,-0.00270917250977075,0.35162271654387595,0.32514655680630755
5.625,0.86,0.921275769035721,-0.00262802422220501,0.3484458845247315,0.32976288975156415
5.75,0.86,0.918156997883869,-0.002550697898524179,0.3452983772047705,0.3342725053778379
5.875,0.86,0.9151113626127657,-0.002476948124125938,0.3421792001084537,0.3386791947217868
6.0,0.86,0.9121364976092833,-0.0024065492172123245,0.33908741290220396,0.34298658512986446
6.125,0.86,0.909230118285922,-0.002339293330657927,0.3360221253969664,0.34719814679455835
6.25,0.86,0.9063900203077422,-0.002274988766141615,0.3329824939185191,0.35131719929087546
6.375,0.86,0.9036140783549694,-0.0022134584746868625,0.32996771801327346,0.35534691805382795
6.5,0.86,0.9009002445294968,-0.0021545387195701336,0.3269770374466245,0.35929034075138494
6.625,0.86,0.8982465464912811,-0.0020980778819077515,0.3240097294652032,0.36315037351853663
6.75,0.86,0.8956510853958428,-0.0020439353912781854,0.321065106292866,0.36692979702645073
6.875,0.86,0.8931120336900419,-0.00199198076647946,0.3181425128371003,0.37063127236736226
7.0,0.86,0.8906276328129783,-0.001942092753281641,0.31524132458359616,0.3742573467409398
7.125,0.86,0.8881961908397099,-0.00189415854789422,0.3123609456605237,0.3778104589319509
7.25,0.86,0.8858160800984016,-0.0018480730962651781,0.3095008070556327,0.3812929445722891
7.375,0.86,0.8834857347854453,-0.001803738460649887,0.3066603649716809,0.384707041183083
7.5,0.86,0.8812036485982292,-0.001761063245963562,0.3038390993071238,0.38805489299481216
7.625,0.86,0.8789683724011552,-0.0017199620793893775,0.3010365122506527,0.3913385555452379
7.75,0.86,0.8767785119371808,-0.0016803551375312474,0.2982521269793399,0.3945600000565935
7.875,0.86,0.8746327255943719,-0.001642167716110169,0.2954854864513119,0.39772111759490936
8.0,0.86,0.8725297222346656,-0.0016053298378151848,0.29273615228482147,0.40082372301563446
8.125,0.86,0.8704682590901376,-0.0015697758944497847,0.29000370371643736,0.403869558700841
8.25,0.86,0.8684471397304818,-0.0015354443199713016,0.2872877366317999,0.4068602980943006
8.375,0.86,0.8664652121040994,-0.001502277291420721,0.28458786266303127,0.40979754904157156
8.5,0.86,0.8645213666541108,-0.0014702204550774603,0.28190370834746703,0.4126828569429686
8.625,0.86,0.8626145345096891,-0.0014392226754763229,0.2792349143428461,0.415517707727853
8.75,0.86,0.8607436857523936,-0.0014092358051775889,0.2765811346945572,0.4183035306591268
8.875,0.86,0.858907827756574,-0.0013802144734050895,0.2739420361509203,0.4210417009770972
9.0,0.86,0.857106003602427,-0.0013521158918636696,0.271317297522815,0.42373354239203054
9.125,0.86,0.8553372905599065,-0.0013248996762133915,0.26870660908429816,0.4263803294347298
9.25,0.86,0.8536007986413962,-0.0012985276818292593,0.2661096720111127,0.4289832896743541
9.375,0.86,0.8518956692208275,-0.0012729638526041438,0.26352619785425585,0.431543605812487
9.5,0.86,0.85022107371677,-0.0012481740816696267,0.2609559080459901,0.43406241766212106
9.625,0.86,0.8485762123369177,-0.0012241260830080068,0.2583985334359041,0.43654082401984057
9.75,0.86,0.8469603128813432,-0.0012007892730232406,0.25585381385481215,0.43897988443900327
9.875,0.86,0.8453726296018765,-0.0011781346612205186,0.25332149770445545,0.44138062091120916
10.0,0.86,0.8438124421149662,-0.00115613474921564,0.2508013415711391,0.44374401946279796
10.125,0.86,0.8422790543654559,-0.0011347634373639016,0.24829310986158995,0.4460710316725555
10.25,0.86,0.840771793638733,-0.0011139959383601756,0.24579657445945,0.4483625761162397
10.375,0.86,0.8392900096188278,-0.0010938086972160587,0.24331151440094953,0.4506195397429939
10.5,0.86,0.8378330734900944,-0.0010741793170721276,0.24083771556843805,0.4528427791881832
10.625,0.86,0.8364003770802407,-0.001055086490352031,0.23837497040053982,0.4550331220266917
10.75,0.86,0.8349913320425612,-0.001036509934806206,0.23592307761781134,0.4571913679702659
10.875,0.86,0.833605369075329,-0.0010184303340355363,0.23348184196287664,0.4593182900120673
11.0,0.86,0.8322419371764416,-0.001000829282121324,0.23105107395408467,0.46141463552123824
11.125,0.86,0.8309005029314862,-0.0009836892320218358,0.22863058965182878,0.4634811272899468
11.25,0.86,0.8295805498335234,-0.0009669934474283656,0.2262202104367209,0.46551846453512064
11.375,0.86,0.8282815776329715,-0.0009507259578017311,0.2238197627988888,0.4675273238568299
11.5,0.86,0.8270031017160818,-0.0009348715163357388,0.2214290781377203,0.4695083601550987
11.625,0.86,0.8257446525105702,-0.0009194155606198026,0.21904799257142082,0.47146220750677215
11.75,0.86,0.8245057749170727,-0.0009043441757930921,0.2166763467558091,0.4733894800039408
11.875,0.86,0.823286027765161,-0.0008896440600032349,0.21431398571181765,0.47529077255534113
12.0,0.86,0.8220849832927253,-0.0008753024919998928,0.21196075866118547,0.47716666165208177
12.125,0.86,0.8209022266476118,-0.0008613073007090025,0.20961651886988933,0.4790177060989998
12.25,0.86,0.8197373554104551,-0.000847646836648081,0.20728112349887562,0.48084444771291784
12.375,0.86,0.8185899791376976,-0.0008343099450554656,0.2049544334616773,0.48264741198905675
12.5,0.86,0.8174597189238645,-0.0008212859406183225,0.20263631328854584,0.48442710873683936
12.625,0.86,0.8163462069821892,-0.0008085645836909096,0.2003266309967304,0.48618403268632066
12.75,0.86,0.8152490862427405,-0.0007961360579078459,0.19802525796657316,0.4879186640664578
12.875,0.86,0.814168009967243,-0.0007839909491022381,0.19573206882310057,0.48963146915644284
13.0,0.86,0.8131026413798295,-0.0007721202254445019,0.19344694132280632,0.4913229008112906
13.125,0.86,0.8120526533129844,-0.0007605152187261299,0.19116975624535154,0.4929933989628759
13.25,0.86,0.8110177278679956,-0.0007491676067162989,0.18890039728991154,0.4946433910975836
13.375,0.86,0.809997556089245,-0.0007380693965234584,0.18663875097592109,0.49627329271171705
13.5,0.86,0.8089918376517105,-0.0007272129089009436,0.18438470654797773,0.4978835077457854
13.625,0.86,0.808000280561086,-0.0007165907634369332,0.1821381558846873,0.4994744289987477
13.75,0.86,0.8070226008659404,-0.0007061958645724822,0.17989899341123802,0.5010464385232688
13.875,0.86,0.8060585223813828,-0.0006960213883977794,0.17766711601551083,0.5025999080029958
14.0,0.86,0.8051077764237121,-0.0006860607701769786,0.17544242296753712,0.5041351991128225
14.125,0.86,0.8041701015555697,-0.0006763076925535803,0.1732248158421404,0.505652663863072
14.25,0.86,0.803245243341118,-0.000666756074396045,0.17101419844459906,0.5071526449284774
14.375,0.86,0.8023329541108193,-0.0006574000602416599,0.16881047673917124,0.5086354759628035
14.5,0.86,0.8014329927353846,-0.0006482340102990512,0.16661355878036058,0.5101014818999005
14.625,0.86,0.800545124408502,-0.0006392524909763537,0.1644233546467748,0.5115509792419484
14.75,0.86,0.7996691204379587,-0.0006304502658993854,0.16223977637747283,0.5129842763355967
14.875,0.86,0.7988047580448171,-0.0006218222873896418,0.16006273791067638,0.5144016736366777
15.0,0.86,0.7979518201702842,-0.0006133636883722073,0.15789215502474604,0.5158034639641147
15.125,0.86,0.7971100952899649,-0.0006050697746876272,0.15572794528133194,0.5171899327436341
15.25,0.86,0.796279377235193,-0.000596936017782793,0.15357002797059385,0.5185613582418287
15.375,0.86,0.7954594650211413,-0.0005889580477566429,0.15141832405842345,0.5199180117911067
15.5,0.86,0.7946501626814345,-0.0005811316467399435,0.14927275613557825,0.5212601580060181
15.625,0.86,0.7938512791090083,-0.0005734527425905079,0.14713324836865635,0.5225880549914254
15.75,0.86,0.7930626279029465,-0.0005659174028844888,0.14499972645284576,0.5239019545429536
15.875,0.86,0.7922840272210686,-0.000558521829187466,0.14287211756637938,0.5252021023401332
16.0,0.86,0.7915152996380266,-0.0005512623515911111,0.14075035032663102,0.526488738132608
16.125,0.86,0.7907562720086889,-0.0005441354234996301,0.138634354747801,0.5277620959197846
16.25,0.86,0.7900067753366007,-0.0005371376166547343,0.1365240622001261,0.5290224041242402
16.375,0.86,0.7892666446473167,-0.0005302656163866803,0.13441940537056213,0.5302698857592142
16.5,0.86,0.7885357188663957,-0.0005235162170798974,0.13232031822488227,0.5315047585904615
16.625,0.86,0.787813840701884,-0.0005168863178434718,0.1302267359711518,0.5327272352927461
16.75,0.86,0.7871008565310891,-0.0005103729183768004,0.1281385950245163,0.5339375236012144
16.875,0.86,0.7863966162914725,-0.0005039731150216983,0.12605583297324907,0.5351358264578795
17.0,0.86,0.785700973375491,-0.000497684096991561,0.12397838854604082,0.5363223421534258
17.125,0.86,0.7850137845292137,-0.0004915031427719305,0.12190620158044577,0.5374972644645213
17.25,0.86,0.7843349097545693,-0.0004854276166821687,0.11983921299246021,0.5386607827868132
17.375,0.86,0.7836642122150541,-0.00047945496559210094,0.11777736474719809,0.5398130822637639
17.5,0.86,0.7830015581447666,-0.00047358271578776056,0.11572059983059114,0.5409543439114679
17.625,0.86,0.7823468167606176,-0.0004678084699781959,0.11366886222209237,0.5420847447395808
17.75,0.86,0.781699860177586,-0.0004621299044371247,0.11162209686834411,0.5432044578684764
17.875,0.86,0.781060563326883,-0.00045654476627438116,0.10958024965775057,0.5443136526427306
18.0,0.86,0.780428803876909,-0.0004510508708296234,0.10754326739593577,0.5454124947410387
18.125,0.86,0.7798044621568693,-0.0004456460991827931,0.10551109778203517,0.5465011462826413
18.25,0.86,0.7791874210829519,-0.0004403283957773278,0.10348368938579305,0.5475797659303445
18.375,0.86,0.7785775660869424,-0.00043509576614716414,0.10146099162541561,0.548648508990208
18.5,0.86,0.7779747850471875,-0.0004299462747482196,0.09944295474618088,0.5497075275079683
18.625,0.86,0.7773789682217876,-0.00042487804287972945,0.09742952979970512,0.5507569703622668
18.75,0.86,0.7767900081839635,-0.00041988924670374825,0.09542066862394359,0.5517969833547467
18.875,0.86,0.7762077997594455,-0.00041497811533912414,0.09341632382372732,0.5528277092970778
19.0,0.86,0.7756322399658993,-0.0004101429290564095,0.09141644875206728,0.5538492880949841
19.125,0.86,0.7750632279541643,-0.000405382017517128,0.0894209974917933,0.5548618568293231
19.25,0.86,0.7745006649514508,-0.00040069375813658534,0.08742992483814833,0.5558655498343085
19.375,0.86,0.7739444542060857,-0.00039607657443628595,0.0854431862812855,0.5568604987729047
19.5,0.86,0.7733945009342681,-0.0003915289345866661,0.08346073799027125,0.5578468327095311
19.625,0.86,0.772850712267955,-0.000387049349812016,0.0814825367960118,0.5588246781800495
19.75,0.86,0.7723129972050987,-0.0003826363731683497,0.07950854017713063,0.5597941592592632
19.875,0.86,0.7717812665601624,-0.000378288597878569,0.07753870624237473,0.5607553976257788
20.0,0.86,0.771255432918056,-0.0003740046565065199,0.07557299371966748,0.5617085126246798
20.125,0.86,0.7707354105863865,-0.00036978321893373024,0.07361136193576129,0.5626536213275134
20.25,0.86,0.7702211155539805,-0.0003656229923552198,0.07165377081182452,0.5635908385906105
20.375,0.86,0.7697124654429781,-0.0003615227181978699,0.06970018083487292,0.5645202771103573
20.5,0.86,0.7692093794744691,-0.00035748117401834513,0.06775055306840172,0.5654420474778391
20.625,0.86,0.7687117784159816,-0.0003534971676282942,0.06580484910200006,0.5663562582292659
20.75,0.86,0.7682195845608513,-0.00034956954361511146,0.06386303109839042,0.5672630158981024
20.875,0.86,0.7677327216602535,-0.0003456971703465484,0.06192506168735378,0.5681624250597798
21.0,0.86,0.7672511149330841,-0.00034187895793363123,0.05999090410260709,0.5690545883836412
21.125,0.86,0.7667746909556551,-0.0003381138273042062,0.058060521935485596,0.5699396066692104
21.25,0.86,0.7663033777442688,-0.0003344007566696846,0.05613387949521349,0.5708175789032004
21.375,0.86,0.765837104535597,-0.0003307387056373313,0.05421094121118519,0.5716886022799484
21.5,0.86,0.7653758020476028,-0.0003271267328476521,0.05229167255024707,0.5725527722760045
21.625,0.86,0.7649194019834685,-0.00032356380751665404,0.050376038540292926,0.5734101826357314
21.75,0.86,0.7644678377350859,-0.00032004910493469915,0.04846400607772297,0.5742609254941086
21.875,0.86,0.7640210431932467,-0.00031658153622675833,0.04655554025573048,0.5751050912794695
22.0,0.86,0.7635789545542282,-0.0003131604885991744,0.044650610142358584,0.5759427689603837
22.125,0.86,0.7631415073942991,-0.00030978464930653124,0.042749179626055435,0.5767740457447488
22.25,0.86,0.7627086412304992,-0.00030645385916971783,0.040851221859052336,0.5775990076395873
22.375,0.86,0.7622802922579532,-0.0003031661653096151,0.03895669641111417,0.5784177386424327
22.5,0.86,0.7618564047931523,-0.00029992246830096733,0.037065585352310575,0.5792303220863173
22.625,0.86,0.7614369131780535,-0.0002967191102024251,0.035177836206787,0.5800368385527644
22.75,0.86,0.7610217704367492,-0.0002935595730625803,0.0332934521026397,0.5808373691935176
22.875,0.86,0.7606109031161759,-0.0002904357041775836,0.03141234922952751,0.581631990381323
23.0,0.86,0.7602042830576553,-0.0002873574470184025,0.02953458225930248,0.5824207820726135
23.125,0.86,0.7598018145520139,-0.00028430455662984474,0.027659987632563495,0.5832038139278793
23.25,0.86,0.7594035144307226,-0.00028130375132621516,0.025788748482183065,0.5839811669216667
23.375,0.86,0.7590092294039655,-0.00027830061031673453,0.02392049886711619,0.5847528961005914
23.5,0.86,0.7586190900404913,-0.00027536854001931676,0.022055746831125395,0.585519089196129
23.625,0.86,0.758232798752448,-0.00027234807412808366,0.020193607607296875,0.5862797600068493
23.75,0.86,0.7578507857829754,-0.00026945948726204034,0.0183354292871393,0.587035021928943
23.875,0.86,0.7574723920112398,-0.00026618061816552883,0.01647896027884835,0.5877847490612752
24.0,0.86,0.7570988767429648,-0.0002632769469676582,0.01462781191815841,0.5885291626069667
24.125,0.86,0.7567286372024519,-0.0002588087325378918,0.012775925581180077,0.5892676000015156
24.25,0.86,0.7563654088498446,-0.000255900677972487,0.010933484623876017,0.590000813984868
24.375,0.86,0.7560047732185284,-0.0002465818367297375,0.009082736752180869,0.5907259395413443
24.5,0.86,0.7556589783585353,-0.0002449979152455882,0.007255304165232214,0.5914465094262685
24.625,0.86,0.7553122207502888,-0.0002181925942500161,0.005392028773559883,0.5921511452512268
24.75,0.86,0.7550162798665851,-0.00022776937972362988,0.0036045816491823775,0.5928562867838658
24.875,0.86,0.754686811871618,-0.00016969255594985344,0.0016604673803528975,0.5935247205152251
25.0,0.86,0.754686811871618,0.0,0.0,0.5935247205152251
0.0,0.88,1.0,0.0,0.652239754912326,0.0
0.125,0.88,1.0359980563183484,-0.05542887125039147,0.652239754912326,0.002926742274349503
0.25,0.88,1.0726068663347572,-0.04951036150023225,0.576184524246742,0.009997291749253599
0.375,0.88,1.0814974970837998,-0.04412482016487521,0.566337655346015,0.021232056370934498
0.5,0.88,1.0860704781383332,-0.03476354300480226,0.5398671692391294,0.03450457884148949
0.625,0.88,1.0818043010272387,-0.028667858512490922,0.5327380888434685,0.04910892736805432
0.75,0.88,1.0761975833588875,-0.02354353171649965,0.5208721497530696,0.06416573084469987
0.875,0.88,1.0680791886658092,-0.020053607021002035,0.5141915895535226,0.07942228842811866
1.0,0.88,1.0595244692204653,-0.01727266779402885,0.506195169902324,0.09456532522622917
1.125,0.88,1.0502205497342416,-0.015210216224403326,0.49981031367583084,0.10948898061041892
1.25,0.88,1.0408198348754203,-0.013528932033776225,0.49319028133969367,0.12406826692127945
1.375,0.88,1.0312754657178158,-0.01218909890374516,0.48720175407957333,0.13825415726884618
1.5,0.88,1.0218241594872997,-0.011062308869522194,0.48128683679776085,0.15199733877034485
1.625,0.88,1.01248081521152,-0.010118275676504583,0.47569585953493515,0.16527991584921176
1.75,0.88,1.0033388912538492,-0.009303619650657576,0.47024780662025006,0.17808848297993815
1.875,0.88,0.9944156700733441,-0.008598812244060583,0.4650089853824253,0.19042374897434242
2.0,0.88,0.985747356325206,-0.007979015000439127,0.45991402613597165,0.20229045766465742
2.125,0.88,0.9773418625170893,-0.00743171940531699,0.45497522252139827,0.21369980610507192
2.25,0.88,0.9692099828091499,-0.006943817054261093,0.45016476023975327,0.22466540719725436
2.375,0.88,0.9613512609741705,-0.006507049896569343,0.4454800394250879,0.23520360010699992
2.5,0.88,0.9537646258889023,-0.006113643585339775,0.44090654417792474,0.24533172674213732
2.625,0.88,0.9464443575829077,-0.0057579496155345175,0.4364383929113699,0.2550679649584213
2.75,0.88,0.9393838937036237,-0.005434920980790704,0.43206645515441056,0.26443056247012714
2.875,0.88,0.9325747980027116,-0.005140571500491842,0.4277848380052111,0.2734376514895025
3.0,0.88,0.9260081987141666,-0.00487141404734471,0.42358701197694687,0.28210690931394194
3.125,0.88,0.9196745954921097,-0.004624561965456469,0.41946784663319864,0.2904554466389661
3.25,0.88,0.9135644322776573,-0.0043975036875548565,0.41542231239398286,0.298499669250325
3.375,0.88,0.9076681041012054,-0.004188103419516566,0.4114461030624961,0.3062552335625315
3.5,0.88,0.9019761931249611,-0.00399449953557392,0.40753518023099267,0.3137370058151684
3.625,0.88,0.8964795009298794,-0.0038150825440726598,0.4036859491250551,0.32095906128069246
3.75,0.88,0.8911691443635108,-0.0036484428101346113,0.39989508540499513,0.3279346904078178
3.875,0.88,0.8860365747139007,-0.003493347812088165,0.39615957270623525,0.33467642194235875
4.0,0.88,0.8810736115663956,-0.0033487117816772298,0.39247662791529797,0.3411960503765257
4.125,0.88,0.8762724464421419,-0.003213577253343064,0.3888436984377519,0.3475046699763333
4.25,0.88,0.8716256481385983,-0.0030870957316997227,0.38525842420850676,0.35361271033707325
4.375,0.88,0.8671261557525934,-0.0029685137413021177,0.38171862530297124,0.3595299736710378
4.5,0.88,0.8627672708723279,-0.0028571597263118615,0.378222279209061,0.36526567175205077
4.625,0.88,0.8585426447796878,-0.002752433721451606,0.37476750786633684,0.37082846234729705
4.75,0.88,0.8544462649517433,-0.0026537981096516473,0.37135256227702035,0.37622648429421124
4.875,0.88,0.8504724397530936,-0.0025607699895341812,0.36797581129047474,0.381467391096177
5.0,0.88,0.846615782986195,-0.0024729144772824524,0.36463573034038826,0.38655838273351273
5.125,0.88,0.8428711980722741,-0.0023898390341199156,0.3613308922579608,0.3915062356648601
5.25,0.88,0.8392338625315826,-0.002311188517828292,0.35805995864898504,0.3963173309579386
5.375,0.88,0.8356992127509911,-0.002236640929587551,0.35482167248006663,0.40099768059908836
5.5,0.88,0.832262929306648,-0.0021659037031221437,0.3516148512980333,0.40555295202786246
5.625,0.88,0.828920922857428,-0.002098710484324154,0.3484383812478786,0.40998849098515594
5.75,0.88,0.8256693207068192,-0.0020348183135363383,0.34529121164656273,0.4143093427633843
5.875,0.88,0.8225044540345025,-0.001974005162800352,0.34217235012898717,0.4185202719604028
6.0,0.88,0.8194228458201247,-0.0019160677725300933,0.3390808582484712,0.422625780835989
6.125,0.88,0.8164211994439322,-0.0018608197496416674,0.33601584750724134,0.42663012637035697
6.25,0.88,0.8134963879532922,-0.0018080898896235121,0.33297647575042905,0.43053733611872563
6.375,0.88,0.8106454439693146,-0.001757720693745671,0.32996194389242933,0.4343512229515261
6.5,0.88,0.8078655502084899,-0.0017095670550018758,0.3269714929329058,0.43807539876329016
6.625,0.88,0.8051540305889364,-0.0016634950912882477,0.32400440123438695,0.44171328722724906
6.75,0.88,0.8025083418913643,-0.0016193811067532515,0.32105998203154973,0.4452681356662256
6.875,0.88,0.7999260659436346,-0.0015771106653251906,0.3181375811492182,0.448743026104486
7.0,0.88,0.7974049022987181,-0.0015365777624292908,0.31523657490705337,0.45214088555953824
7.125,0.88,0.7949426613763809,-0.001497684082966677,0.31235636819268947,0.4554644956277662
7.25,0.88,0.7925372580402016,-0.0014603383351762733,0.3094963926866159,0.4587165014131472
7.375,0.88,0.7901867055827138,-0.001424455651441953,0.3066561052244479,0.4618994198442236
7.5,0.88,0.7878891100928986,-0.001389957048275981,0.30383498628366223,0.4650156474209052
7.625,0.88,0.7856426651816238,-0.0013567689387443593,0.3010325385834767,0.4680674674295547
7.75,0.88,0.7834456470420578,-0.0013248226914682254,0.29824828578773666,0.4710570566621037
7.875,0.88,0.7812964098234229,-0.00129405423109295,0.2954817713017965,0.4739864916725942
8.0,0.88,0.7791933812977859,-0.0012644036757608447,0.29273255715534696,0.47685775460248464
8.125,0.88,0.777135058800815,-0.0012358150076807483,0.2900002229639486,0.4796727386042545
8.25,0.88,0.7751200054286156,-0.0012082357733644903,0.2872843649627842,0.48243325289120975
8.375,0.88,0.7731468464738668,-0.0011816168105156805,0.2845845951067503,0.48514102743990895
8.5,0.88,0.7712142660855135,-0.0011559119989078108,0.2819005402315945,0.4877977173702326
8.625,0.88,0.7693210041372585,-0.0011310780328993317,0.27923184127126993,0.4904049070267981
8.75,0.88,0.7674658532910054,-0.0011070742134975937,0.2765781525271298,0.49296411378411986
8.875,0.88,0.7656476562422694,-0.0010838622581118098,0.2739391409849627,0.4954767915966483
9.0,0.88,0.7638653031353899,-0.0010614061263381773,0.27131448567620614,0.4979443343135547
9.125,0.88,0.7621177291371379,-0.001039671860290377,0.2687038770799933,0.50036807877686
9.25,0.88,0.7604039121580449,-0.001018627438144328,0.2661070165629582,0.5027493077202504
9.375,0.88,0.7587228707114647,-0.0009982426396956626,0.26352361585397227,0.5050892524846764
9.5,0.88,0.7570736619010278,-0.0009784889228498753,0.2609533965512191,0.507389095565576
9.625,0.88,0.7554553795277701,-0.0009593393100633532,0.25839608965921573,0.5096499730053735
9.75,0.88,0.7538671523088079,-0.0009407682838498137,0.25585143515358627,0.5118729766437092
9.875,0.88,0.7523081421999793,-0.0009227516905489208,0.25331918157155564,0.5140591562367319
10.0,0.88,0.7507775428154049,-0.0009052666516241239,0.2507990856263091,0.5162095214557053
10.125,0.88,0.7492745779374184,-0.0008882914818274757,0.24829091184350455,0.5183250437741592
10.25,0.88,0.7477985001107892,-0.0008718056136268248,0.24579443221836453,0.5204066582518745
10.375,0.88,0.746348589315595,-0.00085578952734636,0.2433094258918941,0.5224552652231254
10.5,0.88,0.7449241517135283,-0.0008402246865216047,0.24083567884490914,0.5244717318957878
10.625,0.88,0.7435245184628054,-0.0008250934780156777,0.2383729836086465,0.5264568938672408
10.75,0.88,0.7421490445971951,-0.0008103791564841563,0.23592113899083703,0.5284115565623246
10.875,0.88,0.7407971079650565,-0.0007960657928164484,0.2334799498162208,0.5303364965980782
11.0,0.88,0.7394681082245447,-0.0007821382262140353,0.2310492266805558,0.5322324630794888
11.125,0.88,0.7381614658914679,-0.0007685820195988178,0.2286287857172556,0.5341001788300672
11.25,0.88,0.7368766214365239,-0.0007553834180753026,0.22621844837586053,0.5359403415607239
11.375,0.88,0.7356130344288948,-0.0007425293101954576,0.2238180412116049,0.5377536249800993
11.5,0.88,0.7343701827234108,-0.0007300071917992147,0.22142739568541228,0.539540679849292
11.625,0.88,0.7331475616886856,-0.0007178051322264371,0.21904634797368344,0.5413021349836842
11.75,0.88,0.7319446834738152,-0.0007059117427155276,0.21667473878730747,0.5430385982044352
11.875,0.88,0.7307610763114191,-0.0006943161468214297,0.21431241319935726,0.5447506572420546
12.0,0.88,0.7295962838549276,-0.0006830079527019572,0.21195922048096744,0.5464388805943596
12.125,0.88,0.7284498645481937,-0.000671977227136202,0.20961501394493562,0.5481038183410336
12.25,0.88,0.7273213910256084,-0.0006612144711491888,0.2072796507966111,0.549746002916908
12.375,0.88,0.7262104495410409,-0.0006507105971316478,0.20495299199165903,0.5513659498460349
12.5,0.88,0.7251166394240051,-0.0006404569073518696,0.20263490210032953,0.5529641584385391
12.625,0.88,0.7240395725615822,-0.0006304450737638326,0.20032524917786337,0.5545411124521752
12.75,0.88,0.7229788729046988,-0.0006206671190260867,0.19802390464070663,0.5560972807204627
12.875,0.88,0.7219341759974469,-0.00061111539865379,0.19573074314821162,0.5576331177491977
13.0,0.88,0.720905128528222,-0.0006017825842271991,0.19344564248952392,0.5591490642830802
13.125,0.88,0.7198913879015058,-0.0005926616475907841,0.19116848347537865,0.5606455478441251
13.25,0.88,0.7188926218292166,-0.0005837458459793975,0.1888991498345379,0.5621229832434604
13.375,0.88,0.7179085079405771,-0.0005750287080108939,0.1866375281146191,0.5635817730680346
13.5,0.88,0.7169387334095427,-0.0005665040204924721,0.18438350758707853,0.5650223081436978
13.625,0.88,0.7159829945988688,-0.0005581658159873852,0.18213698015612959,0.5664449679760226
13.75,0.88,0.7150409967199532,-0.000550008361092947,0.17989784027138633,0.567850121170185
13.875,0.88,0.7141124535076424,-0.0005420261453861594,0.17766598484403853,0.5692381258311219
14.0,0.88,0.7131970869092301,-0.0005342138709934007,0.17544131316637035,0.570609329945134
14.125,0.88,0.7122946267869324,-0.0005265664427418171,0.17322372683445855,0.5719640717440139
14.25,0.88,0.7114048106331555,-0.0005190789588578145,0.17101312967388813,0.5733026800527191
14.375,0.88,0.710527383297916,-0.0005117467021757542,0.16880942766832907,0.5746254746215437
14.5,0.88,0.7096620967278154,-0.0005045651318219163,0.1666125288908473,0.5759327664436737
14.625,0.88,0.7088087097159926,-0.0004975298753453939,0.16442234343780865,0.5772248580589605
14.75,0.88,0.7079669876625335,-0.000490636721265843,0.1622387833652673,0.5785020438446851
14.875,0.88,0.7071367023448242,-0.00048388161200968,0.16006176262771676,0.5797646102940376
15.0,0.88,0.7063176316973792,-0.0004772606372108034,0.15789119701910326,0.5810128362829866
15.125,0.88,0.7055095596007014,-0.0004707700273527134,0.15572700411601043,0.5822469933261701
15.25,0.88,0.7047122756787465,-0.0004644061477302269,0.15356910322291287,0.5834673458223989
15.375,0.88,0.703925575104603,-0.00045816549270985926,0.15141741531942943,0.5846741512903197
15.5,0.88,0.7031492584140036,-0.00045204468027128806,0.14927186300948583,0.585867660594762
15.625,0.88,0.7023831313263245,-0.00044604044681332823,0.14713237047231822,0.5870481181642441
15.75,0.88,0.7016270045727234,-0.0004401496422086079,0.14499886341524743,0.5882157622000954
15.875,0.88,0.7008806937311111,-0.0004343692250919713,0.14287126902815925,0.5893708248776233
16.0,0.88,0.7001440190676402,-0.00042869625837060676,0.14074951593962343,0.5905135325397122
16.125,0.88,0.6994168053844375,-0.0004231279049425538,0.13863353417460153,0.5916441058832334
16.25,0.88,0.698698881873288,-0.0004176614236141552,0.1365232551136776,0.5927627601386187
16.375,0.88,0.6979900819750274,-0.0004122941652049877,0.1344186114537608,0.5938697052429062
16.5,0.88,0.6972902432443769,-0.0004070235688312621,0.13231953717020153,0.5949651460065839
16.625,0.88,0.696599207219995,-0.0004018471583590482,0.13022596748028464,0.5960492822744913
16.75,0.88,0.6959168192995056,-0.0003967625390187637,0.12813783880803253,0.597122309081061
16.875,0.88,0.6952429286192893,-0.00039176739417422744,0.12605508875027105,0.5981844168001305
17.0,0.88,0.694577387938835,-0.0003868594822378865,0.12397765604393121,0.599235791289555
17.125,0.88,0.693920053529435,-0.00038203663372725984,0.12190548053451085,0.6002766140308348
17.25,0.88,0.6932707850670478,-0.0003772967484544293,0.1198385031456657,0.601307062263941
17.375,0.88,0.692629445529132,-0.0003726377928430793,0.11777666584989763,0.6023273091175251
17.5,0.88,0.691995901095285,-0.0003680577973683384,0.11571991164026638,0.6033375237346806
17.625,0.88,0.6913700210515101,-0.000363554854112549,0.11366818450310426,0.6043378713943969
17.75,0.88,0.6907516776979585,-0.00035912711443192335,0.11162142939169437,0.6053285136288608
17.875,0.88,0.6901407462599822,-0.00035477278673024426,0.10957959220085373,0.6063096083367299
18.0,0.88,0.6895371048023641,-0.00035049013433244286,0.10754261974239969,0.6072813098925016
18.125,0.88,0.6889406341465703,-0.00034627747345442777,0.1055104597214508,0.6082437692520954
18.25,0.88,0.6883512177909108,-0.00034213317126584244,0.10348306071353228,0.6091971340547591
18.375,0.88,0.6877687418334587,-0.00033805564403721915,0.10146037214243757,0.6101415487213957
18.5,0.88,0.6871930948976323,-0.000334043355374083,0.09944234425884522,0.611077154549424
18.625,0.88,0.6866241680602967,-0.0003300948145238848,0.09742892811959257,0.6120040898042575
18.75,0.88,0.686061854782322,-0.0003262085747648299,0.09542007556768349,0.6129224898075066
18.875,0.88,0.6855060508414274,-0.00032238323185385874,0.09341573921283028,0.6138324870219921
19.0,0.88,0.6849566542673121,-0.00031861742256133514,0.091415872412767,0.6147342111336672
19.125,0.88,0.6844135652788363,-0.00031490982323619356,0.0894204292548897,0.6156277891305345
19.25,0.88,0.6838766862233951,-0.00031125914848277185,0.08742936453886255,0.6165133453786694
19.375,0.88,0.6833459215180392,-0.00030766414981288007,0.08544263375911074,0.6173910016954073
19.5,0.88,0.6828211775928442,-0.00030412361448008113,0.0834601930888441,0.6182608774198554
19.625,0.88,0.6823023628355346,-0.00030063636416134833,0.08148199936296348,0.6191230894807148
19.75,0.88,0.6817893875387623,-0.0002972012540069502,0.07950801006398314,0.6199777524616854
19.875,0.88,0.6812821638476425,-0.0002938171712293185,0.07753818330437871,0.6208249786642773
20.0,0.88,0.6807806057111774,-0.00029048303453598477,0.07557247781574254,0.6216648781685571
20.125,0.88,0.6802846288316753,-0.00028719779233410533,0.07361085292828663,0.6224975588912426
20.25,0.88,0.6797941506213335,-0.0002839604229815295,0.07165326856667623,0.6233231266423347
20.375,0.88,0.6793090901513497,-0.0002807699318963352,0.06969968522108298,0.6241416851786493
20.5,0.88,0.6788293681165741,-0.00027762535372763116,0.06775006395842467,0.6249533362570971
20.625,0.88,0.6783549067791841,-0.00027452574660668085,0.0658043663710284,0.6257581796834523
20.75,0.88,0.677885629949019,-0.0002714701990076874,0.06386255462518327,0.626556313363579
20.875,0.88,0.6774214629093064,-0.00026845781673807864,0.06192459135268303,0.6273478333463546
21.0,0.88,0.6769623324320179,-0.0002654877414312303,0.059990439791478,0.6281328338755054
21.125,0.88,0.6765081666546496,-0.0002625591192774999,0.05806006353339903,0.6289114074233886
21.25,0.88,0.6760588951792246,-0.00025967114851050327,0.05613342689385224,0.6296836447495189
21.375,0.88,0.6756144488228966,-0.000256823002383337,0.054210494299209856,0.630449634916436
21.5,0.88,0.6751747599224103,-0.0002540139490646056,0.052291231227629645,0.6312094653695394
21.625,0.88,0.6747397617657941,-0.00025124316009101033,0.050375602695441904,0.6319632219126297
21.75,0.88,0.674309389406965,-0.000248510011230237,0.048463575623407605,0.632710988844967
21.875,0.88,0.673883578297203,-0.00024581360433430693,0.04655511507202604,0.633452848840033
22.0,0.88,0.6734622663717381,-0.00024315352070735028,0.04465019016650281,0.6341888832288926
22.125,0.88,0.6730453906788966,-0.00024052862528774267,0.04274876470988272,0.6349191716404656
22.25,0.88,0.6726328926434858,-0.0002379389526662404,0.04085081199371827,0.6356437926531017
22.375,0.88,0.6722247096909866,-0.00023538271083467765,0.03895629137018468,0.6363628228401188
22.5,0.88,0.6718207884524877,-0.00023286100926573153,0.03706518525460031,0.6370763383448371
22.625,0.88,0.6714210638809536,-0.00023037032665486636,0.035177440619810194,0.6377844124298492
22.75,0.88,0.6710254923310337,-0.00022791441130838632,0.033293061458083355,0.6384871193767736
22.875,0.88,0.6706339993958936,-0.00022548521419951627,0.03141196255510367,0.6391845282235407
23.0,0.88,0.6702465628319144,-0.0002230931228327783,0.029534200772620908,0.6398767125924049
23.125,0.88,0.6698630820028924,-0.0002207179804582266,0.027659608916109718,0.6405637344846029
23.25,0.88,0.6694835863708116,-0.00021838748084032538,0.025788375799917284,0.6412456696796582
23.375,0.88,0.6691079074102447,-0.00021604747319936774,0.023920125735708245,0.6419225644034384
23.5,0.88,0.6687362064296645,-0.00021377392570869213,0.022055382223057925,0.6425945041429704
23.625,0.88,0.6683681425525158,-0.00021140893006464268,0.020193232595120278,0.6432614901793853
23.75,0.88,0.6680042289345641,-0.00020918001508656234,0.018335070803759148,0.6439236426809521
23.875,0.88,0.6676436797207883,-0.0002065732089961867,0.016478556566087148,0.6445808105805041
24.0,0.88,0.6672880036701486,-0.0002043741757045705,0.014627456328676399,0.6452332537915035
24.125,0.88,0.6669351874215694,-0.00020068350999164023,0.012775389304014454,0.6458802355707512
24.25,0.88,0.6665898159334178,-0.00019866934376873747,0.010933146033617995,0.6465226733515385
24.375,0.88,0.6662459392003711,-0.00019057202829497378,0.009081658966377084,0.647157428440332
24.5,0.88,0.6659189789533927,-0.00019046485483284752,0.007255178374611949,0.6477886983041811
24.625,0.88,0.6655866700028069,-0.00016688656602580954,0.00538903546099798,0.6484042760926128
24.75,0.88,0.6653117387802844,-0.00017909749675618675,0.0036058995815709907,0.6490228343189726
24.875,0.88,0.6649833776755645,-0.00014052155771334402,0.001655262429908689,0.6496112098251321
25.0,0.88,0.6649833776755645,0.0,0.0,0.6496112098251321
0.0,0.9,1.0,0.0,0.6618102531729757,0.0
0.125,0.9,1.0362776547848183,-0.06134169076733366,0.6618102531729757,0.008400131060175828
0.25,0.9,1.0688243011158778,-0.052345076148285145,0.574929482492603,0.02526283487801607
0.375,0.9,1.0660043616677346,-0.04470639480253023,0.5653330194395816,0.0484393115819284
0.5,0.9,1.0589306371081846,-0.03400672081612518,0.5382585589803484,0.07292353166921864
0.625,0.9,1.0432248596047695,-0.027248115623081836,0.5317594682837689,0.09759372672015851
0.75,0.9,1.0276536749212934,-0.02178823982133817,0.5200817362690275,0.12122248295223072
0.875,0.9,1.0107374462249434,-0.018151849878899808,0.513689650319968,0.14374521543859253
1.0,0.9,0.9946760252836586,-0.015311562112346532,0.505811660845863,0.16494691865012945
1.125,0.9,0.9789118150342889,-0.013247044574841474,0.4995437022755307,0.18491564971576635
1.25,0.9,0.9640235836786933,-0.011592853510480257,0.49298137562587435,0.2036630290767808
1.375,0.9,0.9497969106091873,-0.010300501330136883,0.48704356805309335,0.22128399510601948
1.5,0.9,0.9363706623710862,-0.009231914165084691,0.48115795891959845,0.23784079780798031
1.625,0.9,0.9236437139262076,-0.008352939089090619,0.47559160388771793,0.25341713940221106
1.75,0.9,0.9116261901196642,-0.007606259217077653,0.4701598104187004,0.2680816115447639
1.875,0.9,0.9002546257920637,-0.006970426622320563,0.464934481446129,0.28190585994622025
2.0,0.9,0.8895022416732509,-0.006418904684275213,0.4598494085123211,0.29495298006591103
2.125,0.9,0.8793207150276647,-0.005938282469770377,0.45491885169942553,0.30728367732979744
2.25,0.9,0.8696753022564383,-0.0055147576587763715,0.45011488770025687,0.3189526878616938
2.375,0.9,0.8605262540457943,-0.00513971915127656,0.4454356555374236,0.330011002920772
2.5,0.9,0.851840046194348,-0.004805173050729477,0.4408666933789943,0.34050491435405966
2.625,0.9,0.8435833085844691,-0.0045054019327786556,0.4364024247018548,0.3504769606160957
2.75,0.9,0.8357263573498721,-0.004235361192462921,0.4320337909888336,0.3599658286358336
2.875,0.9,0.8282411075529954,-0.003991131812301618,0.4277550411107762,0.3690068708529348
3.0,0.9,0.8211021065372671,-0.0037693261351705075,0.4235597040639154,0.3776322682598985
3.125,0.9,0.8142857339226869,-0.0035671815701547784,0.419442724001637,0.3858713821911545
3.25,0.9,0.807770428635973,-0.0033823213545304074,0.4153991138734336,0.3937509751356602
3.375,0.9,0.8015363199087481,-0.0032127502871600547,0.4114246112005083,0.40129547913607705
3.5,0.9,0.7955652043657511,-0.0030567471792130128,0.4075152076021168,0.40852720667565157
3.625,0.9,0.7898403338371817,-0.0029128402753223095,0.4036673360996897,0.41546656379936175
3.75,0.9,0.7843463256918098,-0.0027797525647163582,0.39987769353422936,0.42213223160780605
3.875,0.9,0.7790690176691584,-0.0026563779939629477,0.3961432822493434,0.4285413369670981
4.0,0.9,0.773995370555385,-0.0025417503120162225,0.392461334230796,0.43470960222493044
4.125,0.9,0.7691133587799374,-0.002435024392235119,0.3888293099860447,0.4406514818892619
4.25,0.9,0.7644118829766343,-0.0023354568392353788,0.3852448603764531,0.44638028382523015
4.375,0.9,0.7598806838796811,-0.0022423922115314275,0.38170581492309363,0.4519082785228544
4.5,0.9,0.7555102684912625,-0.0021552501764539474,0.3782101591501738,0.45724679643466215
4.625,0.9,0.7512918410906421,-0.0020735155234906603,0.3747560219625695,0.4624063153169598
4.75,0.9,0.7472172423364515,-0.0019967292919958754,0.3713416603686614,0.467396538242097
4.875,0.9,0.7432788935430197,-0.0019244815304426826,0.3679654484507964,0.4722264635308428
5.0,0.9,0.7394697468669827,-0.0018564049878758244,0.3646258662003302,0.4769044473630161
5.125,0.9,0.7357832400813357,-0.0017921698239518598,0.3613214904436509,0.4814382599622371
5.25,0.9,0.7322132558908098,-0.0017314790267080153,0.35805098629433696,0.48583513603117257
5.375,0.9,0.7287540850715738,-0.001674064507121676,0.3548130998128628,0.4901018201121314
5.5,0.9,0.7254003931823916,-0.0016196837144176186,0.35160665128125557,0.4942446074300068
5.625,0.9,0.7221471903904533,-0.0015681167199755892,0.34843052927122203,0.4982693807352657
5.75,0.9,0.7189898041371484,-0.001519163681712679,0.345283685258187,0.5021816435899454
5.875,0.9,0.7159238543197224,-0.0014726426419864097,0.3421651288026515,0.5059865504954618
6.0,0.9,0.7129452307458006,-0.0014283876043065993,0.3390739231800469,0.5096889342083053
6.125,0.9,0.7100500726172226,-0.0013862468520949587,0.3360091814367472,0.5132933305505997
6.25,0.9,0.7072347498421873,-0.0013460814732085876,0.332970062805688,0.5168040009833661
6.375,0.9,0.7044958459874912,-0.001307764062756117,0.32995576945146304,0.5202249531785197
6.5,0.9,0.7018301427088652,-0.0012711775790952597,0.3269655435024031,0.5235599597961185
6.625,0.9,0.6992346055119892,-0.00123621433278824,0.3239986643421345,0.5268125756485366
6.75,0.9,0.6967063707148459,-0.0012027750906531218,0.3210544461309454,0.5299861534110312
6.875,0.9,0.6942427334950769,-0.0011707682800533499,0.3181322355343241,0.5330838580192381
7.0,0.9,0.6918411369192908,-0.0011401092804887644,0.31523140963683166,0.5361086798775578
7.125,0.9,0.6894991618619662,-0.0011107197915350886,0.3123513740232916,0.5390634469882223
7.25,0.9,0.6872145177316814,-0.0010825272676393517,0.30949156101072794,0.5419508360985644
7.375,0.9,0.6849850339309376,-0.0010554644116476672,0.30665142801685613,0.5447733829535093
7.5,0.9,0.6828086519836031,-0.0010294687200289147,0.30383045605229886,0.5475334917312741
7.625,0.9,0.680683418270723,-0.001004482073728759,0.30102814832531893,0.5502334437324837
7.75,0.9,0.6786074773214716,-0.0009804503693871469,0.29824402894900515,0.5528754053862194
7.875,0.9,0.6765790656112943,-0.000957323186353793,0.295477641741976,0.555461435630703
8.0,0.9,0.6745965058239862,-0.0009350534855258945,0.2927285491146096,0.557993492721252
8.125,0.9,0.672658201538603,-0.0009135973365408052,0.2899963310336155,0.5604734405136843
8.25,0.9,0.6707626323057927,-0.0008929136702902554,0.28728058405850115,0.5629030542673837
8.375,0.9,0.668908349081414,-0.0008729640541001135,0.28458092044409505,0.5652840260086732
8.5,0.9,0.6670939699882353,-0.0008537124872363376,0.28189696730386604,0.5676179694919055
8.625,0.9,0.6653181763791204,-0.0008351252146787058,0.2792283658292378,0.5699064247927078
8.75,0.9,0.6635797091774577,-0.0008171705573410744,0.27657477056054636,0.5721508625650564
8.875,0.9,0.6618773654726932,-0.0007998187571212816,0.27393584870566434,0.5743526879912815
9.0,0.9,0.6602099953507271,-0.0007830418353479902,0.27131127950264833,0.5765132444516894
9.125,0.9,0.6585764989406688,-0.0007668134633400626,0.2687007536230789,0.5786338169382094
9.25,0.9,0.656975823660985,-0.0007511088439360985,0.2661039726130362,0.5807156352343259
9.375,0.9,0.6554069616495163,-0.0007359046029663364,0.2635206483688958,0.5827598768815443
9.5,0.9,0.6538689473631295,-0.0007211786897446884,0.2609505026453616,0.5847676699507373
9.625,0.9,0.6523608553339384,-0.0007069102857492808,0.2583932665933587,0.5867400956349524
9.75,0.9,0.6508817980701472,-0.000693079720742722,0.2558486803255948,0.5886781906786055
9.875,0.9,0.6494309240905359,-0.0006796683956540549,0.2533164925077736,0.5905829496564805
10.0,0.9,0.6480074160825199,-0.0006666587116096404,0.25079645997360495,0.5924553271145405
10.125,0.9,0.646610489174584,-0.0006540340045584836,0.2482883473619128,0.5942962395833042
10.25,0.9,0.6452393893146167,-0.0006417784849886457,0.24579192677427003,0.5961065674733799
10.375,0.9,0.6438933917464141,-0.0006298771822793643,0.2433069774517093,0.5978871568617311
10.5,0.9,0.6425717995772494,-0.0006183158932765673,0.2408332854692053,0.5996388211763414
10.625,0.9,0.6412739424299947,-0.0006070811347167568,0.2383706434466979,0.60136234278612
10.75,0.9,0.6399991751738427,-0.0005961600991623775,0.2359188502755447,0.6030584745022332
10.875,0.9,0.6387468767281499,-0.0005855406141415235,0.23347771085938443,0.6047279409963925
11.0,0.9,0.637516448934386,-0.0005752111042145569,0.23104703586846517,0.6063714401411487
11.125,0.9,0.6363073154915835,-0.0005651605557183281,0.22862664150657735,0.6079896442767769
11.25,0.9,0.6351189209510566,-0.0005553784839617046,0.22621634928979378,0.6095832014089677
11.375,0.9,0.633950729766496,-0.0005458549026690421,0.22381598583629034,0.611152736341222
11.5,0.9,0.6328022253958532,-0.0005365802954872755,0.2214253826665694,0.6126988517455826
11.625,0.9,0.6316729094517146,-0.0005275455893904191,0.21904437601346294,0.6142221291750913
11.75,0.9,0.630562300897111,-0.0005187421298326889,0.21667280664134173,0.6157231300211907
11.875,0.9,0.6294699352839376,-0.0005101616575146409,0.21431051967399373,0.6172023964190972
12.0,0.9,0.6283953640313777,-0.0005017962866404564,0.21195736443067242,0.618660452104038
12.125,0.9,0.6273381537418953,-0.0004936384845557288,0.20961319426985686,0.6200978032211102
12.25,0.9,0.6262978855525461,-0.00048568105266549714,0.20727786644028653,0.6215149390913906
12.375,0.9,0.6252741545195072,-0.0004779171085415984,0.204951241938863,0.6229123329368136
12.5,0.9,0.6242665690338678,-0.000470340069136661,0.2026331853750464,0.6242904425662313
12.625,0.9,0.6232747502668471,-0.0004629436350285791,0.2003235648413803,0.6256497110249386
12.75,0.9,0.6222983316427442,-0.00045572177562523003,0.19802225178981586,0.6269905672098656
12.875,0.9,0.6213369583380031,-0.00044866871526726604,0.19572912091351757,0.6283134264525158
13.0,0.9,0.6203902868049067,-0.00044177892016817005,0.19344405003384577,0.6296186910716223
13.125,0.9,0.619457984318492,-0.000435047086138216,0.1911669199922437,0.6309067508973993
13.25,0.9,0.6185397285453658,-0.00042846812704036953,0.18889761454675907,0.6321779837691404
13.375,0.9,0.6176352071331876,-0.00042203716393055527,0.18663602027295115,0.6334327560078292
13.5,0.9,0.6167441173196616,-0.00041574951484032313,0.18438202646894755,0.6346714228653197
13.625,0.9,0.6158661655599426,-0.00040960068515773397,0.1821355250644327,0.6358943289515292
13.75,0.9,0.6150010671714398,-0.0004035863585685255,0.17989641053335448,0.6371018086410132
13.875,0.9,0.614148545995062,-0.0003977023885216285,0.17766457981016154,0.638294186460178
14.0,0.9,0.6133083340719936,-0.0003919447901852916,0.17543993220937779,0.63947177745631
14.125,0.9,0.6124801713351737,-0.0003863097328589077,0.1732223693483541,0.6406348875495083
14.25,0.9,0.6116638053146757,-0.00038079353281368796,0.17101179507303463,0.6417838138685384
14.375,0.9,0.6108589908562514,-0.0003753926465327443,0.16880811538658005,0.6429188450715385
14.5,0.9,0.6100654898523474,-0.0003701036643219975,0.16661123838072345,0.6440402616524512
14.625,0.9,0.6092830709849382,-0.0003649233042707371,0.16442107416971544,0.6451483362339921
14.75,0.9,0.6085115094795698,-0.0003598484065361577,0.16223753482675282,0.6462433338478938
14.875,0.9,0.6077505868700366,-0.000354875927931401,0.1600605343227663,0.6473255122031322
15.0,0.9,0.6070000907731662,-0.00035000293679619793,0.15788998846746813,0.648395121942781
15.125,0.9,0.6062598146731978,-0.00034522660813303104,0.15572581485257092,0.6494524068900921
15.25,0.9,0.6055295577152873,-0.00034054421899093105,0.1535679327970722,0.6504976042843754
15.375,0.9,0.6048091245076925,-0.00033595314408054936,0.15141626329453717,0.6515309450072004
15.5,0.9,0.6040983249322265,-0.0003314508516068568,0.14927072896228882,0.6525526537994107
15.625,0.9,0.6033969739625774,-0.0003270348993058299,0.14713125399243868,0.653562949469423
15.75,0.9,0.602704891490129,-0.00032270293067277546,0.1449977641046855,0.6545620450932327
15.875,0.9,0.6020219021569276,-0.00031845267137146167,0.14287018650081962,0.6555501482065474
16.0,0.9,0.601347835195472,-0.00031428192581308686,0.1407484498208636,0.6565274609894163
16.125,0.9,0.6006825242749972,-0.0003101885738954083,0.13863248410080242,0.6574941804437251
16.25,0.9,0.6000258073539712,-0.00030617056789481833,0.1365222207318334,0.658450498563892
16.375,0.9,0.5993775265385078,-0.0003022259295020998,0.1344175924210872,0.6593966025010728
16.5,0.9,0.5987375279464331,-0.0002983527469947722,0.13231853315376416,0.6603326747211806
16.625,0.9,0.5981056615767478,-0.0002945491725396087,0.13022497815664158,0.6612588931569958
16.75,0.9,0.5974817811842416,-0.00029081341961772534,0.12813686386289513,0.6621754313546178
16.875,0.9,0.5968657441590223,-0.0002871437605688607,0.1260541278781789,0.6630824586145114
17.0,0.9,0.5962574114107462,-0.0002835385242465697,0.12397670894794141,0.6639801401273668
17.125,0.9,0.5956566472573256,-0.0002799960937814052,0.12190454692590114,0.6648686371049883
17.25,0.9,0.5950633193179199,-0.0002765149044453785,0.11983758274365072,0.6657481069064066
17.375,0.9,0.5944772984100121,-0.00027309344161405925,0.1177757583813563,0.6666187031594025
17.5,0.9,0.5938984584503869,-0.00026973023882222706,0.11571901683948184,0.6674805758776113
17.625,0.9,0.5933266763598336,-0.0002664238759079048,0.11366730211151369,0.6683338715733712
17.75,0.9,0.5927618319714073,-0.0002631729772408627,0.11162055915764943,0.669178733366468
17.875,0.9,0.5922038079420818,-0.0002599762100328887,0.10957873387939097,0.6700153010889203
18.0,0.9,0.5916524896676498,-0.0002568322827242377,0.10754177309501951,0.6708437113859395
18.125,0.9,0.5911077652007186,-0.00025373994344360634,0.10550962451590518,0.6716640978131941
18.25,0.9,0.5905695251716648,-0.0002506979785390271,0.10348223672362118,0.6724765909305055
18.375,0.9,0.5900376627124139,-0.0002477052111727126,0.10145955914781256,0.6732813183920913
18.5,0.9,0.5895120733829315,-0.0002447604999835464,0.09944154204482084,0.6740784050334692
18.625,0.9,0.588992655100282,-0.00024186273780356257,0.09742813647696424,0.674867972955139
18.75,0.9,0.5884793080701837,-0.000239010850439222,0.09541929429255319,0.675650141603154
18.875,0.9,0.5879719347208907,-0.0002362037954946364,0.09341496810643654,0.6764250278466745
19.0,0.9,0.587470439639403,-0.00023344056126639088,0.09141511128132383,0.6771927460526346
19.125,0.9,0.5869747295097443,-0.00023072016565356708,0.08941967790942788,0.6779534081575973
19.25,0.9,0.5864847130534818,-0.00022804165516568546,0.0874286227950812,0.6787071237369371
19.375,0.9,0.5860003009719804,-0.00022540410389308891,0.08544190143722664,0.6794540000714037
19.5,0.9,0.5855214058909941,-0.00022280661264549654,0.08345947001345876,0.6801941422112484
19.625,0.9,0.5850479423064162,-0.00022024830792831784,0.08148128536291441,0.6809276530378847
19.75,0.9,0.5845798265328753,-0.0002177283412737491,0.07950730497223328,0.6816546333233874
19.875,0.9,0.5841169766523276,-0.00021524588810301445,0.07753748695785741,0.6823751817876107
20.0,0.9,0.583659312466976,-0.00021280014741862578,0.07557179005527472,0.6830893951535273
20.125,0.9,0.5832067554495057,-0.0002103903402651921,0.07361017359839352,0.6837973682000807
20.25,0.9,0.5827592287015685,-0.00020801571021775598,0.07165259751559072,0.6844991938139237
20.375,0.9,0.5823166569030905,-0.0002056755207362084,0.06969902230043572,0.685194963038102
20.5,0.9,0.5818789662798127,-0.00020336905754680763,0.06774940902346116,0.6858847651209925
20.625,0.9,0.5814460845455844,-0.0002010956231383522,0.06580371927999604,0.6865686875604975
20.75,0.9,0.5810179408880651,-0.00019885454379372857,0.06386191524004034,0.687246816151597
20.875,0.9,0.5805944658891149,-0.00019664515685135348,0.06192395953772646,0.6879192350246828
21.0,0.9,0.580175591551732,-0.00019446682929099825,0.059989815415271076,0.688586026694731
21.125,0.9,0.5797612511616096,-0.00019231892682751415,0.058059446465490015,0.689247272089831
21.25,0.9,0.579351379413298,-0.0001902008613144229,0.0561328170097335,0.6899030506089568
21.375,0.9,0.5789459121208833,-0.0001881120143391016,0.05420989147225905,0.6905534401303689
21.5,0.9,0.578544786588599,-0.00018605185661142587,0.05229063534162897,0.6911985170949126
21.625,0.9,0.5781479409408441,-0.0001840197577139349,0.05037501362457404,0.6918383564680984
21.75,0.9,0.577755315100529,-0.00018201528539792393,0.048462993263646496,0.6924730318906958
21.875,0.9,0.5773668491644578,-0.0001800377305087859,0.046554539291273726,0.693102615528699
22.0,0.9,0.5769824858978336,-0.00017808685612088796,0.04464962088311483,0.6937271783949529
22.125,0.9,0.5766021667210693,-0.00017616170942641706,0.042748201768123904,0.6943467899221403
22.25,0.9,0.5762258379921859,-0.00017426249678189547,0.04085025536014322,0.6949615187140208
22.375,0.9,0.5758534410219,-0.0001723876073998458,0.03895574082196769,0.6955714314275158
22.5,0.9,0.5754849278283785,-0.00017053831329210184,0.037064640871340634,0.696176594600799
22.625,0.9,0.5751202362208545,-0.0001687112899990007,0.03517690200100605,0.6967770717984291
22.75,0.9,0.5747593292731102,-0.00016691044421081978,0.033292528959768614,0.697372928150151
22.875,0.9,0.5744021330301168,-0.00016512799282803207,0.03141143531154795,0.6979642230773189
23.0,0.9,0.5740486355315676,-0.0001633745021570811,0.029533679835130944,0.6985510217441083
23.125,0.9,0.5736987306596387,-0.00016163033365237703,0.02765909217801756,0.6991333762856143
23.25,0.9,0.5733524675307865,-0.00015992347652230593,0.025787866127727897,0.6997113554073401
23.375,0.9,0.57300965688817,-0.0001582012157867712,0.02391961755152986,0.7002849943514264
23.5,0.9,0.5726705048447165,-0.000156540239182228,0.022054883467415923,0.7008543750156639
23.625,0.9,0.5723346084807572,-0.0001547875526034843,0.020192727134554413,0.7014194840103594
23.75,0.9,0.5720025972358637,-0.00015317247599014775,0.01833458251935744,0.7019804484507841
23.875,0.9,0.5716735013445177,-0.0001511999039473183,0.01647803319518226,0.7025370899076626
24.0,0.9,0.5713491701711876,-0.00014965718357724803,0.014626980277415809,0.7030897122010977
24.125,0.9,0.5710269993350007,-0.00014672353336241275,0.012774767917361578,0.7036375016166786
24.25,0.9,0.5707127124786469,-0.00014553789951687461,0.010932709579736206,0.7041815626786091
24.375,0.9,0.5703982104262291,-0.00013869855096427524,0.009080622471937203,0.7047184735498246
24.5,0.9,0.5701031485490563,-0.00013988685633381444,0.0072549900401138985,0.7052531632229232
24.625,0.9,0.569796583447066,-0.00011959147075585959,0.005386552084736287,0.7057725373271736
24.75,0.9,0.5695559040589211,-0.00013338558714057387,0.0036070526211938263,0.7062974931676899
24.875,0.9,0.5692360577165876,-0.0001121294359233562,0.0016524629558720043,0.7067996342967474
25.0,0.9,0.5692360577165876,0.0,0.0,0.7067996342967474
0.0,0.92,1.0,0.0,0.6720444272481623,0.0
0.125,0.92,1.0280447639736743,-0.06721600687776623,0.6720444272481623,0.02326978006555954
0.25,0.92,1.0463898278294548,-0.053537989924151666,0.5731432741931475,0.06081805266481445
0.375,0.92,1.021829249913574,-0.042849982387335596,0.5641495466683446,0.1045247010177359
0.5,0.92,0.99667323025178,-0.0308307841650652,0.5366893204985616,0.14516744132197673
0.625,0.92,0.9654953643368656,-0.023670641217218492,0.5308892535846372,0.18229892654696592
0.75,0.92,0.9380727192327915,-0.018213715555487058,0.5194096983598102,0.21509940769474103
0.875,0.92,0.91176953544098,-0.014740992317780107,0.5132881625403717,0.24440264190923214
1.0,0.92,0.8885706701365217,-0.012113669592902816,0.5055107634581785,0.2705125968802278
1.125,0.92,0.8672666567273598,-0.010271851592311199,0.4993426124692582,0.29401607492096915
1.25,0.92,0.8481638992933974,-0.008830947318211777,0.49282572437689076,0.3152439617067607
1.375,0.92,0.8306977431030612,-0.007737322794877751,0.4869287101357312,0.33455660604255577
1.5,0.92,0.814813850590033,-0.006850635158748135,0.48106528500351936,0.35219932760455835
1.625,0.92,0.8002200925783541,-0.006137212670232074,0.47551785667322843,0.36840124472594904
1.75,0.92,0.7868048967443634,-0.005540645561329802,0.47009803349760937,0.3833365806253065
1.875,0.92,0.7743978402968129,-0.005040856608090178,0.46488270654405184,0.3971598658009047
2.0,0.92,0.7628977972115352,-0.0046126689144142296,0.4598047553972812,0.4099965370143738
2.125,0.92,0.752194542891225,-0.004244000633517831,0.4548801445494968,0.421956187197078
2.25,0.92,0.7422077804599495,-0.003922271525367255,0.45008078176429156,0.43313114401067354
2.375,0.92,0.7328606630336691,-0.0036399724216784847,0.4454054271728845,0.44360195845760486
2.5,0.92,0.7240912921214199,-0.0033900954821320982,0.44083963129647896,0.45343796161575683
2.625,0.92,0.7158433288996132,-0.003167793637807736,0.4363780653139691,0.46269986547967634
2.75,0.92,0.7080690506260959,-0.0029687926229650112,0.4320117146311345,0.4714406363818481
2.875,0.92,0.700725747131359,-0.0027898502197070568,0.4277349390513051,0.4797069167758718
3.0,0.92,0.6937762669414157,-0.0026281757382139595,0.4235413071808742,0.48753979595166197
3.125,0.92,0.6871874609551208,-0.0024815315242908108,0.41942581953324976,0.4949756831477549
3.25,0.92,0.6809300472441772,-0.002348004000504765,0.4153835186957876,0.5020469059866339
3.375,0.92,0.6749778330250646,-0.002226006439932098,0.4114101742808523,0.5087822901317841
3.5,0.92,0.6693074456241648,-0.0021141789184810546,0.40750179896801625,0.5152076055410102
3.625,0.92,0.663897883808736,-0.002011369453960925,0.40365484573989924,0.5213459701629032
3.75,0.92,0.6587302655141533,-0.0019165848003315608,0.3998660262645228,0.5272181792601643
3.875,0.92,0.6537875387623439,-0.0018289710975559004,0.39613235610611697,0.5328429950700774
4.0,0.92,0.6490542773571696,-0.001747786754037464,0.3924510777659877,0.5382373902911386
4.125,0.92,0.6445164804927559,-0.0016723871450482351,0.3888196609003537,0.543416760186385
4.25,0.92,0.6401614144986171,-0.0016022082154347297,0.3852357639336929,0.5483951039010326
4.375,0.92,0.6359774675364291,-0.0015367552539213285,0.38169722292254477,0.5531851822097678
4.5,0.92,0.6319540283950111,-0.0014755922872308337,0.3782020289201296,0.5577986538178454
4.625,0.92,0.6280813781172027,-0.0014183340212875258,0.37474831561570077,0.5622461942400144
4.75,0.92,0.6243505970261412,-0.001364638654371403,0.37133434412699695,0.5665375993270876
4.875,0.92,0.6207534823284105,-0.0013142020977223296,0.3679584921096225,0.5706818759359195
5.0,0.92,0.6172824763138168,-0.001266752944542303,0.3646192426579487,0.5746873214079492
5.125,0.92,0.6139306027914785,-0.0012220482935468087,0.36131517531308666,0.5785615935186199
5.25,0.92,0.6106914111566134,-0.0011798701419908529,0.3580449575666647,0.5823117721577573
5.375,0.92,0.6075589267609152,-0.0011400223340075483,0.35480733757283006,0.5859444138971588
5.5,0.92,0.6045276069339192,-0.001102327925779199,0.35160113746109156,0.5894656003788307
5.625,0.92,0.6015923018192306,-0.00106662692854885,0.34842524743966247,0.5928809813488343
5.75,0.92,0.5987482194741046,-0.0010327743537838152,0.34527862043728497,0.5961958130238956
5.875,0.92,0.5959908946630347,-0.0010006385235437742,0.34216026730917404,0.5994149923884018
6.0,0.92,0.5933161609122736,-0.0009700996003623774,0.3390692524870964,0.6025430879277135
6.125,0.92,0.5907201254186724,-0.0009410483074078992,0.33600469005298955,0.6055843672351827
6.25,0.92,0.58819914648106,-0.0009133848092783488,0.33296574016941033,0.6085428218666714
6.375,0.92,0.5857498131553075,-0.0008870177316085801,0.3299516058374846,0.6114221897655006
6.5,0.92,0.5833689268804705,-0.0008618632993128564,0.32696152993997424,0.6142259755356874
6.625,0.92,0.5810534848522793,-0.0008378445774802239,0.3239947925423685,0.6169574688041536
6.75,0.92,0.5788006649513019,-0.0008148908007560735,0.32105070842248695,0.619619760880336
6.875,0.92,0.5766078120560826,-0.0007929367795450983,0.3181286248061859,0.6222157598946471
7.0,0.92,0.5744724255934959,-0.0007719223728806237,0.3152279192874766,0.6247482045740727
7.125,0.92,0.5723921481962004,-0.0007517920194174387,0.3123479979151743,0.627219676793665
7.25,0.92,0.5703647553530536,-0.0007324943191612606,0.30948829342962514,0.6296326130259966
7.375,0.92,0.5683881459517471,-0.0007139816596387894,0.3066482636354048,0.6319893147964661
7.5,0.92,0.5664603336247562,-0.0006962098810707668,0.303827389897243,0.6342919582402244
7.625,0.92,0.5645794388198689,-0.0006791379758756506,0.3010251757480349,0.6365426028461271
7.75,0.92,0.5627436815254133,-0.0006627278184569726,0.29824114559892917,0.6387431994641565
7.875,0.92,0.5609513745880655,-0.000646943921778639,0.29547484354260806,0.6408955976450356
8.0,0.92,0.559200917567822,-0.0006317532176882161,0.2927258322418112,0.6430015523739896
8.125,0.92,0.5574907910806477,-0.0006171248583465867,0.28999369189594826,0.6450627302546876
8.25,0.92,0.5558195515844694,-0.0006030300364575095,0.28727801927939023,0.6470807151941071
8.375,0.92,0.5541858265687317,-0.0005894418222822916,0.28457842684562584,0.6490570136343845
8.5,0.92,0.5525883101117463,-0.0005763350156694776,0.2818945418920409,0.6509930593734478
8.625,0.92,0.5510257587735936,-0.0005636860115459753,0.27922600578054513,0.6528902180123817
8.75,0.92,0.5494969877954858,-0.000551472677499355,0.27657247320970946,0.6547497910639555
8.875,0.92,0.5480008675792892,-0.0005396742422359236,0.27393361153444706,0.6565730197535125
9.0,0.92,0.5465363204233841,-0.0005282711938417436,0.27130910012962,0.6583610885404481
9.125,0.92,0.5451023174932703,-0.0005172451868889829,0.26869862979423703,0.6601151283857634
9.25,0.92,0.5436978760073276,-0.0005065789575337444,0.2661019021932085,0.6618362197886632
9.375,0.92,0.542322056619926,-0.0004962562458445845,0.2635186293338428,0.6635253956128504
9.5,0.92,0.5409739609856893,-0.0004862617246764479,0.26094853307451626,0.6651836437210342
9.625,0.92,0.5396527294902101,-0.00047658093447723105,0.2583913446631426,0.6668119094342444
9.75,0.92,0.538357539133787,-0.0004672002234746634,0.2558468043032543,0.6684110978307641
9.875,0.92,0.5370876015560017,-0.0004581066927447174,0.2533146607456908,0.6699820758979149
10.0,0.92,0.5358421611900014,-0.0004492881457132465,0.2507946709040414,0.6715256745484843
10.125,0.92,0.5346204935363683,-0.0004407330416849615,0.2482865994921427,0.6730426905123276
10.25,0.92,0.5334219035473355,-0.00043243045303237846,0.24579021868207243,0.6745338881125178
10.375,0.92,0.5322457241129324,-0.00042437002571402323,0.2433053077811868,0.6760000009344549
10.5,0.92,0.531091314641384,-0.00041654194282091675,0.24083165292690056,0.6774417333954497
10.625,0.92,0.529958059726758,-0.0004089368908810106,0.2383690467979832,0.6788597622215503
10.75,0.92,0.5288453678974665,-0.00040154602867674985,0.23591728834126222,0.6802547378377394
10.875,0.92,0.5277526704397709,-0.0003943609583536557,0.23347618251271576,0.6816272856770489
11.0,0.92,0.5266794202909659,-0.0003873736986204731,0.2310455400320129,0.682978007413679
11.125,0.92,0.5256250909973399,-0.00038057665986039537,0.2286251771496404,0.6843074821247875
11.25,0.92,0.5245891757324475,-0.0003739626209911895,0.22621491542582303,0.6856162673852716
11.375,0.92,0.5235711863715784,-0.00036752470792741335,0.22381458152050857,0.6869049002995582
11.5,0.92,0.5225706526186665,-0.0003612563735123022,0.2214240069937458,0.688173898474179
11.625,0.92,0.5215871211821479,-0.0003551513788005358,0.2190430281158276,0.6894237609346426
11.75,0.92,0.5206201549966017,-0.0003492037755845359,0.21667148568663286,0.6906549689899707
11.875,0.92,0.5196693324872003,-0.00034340789006782646,0.21430922486362547,0.6918679870480325
12.0,0.92,0.5187342468742585,-0.00033775830759686835,0.2119560949980159,0.693063263384682
12.125,0.92,0.51781450551535,-0.0003322498583737883,0.2096119494786265,0.694241230869541
12.25,0.92,0.5169097292826564,-0.0003268776040767474,0.20727664558302297,0.6954023076511175
12.375,0.92,0.5160195519733656,-0.0003216368253240088,0.20495004433550773,0.6965468978038177
12.5,0.92,0.5151436197511071,-0.0003165230099219234,0.20263201037159995,0.6976753919392766
12.625,0.92,0.5142815906165316,-0.000311531841842615,0.20032241180863944,0.6987881677842863
12.75,0.92,0.5134331339052736,-0.0003066591908810114,0.19802112012218442,0.6998855907274849
12.875,0.92,0.5125979298116661,-0.0003019011029474224,0.19572801002788479,0.7009680143368322
13.0,0.92,0.5117756689366635,-0.0002972537909514211,0.193442959368529,0.7020357808497767
13.125,0.92,0.5109660518585386,-0.00029271362623919727,0.1911658490059904,0.7030892216378906
13.25,0.92,0.5101687887250109,-0.00028827713054820417,0.18889656271780456,0.7041286576476365
13.375,0.92,0.5093835988655581,-0.00028394096844389143,0.1866349870981279,0.7051543998188105
13.5,0.92,0.5086102104227187,-0.000279701940209281,0.18438101146284427,0.70616674948209
13.625,0.92,0.5078483600012977,-0.00027555697515602585,0.18213452775859684,0.7071659987370301
13.75,0.92,0.5070977923344373,-0.00027150312532994605,0.17989543047553963,0.7081524308117163
13.875,0.92,0.5063582599655939,-0.0002675375595848137,0.17766361656361296,0.7091263204052314
14.0,0.92,0.5056295229455103,-0.00026365755800158535,0.17543898535215688,0.7100879340139621
14.125,0.92,0.504911348543348,-0.0002598605066271735,0.17322143847269728,0.7110375302427365
14.25,0.92,0.504203510971188,-0.0002561438925140667,0.17101087978474497,0.7119753601016601
14.375,0.92,0.5035057911211536,-0.0002525052990404562,0.16880721530445159,0.712901667289496
14.5,0.92,0.5028179763144847,-0.0002489424014895356,0.16661035313599284,0.7138166884643352
14.625,0.92,0.5021398600618914,-0.00024545296287368753,0.16442020340554336,0.7147206535022715
14.75,0.92,0.5014712418346178,-0.0002420348299851785,0.16223667819772933,0.715613785744729
14.875,0.92,0.5008119268456187,-0.00023868592965829526,0.1600596914944427,0.716496302235057
15.0,0.92,0.5001617258403499,-0.00023540426522987537,0.15788915911591153,0.7173684139449503
15.125,0.92,0.49952045489666247,-0.0002321879131830935,0.15572499866393996,0.7182303259912292
15.25,0.92,0.49888793523334546,-0.0002290350199646892,0.15356712946721493,0.7190822378434707
15.375,0.92,0.49826399302688407,-0.00022594379896293277,0.1514154725286076,0.7199243435229498
15.5,0.92,0.49764845923602585,-0.00022291252763639714,0.14926995047438296,0.7207568317933355
15.625,0.92,0.4970411694337737,-0.00021993954478405535,0.14713048750524754,0.7215798863435376
15.75,0.92,0.49644196364644844,-0.0002170232479483242,0.14499700934916535,0.7223936859630948
15.875,0.92,0.49585068619947836,-0.00021416209094333915,0.1428694432158776,0.7231984047104664
16.0,0.92,0.495267185569602,-0.00021135458150052896,0.14074771775305892,0.7239942120745585
16.125,0.92,0.4946913142431781,-0.00020859927902447886,0.1386317630040609,0.7247812731298201
16.25,0.92,0.49412292858032236,-0.0002058947924547064,0.1365215103671758,0.725559748685193
16.375,0.92,0.49356188868459183,-0.00020323977822615365,0.1344168925563709,0.726329795427213
16.5,0.92,0.4930080582779707,-0.00020063293832416952,0.1323178435634355,0.727091566057517
16.625,0.92,0.49246130458090387,-0.00019807301842871003,0.1302242986215009,0.7278452094250211
16.75,0.92,0.49192149819715353,-0.00019555880614306113,0.12813619416987032,0.7285908706529894
16.875,0.92,0.4913885130032528,-0.00019308912930473087,0.1260534678201122,0.7293286912612242
17.0,0.92,0.4908622260423469,-0.00019066285437229765,0.12397605832338268,0.7300588092835782
17.125,0.92,0.4903425174222228,-0.00018827888488673648,0.12190390553891166,0.7307813593809952
17.25,0.92,0.48982927021733047,-0.00018593616000256446,0.11983695040361547,0.7314964729502451
17.375,0.92,0.48932237037462145,-0.00018363365308579133,0.11777513490280321,0.7322042782285431
17.5,0.92,0.48882170662302116,-0.00018137037037665082,0.11571840204190939,0.7329049003942019
17.625,0.92,0.4883271703863739,-0.00017914534971303053,0.11366669581922545,0.7335984616634779
17.75,0.92,0.4878386556997027,-0.00017695765931199242,0.11161996119959479,0.7342850813837544
17.875,0.92,0.48735605912862606,-0.00017480639660772735,0.10957814408901288,0.7349648761232002
18.0,0.92,0.48687927969179756,-0.00017269068714243472,0.10754119131010764,0.7356379597570363
18.125,0.92,0.4864082187862206,-0.00017060968350710246,0.10550905057845478,0.7363044435505316
18.25,0.92,0.48594278011531944,-0.00016856256433217542,0.10348167047969725,0.7369644362388608
18.375,0.92,0.4854828696196284,-0.00016654853332178553,0.10145900044741937,0.7376180441039261
18.5,0.92,0.4850283954100005,-0.00016456681833553337,0.09944099074177612,0.7382653710482702
18.625,0.92,0.48457926770319476,-0.00016261667050634815,0.09742759242877737,0.7389065186661786
18.75,0.92,0.48413539875978673,-0.00016069736340506682,0.09541875736030854,0.7395415863120913
18.875,0.92,0.4836967028242151,-0.00015880819223139676,0.09341443815468004,0.7401706711664133
19.0,0.92,0.48326309606701146,-0.000156948473059312,0.09141458817795518,0.7407938682988487
19.125,0.92,0.4828344965288983,-0.0001551175420846676,0.0894191615255935,0.7414112707293251
19.25,0.92,0.48241082406702396,-0.00015331475495407516,0.08742811300507555,0.7420229694866604
19.375,0.92,0.481992000302698,-0.0001515394860474525,0.08544139811838987,0.7426290536649887
19.5,0.92,0.481577948571427,-0.00014979112790877816,0.08345897304608914,0.7432296104781572
19.625,0.92,0.4811685938737967,-0.0001480690905140034,0.08148079463016535,0.7438247253120185
19.75,0.92,0.4807638628293157,-0.00014637280086575208,0.07950682036004345,0.744414481774955
19.875,0.92,0.4803636836297067,-0.00014470170213505472,0.07753700835483698,0.7449989617463528
20.0,0.92,0.47996798599704105,-0.00014305525358015056,0.07557131735266773,0.7455782454236899
20.125,0.92,0.47957670113802264,-0.00014143292929324753,0.07360970668992821,0.7461524113674048
20.25,0.92,0.479189761708039,-0.00013983421885667668,0.07165213629751407,0.746721536545082
20.375,0.92,0.47880710176328645,-0.00013825862502923683,0.06969856667126413,0.747285696372726
20.5,0.92,0.47842865673516854,-0.00013670566617791547,0.06774895888418554,0.747844964756841
20.625,0.92,0.47805436337273616,-0.0001351748712504853,0.06580327453357673,0.748399414131633
20.75,0.92,0.4776841597388441,-0.00013366578658876153,0.06386147579203039,0.7489491155004923
20.875,0.92,0.4773179851243885,-0.00013217796405415194,0.061923525295117514,0.749494138467458
21.0,0.92,0.4769557800950654,-0.00013071097874571384,0.05998938628815437,0.7500345512814045
21.125,0.92,0.4765974863313831,-0.00012926439995387964,0.05805902236427395,0.7505704208571898
21.25,0.92,0.47624304679841545,-0.0001278378360907066,0.05613239784938877,0.7511018128303646
21.375,0.92,0.47589240539678396,-0.00012643086266370338,0.0542094771654611,0.7516287915562069
21.5,0.92,0.47554550743666,-0.00012504313518792566,0.052290225809449586,0.7521514201940579
21.625,0.92,0.4752022988129781,-0.00012367420965420667,0.050374608779439806,0.7526697606544688
21.75,0.92,0.4748627272370453,-0.00012232382533852056,0.048462593036120216,0.753183873760457
21.875,0.92,0.474526740219597,-0.0001209914563791182,0.046554143587563275,0.7536938190681706
22.0,0.92,0.47419428819364207,-0.00011967701936366239,0.04464922965204049,0.7541996552226445
22.125,0.92,0.47386531951521027,-0.00011837975194604659,0.04274781489499222,0.7547014394653131
22.25,0.92,0.4735397883125677,-0.00011709998352616359,0.04084987283418683,0.7551992284774953
22.375,0.92,0.47321764202977257,-0.00011583632673039259,0.03895536247082919,0.7556930771065677
22.5,0.92,0.472898841098092,-0.00011459011511056919,0.03706426678033383,0.7561830404313489
22.625,0.92,0.47258332782561924,-0.00011335834802603646,0.0351765318467439,0.7566691705251862
22.75,0.92,0.4722710756840602,-0.00011214485665441703,0.03329216306417951,0.7571515215968966
22.875,0.92,0.471962011460085,-0.00011094246567385683,0.03141107295834264,0.7576301417661203
23.0,0.92,0.47165613896578085,-0.00010976134528091803,0.029533321944063474,0.7581050860470205
23.125,0.92,0.47135334360379805,-0.00010858327403675341,0.027658736990903456,0.758576395169984
23.25,0.92,0.4710537043962418,-0.00010743506287998018,0.025787516130412115,0.7590441291504738
23.375,0.92,0.4707569999285255,-0.00010626783690337497,0.02391926809047991,0.7595083109935364
23.5,0.92,0.4704635039477321,-0.00010515502645526259,0.02205454141328745,0.7599690175002282
23.625,0.92,0.4701727172496336,-0.00010395533950019308,0.02019237909217287,0.7604262201311326
23.75,0.92,0.46988544319717834,-0.00010288823748468598,0.018334249104462165,0.7608800516961852
23.875,0.92,0.46960042711419736,-0.00010149858261916484,0.016477671283262496,0.7613303084908523
24.0,0.92,0.46932002252700894,-0.00010053691812471208,0.014626660557107532,0.7617773375780511
24.125,0.92,0.469040715497843,-9.833545034914373e-05,0.012774332282134012,0.7622202597353185
24.25,0.92,0.46876990088463144,-9.785879225132528e-05,0.010932437865737674,0.7626603653590561
24.375,0.92,0.4684962230587022,-9.235047721324702e-05,0.009079874084399725,0.7630939951045704
24.5,0.92,0.4682455574066316,-9.450351834661219e-05,0.007254965677862939,0.7635267778577992
24.625,0.92,0.46797427082188364,-7.773124991075013e-05,0.005384733787265292,0.7639448586020204
24.75,0.92,0.4677818228704069,-9.16037202327663e-05,0.0036081403163064365,0.7643709244120253
24.875,0.92,0.46747612874472544,-8.44855904950968e-05,0.0016515665118429575,0.7647818690969075
25.0,0.92,0.46747612874472544,0.0,0.0,0.7647818690969075
0.0,0.9400000000000001,1.0,0.0,0.6842949304092868,0.0
0.125,0.9400000000000001,0.9964938944185096,-0.0690168448793475,0.6842949304092868,0.06211069913073635
0.25,0.9400000000000001,0.9823853792261542,-0.050308385757877376,0.5711298743548455,0.13862785462598176
0.375,0.9400000000000001,0.9233955394240717,-0.0371047323825328,0.5627228531173292,0.21172825860069486
0.5,0.9400000000000001,0.875713851013239,-0.024730413723878773,0.5350813769041791,0.2700926049268739
0.625,0.9400000000000001,0.8285404234728114,-0.017934052986766473,0.5300304214563537,0.3177221357272521
0.75,0.9400000000000001,0.791416915510574,-0.013097820442618268,0.5187790967416183,0.3561448404261057
0.875,0.9400000000000001,0.7588398637226327,-0.010232586485616785,0.5129169667690695,0.3882312960114879
1.0,0.9400000000000001,0.7320708096823497,-0.008153020424117538,0.5052348656004866,0.4153034127416561
1.125,0.9400000000000001,0.7087316184312342,-0.0067743758916024,0.49915565892253755,0.43867909297448276
1.25,0.9400000000000001,0.6887313302869227,-0.005724557874434801,0.49267878549404454,0.45908011706683133
1.375,0.9400000000000001,0.6710403678037196,-0.004957469850195666,0.48681708679902036,0.4771404030483272
1.5,0.9400000000000001,0.6554142493046681,-0.004346264417147912,0.4809730253870586,0.493264162509658
1.625,0.9400000000000001,0.6413714643948658,-0.003865882931065581,0.4754421482812399,0.5077922253838675
1.75,0.9400000000000001,0.6287108962485006,-0.0034687180736691623,0.4700330479434922,0.5209682749338499
1.875,0.9400000000000001,0.6171815553362434,-0.0031406493799147946,0.4648267693972283,0.5329956974432196
2.0,0.9400000000000001,0.6066393701966907,-0.0028617816435839933,0.4597554472012715,0.5440314511333207
2.125,0.9400000000000001,0.5969380997037006,-0.002623817368381142,0.45483644353715724,0.5542069438468895
2.25,0.9400000000000001,0.5879763789772234,-0.0024173693547883783,0.4500415325970542,0.5636285625972697
2.375,0.9400000000000001,0.5796605967599546,-0.0022373395405724293,0.44536998261529953,0.5723861502846426
2.5,0.9400000000000001,0.5719184325543808,-0.0020787277617333308,0.44080735992752934,0.5805546757948817
2.625,0.9400000000000001,0.5646856305549441,-0.001938270007243089,0.4363485406725712,0.588198120393321
2.75,0.9400000000000001,0.5579094328032065,-0.001813013319575933,0.43198455131421454,0.5953709668144047
2.875,0.9400000000000001,0.5515435159368243,-0.001700791883660919,0.42770984562873504,0.6021202139809383
3.0,0.9400000000000001,0.5455485047843056,-0.001599720894276626,0.4235180287597898,0.6084864804184198
3.125,0.9400000000000001,0.539889821691005,-0.0015083182579829582,0.4194041504203498,0.6145051633772878
3.25,0.9400000000000001,0.5345374537659634,-0.0014253125414271952,0.41536328066401346,0.6202072137584371
3.375,0.9400000000000001,0.5294649138159968,-0.001349661826931308,0.41139121797828376,0.6256198569146904
3.5,0.9400000000000001,0.5246488900858173,-0.0012804737168766796,0.4074839947677549,0.6307671306539797
3.625,0.9400000000000001,0.5200686742688508,-0.0012169980316041338,0.4036380824691821,0.6356703586706611
3.75,0.9400000000000001,0.5157058545637413,-0.001158589437627033,0.39985020682724226,0.6403485260954197
3.875,0.9400000000000001,0.5115439647437057,-0.0011046961591425625,0.39611739591971473,0.6448186027020927
4.0,0.9400000000000001,0.5075682460438183,-0.0010548403193367294,0.39243690238466555,0.6490958083419831
4.125,0.9400000000000001,0.5037654144779262,-0.0010086082405126892,0.3888062047202801,0.6531938399972723
4.25,0.9400000000000001,0.5001234826569072,-0.0009656389816000087,0.3852229687604481,0.6571250622277942
4.375,0.9400000000000001,0.49663159732895823,-0.0009256170330986303,0.38168503699990486,0.6609006703160148
4.5,0.9400000000000001,0.493279906898016,-0.0008882650926792444,0.3781904059988913,0.6645308290573765
4.625,0.9400000000000001,0.49005944401662777,-0.0008533387829458575,0.3747372142454051,0.6680247922209861
4.75,0.9400000000000001,0.486962026559395,-0.000820621842949268,0.37132372701866645,0.6713910052529136
4.875,0.9400000000000001,0.48398017068705934,-0.0007899223415879668,0.3679483256204784,0.6746371942145125
5.0,0.9400000000000001,0.4811070160894164,-0.0007610693539119844,0.36460949633954187,0.6777704429072977
5.125,0.9400000000000001,0.47833626040909205,-0.0007339102344881696,0.3613058215334108,0.6807972600964287
5.25,0.9400000000000001,0.47566210215677945,-0.0007083082567958029,0.3580359711813572,0.6837236382477622
5.375,0.9400000000000001,0.47307919049126973,-0.0006841406302858208,0.35479869564468086,0.6865551050587142
5.5,0.9400000000000001,0.47058258111987167,-0.0006612967887045627,0.35159281901591394,0.6892967687952198
5.625,0.9400000000000001,0.4681676973320862,-0.0006396769307743584,0.34841723325530544,0.691953358318386
5.75,0.9400000000000001,0.4658302955463208,-0.0006191907579932353,0.34527089285929663,0.6945292585245547
5.875,0.9400000000000001,0.4635664347199524,-0.0005997563873989751,0.3421528100899741,0.6970285418211607
6.0,0.9400000000000001,0.4613724491442331,-0.0005812994073023357,0.3390620506447401,0.6994549961583064
6.125,0.9400000000000001,0.45924492417318824,-0.0005637520574596191,0.33599772974700987,0.7018121500611699
6.25,0.9400000000000001,0.45718067452650796,-0.0005470525135198262,0.3329590085911887,0.7041032950396813
6.375,0.9400000000000001,0.455176724842867,-0.00053114426165253,0.32994509111326,0.7063315056980589
6.5,0.9400000000000001,0.45323029221429545,-0.0005159755498890631,0.3269552210447442,0.7084996578195385
6.625,0.9400000000000001,0.45133877046416454,-0.0005014989057978153,0.3239886792232899,0.7106104446632378
6.75,0.9400000000000001,0.44949971596660737,-0.00048767071115330074,0.32104478113053675,0.7126663916771068
6.875,0.9400000000000001,0.4477108348303249,-0.0004744508260228751,0.3181228746350607,0.714669869803573
7.0,0.9400000000000001,0.4459699712939931,-0.00046180225562959825,0.3152223379188301,0.716623107531246
7.125,0.9400000000000001,0.44427509719953884,-0.0004496908544544156,0.3123425775694363,0.7185282018265127
7.25,0.9400000000000001,0.4426243024268449,-0.00043808506277579867,0.30948302682173895,0.720387128062294
7.375,0.9400000000000001,0.44101578618771,-0.0004269556715766734,0.3066431439349179,0.7222017490471979
7.5,0.9400000000000001,0.4394478490894946,-0.00041627561230034765,0.3038224106922505,0.7239738232462927
7.625,0.9400000000000001,0.4379188858895554,-0.00040601976844377804,0.3010203310125544,0.7257050122745153
7.75,0.9400000000000001,0.43642737887089916,-0.0003961648063792506,0.298236429663324,0.7273968877348481
7.875,0.9400000000000001,0.43497189177750206,-0.00038668902315801344,0.29547025106673586,0.7290509374657617
8.0,0.9400000000000001,0.43355106425473344,-0.00037757220934275104,0.2927213581906058,0.73066857125572
8.125,0.9400000000000001,0.4321636067463836,-0.000368795525176582,0.2899893315171849,0.732251126076659
8.25,0.9400000000000001,0.4308082958050942,-0.00036034138861015,0.2872737680834079,0.7337998708831198
8.375,0.9400000000000001,0.42948396977762243,-0.0003521933739015816,0.28457428058680717,0.735316011019081
8.5,0.9400000000000001,0.4281895248304192,-0.00034433611965721967,0.281890496551878,0.736800692270329
8.625,0.9400000000000001,0.4269239112845893,-0.00033675524532534543,0.27922205755213103,0.7382550045964366
8.75,0.9400000000000001,0.42568613023242985,-0.0003294372752704181,0.2765686184835179,0.7396799855729999
8.875,0.9400000000000001,0.4244752304105382,-0.00032236956965649063,0.2739298468852787,0.7410766235716726
9.0,0.9400000000000001,0.4232903053069521,-0.0003155402614595441,0.2713054223045977,0.7424458607026885
9.125,0.9400000000000001,0.4221304904819664,-0.0003089381990034487,0.26869503570175884,0.7437885955420164
9.25,0.9400000000000001,0.42099496108425183,-0.00030255289348049856,0.26609838889276394,0.7451056856629299
9.375,0.9400000000000001,0.4198829295456271,-0.00029637447097527437,0.2635151940266145,0.7463979499896574
9.5,0.9400000000000001,0.4187936434394274,-0.0002903936285636607,0.260945173094696,0.7476661709888709
9.625,0.9400000000000001,0.41772638348880975,-0.0002846015940990019,0.2583880574698966,0.7489110967130383
9.75,0.9400000000000001,0.4166804617126106,-0.0002789900893411358,0.2558435874732797,0.7501334427081305
9.875,0.9400000000000001,0.4156552196975117,-0.00027355129611502266,0.2533115119663131,0.7513338937967871
10.0,0.9400000000000001,0.41465002698630843,-0.000268277825218742,0.2507915879668038,0.7525131057468459
10.125,0.9400000000000001,0.4136642795730048,-0.0002631626878279567,0.2482835802868475,0.7536717068340646
10.25,0.9400000000000001,0.4126973984963044,-0.00025819926916633145,0.24578726119123412,0.7548102993069136
10.375,0.9400000000000001,0.41174882852382727,-0.00025338130423783377,0.2433024100748662,0.7559294607605269
10.5,0.9400000000000001,0.4108180369200832,-0.0002487028554316363,0.24082881315788474,0.7570297454261756
10.625,0.9400000000000001,0.4099045122918411,-0.00024415829183292644,0.23836626319728696,0.7581116853820303
10.75,0.9400000000000001,0.40900776350511725,-0.0002397422700861736,0.23591455921392415,0.7591757916904479
10.875,0.9400000000000001,0.40812731866849683,-0.00023544971667423863,0.2334735062338665,0.7602225554665857
11.0,0.9400000000000001,0.40726272417798126,-0.00023127581148805148,0.2310429150431948,0.7612524488827418
11.125,0.9400000000000001,0.4064135438189576,-0.00022721597257649003,0.22862260195535963,0.7622659261125116
11.25,0.9400000000000001,0.4055793579212717,-0.00022326584197395117,0.22621238859031664,0.7632634242185509
11.375,0.9400000000000001,0.4047597625637118,-0.00021942127251660124,0.22381210166471271,0.7642453639874931
11.5,0.9400000000000001,0.4039543688245343,-0.00021567831556350706,0.22142157279244762,0.7652121507153481
11.625,0.9400000000000001,0.4031628020749117,-0.00021203320955019472,0.2190406382949905,0.7661641749465166
11.75,0.9400000000000001,0.4023847013124667,-0.00020848236930802105,0.21666913902088175,0.7671018131693668
11.875,0.9400000000000001,0.40161971853223416,-0.00020502237608832372,0.21430692017388117,0.7680254284711657
12.0,0.9400000000000001,0.40086751813264127,-0.00020164996823889786,0.21195383114926833,0.7689353711550019
12.125,0.9400000000000001,0.4001277763542434,-0.0001983620324824749,0.2096097253778379,0.7698319793211763
12.25,0.9400000000000001,0.3994001807491393,-0.00019515559575372662,0.20727446017715112,0.7707155794154144
12.375,0.9400000000000001,0.3986844296791286,-0.00019202781755351894,0.2049478966096425,0.7715864867461053
12.5,0.9400000000000001,0.3979802318408161,-0.0001889759827859372,0.20262989934720524,0.7724450059726413
12.625,0.9400000000000001,0.39728730581599175,-0.00018599749504151394,0.20032033654189296,0.7732914315668054
12.75,0.9400000000000001,0.3966053796457264,-0.00018308987029816553,0.19801907970240956,0.77412604824902
12.875,0.9400000000000001,0.3959341904267342,-0.00018025073101212701,0.19572600357606848,0.7749491314011643
13.0,0.9400000000000001,0.3952734839286398,-0.00017747780057078208,0.19344098603591975,0.7757609474575234
13.125,0.9400000000000001,0.39462301423089063,-0.0001747688980847842,0.19116390797277172,0.7765617542753446
13.25,0.9400000000000001,0.39398254337812466,-0.00017212193349766446,0.1888946531918386,0.7773518014863505
13.375,0.9400000000000001,0.3933518410528914,-0.00016953490299028353,0.1866331083137651,0.7781313308304542
13.5,0.9400000000000001,0.39273068426469077,-0.0001670058846624898,0.18437916267979484,0.778900576472841
13.625,0.9400000000000001,0.3921188570543621,-0.00016453303447324643,0.18213270826086014,0.779659765305473
13.75,0.9400000000000001,0.3915161502129206,-0.0001621145824218938,0.17989363957038823,0.7804091172339852
13.875,0.9400000000000001,0.3909223610139994,-0.0001597488289546689,0.17766185358062733,0.7811488454508865
14.0,0.9400000000000001,0.39033729295910435,-0.00015743414158220342,0.17543724964230853,0.7818791566958725
14.125,0.9400000000000001,0.3897607555349436,-0.00015516895169323883,0.17321972940747707,0.7826002515040292
14.25,0.9400000000000001,0.3891925639821557,-0.00015295175155110091,0.17100919675533408,0.7833123244426091
14.375,0.9400000000000001,0.38863253907477724,-0.0001507810914622017,0.16880555772093198,0.7840155643370365
14.5,0.9400000000000001,0.38808050690986495,-0.0001486555771020721,0.16660872042659702,0.7847101544867345
14.625,0.9400000000000001,0.38753629870670675,-0.00014657386699122701,0.16441859501593817,0.7853962728713214
14.75,0.9400000000000001,0.38699975061510183,-0.00014453467010901248,0.1622350935903351,0.7860740923477028
14.875,0.9400000000000001,0.38647070353222374,-0.0001425367436357254,0.16005813014778372,0.7867437808385189
15.0,0.9400000000000001,0.38594900292761053,-0.00014057889081575865,0.15788762052399657,0.7874055015124143
15.125,0.9400000000000001,0.3854344986758584,-0.00013865995893209653,0.15572348233567243,0.7880594129565236
15.25,0.9400000000000001,0.3849270448966238,-0.00013677883738585526,0.15356563492582911,0.7887056693415893
15.375,0.9400000000000001,0.3844264998015606,-0.00013493445587365804,0.151413999311132,0.789344420580057
15.5,0.9400000000000001,0.3839327255478439,-0.0001331257826555864,0.14926849813112714,0.7899758124775115
15.625,0.9400000000000001,0.3834455880979592,-0.00013135182290943665,0.1471290555993127,0.790599986877772
15.75,0.9400000000000001,0.38296495708544587,-0.00012961161716472424,0.14499559745597707,0.7912170818019526
15.875,0.9400000000000001,0.38249070568630955,-0.00012790423981265763,0.14286805092273963,0.7918272315817807
16.0,0.9400000000000001,0.38202271049583175,-0.00012622879768647133,0.1407463446587265,0.7924305669874505
16.125,0.9400000000000001,0.3815608514105203,-0.00012458442870838044,0.1386304087183338,0.7930272153502631
16.25,0.9400000000000001,0.3811050115149614,-0.0001229703006002998,0.13652017451050869,0.7936173006803009
16.375,0.9400000000000001,0.3806550769733389,-0.00012138560965365116,0.13441557475950075,0.7942009437793672
16.5,0.9400000000000001,0.38021093692541097,-0.00011982957955638955,0.13231654346702623,0.7947782623494013
16.625,0.9400000000000001,0.3797724833867308,-0.00011830146027341109,0.13022301587580165,0.7953493710965789
16.75,0.9400000000000001,0.3793396111529215,-0.00011680052697764127,0.12813492843439048,0.7959143818312933
16.875,0.9400000000000001,0.37891221770781447,-0.00011532607903071445,0.12605221876330852,0.7964734035641822
17.0,0.9400000000000001,0.3784902031352777,-0.00011387743900908132,0.12397482562236026,0.7970265425983896
17.125,0.9400000000000001,0.37807347003455843,-0.0001124539517750407,0.12190268887913726,0.7975739026182139
17.25,0.9400000000000001,0.37766192343898675,-0.00011105498358963058,0.11983574947864298,0.798115584774293
17.375,0.9400000000000001,0.3772554707378787,-0.00010967992126592924,0.11777394941400972,0.798651687765467
17.5,0.9400000000000001,0.37685402160149745,-0.0001083281713610559,0.11571723169824219,0.7991823079174738
17.625,0.9400000000000001,0.3764574879089283,-0.00010699915940514743,0.11366554033695908,0.7997075392585737
17.75,0.9400000000000001,0.37606578367873666,-0.00010569232916492637,0.11161882030209762,0.8002274735922508
17.875,0.9400000000000001,0.37567882500227834,-0.00010440714194175272,0.1095770175065226,0.8007422005671058
18.0,0.9400000000000001,0.37529652997954416,-0.00010314307590150975,0.10754007877951557,0.8012518077440373
18.125,0.9400000000000001,0.3749188186574182,-0.00010189962543467986,0.10550795184309789,0.8017563806608332
18.25,0.9400000000000001,0.3745456129702466,-0.00010067630054690374,0.10348058528915847,0.8022560028942713
18.375,0.9400000000000001,0.3741768366826006,-9.947262627518316e-05,0.101457928557335,0.8027507561198263
18.5,0.9400000000000001,0.37381241533415427,-9.828814213437109e-05,0.09943993191365003,0.8032407201690855
18.625,0.9400000000000001,0.37345227618654336,-9.712240158398503e-05,0.09742654642980215,0.80372597308496
18.75,0.9400000000000001,0.3730963481721836,-9.597497152528038e-05,0.09541772396319315,0.8042065911747898
18.875,0.9400000000000001,0.372744561844855,-9.484543181151214e-05,0.09341341713748266,0.8046826490614251
19.0,0.9400000000000001,0.3723968493321398,-9.373337479644755e-05,0.0914135793239235,0.8051542197323807
19.125,0.9400000000000001,0.372053144289368,-9.263840487600763e-05,0.08941816462300832,0.805621374587123
19.25,0.9400000000000001,0.3717133818554354,-9.156013809248508e-05,0.08742712784710302,0.80608418348262
19.375,0.9400000000000001,0.37137749860972,-9.049820168996139e-05,0.08544042450293335,0.8065427147771558
19.5,0.9400000000000001,0.3710454325311592,-8.945223379271335e-05,0.0834580107756547,0.8069970353726018
19.625,0.9400000000000001,0.37071712295763803,-8.842188293296418e-05,0.0814798435117188,0.8074472107550503
19.75,0.9400000000000001,0.37039251054846195,-8.740680785891466e-05,0.07950588020489227,0.8078933050341403
19.875,0.9400000000000001,0.370071537245377,-8.640667693860496e-05,0.07753607897848433,0.8083353809807466
20.0,0.9400000000000001,0.36975414623918224,-8.54211682402487e-05,0.075570398574722,0.8087735000637222
20.125,0.9400000000000001,0.3694402819306543,-8.444996857734104e-05,0.0736087983339357,0.8092077224847792
20.25,0.9400000000000001,0.3691298899035097,-8.349277422462833e-05,0.07165123819092373,0.8096381072131182
20.375,0.9400000000000001,0.3688229168812388,-8.25492890221883e-05,0.06969767864519297,0.810064712017408
20.5,0.9400000000000001,0.3685193107122666,-8.161922663988234e-05,0.06774808077350938,0.8104875934990665
20.625,0.9400000000000001,0.36821902031300957,-8.0702306290222e-05,0.06580240617651609,0.8109068071207309
20.75,0.9400000000000001,0.3679219956801385,-7.979825882811188e-05,0.06386061703054334,0.8113224072397055
20.875,0.9400000000000001,0.36762818779588724,-7.890681644829132e-05,0.06192267597402572,0.811734447131055
21.0,0.9400000000000001,0.3673375487049536,-7.802772834363699e-05,0.059988546256280494,0.8121429790246648
21.125,0.9400000000000001,0.3670500313223641,-7.716073533254522e-05,0.05805819147240784,0.8125480541179725
21.25,0.9400000000000001,0.3667655896690848,-7.630560937829856e-05,0.05613157595327262,0.8129497226249289
21.375,0.9400000000000001,0.3664841784334231,-7.546209051988044e-05,0.054208664120850916,0.813348033765675
21.5,0.9400000000000001,0.3662057536007435,-7.46299860012572e-05,0.05228942147970403,0.8137430358477722
21.625,0.9400000000000001,0.365930271396118,-7.380901294608662e-05,0.050373813023318136,0.8141347762009321
21.75,0.9400000000000001,0.3656576898967837,-7.299904644721158e-05,0.048461805726856426,0.8145233013410428
21.875,0.9400000000000001,0.3653879664257759,-7.219972656049248e-05,0.04655336458251438,0.8149086567701945
22.0,0.9400000000000001,0.36512106161883406,-7.141107877796351e-05,0.04464845884043619,0.8152908873492176
22.125,0.9400000000000001,0.36485693294413746,-7.063253135354298e-05,0.04274705212221245,0.8156700367636409
22.25,0.9400000000000001,0.3645955449040846,-6.986446761873592e-05,0.04084911802119576,0.8160461484183047
22.375,0.9400000000000001,0.36433685286823175,-6.910576548683398e-05,0.03895461542484504,0.8164192640696967
22.5,0.9400000000000001,0.3640808286220457,-6.835768721253503e-05,0.03706352749391969,0.8167894260278228
22.625,0.9400000000000001,0.3638274199612758,-6.7617700697118e-05,0.03517580002287498,0.8171566736952957
22.75,0.9400000000000001,0.3635766146954932,-6.688926525900686e-05,0.03329143886819531,0.817521049059171
22.875,0.9400000000000001,0.36332833946668536,-6.616621677026201e-05,0.0314103558186594,0.8178825879171756
23.0,0.9400000000000001,0.36308262045623935,-6.545761024482919e-05,0.029532612460209964,0.818241333758928
23.125,0.9400000000000001,0.3628393290575199,-6.474771116106132e-05,0.027658033862099075,0.818597315215929
23.25,0.9400000000000001,0.362598587692974,-6.406030952695227e-05,0.02578682109507699,0.8189505819593309
23.375,0.9400000000000001,0.3623601252675815,-6.335323114181157e-05,0.023918577826807445,0.8193011448865242
23.5,0.9400000000000001,0.3621243148268776,-6.269164596477324e-05,0.02205386086033782,0.8196490731930394
23.625,0.9400000000000001,0.3618905107658505,-6.195402289237374e-05,0.020191698847129038,0.8199943257538819
23.75,0.9400000000000001,0.3616597724427469,-6.13351833749354e-05,0.018333584165577052,0.8203370358245037
23.875,0.9400000000000001,0.36143041436003487,-6.04450249732803e-05,0.016476991602572568,0.8206769852444913
24.0,0.9400000000000001,0.361205530495594,-5.9948158573797494e-05,0.014626017704687926,0.8210145488522337
24.125,0.9400000000000001,0.360980237099355,-5.841871629503661e-05,0.012773616312112292,0.8213488242651729
24.25,0.9400000000000001,0.3607643765489868,-5.846258186905175e-05,0.010931851718722647,0.8216812280236241
24.375,0.9400000000000001,0.36054172487898295,-5.431758427234303e-05,0.009078972463687909,0.8220080327293685
24.5,0.9400000000000001,0.3603472869528736,-5.695676643486109e-05,0.007254603194588915,0.8223353008862953
24.625,0.9400000000000001,0.36011887409519105,-4.393962095354957e-05,0.005383176517658372,0.8226489966312466
24.75,0.9400000000000001,0.3599891938668507,-5.6235216005481676e-05,0.0036085638372393134,0.822972351892104
24.875,0.9400000000000001,0.3597021644917682,-5.8905289951349686e-05,0.0016514044342874296,0.8232876615971183
25.0,0.9400000000000001,0.3597021644917682,0.0,0.0,0.8232876615971183
0.0,0.96,1.0,0.0,0.6950329378711467,0.0
0.125,0.96,0.902590130037565,-0.06659743961138284,0.6950329378711467,0.16147864774828075
0.25,0.96,0.8319892068101453,-0.04062031986739475,0.5688685577486218,0.29735750761237983
0.375,0.96,0.7335648049333877,-0.02585633982255881,0.5616309810207194,0.39747083616547874
0.5,0.96,0.6703816895377106,-0.015076393645702266,0.5340402840865834,0.463287898410324
0.625,0.96,0.6163056811846225,-0.010053621308578889,0.5295793651302282,0.5105103731968484
0.75,0.96,0.5789218928004833,-0.006832418160358411,0.5184589754165126,0.5451460503443454
0.875,0.96,0.5481209522551412,-0.0051615728376614685,0.5127504780940226,0.5724079686400114
1.0,0.96,0.5245998137235853,-0.003995673270663877,0.50510932176854,0.5944014267591822
1.125,0.96,0.5047431977118142,-0.0032841294832380097,0.4990757342108001,0.6128337248557425
1.25,0.96,0.48837469249343424,-0.0027459017858652767,0.4926150310700251,0.6285345673001977
1.375,0.96,0.4741521883470871,-0.0023690205622482214,0.48677019741541516,0.6421878549383611
1.5,0.96,0.4618462779034843,-0.0020679897780643205,0.480934042229857,0.6541950540319668
1.625,0.96,0.4509083350272687,-0.001836021106810012,0.47541069078933684,0.6648866360088875
1.75,0.96,0.44116339958263834,-0.0016437192531820327,0.47000601658203023,0.6744858634627566
1.875,0.96,0.4323561115267299,-0.0014862898081954056,0.4648036943659114,0.6831760052227955
2.0,0.96,0.4243640292490066,-0.001352317799090523,0.4597351153865136,0.6910930455131752
2.125,0.96,0.4170506898763967,-0.0012385008525958275,0.4548184955529552,0.6983491207602027
2.25,0.96,0.4103311162090601,-0.0011397701349041283,0.4500254233346537,0.705032567372983
2.375,0.96,0.40412305943518445,-0.001053897209023381,0.4453554624250781,0.7112169650775619
2.5,0.96,0.3983666693740539,-0.000978300990563404,0.4407941461091286,0.7169625369051114
2.625,0.96,0.3930077160417698,-0.0009114795181702008,0.4363364621658075,0.7223200688719799
2.75,0.96,0.38800312085733435,-0.000851952665531827,0.43197344192989123,0.7273322043315763
2.875,0.96,0.3833148457955581,-0.0007986974499775493,0.4276995866363546,0.7320353614118867
3.0,0.96,0.3789111654033025,-0.0007507857190247586,0.42350851281237406,0.7364606843250502
3.125,0.96,0.37476424144101117,-0.0007075090501684568,0.41939529329724096,0.7406350893615793
3.25,0.96,0.3708501926859282,-0.0006682479105574279,0.4153550083423173,0.7445819206830463
3.375,0.96,0.3671480133865186,-0.0006325021028063125,0.41138346927427866,0.7483215725771373
3.5,0.96,0.3636393629907625,-0.0005998396712714191,0.40747671627872867,0.7518719353138225
3.625,0.96,0.3603080154841143,-0.0005699002625577098,0.4036312287032363,0.7552487897612519
3.75,0.96,0.3571396293020782,-0.0005423729446923169,0.3998437379772016,0.758466112350456
3.875,0.96,0.35412143018792336,-0.0005169929715217059,0.39611127742694724,0.761536337192895
4.0,0.96,0.35124202192055953,-0.0004935308970798059,0.3924311038199293,0.7644705676720709
4.125,0.96,0.34849118529984247,-0.0004717885997065813,0.38880069931683436,0.7672787566485422
4.25,0.96,0.34585973416207005,-0.0004515932702406979,0.38521773277747917,0.7699698558197409
4.375,0.96,0.3433393792392435,-0.0004327941089205415,0.38168004934424304,0.7725519429833592
4.5,0.96,0.34092262098118276,-0.00041525867166644864,0.3781856478263968,0.7750323293620289
4.625,0.96,0.33860265319475047,-0.0003988703904979723,0.3747326686769039,0.7774176514876703
4.75,0.96,0.33637328331827554,-0.0003835261947011072,0.3713193788730696,0.7797139496690746
4.875,0.96,0.3342288621302364,-0.0003691347059345672,0.36794416120575374,0.7819267356095425
5.0,0.96,0.3321642239820326,-0.0003556146148994552,0.3646055032658075,0.7840610507303412
5.125,0.96,0.3301746343825587,-0.0003428933740256948,0.36130198855903145,0.7861215167856119
5.25,0.96,0.32825574469956564,-0.0003309060531841374,0.3580322880778961,0.7881123798934982
5.375,0.96,0.32640355239161445,-0.00031959438736830733,0.35479515308255855,0.790037549018158
5.5,0.96,0.32461436626688794,-0.00030890595084978866,0.3515894084645406,0.7919006297005575
5.625,0.96,0.3228847758702109,-0.00029879345649514534,0.34841394689708965,0.7937049537382391
5.75,0.96,0.3212116245249795,-0.0002892141487238365,0.3452677235144129,0.7954536053788208
5.875,0.96,0.3195919854668646,-0.0002801292820294779,0.342149751150845,0.7971494445130282
6.0,0.96,0.3180231406900741,-0.00027150366793884636,0.3390590960184692,0.7987951272691134
6.125,0.96,0.3165025621276772,-0.00026330528234105806,0.3359948738048224,0.800393124352099
6.25,0.96,0.3150278948773558,-0.0002555049228670551,0.33295624612377783,0.8019457374164328
6.375,0.96,0.3135969422064469,-0.00024807590981206103,0.32994241729129836,0.8034551137188272
6.5,0.96,0.312207652119977,-0.0002409938238975568,0.32695263138382774,0.804923259261023
6.625,0.96,0.3108581052990557,-0.00023423627596368406,0.32398616955275505,0.8063520506026506
6.75,0.96,0.3095465042477244,-0.00022778270401669268,0.32104234756564204,0.8077432454988321
6.875,0.96,0.3082711635060215,-0.00022161419401069103,0.31812051355211657,0.8090984924962921
7.0,0.96,0.3070305008074601,-0.00021571332113909654,0.3152200459329129,0.8104193396038912
7.125,0.96,0.30582302907430053,-0.00021006400897873216,0.31234035151437495,0.8117072421386609
7.25,0.96,0.3046473491582526,-0.00020465140416604116,0.30948086373210915,0.8129635698357512
7.375,0.96,0.30350214324567576,-0.00019946176464933133,0.30664104102980944,0.8141896133000475
7.5,0.96,0.30238616885660025,-0.00019448235982258666,0.3038203653606089,0.8153865898680377
7.625,0.96,0.3012982533754307,-0.00018970138109227256,0.30101834079991996,0.8165556489407253
7.75,0.96,0.3002372890587211,-0.0001851078616233051,0.29823449225981763,0.8176978768415843
7.875,0.96,0.29920222847181455,-0.00018069160418527779,0.2954683642961554,0.8188143012477077
8.0,0.96,0.29819208031172767,-0.00017644311616077886,0.29271952000051726,0.8199058952371422
8.125,0.96,0.2972059055784983,-0.000172353550903664,0.289987539969903,0.8209735809908848
8.25,0.96,0.29624281406142094,-0.00016841465473969492,0.2872720213477758,0.8220182331839792
8.375,0.96,0.2953019611102756,-0.00016461871899257227,0.28457257693069354,0.8230406820965923
8.5,0.96,0.29438254466485353,-0.0001609585364945168,0.281888834335318,0.8240417164727112
8.625,0.96,0.29348380251891815,-0.00015742736210906238,0.27922043522104945,0.8250220861512192
8.75,0.96,0.29260500979720533,-0.0001540188768490818,0.2765670345639762,0.8259825044915167
8.875,0.96,0.29174547662625,-0.000150727155222304,0.27392829997819346,0.8269236506134583
9.0,0.96,0.2909045459817779,-0.0001475466354805115,0.27130391108088814,0.8278461714692879
9.125,0.96,0.2900815916970889,-0.00014447209248392236,0.26869355889787894,0.8287506837633076
9.25,0.96,0.2892760166184079,-0.00014149861292476695,0.26609694530658584,0.8296377757332942
9.375,0.96,0.2884872508945211,-0.00013862157268167675,0.263513782513628,0.8305080088061235
9.5,0.96,0.2877147503892446,-0.00013583661610121686,0.26094379256449685,0.8313619191386769
9.625,0.96,0.2869579952063489,-0.00013313963702368229,0.25838670688293663,0.8322000190538604
9.75,0.96,0.28621648831754903,-0.00013052676138926536,0.2558422658378547,0.8330227983804808
9.875,0.96,0.28548975428504686,-0.00012799433127641324,0.2533102183357679,0.8338307257047456
10.0,0.96,0.28477733807090505,-0.0001255388902405118,0.2507903214369365,0.834624249540323
10.125,0.96,0.2840788039262393,-0.00012315716983228928,0.2482823399934939,0.8354037994231434
10.25,0.96,0.2833937343538751,-0.00012084607718809962,0.24578604630801903,0.8361697869364949
10.375,0.96,0.2827217291386767,-0.00011860268359430264,0.24330121981110678,0.836922606671409
10.5,0.96,0.2820624044403037,-0.00011642421393737027,0.24082764675663426,0.837662637126851
10.625,0.96,0.28141539194360715,-0.0001143080369600786,0.23836511993350734,0.8383902415538316
10.75,0.96,0.2807803380623131,-0.00011225165625165795,0.2359134383927774,0.8391057687471923
10.875,0.96,0.28015690319203307,-0.00011025270190699161,0.23347240718911608,0.8398095537885306
11.0,0.96,0.2795447610089824,-0.00010830892279566797,0.23104183713570872,0.840501918743452
11.125,0.96,0.27894359781110584,-0.00010641817938832758,0.22862154457170725,0.841183173316132
11.25,0.96,0.27835311189859296,-0.00010457843709218592,0.22621135114145358,0.8418536154639519
11.375,0.96,0.27777301299102675,-0.00010278776005314971,0.22381108358474583,0.8425135319748164
11.5,0.96,0.27720302167862565,-0.00010104430538494183,0.22142057353747618,0.8431631990095823
11.625,0.96,0.2766428689052666,-9.934631779103568e-05,0.21903965734201655,0.8438028826119077
11.75,0.96,0.27609229548114417,-9.769212454750875e-05,0.21666817586678638,0.844432839187673
11.875,0.96,0.27555105162310284,-9.608013081812265e-05,0.21430597433446102,0.8450533159560135
12.0,0.96,0.2750188965208277,-9.450881527662107e-05,0.211952902158329,0.8456645513738836
12.125,0.96,0.27449559792721084,-9.297672601286942e-05,0.20960881278633983,0.8462667755359549
12.25,0.96,0.27398093177134675,-9.148247670148883e-05,0.2072735635524049,0.846860210551529
12.375,0.96,0.273474681792709,-9.002474301411615e-05,0.2049470155345497,0.8474450709000659
12.5,0.96,0.27297663919517823,-8.860225925872277e-05,0.20262903341954244,0.8480215637667871
12.625,0.96,0.272486602319667,-8.721381522905876e-05,0.20031948537363525,0.8485898893597489
12.75,0.96,0.2720043763341944,-8.585825325007127e-05,0.19801824291909206,0.8491502412096568
12.875,0.96,0.27152977294032377,-8.453446540714331e-05,0.1957251808161819,0.8497028064536054
13.0,0.96,0.2710626100949522,-8.324139094539788e-05,0.19344017695033894,0.8502477661038499
13.125,0.96,0.27060271174652484,-8.19780138284319e-05,0.19116311222421464,0.8507852953026109
13.25,0.96,0.27014990758477847,-8.074336044656834e-05,0.18889387045435382,0.8513155635638519
13.375,0.96,0.26970403280320887,-7.953649746366952e-05,0.18663233827224585,0.8518387350028749
13.5,0.96,0.2692649278734841,-7.835652979437771e-05,0.18437840502951786,0.8523549685545344
13.625,0.96,0.2688324383310954,-7.720259870298295e-05,0.18213196270704865,0.8528644181807681
13.75,0.96,0.2684064145715682,-7.607388001592522e-05,0.17989290582779616,0.8533672330681292
13.875,0.96,0.2679867116566175,-7.496958243992944e-05,0.17766113137314452,0.853863557815907
14.0,0.96,0.267573189129656,-7.388894597984271e-05,0.17543653870258563,0.8543535326153986
14.125,0.96,0.2671657108401149,-7.283124044864336e-05,0.1732190294765686,0.8548372934208484
14.25,0.96,0.2667641447760672,-7.179576406349174e-05,0.17100850758235842,0.8553149721125135
14.375,0.96,0.2663683629046805,-7.078184212272884e-05,0.16880487906274866,0.8557866966523043
14.5,0.96,0.26597824102005524,-6.978882575696555e-05,0.16660805204749832,0.8562525912323949
14.625,0.96,0.2655936585980433,-6.881609075068153e-05,0.16441793668735638,0.8567127764171749
14.75,0.96,0.2652144986576522,-6.786303642866218e-05,0.1622344450905629,0.8571673692788985
14.875,0.96,0.2648406476286866,-6.692908460249593e-05,0.160057491261708,0.8576164835273508
15.0,0.96,0.26447199522529147,-6.601367857437798e-05,0.15788699104284518,0.8580602296338373
15.125,0.96,0.2641084343250804,-6.511628219214161e-05,0.1557228620567718,0.8584987149497798
15.25,0.96,0.2637498608535662,-6.423637895473795e-05,0.15356502365237418,0.8589320438201952
15.375,0.96,0.2633961736736186,-6.337347116233525e-05,0.15141339685196614,0.8593603176922969
15.5,0.96,0.2630472744796949,-6.252707910934475e-05,0.14926790430053263,0.8597836352194709
15.625,0.96,0.26270306769660867,-6.169674031766476e-05,0.14712847021681077,0.8602020923608478
15.75,0.96,0.26236346038261366,-6.0882008806626365e-05,0.1449950203461371,0.8606157824766784
15.875,0.96,0.2620283621365905,-6.008245439895158e-05,0.14286748191499724,0.8610247964197211
16.0,0.96,0.26169768500914464,-5.929766205891391e-05,0.1407457835872099,0.8614292226228313
16.125,0.96,0.2613713434174252,-5.8527231261368796e-05,0.13862985542169778,0.8618291471829239
16.25,0.96,0.26104925406349627,-5.777077539079845e-05,0.13651962883177612,0.8622246539414897
16.375,0.96,0.2607313358560892,-5.702792116716308e-05,0.1344150365459119,0.8626158245618232
16.5,0.96,0.2604175098355821,-5.629830809871268e-05,0.13231601256989364,0.8630027386031003
16.625,0.96,0.26010769910205755,-5.558158795924098e-05,0.13022249215037218,0.863385473591473
16.75,0.96,0.2598018287462983,-5.487742428871609e-05,0.12813441173971266,0.8637641050882897
16.875,0.96,0.2594998257835846,-5.4185491917074935e-05,0.12605170896210655,0.8641387067555863
17.0,0.96,0.25920161909016687,-5.350547650900279e-05,0.12397432258091244,0.864509350418958
17.125,0.96,0.25890713934229076,-5.2837074129236985e-05,0.12190219246715985,0.8648761061279312
17.25,0.96,0.25861631895765774,-5.2179990827637774e-05,0.11983525956917904,0.8652390422139392
17.375,0.96,0.25832909203921156,-5.153394224276476e-05,0.11777346588332191,0.8655982253459994
17.5,0.96,0.25804539432114204,-5.089865322350175e-05,0.11571675442571024,0.8659537205841988
17.625,0.96,0.2577651631170061,-5.027385746797015e-05,0.11366506920498132,0.8663055914310727
17.75,0.96,0.25748833726986964,-4.9659297178375875e-05,0.11161835519599586,0.8666538998809589
17.875,0.96,0.2572148571043756,-4.905472273195978e-05,0.10957655831445111,0.8669987064674278
18.0,0.96,0.2569446643806513,-4.845989236714227e-05,0.10753962539237315,0.8673400703088452
18.125,0.96,0.2566777022499706,-4.787457188319461e-05,0.10550750415444306,0.8676780491521702
18.25,0.96,0.25641391521209056,-4.7298534354920514e-05,0.10348014319512798,0.8680126994150424
18.375,0.96,0.2561532490741797,-4.673155985873789e-05,0.10145749195656503,0.8683440762262408
18.5,0.96,0.2558956509112885,-4.6173435213628435e-05,0.09943950070720035,0.8686722334645828
18.625,0.96,0.2556410690282389,-4.5623953730772126e-05,0.09742612052108245,0.8689972237963206
18.75,0.96,0.25538945292296084,-4.508291497902147e-05,0.09541730325789233,0.8693190987111243
18.875,0.96,0.2551407532510662,-4.455012455404838e-05,0.0934130015435001,0.8696379085566802
19.0,0.96,0.25489492179182904,-4.4025393869658174e-05,0.09141316875130347,0.869953702572006
19.125,0.96,0.254651911415152,-4.350853993950536e-05,0.08941775898387475,0.8702665289194904
19.25,0.96,0.25441167605004894,-4.29993851982382e-05,0.08742672705559933,0.8705764347157875
19.375,0.96,0.25417417065366565,-4.249775728437615e-05,0.08544002847516007,0.8708834660615271
19.5,0.96,0.25393935118225236,-4.2003488905607545e-05,0.08345761942961545,0.8711876680700086
19.625,0.96,0.25370717456174474,-4.1516417594082794e-05,0.08147945676725811,0.8714890848947809
19.75,0.96,0.25347759866153374,-4.1036385655728616e-05,0.07950549798365089,0.871787759756379
19.875,0.96,0.25325058226565744,-4.0563239831690346e-05,0.07753570120383217,0.8720837349679147
20.0,0.96,0.25302608505043556,-4.0096831432361575e-05,0.07557002517173057,0.8723770519601239
20.125,0.96,0.2528040675541791,-3.9637015740532785e-05,0.07360842922929262,0.872667751305029
20.25,0.96,0.2525844911616144,-3.918365258644827e-05,0.07165087331294313,0.8729558727396584
20.375,0.96,0.25236731806712065,-3.873660508379631e-05,0.06969731792367868,0.8732414551876361
20.5,0.96,0.2521525112734906,-3.8295741288094444e-05,0.06774772413985426,0.8735245367822128
20.625,0.96,0.25194003453643526,-3.786093124724949e-05,0.06580205356343294,0.8738051548851674
20.75,0.96,0.251729852396766,-3.743205135010664e-05,0.06386026837238139,0.874083346110472
20.875,0.96,0.25152193007570117,-3.700897714652278e-05,0.061922331206165436,0.8743591463387573
21.0,0.96,0.2513162335883697,-3.659159440602143e-05,0.05998820531598865,0.8746325907446934
21.125,0.96,0.25111272951393315,-3.6179781350552503e-05,0.058057854297388564,0.8749037138024398
21.25,0.96,0.25091138531032126,-3.577343646520267e-05,0.05613124248386238,0.8751725493242338
21.375,0.96,0.2507121687694043,-3.5372434261819754e-05,0.05420833429645842,0.875439130445244
21.5,0.96,0.2505150488328084,-3.4976694935285795e-05,0.05228909524434649,0.8757034896918442
21.625,0.96,0.2503199942580519,-3.4586073971112246e-05,0.05037349031678667,0.8759656589168675
21.75,0.96,0.2501269756849547,-3.4200536348010165e-05,0.0484614864985901,0.8762256694434473
21.875,0.96,0.24993596232819873,-3.381988078494285e-05,0.046553048769588525,0.8764835518782278
22.0,0.96,0.24974692716773614,-3.3444175244876e-05,0.044648146402257186,0.8767393364449603
22.125,0.96,0.24955983870759008,-3.307306758283356e-05,0.04274674298557301,0.8769930524947473
22.25,0.96,0.24937467397427132,-3.270687481874456e-05,0.04084881216701767,0.8772447293142157
22.375,0.96,0.2491913979402483,-3.234485751581889e-05,0.038954312750792065,0.8774943948797468
22.5,0.96,0.24900999605316534,-3.1987948872039295e-05,0.0370632280315748,0.8777420778534604
22.625,0.96,0.24883042279061862,-3.163442237119465e-05,0.035175503593180474,0.8779878044398874
22.75,0.96,0.24865268312941244,-3.128675770466713e-05,0.03329114562734291,0.8782316033710722
22.875,0.96,0.2484767036646763,-3.094069314843684e-05,0.031410065388463415,0.8784734979501488
23.0,0.96,0.24830253719957027,-3.060266100745531e-05,0.02953232531267651,0.8787135186601146
23.125,0.96,0.24813003851035687,-3.026173230108651e-05,0.027657749094523332,0.878951682736419
23.25,0.96,0.24795938139116516,-2.993479237268287e-05,0.025786540010967553,0.8791880267921367
23.375,0.96,0.24779023536766037,-2.9592510957751564e-05,0.02391829807986907,0.8794225526827305
23.5,0.96,0.24762309061696525,-2.928129009357434e-05,0.022053586092074133,0.8796553157869841
23.625,0.96,0.2474571255516007,-2.8916527823097006e-05,0.02019142239944238,0.8798862725002873
23.75,0.96,0.24729370127543066,-2.8637648720952672e-05,0.01833331700355274,0.8801155393368487
23.875,0.96,0.24713061069092065,-2.8172422684497572e-05,0.016476712535061337,0.8803429175329961
24.0,0.96,0.24697182303528473,-2.799857741682873e-05,0.014625764112058631,0.88056875279279
24.125,0.96,0.24681078275858298,-2.71172887291834e-05,0.012773311118929842,0.8807922444359115
24.25,0.96,0.24666024289622582,-2.7401468261349218e-05,0.010931640179719898,0.8810147152186969
24.375,0.96,0.24649801246834543,-2.480560634419552e-05,0.009078544744432893,0.8812328689461154
24.5,0.96,0.24637001394642574,-2.7125043340229804e-05,0.007254556180478184,0.8814522967800349
24.625,0.96,0.24619166397648046,-1.8718476771059653e-05,0.005382326062687904,0.8816606024862651
24.75,0.96,0.24613563995792923,-2.7195104654938e-05,0.0036089637409118633,0.8818782941098326
24.875,0.96,0.24587779380753919,-3.42516828533721e-05,0.001651949815984728,0.8820932075838077
25.0,0.96,0.24587779380753919,0.0,0.0,0.8820932075838077
0.0,0.98,1.0,0.0,0.7092612681710087,0.0
0.125,0.98,0.6548147000827618,-0.041999871932826685,0.7092612681710087,0.4043741010232287
0.25,0.98,0.5279240949030899,-0.02171977122220217,0.5666418621387695,0.5850432336777952
0.375,0.98,0.41882791204873804,-0.011632590417448449,0.5602800503492991,0.6753815700956578
0.5,0.98,0.36890248739938064,-0.005660375615230285,0.5330142496901812,0.7205713878425152
0.625,0.98,0.3297015956734644,-0.003423095514691899,0.5290435971898261,0.7488303357510879
0.75,0.98,0.3072137749232471,-0.002140856155559507,0.5180851531002695,0.7680401312301239
0.875,0.98,0.2886288949778956,-0.0015984767429018329,0.5125086505996862,0.7828140005346335
1.0,0.98,0.275580021393783,-0.001217763021997431,0.5049222917318682,0.7945176109660579
1.125,0.98,0.2643993702970103,-0.001009905258528259,0.4989336841502854,0.8042550813291033
1.25,0.98,0.2554934103675903,-0.000844239122920663,0.4924970672519052,0.8124757388055543
1.375,0.98,0.2476861839863072,-0.0007333662370080732,0.4866722476486885,0.8195872350628819
1.5,0.98,0.24102436924392945,-0.0006412087004392675,0.48084918230339324,0.8258067859095715
1.625,0.98,0.23508237487842573,-0.0005713625637742164,0.47533677341137687,0.8313241039752506
1.75,0.98,0.2298205696754344,-0.0005121661509784331,0.4699402624019085,0.8362600450885743
1.875,0.98,0.22506174707536544,-0.000463963070552832,0.46474484171777275,0.8407165964533537
2.0,0.98,0.22075679245469487,-0.0004224839842153697,0.4596818334860368,0.8447668688899542
2.125,0.98,0.21681936309485172,-0.0003872910478197197,0.45476999302425336,0.8484718134811559
2.25,0.98,0.21320853456090222,-0.00035659848880427734,0.44998095890004264,0.8518785138928983
2.375,0.98,0.20987550862546217,-0.0003299046229870153,0.44531451350056805,0.8550263024575604
2.5,0.98,0.20678921851434273,-0.0003063452869369763,0.44075624987224304,0.8579470116819462
2.625,0.98,0.20391870597059839,-0.00028551598839172954,0.4363012586290523,0.8606674716127629
2.75,0.98,0.20124088937068918,-0.0002669381136700926,0.43194061860250393,0.863210059024787
2.875,0.98,0.19873451200714812,-0.0002503139724809818,0.4276688867158979,0.8655938507134449
3.0,0.98,0.19638236114647872,-0.00023534924045702174,0.423479713920061,0.8678350905059717
3.125,0.98,0.1941690623872345,-0.0002218301392264795,0.41936820679621445,0.8699477892135572
3.25,0.98,0.19208160859214865,-0.00020956204307469667,0.4153294700488605,0.8719440622279014
3.375,0.98,0.19010847947331902,-0.00019839132703572133,0.4113593371298998,0.8738344743610676
3.5,0.98,0.18823968462105736,-0.00018818282155135145,0.4074538656820408,0.8756282731678857
3.625,0.98,0.18646636594170568,-0.00017882488391615797,0.4036095503551007,0.8773336026593705
3.75,0.98,0.18478072240772042,-0.00017022034536856543,0.39982313522110113,0.8789576635683115
3.875,0.98,0.18317580380682466,-0.00016228682261205303,0.39609166458836975,0.8805068531909009
4.0,0.98,0.1816454231788721,-0.000154952629651691,0.3924124045404013,0.8819868764936921
4.125,0.98,0.18018403542788242,-0.00014815597458608826,0.38878284533790564,0.8834028413018808
4.25,0.98,0.1787866634535765,-0.0001418428586102409,0.3852006628272614,0.8847593365172447
4.375,0.98,0.17744881956872524,-0.00013596619129372525,0.38166370825588725,0.886060498880573
4.5,0.98,0.17616644829159,-0.00013048457694994972,0.37816998576082306,0.8873100689975449
4.625,0.98,0.1749358721091856,-0.0001253615899190052,0.3747176404801985,0.8885114393021063
4.75,0.98,0.17375374824467438,-0.0001205650080902692,0.37130494351715065,0.8896676948930287
4.875,0.98,0.172617029632804,-0.00011606626614448003,0.36793028131447547,0.8907816486986203
5.0,0.98,0.17152293232196753,-0.0001118399408855223,0.36459214470316925,0.8918558717477769
5.125,0.98,0.1704689065974129,-0.0001078633487000827,0.36128912007493624,0.8928927194166377
5.25,0.98,0.16945261223985367,-0.00010411618559596499,0.3580198809993674,0.8938943542290282
5.375,0.98,0.1684718967192017,-0.00010058023166184055,0.3547831810452818,0.8948627657658003
5.5,0.98,0.167524776228893,-9.723909218479193e-05,0.3515778471776816,0.8957997880971682
5.625,0.98,0.1666094189537224,-9.407797934897953e-05,0.3484027739371461,0.8967071151086492
5.75,0.98,0.1657241303720842,-9.108352221060663e-05,0.34525691814361287,0.8975863140144386
5.875,0.98,0.16486734024370786,-8.824360390097366e-05,0.3421392941568738,0.8984388373131926
6.0,0.98,0.1640375910947938,-8.554721987874225e-05,0.33904896957249847,0.899266033395249
6.125,0.98,0.16323352797865165,-8.298435521618725e-05,0.33598506133546474,0.9000691559806097
6.25,0.98,0.1624538893599313,-8.054587741543601e-05,0.3329467322048448,0.9008493725376856
6.375,0.98,0.1616974989712669,-7.822344289559638e-05,0.3299331875416185,0.9016077718112749
6.5,0.98,0.1609632585256938,-7.600941496002403e-05,0.32694367237759686,0.9023453705687579
6.625,0.98,0.16025014117725353,-7.389679177214528e-05,0.3239774687391329,0.9030631196581869
6.75,0.98,0.15955718564160207,-7.187914287332761e-05,0.32103389319647785,0.903761909458653
6.875,0.98,0.15888349089790296,-6.995055313610828e-05,0.3181122946168463,0.904442574792482
7.0,0.98,0.1582282114054193,-6.810557312867563e-05,0.3152120520997968,0.9051058993595529
7.125,0.98,0.1575905527761086,-6.633917506986594e-05,0.31233257307735646,0.9057526197463275
7.25,0.98,0.15696976785268824,-6.464671364222267e-05,0.30947329156267034,0.9063834290556144
7.375,0.98,0.15636515314777522,-6.302389105501505e-05,0.30663366653327656,0.9069989801975392
7.5,0.98,0.15577604560545402,-6.146672582321597e-05,0.30381318043643035,0.9075998888774274
7.625,0.98,0.15520181965128038,-5.997152481182665e-05,0.3010113378054994,0.9081867363122235
7.75,0.98,0.15464188450090346,-5.853485815005273e-05,0.2982276639775326,0.908760071703535
7.875,0.98,0.15409568170099378,-5.715353667901377e-05,0.2954617039032391,0.9093204144922944
8.0,0.98,0.1535626828792522,-5.5824591638259115e-05,0.29271302104151403,0.9098682564173485
8.125,0.98,0.15304238768292225,-5.454525633692559e-05,0.2899811963314454,0.9104040633978742
8.25,0.98,0.1525343218875487,-5.331294958775733e-05,0.287265827235457,0.9109282772574171
8.375,0.98,0.15203803565973054,-5.2125260710960815e-05,0.2845665268478332,0.91144131730545
8.5,0.98,0.15155310195938368,-5.09799359384167e-05,0.28188292306344337,0.9119435817906433
8.625,0.98,0.15107911506856866,-4.987486607056834e-05,0.27921465780193055,0.912435449238547
8.75,0.98,0.1506156892352881,-4.8808075255819016e-05,0.27656138628307153,0.9129172796849655
8.875,0.98,0.15016245742185833,-4.777771077763582e-05,0.273922776349379,0.9133894158151223
9.0,0.98,0.14971907014850735,-4.67820337474535e-05,0.27129850783235077,0.9138521840175617
9.125,0.98,0.14928519442378688,-4.581941061466858e-05,0.2686882719590732,0.9143058953607662
9.25,0.98,0.14886051275421097,-4.4888305413248404e-05,0.26609177079615814,0.9147508464995546
9.375,0.98,0.14844472222627828,-4.3987272673112805e-05,0.2635087167282256,0.9151873205175446
9.5,0.98,0.14803753365468528,-4.3114950934932314e-05,0.26093883196838275,0.9156155877112452
9.625,0.98,0.14763867079113188,-4.227005680854521e-05,0.2583818480983442,0.9160359063207284
9.75,0.98,0.1472478695886479,-4.145137952674472e-05,0.2558375056360174,0.916448523211266
9.875,0.98,0.1468648775168435,-4.065777594664656e-05,0.2533055536285697,0.9168536745098449
10.0,0.98,0.14648945292391502,-3.988816595769141e-05,0.2507857492691297,0.9172515862000494
10.125,0.98,0.1461213644416223,-3.914152825990819e-05,0.24827785753544115,0.9176424746784341
10.25,0.98,0.14576039042980038,-3.8416896476535034e-05,0.24578165084891454,0.9180265472751965
10.375,0.98,0.14540631845728455,-3.7713355573562466e-05,0.24329690875264176,0.9184040027416869
10.5,0.98,0.14505894481641005,-3.703003855576081e-05,0.24082341760706957,0.9187750317070624
10.625,0.98,0.1447180740685039,-3.636612341583092e-05,0.23836097030212397,0.9191398171061911
10.75,0.98,0.14438351861801982,-3.5720830313459044e-05,0.23590936598467557,0.9194985345807379
10.875,0.98,0.1440550983131736,-3.509341896505296e-05,0.23346840980033715,0.9198513528552187
11.0,0.98,0.1437326400711262,-3.448318622353309e-05,0.2310379126486565,0.9201984340896855
11.125,0.98,0.14341597752593646,-3.388946383392689e-05,0.22861769095084694,0.9205399342105745
11.25,0.98,0.14310495069765092,-3.3311616347840455e-05,0.22620756642926884,0.9208760032211807
11.375,0.98,0.14279940568104654,-3.274903918491549e-05,0.22380736589793615,0.9212067854930949
11.5,0.98,0.14249919435265612,-3.220115682742705e-05,0.2214169210633775,0.921532420039892
11.625,0.98,0.14220417409483194,-3.166742113833677e-05,0.21903606833523054,0.9218530407742584
11.75,0.98,0.14191420753568956,-3.114730979222346e-05,0.2166646486460037,0.9221687767496883
11.875,0.98,0.1416291623038809,-3.064032481013143e-05,0.21430250727946645,0.9224797523878062
12.0,0.98,0.14134891079721282,-3.014599119067188e-05,0.21194949370717567,0.92278608769231
12.125,0.98,0.14107332996421645,-2.966385562976801e-05,0.20960546143268233,0.9230878984504685
12.25,0.98,0.14080230109782493,-2.9193485322713498e-05,0.20727026784298017,0.9233852964230407
12.375,0.98,0.14053570964039397,-2.8734466841864868e-05,0.20494377406679665,0.9236783895234253
12.5,0.98,0.14027344499934122,-2.8286405086015384e-05,0.2026258448393515,0.9239672819868076
12.625,0.98,0.14001540037273794,-2.7848922294807968e-05,0.20031634837322004,0.9242520745299965
12.75,0.98,0.13976147258423416,-2.742165712477145e-05,0.19801515623497373,0.9245328645025993
12.875,0.98,0.13951156192673647,-2.7004263782680436e-05,0.1957221432272813,0.9248097460301393
13.0,0.98,0.1392655720142936,-2.6596411212108433e-05,0.19343718727616857,0.9250828101496656
13.125,0.98,0.13902340964169477,-2.619778232985373e-05,0.19116016932316454,0.9253521449383572
13.25,0.98,0.1387849846512991,-2.5808073309258015e-05,0.18889097322206524,0.9256178356355959
13.375,0.98,0.1385502098066634,-2.5426992906668868e-05,0.18662948564006787,0.9258799647589226
13.5,0.98,0.1383190006725523,-2.5054261828892187e-05,0.1843755959630418,0.9261386122142765
13.625,0.98,0.1380912755009487,-2.4689612138874566e-05,0.18212919620471488,0.9263938554008727
13.75,0.98,0.13786695512270153,-2.433278669682125e-05,0.17989018091957013,0.9266457693110383
13.875,0.98,0.1376459628444794,-2.3983538634524845e-05,0.17765844711925677,0.9268944266253157
14.0,0.98,0.1374282243507134,-2.3641630860983085e-05,0.17543389419233246,0.9271398978031058
14.125,0.98,0.1372136676102369,-2.3306835597181783e-05,0.1732164238271704,0.9273822511691021
14.25,0.98,0.13700222278734886,-2.2978933937264018e-05,0.17100593993787153,0.9276215529957451
14.375,0.98,0.13679382215704866,-2.2657715435920542e-05,0.16880234859302778,0.9278578675819328
14.5,0.98,0.13658840002419811,-2.2342977718407948e-05,0.16660555794720752,0.9280912573281584
14.625,0.98,0.13638589264640139,-2.2034526113191376e-05,0.16441547817502494,0.9283217828082865
14.75,0.98,0.136186238160381,-2.173217330440266e-05,0.16223202140768428,0.9285495028381272
14.875,0.98,0.13598937651167448,-2.143573900370329e-05,0.1600551016718793,0.928774474540983
15.0,0.98,0.13579524938745888,-2.1145049639723543e-05,0.15788463483094523,0.9289967534103053
15.125,0.98,0.13560380015234622,-2.0859938063553553e-05,0.1557205385281754,0.9292163933696198
15.25,0.98,0.1354149737869923,-2.058024327011881e-05,0.15356273213220129,0.9294334468298534
15.375,0.98,0.13522871682936813,-2.0305810133707355e-05,0.15141113668436396,0.9296479647441787
15.5,0.98,0.13504497731857024,-2.0036489156268726e-05,0.14926567484798847,0.9298599966605134
15.625,0.98,0.13486370474103343,-1.9772136228854426e-05,0.14712627085949515,0.930069590771782
15.75,0.98,0.13468484997903352,-1.9512612403979215e-05,0.14499285048127494,0.9302767939640402
15.875,0.98,0.13450836526136917,-1.925778367962486e-05,0.142865340956266,0.9304816518625826
16.0,0.98,0.1343342041161134,-1.9007520792826385e-05,0.14074367096416335,0.9306842088761074
16.125,0.98,0.1341623213253463,-1.8761699022899276e-05,0.13862777057921405,0.9308845082390527
16.25,0.98,0.133992672881769,-1.8520198004231455e-05,0.13651757122952946,0.9310825920521729
16.375,0.98,0.13382521594711452,-1.8282901546797786e-05,0.1344130056578659,0.9312785013214456
16.5,0.98,0.1336599088122767,-1.8049697465535426e-05,0.13231400788381661,0.9314722759953846
16.625,0.98,0.13349671085907036,-1.78204774169215e-05,0.13022051316737143,0.9316639550008309
16.75,0.98,0.1333355825235593,-1.7595136742948216e-05,0.12813245797378922,0.9318535762772874
16.875,0.98,0.13317648526087317,-1.737357432202183e-05,0.12604977993972732,0.9320411768098714
17.0,0.98,0.13301938151145135,-1.7155692426485487e-05,0.12397241784060029,0.9322267926609333
17.125,0.98,0.13286423466864444,-1.6941396586611003e-05,0.1219003115590998,0.9324104590004109
17.25,0.98,0.1327110090476193,-1.673059546027805e-05,0.11983340205484105,0.9325922101349696
17.375,0.98,0.13255966985550072,-1.6523200708883796e-05,0.117771631335098,0.932772079535974
17.5,0.98,0.13241018316270098,-1.6319126878379874e-05,0.11571494242656633,0.9329500998663568
17.625,0.98,0.13226251587537843,-1.6118291286114445e-05,0.11366327934812279,0.9331263030064159
17.75,0.98,0.13211663570897655,-1.59206139122355e-05,0.11161658708454601,0.9333007200785934
17.875,0.98,0.1319725111627937,-1.5726017296335677e-05,0.10957481156114202,0.9334733814712795
18.0,0.98,0.13183011149553658,-1.5534426438970653e-05,0.1075378996192485,0.9336443168616785
18.125,0.98,0.1316894067018093,-1.53457687070358e-05,0.10550579899257205,0.9338135552377829
18.25,0.98,0.1315503674895053,-1.5159973743980927e-05,0.10347845828433012,0.9339811249194886
18.375,0.98,0.1314129652580397,-1.4976973384011431e-05,0.10145582694514498,0.9341470535788912
18.5,0.98,0.13127717207742068,-1.4796701570452942e-05,0.0994378552516927,0.934311368259803
18.625,0.98,0.1311429606680596,-1.4619094276929627e-05,0.09742449428600557,0.9344740953965124
18.75,0.98,0.13101030438138342,-1.4444089434112938e-05,0.09541569591551127,0.9346352608318381
18.875,0.98,0.130879177181064,-1.4271626856509564e-05,0.09341141277359788,0.9347948898344954
19.0,0.98,0.1307495536250645,-1.4101648177927658e-05,0.09141159824096044,0.9349530071158141
19.125,0.98,0.1306214088481084,-1.3934096781610032e-05,0.08941620642725566,0.9351096368458293
19.25,0.98,0.13049471854511815,-1.3768917746466695e-05,0.08742519215374796,0.9352648026687957
19.375,0.98,0.1303694589546843,-1.3606057775085087e-05,0.08543851093580022,0.935418527718117
19.5,0.98,0.13024560684397832,-1.344546515803289e-05,0.08345611896696026,0.9355708346307665
19.625,0.98,0.13012313949281062,-1.3287089687274475e-05,0.08147797310182352,0.9357217455611557
19.75,0.98,0.13000203468040825,-1.313088265590547e-05,0.07950403084207835,0.9358712821945896
19.875,0.98,0.1298822706691971,-1.2976796727939168e-05,0.0775342503187131,0.9360194657601362
20.0,0.98,0.12976382619457216,-1.2824786019008767e-05,0.0755685902814431,0.9361663170432608
20.125,0.98,0.1296466804463984,-1.2674805848709339e-05,0.07360701007783334,0.9363118563977055
20.25,0.98,0.12953081306473713,-1.2526813017210816e-05,0.07164946964978108,0.9364561037575154
20.375,0.98,0.12941620411417878,-1.2380765257741219e-05,0.06969592950358737,0.9365990786478113
20.5,0.98,0.12930283409306884,-1.2236621995928071e-05,0.06774635072279167,0.9367408001965812
20.625,0.98,0.12919068388857,-1.209434304802768e-05,0.06580069491435797,0.9368812871439484
20.75,0.98,0.12907973481835355,-1.1953890580921386e-05,0.06385892426118282,0.9370205578545391
20.875,0.98,0.12896996853625145,-1.1815225918967974e-05,0.06192100140742536,0.9371586303241175
21.0,0.98,0.1288613671539213,-1.1678314500684937e-05,0.05998688960901805,0.9372955221944631
21.125,0.98,0.1287539130218513,-1.1543117955722104e-05,0.05805655246584427,0.9374312507544664
21.25,0.98,0.12864758904980533,-1.140960654158996e-05,0.05612995431603572,0.9375658329622276
21.375,0.98,0.12854237817528852,-1.1277739402231908e-05,0.05420705958451375,0.937699285433287
21.5,0.98,0.12843826417968843,-1.1147495684161484e-05,0.052287833785227944,0.9378316244815941
21.625,0.98,0.1283352303748698,-1.1018825268962309e-05,0.05037224191050151,0.9379628660765749
21.75,0.98,0.12823326165687812,-1.0891726544718605e-05,0.048460250950644726,0.9380930259318959
21.875,0.98,0.12813234123828826,-1.0766123362903546e-05,0.046551825886880414,0.9382221193856795
22.0,0.98,0.1280324557930648,-1.0642059388830272e-05,0.044646935999314664,0.9383501616090846
22.125,0.98,0.12793358730555837,-1.0519390586540875e-05,0.042745544874471665,0.9384771672956428
22.25,0.98,0.12783572593949635,-1.039827120135279e-05,0.04084762617311798,0.93860315116924
22.375,0.98,0.1277388496809465,-1.0278384126159236e-05,0.0389531386877062,0.938728127197196
22.5,0.98,0.12764295652355526,-1.016015841839462e-05,0.037062065740731676,0.9388521098473468
22.625,0.98,0.12754801356996956,-1.004283707228408e-05,0.03517435288120736,0.9389751121061207
22.75,0.98,0.127454037611677,-9.9275409688904e-06,0.03329000636594792,0.9390971486205838
22.875,0.98,0.12736096760623908,-9.81238411847847e-06,0.031408937356200595,0.939218230686422
23.0,0.98,0.12726886701434242,-9.700262092320513e-06,0.02953120845038102,0.9393383741987988
23.125,0.98,0.12717760285875593,-9.58631670492361e-06,0.027656643097527894,0.9394575867904869
23.25,0.98,0.12708735724506537,-9.478164604537103e-06,0.025785445001006314,0.9395758884179716
23.375,0.98,0.12699781158358386,-9.362713289402086e-06,0.023917213511758434,0.9396932772767261
23.5,0.98,0.12690945891608893,-9.261036863919533e-06,0.022052512621066535,0.9398097855701315
23.625,0.98,0.12682148593311027,-9.135115626796232e-06,0.020190358725589035,0.9399253834257608
23.75,0.98,0.1267352441618697,-9.048979227030534e-06,0.018332265573557355,0.9400401428789111
23.875,0.98,0.126648511208823,-8.879004783665081e-06,0.01647566931307667,0.9401539378994693
24.0,0.98,0.12656522510743495,-8.847427002472408e-06,0.014624738396770138,0.9402669897302156
24.125,0.98,0.12647868912770086,-8.495157785782382e-06,0.01277228746868952,0.9403787976985443
24.25,0.98,0.1264016316194074,-8.701374050351423e-06,0.01093065643360315,0.9404902164229254
24.375,0.98,0.12631114964501872,-7.5905915901931015e-06,0.009077535358218244,0.9405991851797857
24.5,0.98,0.12625339568326532,-8.810488613606485e-06,0.00725367134716486,0.9407092976597481
24.625,0.98,0.12614154738356007,-5.1292169930502994e-06,0.005381315264314529,0.9408127880839721
24.75,0.98,0.12614828376384407,-8.879738585017587e-06,0.003608170702132109,0.9409225038587483
24.875,0.98,0.1259599054130261,-1.414213930346594e-05,0.0016516175016083492,0.9410317903691405
25.0,0.98,0.1259599054130261,0.0,0.0,0.9410317903691405
0.0,1.0,0.0,0.0,0.7092612681710087,1.0
0.125,1.0,0.0,0.0,0.7092612681710087,1.0
0.25,1.0,0.0,0.0,0.5666418621387695,1.0
0.375,1.0,0.0,0.0,0.5602800503492991,1.0
0.5,1.0,0.0,0.0,0.5330142496901812,1.0
0.625,1.0,0.0,0.0,0.5290435971898261,1.0
0.75,1.0,0.0,0.0,0.5180851531002695,1.0
0.875,1.0,0.0,0.0,0.5125086505996862,1.0
1.0,1.0,0.0,0.0,0.5049222917318682,1.0
1.125,1.0,0.0,0.0,0.4989336841502854,1.0
1.25,1.0,0.0,0.0,0.4924970672519052,1.0
1.375,1.0,0.0,0.0,0.4866722476486885,1.0
1.5,1.0,0.0,0.0,0.48084918230339324,1.0
1.625,1.0,0.0,0.0,0.47533677341137687,1.0
1.75,1.0,0.0,0.0,0.4699402624019085,1.0
1.875,1.0,0.0,0.0,0.46474484171777275,1.0
2.0,1.0,0.0,0.0,0.4596818334860368,1.0
2.125,1.0,0.0,0.0,0.45476999302425336,1.0
2.25,1.0,0.0,0.0,0.44998095890004264,1.0
2.375,1.0,0.0,0.0,0.44531451350056805,1.0
2.5,1.0,0.0,0.0,0.44075624987224304,1.0
2.625,1.0,0.0,0.0,0.4363012586290523,1.0
2.75,1.0,0.0,0.0,0.43194061860250393,1.0
2.875,1.0,0.0,0.0,0.4276688867158979,1.0
3.0,1.0,0.0,0.0,0.423479713920061,1.0
3.125,1.0,0.0,0.0,0.41936820679621445,1.0
3.25,1.0,0.0,0.0,0.4153294700488605,1.0
3.375,1.0,0.0,0.0,0.4113593371298998,1.0
3.5,1.0,0.0,0.0,0.4074538656820408,1.0
3.625,1.0,0.0,0.0,0.4036095503551007,1.0
3.75,1.0,0.0,0.0,0.39982313522110113,1.0
3.875,1.0,0.0,0.0,0.39609166458836975,1.0
4.0,1.0,0.0,0.0,0.3924124045404013,1.0
4.125,1.0,0.0,0.0,0.38878284533790564,1.0
4.25,1.0,0.0,0.0,0.3852006628272614,1.0
4.375,1.0,0.0,0.0,0.38166370825588725,1.0
4.5,1.0,0.0,0.0,0.37816998576082306,1.0
4.625,1.0,0.0,0.0,0.3747176404801985,1.0
4.75,1.0,0.0,0.0,0.37130494351715065,1.0
4.875,1.0,0.0,0.0,0.36793028131447547,1.0
5.0,1.0,0.0,0.0,0.36459214470316925,1.0
5.125,1.0,0.0,0.0,0.36128912007493624,1.0
5.25,1.0,0.0,0.0,0.3580198809993674,1.0
5.375,1.0,0.0,0.0,0.3547831810452818,1.0
5.5,1.0,0.0,0.0,0.3515778471776816,1.0
5.625,1.0,0.0,0.0,0.3484027739371461,1.0
5.75,1.0,0.0,0.0,0.34525691814361287,1.0
5.875,1.0,0.0,0.0,0.3421392941568738,1.0
6.0,1.0,0.0,0.0,0.33904896957249847,1.0
6.125,1.0,0.0,0.0,0.33598506133546474,1.0
6.25,1.0,0.0,0.0,0.3329467322048448,1.0
6.375,1.0,0.0,0.0,0.3299331875416185,1.0
6.5,1.0,0.0,0.0,0.32694367237759686,1.0
6.625,1.0,0.0,0.0,0.3239774687391329,1.0
6.75,1.0,0.0,0.0,0.32103389319647785,1.0
6.875,1.0,0.0,0.0,0.3181122946168463,1.0
7.0,1.0,0.0,0.0,0.3152120520997968,1.0
7.125,1.0,0.0,0.0,0.31233257307735646,1.0
7.25,1.0,0.0,0.0,0.30947329156267034,1.0
7.375,1.0,0.0,0.0,0.30663366653327656,1.0
7.5,1.0,0.0,0.0,0.30381318043643035,1.0
7.625,1.0,0.0,0.0,0.3010113378054994,1.0
7.75,1.0,0.0,0.0,0.2982276639775326,1.0
7.875,1.0,0.0,0.0,0.2954617039032391,1.0
8.0,1.0,0.0,0.0,0.29271302104151403,1.0
8.125,1.0,0.0,0.0,0.2899811963314454,1.0
8.25,1.0,0.0,0.0,0.287265827235457,1.0
8.375,1.0,0.0,0.0,0.2845665268478332,1.0
8.5,1.0,0.0,0.0,0.28188292306344337,1.0
8.625,1.0,0.0,0.0,0.27921465780193055,1.0
8.75,1.0,0.0,0.0,0.27656138628307153,1.0
8.875,1.0,0.0,0.0,0.273922776349379,1.0
9.0,1.0,0.0,0.0,0.27129850783235077,1.0
9.125,1.0,0.0,0.0,0.2686882719590732,1.0
9.25,1.0,0.0,0.0,0.26609177079615814,1.0
9.375,1.0,0.0,0.0,0.2635087167282256,1.0
9.5,1.0,0.0,0.0,0.26093883196838275,1.0
9.625,1.0,0.0,0.0,0.2583818480983442,1.0
9.75,1.0,0.0,0.0,0.2558375056360174,1.0
9.875,1.0,0.0,0.0,0.2533055536285697,1.0
10.0,1.0,0.0,0.0,0.2507857492691297,1.0
10.125,1.0,0.0,0.0,0.24827785753544115,1.0
10.25,1.0,0.0,0.0,0.24578165084891454,1.0
10.375,1.0,0.0,0.0,0.24329690875264176,1.0
10.5,1.0,0.0,0.0,0.24082341760706957,1.0
10.625,1.0,0.0,0.0,0.23836097030212397,1.0
10.75,1.0,0.0,0.0,0.23590936598467557,1.0
10.875,1.0,0.0,0.0,0.23346840980033715,1.0
11.0,1.0,0.0,0.0,0.2310379126486565,1.0
11.125,1.0,0.0,0.0,0.22861769095084694,1.0
11.25,1.0,0.0,0.0,0.22620756642926884,1.0
11.375,1.0,0.0,0.0,0.22380736589793615,1.0
11.5,1.0,0.0,0.0,0.2214169210633775,1.0
11.625,1.0,0.0,0.0,0.21903606833523054,1.0
11.75,1.0,0.0,0.0,0.2166646486460037,1.0
11.875,1.0,0.0,0.0,0.21430250727946645,1.0
12.0,1.0,0.0,0.0,0.21194949370717567,1.0
12.125,1.0,0.0,0.0,0.20960546143268233,1.0
12.25,1.0,0.0,0.0,0.20727026784298017,1.0
12.375,1.0,0.0,0.0,0.20494377406679665,1.0
12.5,1.0,0.0,0.0,0.2026258448393515,1.0
12.625,1.0,0.0,0.0,0.20031634837322004,1.0
12.75,1.0,0.0,0.0,0.19801515623497373,1.0
12.875,1.0,0.0,0.0,0.1957221432272813,1.0
13.0,1.0,0.0,0.0,0.19343718727616857,1.0
13.125,1.0,0.0,0.0,0.19116016932316454,1.0
13.25,1.0,0.0,0.0,0.18889097322206524,1.0
13.375,1.0,0.0,0.0,0.18662948564006787,1.0
13.5,1.0,0.0,0.0,0.1843755959630418,1.0
13.625,1.0,0.0,0.0,0.18212919620471488,1.0
13.75,1.0,0.0,0.0,0.17989018091957013,1.0
13.875,1.0,0.0,0.0,0.17765844711925677,1.0
14.0,1.0,0.0,0.0,0.17543389419233246,1.0
14.125,1.0,0.0,0.0,0.1732164238271704,1.0
14.25,1.0,0.0,0.0,0.17100593993787153,1.0
14.375,1.0,0.0,0.0,0.16880234859302778,1.0
14.5,1.0,0.0,0.0,0.16660555794720752,1.0
14.625,1.0,0.0,0.0,0.16441547817502494,1.0
14.75,1.0,0.0,0.0,0.16223202140768428,1.0
14.875,1.0,0.0,0.0,0.1600551016718793,1.0
15.0,1.0,0.0,0.0,0.15788463483094523,1.0
15.125,1.0,0.0,0.0,0.1557205385281754,1.0
15.25,1.0,0.0,0.0,0.15356273213220129,1.0
15.375,1.0,0.0,0.0,0.15141113668436396,1.0
15.5,1.0,0.0,0.0,0.14926567484798847,1.0
15.625,1.0,0.0,0.0,0.14712627085949515,1.0
15.75,1.0,0.0,0.0,0.14499285048127494,1.0
15.875,1.0,0.0,0.0,0.142865340956266,1.0
16.0,1.0,0.0,0.0,0.14074367096416335,1.0
16.125,1.0,0.0,0.0,0.13862777057921405,1.0
16.25,1.0,0.0,0.0,0.13651757122952946,1.0
16.375,1.0,0.0,0.0,0.1344130056578659,1.0
16.5,1.0,0.0,0.0,0.13231400788381661,1.0
16.625,1.0,0.0,0.0,0.13022051316737143,1.0
16.75,1.0,0.0,0.0,0.12813245797378922,1.0
16.875,1.0,0.0,0.0,0.12604977993972732,1.0
17.0,1.0,0.0,0.0,0.12397241784060029,1.0
17.125,1.0,0.0,0.0,0.1219003115590998,1.0
17.25,1.0,0.0,0.0,0.11983340205484105,1.0
17.375,1.0,0.0,0.0,0.117771631335098,1.0
17.5,1.0,0.0,0.0,0.11571494242656633,1.0
17.625,1.0,0.0,0.0,0.11366327934812279,1.0
17.75,1.0,0.0,0.0,0.11161658708454601,1.0
17.875,1.0,0.0,0.0,0.10957481156114202,1.0
18.0,1.0,0.0,0.0,0.1075378996192485,1.0
18.125,1.0,0.0,0.0,0.10550579899257205,1.0
18.25,1.0,0.0,0.0,0.10347845828433012,1.0
18.375,1.0,0.0,0.0,0.10145582694514498,1.0
18.5,1.0,0.0,0.0,0.0994378552516927,1.0
18.625,1.0,0.0,0.0,0.09742449428600557,1.0
18.75,1.0,0.0,0.0,0.09541569591551127,1.0
18.875,1.0,0.0,0.0,0.09341141277359788,1.0
19.0,1.0,0.0,0.0,0.09141159824096044,1.0
19.125,1.0,0.0,0.0,0.08941620642725566,1.0
19.25,1.0,0.0,0.0,0.08742519215374796,1.0
19.375,1.0,0.0,0.0,0.08543851093580022,1.0
19.5,1.0,0.0,0.0,0.08345611896696026,1.0
19.625,1.0,0.0,0.0,0.08147797310182352,1.0
19.75,1.0,0.0,0.0,0.07950403084207835,1.0
19.875,1.0,0.0,0.0,0.0775342503187131,1.0
20.0,1.0,0.0,0.0,0.0755685902814431,1.0
20.125,1.0,0.0,0.0,0.07360701007783334,1.0
20.25,1.0,0.0,0.0,0.07164946964978108,1.0
20.375,1.0,0.0,0.0,0.06969592950358737,1.0
20.5,1.0,0.0,0.0,0.06774635072279167,1.0
20.625,1.0,0.0,0.0,0.06580069491435797,1.0
20.75,1.0,0.0,0.0,0.06385892426118282,1.0
20.875,1.0,0.0,0.0,0.06192100140742536,1.0
21.0,1.0,0.0,0.0,0.05998688960901805,1.0
21.125,1.0,0.0,0.0,0.05805655246584427,1.0
21.25,1.0,0.0,0.0,0.05612995431603572,1.0
21.375,1.0,0.0,0.0,0.05420705958451375,1.0
21.5,1.0,0.0,0.0,0.052287833785227944,1.0
21.625,1.0,0.0,0.0,0.05037224191050151,1.0
21.75,1.0,0.0,0.0,0.048460250950644726,1.0
21.875,1.0,0.0,0.0,0.046551825886880414,1.0
22.0,1.0,0.0,0.0,0.044646935999314664,1.0
22.125,1.0,0.0,0.0,0.042745544874471665,1.0
22.25,1.0,0.0,0.0,0.04084762617311798,1.0
22.375,1.0,0.0,0.0,0.0389531386877062,1.0
22.5,1.0,0.0,0.0,0.037062065740731676,1.0
22.625,1.0,0.0,0.0,0.03517435288120736,1.0
22.75,1.0,0.0,0.0,0.03329000636594792,1.0
22.875,1.0,0.0,0.0,0.031408937356200595,1.0
23.0,1.0,0.0,0.0,0.02953120845038102,1.0
23.125,1.0,0.0,0.0,0.027656643097527894,1.0
23.25,1.0,0.0,0.0,0.025785445001006314,1.0
23.375,1.0,0.0,0.0,0.023917213511758434,1.0
23.5,1.0,0.0,0.0,0.022052512621066535,1.0
23.625,1.0,0.0,0.0,0.020190358725589035,1.0
23.75,1.0,0.0,0.0,0.018332265573557355,1.0
23.875,1.0,0.0,0.0,0.01647566931307667,1.0
24.0,1.0,0.0,0.0,0.014624738396770138,1.0
24.125,1.0,0.0,0.0,0.01277228746868952,1.0
24.25,1.0,0.0,0.0,0.01093065643360315,1.0
24.375,1.0,0.0,0.0,0.009077535358218244,1.0
24.5,1.0,0.0,0.0,0.00725367134716486,1.0
24.625,1.0,0.0,0.0,0.005381315264314529,1.0
24.75,1.0,0.0,0.0,0.003608170702132109,1.0
24.875,1.0,0.0,0.0,0.0016516175016083492,1.0
25.0,1.0,0.0,0.0,0.0,1.0
